# Blender 5.1.2
# www.blender.org
mtllib btn_ps.mtl
o btn_ps
v 0.068186 -0.236723 0.000396
v 0.066865 -0.247166 0.004070
v 0.068186 -0.252561 -0.001986
v 0.066865 -0.238068 0.005458
v 0.066725 -0.244137 -0.007167
v 0.066725 -0.235039 -0.005779
v 0.062717 -0.233486 -0.011396
v 0.062717 -0.242585 -0.012784
v 0.056400 -0.232536 -0.014782
v 0.047606 -0.231764 -0.017450
v 0.056391 -0.241644 -0.016177
v 0.036171 -0.230748 -0.020909
v 0.024386 -0.229689 -0.024477
v 0.017818 -0.238190 -0.027857
v 0.014547 -0.228790 -0.027467
v 0.007194 -0.228109 -0.029713
v 0.002847 -0.236800 -0.032440
v 0.002866 -0.227702 -0.031049
v -0.000134 -0.227581 -0.031445
v -0.000134 -0.236679 -0.032832
v -0.003506 -0.236856 -0.032255
v -0.003506 -0.227757 -0.030867
v -0.008686 -0.228288 -0.029122
v -0.008686 -0.237386 -0.030510
v -0.017109 -0.238328 -0.027400
v -0.017109 -0.229229 -0.026012
v -0.024920 -0.230120 -0.023062
v -0.028265 -0.239599 -0.023186
v -0.028263 -0.230499 -0.021799
v -0.029365 -0.230592 -0.021480
v -0.029365 -0.239691 -0.022868
v -0.030453 -0.239724 -0.022755
v -0.030453 -0.230625 -0.021367
v -0.033742 -0.230659 -0.021253
v -0.033742 -0.239757 -0.022641
v -0.041448 -0.239851 -0.022322
v -0.041448 -0.230752 -0.020934
v -0.050513 -0.231034 -0.019970
v -0.050513 -0.240133 -0.021358
v -0.057882 -0.240732 -0.019309
v -0.057882 -0.231633 -0.017921
v -0.063461 -0.232620 -0.014477
v -0.063461 -0.241718 -0.015865
v -0.067159 -0.243160 -0.010716
v -0.067159 -0.234062 -0.009328
v -0.068418 -0.235638 -0.003612
v -0.068418 -0.251479 -0.005994
v -0.066683 -0.246125 0.000148
v -0.066683 -0.237026 0.001536
v -0.062804 -0.238176 0.005879
v -0.062804 -0.247274 0.004491
v -0.057631 -0.248133 0.007790
v -0.057631 -0.239035 0.009178
v -0.050881 -0.239782 0.012104
v -0.050881 -0.248880 0.010716
v -0.042275 -0.249693 0.013938
v -0.042275 -0.240595 0.015325
v -0.034142 -0.241311 0.018186
v -0.034142 -0.250409 0.016798
v -0.028813 -0.250866 0.018640
v -0.028813 -0.241768 0.020028
v -0.023845 -0.251280 0.020325
v -0.023847 -0.242182 0.021712
v -0.023845 -0.258442 0.019284
v -0.028813 -0.258028 0.017599
v -0.023845 -0.261729 0.018937
v -0.028813 -0.261315 0.017252
v -0.034142 -0.260858 0.015410
v -0.028813 -0.262529 0.017252
v -0.034142 -0.262072 0.015410
v -0.034142 -0.257571 0.015757
v -0.023846 -0.262943 0.018937
v -0.023063 -0.263074 0.019471
v -0.022797 -0.262080 0.020368
v -0.023063 -0.261860 0.019471
v -0.022797 -0.263295 0.020368
v -0.022543 -0.267264 0.037338
v -0.022543 -0.266049 0.037338
v -0.022543 -0.262762 0.037685
v -0.022696 -0.265305 0.028854
v -0.022543 -0.255601 0.038727
v -0.022697 -0.244545 0.031639
v -0.022543 -0.246502 0.040114
v -0.022768 -0.243170 0.025810
v -0.022767 -0.263929 0.023028
v -0.022797 -0.258053 0.020802
v -0.023063 -0.258573 0.019818
v -0.023063 -0.251411 0.020859
v -0.023063 -0.242313 0.022247
v -0.022797 -0.242533 0.023144
v -0.042275 -0.256855 0.012896
v -0.042275 -0.260141 0.012550
v -0.050881 -0.256042 0.009675
v -0.050881 -0.259329 0.009328
v -0.042275 -0.261356 0.012550
v -0.050881 -0.260543 0.009328
v -0.057631 -0.258582 0.006402
v -0.057631 -0.259796 0.006402
v -0.062804 -0.258937 0.003103
v -0.066683 -0.257788 -0.001240
v -0.062804 -0.257723 0.003103
v -0.066683 -0.256573 -0.001240
v -0.068418 -0.256400 -0.006388
v -0.066683 -0.253286 -0.000893
v -0.062804 -0.254436 0.003450
v -0.068418 -0.255185 -0.006388
v -0.067159 -0.250322 -0.011757
v -0.067159 -0.253609 -0.012104
v -0.063461 -0.253381 -0.017253
v -0.063461 -0.248880 -0.016906
v -0.063461 -0.252167 -0.017253
v -0.067159 -0.254823 -0.012104
v -0.057882 -0.251180 -0.020697
v -0.050513 -0.251796 -0.022746
v -0.057882 -0.247894 -0.020350
v -0.050513 -0.250581 -0.022746
v -0.050513 -0.247294 -0.022399
v -0.057882 -0.252395 -0.020697
v -0.041448 -0.247012 -0.023363
v -0.041448 -0.250299 -0.023710
v -0.033742 -0.251420 -0.024029
v -0.033742 -0.246919 -0.023682
v -0.033742 -0.250206 -0.024029
v -0.041448 -0.251513 -0.023710
v -0.030453 -0.250172 -0.024143
v -0.029365 -0.251354 -0.024256
v -0.030453 -0.246885 -0.023796
v -0.029365 -0.250139 -0.024256
v -0.029365 -0.246852 -0.023909
v -0.030453 -0.251387 -0.024143
v -0.028234 -0.251259 -0.024585
v -0.028267 -0.246760 -0.024227
v -0.028266 -0.250047 -0.024574
v -0.017109 -0.248776 -0.028788
v -0.008686 -0.249049 -0.031898
v -0.017109 -0.245489 -0.028441
v -0.008686 -0.247835 -0.031898
v -0.008686 -0.244548 -0.031551
v -0.017109 -0.249991 -0.028788
v -0.003506 -0.244017 -0.033296
v -0.003506 -0.247304 -0.033643
v -0.000134 -0.248342 -0.034220
v -0.000134 -0.243841 -0.033873
v -0.000134 -0.247128 -0.034220
v -0.003506 -0.248519 -0.033643
v 0.002866 -0.247249 -0.033825
v 0.007194 -0.248870 -0.032489
v 0.002866 -0.243962 -0.033478
v 0.009645 -0.247886 -0.031736
v 0.002866 -0.248463 -0.033825
v 0.008724 -0.244513 -0.031671
v 0.024386 -0.250451 -0.027252
v 0.025538 -0.249344 -0.026903
v 0.014547 -0.249552 -0.030243
v 0.047606 -0.252525 -0.020226
v 0.025234 -0.246027 -0.026648
v 0.056392 -0.252084 -0.017562
v 0.036171 -0.251509 -0.023685
v 0.056389 -0.248798 -0.017217
v 0.062717 -0.254248 -0.014172
v 0.062717 -0.249746 -0.013825
v 0.062717 -0.253033 -0.014172
v 0.056400 -0.253297 -0.017558
v 0.066725 -0.254586 -0.008555
v 0.068186 -0.256270 -0.002380
v 0.066725 -0.251299 -0.008208
v 0.068186 -0.257484 -0.002380
v 0.066725 -0.255800 -0.008555
v 0.066865 -0.257615 0.002682
v 0.066865 -0.258829 0.002682
v 0.063443 -0.259853 0.006622
v 0.063443 -0.258639 0.006622
v 0.058601 -0.259360 0.009432
v 0.058601 -0.260574 0.009432
v 0.053245 -0.261076 0.011413
v 0.053245 -0.259862 0.011413
v 0.048279 -0.260229 0.012867
v 0.048279 -0.261444 0.012867
v 0.042457 -0.261810 0.014322
v 0.042463 -0.260594 0.014320
v 0.041673 -0.261921 0.014778
v 0.041673 -0.260707 0.014778
v 0.041391 -0.260916 0.015629
v 0.041391 -0.262130 0.015628
v 0.041322 -0.262764 0.018251
v 0.041170 -0.264141 0.023980
v 0.040322 -0.266127 0.032435
v 0.040322 -0.264912 0.032435
v 0.038161 -0.267315 0.042976
v 0.038161 -0.268529 0.042976
v 0.033941 -0.270775 0.052994
v 0.033941 -0.269561 0.052994
v 0.026916 -0.271068 0.059840
v 0.026916 -0.272282 0.059840
v 0.018284 -0.273266 0.064397
v 0.018284 -0.272051 0.064397
v 0.009244 -0.272728 0.067549
v 0.009244 -0.273942 0.067549
v 0.000503 -0.274414 0.069761
v 0.000503 -0.273199 0.069761
v -0.007232 -0.273569 0.071497
v -0.007232 -0.274783 0.071497
v -0.013567 -0.274874 0.071926
v -0.013567 -0.273660 0.071926
v -0.018111 -0.273297 0.070217
v -0.018111 -0.274511 0.070217
v -0.020869 -0.273857 0.067150
v -0.020869 -0.272643 0.067150
v -0.021847 -0.271862 0.063505
v -0.021847 -0.273076 0.063505
v -0.022543 -0.267264 0.037338
v -0.022543 -0.266049 0.037338
v -0.022543 -0.262762 0.037685
v -0.022268 -0.248881 0.050703
v -0.022543 -0.255601 0.038727
v -0.022266 -0.269642 0.047927
v -0.021993 -0.271791 0.057626
v -0.021847 -0.267831 0.063939
v -0.021996 -0.251033 0.060415
v -0.021847 -0.252315 0.066280
v -0.022543 -0.246502 0.040114
v -0.020869 -0.253096 0.069926
v -0.018111 -0.262848 0.071605
v -0.018111 -0.253750 0.072993
v -0.020869 -0.262195 0.068538
v -0.020869 -0.269356 0.067497
v -0.018111 -0.270010 0.070564
v -0.013567 -0.270373 0.072273
v -0.007232 -0.270282 0.071844
v -0.007232 -0.263120 0.072885
v -0.013567 -0.263212 0.073314
v -0.013567 -0.254113 0.074702
v -0.007232 -0.254022 0.074273
v 0.000503 -0.253652 0.072537
v 0.009244 -0.262279 0.068937
v 0.009244 -0.253181 0.070325
v 0.000503 -0.262751 0.071149
v 0.000503 -0.269912 0.070109
v 0.009244 -0.269441 0.067896
v 0.018284 -0.268764 0.064744
v 0.026916 -0.267781 0.060187
v 0.026916 -0.260619 0.061228
v 0.018284 -0.261603 0.065785
v 0.018284 -0.252504 0.067173
v 0.026916 -0.251521 0.062616
v 0.033941 -0.250014 0.055770
v 0.038161 -0.256866 0.044363
v 0.038161 -0.247768 0.045752
v 0.033941 -0.259112 0.054382
v 0.033941 -0.266274 0.053341
v 0.038161 -0.264028 0.043323
v 0.041171 -0.258910 0.024457
v 0.040322 -0.261206 0.032829
v 0.040322 -0.245365 0.035211
v 0.041171 -0.243389 0.026799
v 0.041322 -0.242003 0.021027
v 0.041391 -0.256897 0.016062
v 0.041391 -0.241369 0.018404
v 0.041673 -0.257420 0.015125
v 0.041673 -0.250259 0.016166
v 0.041673 -0.241160 0.017554
v 0.042456 -0.241048 0.017098
v 0.048279 -0.249781 0.014255
v 0.048279 -0.240682 0.015643
v 0.042463 -0.250146 0.015708
v 0.042463 -0.257307 0.014667
v 0.048279 -0.256943 0.013214
v 0.053245 -0.256575 0.011760
v 0.058601 -0.256073 0.009779
v 0.058601 -0.248911 0.010820
v 0.053245 -0.249413 0.012800
v 0.053245 -0.240315 0.014188
v 0.058601 -0.239813 0.012208
v 0.063443 -0.239092 0.009398
v 0.063443 -0.248191 0.008010
v 0.063443 -0.255352 0.006969
v 0.066865 -0.254328 0.003029
v -0.057631 -0.255295 0.006749
v 0.024514 -0.248368 -0.026128
v 0.035722 -0.249966 -0.020769
v 0.012465 -0.247828 -0.027959
v 0.045597 -0.250257 -0.019763
v 0.013997 -0.247373 -0.029451
v 0.006443 -0.246654 -0.031842
v 0.024323 -0.247875 -0.026859
v 0.001649 -0.246666 -0.031845
v 0.006955 -0.246273 -0.032193
v 0.014528 -0.246156 -0.029916
v 0.007184 -0.243741 -0.031783
v 0.014533 -0.244413 -0.029546
v 0.002842 -0.245073 -0.033487
v 0.024371 -0.245304 -0.026565
v 0.029207 -0.247492 -0.025467
v 0.036156 -0.246364 -0.023011
v 0.047594 -0.247386 -0.019569
v 0.056385 -0.249913 -0.017271
v 0.056388 -0.248161 -0.016924
v 0.062706 -0.249112 -0.013564
v 0.066705 -0.252413 -0.008304
v 0.066714 -0.250663 -0.007974
v 0.062701 -0.250862 -0.013902
v 0.062533 -0.251667 -0.013883
v 0.066479 -0.253193 -0.008361
v 0.056311 -0.250731 -0.017207
v 0.065826 -0.253525 -0.008156
v 0.056091 -0.251171 -0.016623
v 0.062039 -0.252070 -0.013435
v 0.048958 -0.251101 -0.016901
v 0.055671 -0.251738 -0.014668
v 0.064495 -0.253695 -0.007596
v 0.065712 -0.255143 -0.002296
v 0.067198 -0.255107 -0.002352
v 0.065930 -0.256355 0.002373
v 0.067913 -0.254845 -0.002291
v 0.066602 -0.256155 0.002676
v 0.061780 -0.257140 0.005319
v 0.062685 -0.257299 0.006026
v 0.063226 -0.257150 0.006534
v 0.058580 -0.257159 0.009629
v 0.063417 -0.256439 0.006831
v 0.058460 -0.257855 0.009277
v 0.066839 -0.255424 0.002902
v 0.058123 -0.257965 0.008613
v 0.056752 -0.257886 0.008221
v 0.053170 -0.258351 0.011215
v 0.053007 -0.258437 0.010454
v 0.048100 -0.258801 0.011870
v 0.044144 -0.259068 0.012902
v 0.048219 -0.258721 0.012655
v 0.039919 -0.259111 0.012976
v 0.044345 -0.258974 0.013633
v 0.048261 -0.258038 0.013051
v 0.042436 -0.258415 0.014505
v 0.042289 -0.259120 0.014183
v 0.041884 -0.259249 0.013594
v 0.041421 -0.259260 0.014724
v 0.040808 -0.259442 0.014348
v 0.041110 -0.259505 0.015673
v 0.040406 -0.259747 0.015563
v 0.040132 -0.261847 0.024258
v 0.040038 -0.263511 0.032521
v 0.037360 -0.263811 0.032546
v 0.039302 -0.263779 0.032490
v 0.040883 -0.261549 0.024158
v 0.041144 -0.260777 0.024227
v 0.041308 -0.257628 0.018736
v 0.041156 -0.259015 0.024498
v 0.041360 -0.258750 0.015824
v 0.040294 -0.262750 0.032632
v 0.040306 -0.260988 0.032895
v 0.038131 -0.265139 0.043159
v 0.038143 -0.263379 0.043418
v 0.033923 -0.265609 0.053418
v 0.026890 -0.268859 0.059995
v 0.026900 -0.267103 0.060249
v 0.033911 -0.267367 0.053163
v 0.033716 -0.268088 0.052893
v 0.026738 -0.269569 0.059679
v 0.037899 -0.265880 0.042970
v 0.026312 -0.269710 0.059042
v 0.033167 -0.268257 0.052393
v 0.031922 -0.268046 0.051334
v 0.037228 -0.266101 0.042702
v 0.029482 -0.267512 0.048861
v 0.031900 -0.265792 0.041182
v 0.038057 -0.261941 0.024594
v 0.028032 -0.262278 0.026005
v 0.038845 -0.259616 0.014996
v 0.038349 -0.260707 0.019468
v 0.014081 -0.264374 0.035012
v 0.030455 -0.263867 0.032757
v 0.022900 -0.266059 0.042412
v 0.011697 -0.266633 0.045027
v 0.018733 -0.268208 0.052055
v 0.023102 -0.269017 0.055703
v 0.025343 -0.269437 0.057681
v 0.015500 -0.270507 0.062669
v 0.017867 -0.270662 0.063492
v 0.009022 -0.271316 0.066582
v 0.009176 -0.271197 0.067334
v 0.000480 -0.271660 0.069537
v 0.018159 -0.270535 0.064201
v 0.000434 -0.271775 0.068763
v -0.007244 -0.272141 0.070490
v -0.013437 -0.272249 0.070986
v -0.007234 -0.272027 0.071271
v -0.012244 -0.271913 0.069295
v -0.013524 -0.272125 0.071720
v -0.007230 -0.271328 0.071637
v -0.013555 -0.271421 0.072069
v -0.018081 -0.271066 0.070368
v -0.017949 -0.271783 0.070070
v -0.017574 -0.271935 0.069476
v -0.020591 -0.271158 0.067082
v -0.018069 -0.271444 0.067057
v -0.019928 -0.271349 0.066681
v -0.020771 -0.270641 0.063322
v -0.020924 -0.269414 0.057660
v -0.019279 -0.269547 0.058203
v -0.021690 -0.269151 0.057714
v -0.018839 -0.270804 0.064001
v -0.021533 -0.270408 0.063520
v -0.021972 -0.266624 0.058062
v -0.020825 -0.270424 0.067311
v -0.020841 -0.268661 0.067548
v -0.021798 -0.269666 0.063687
v -0.021817 -0.267893 0.063913
v -0.022241 -0.266243 0.048105
v -0.022256 -0.264478 0.048352
v -0.021974 -0.267003 0.047996
v -0.022250 -0.264655 0.037530
v -0.022518 -0.263898 0.037654
v -0.022532 -0.262135 0.037912
v -0.022650 -0.262040 0.029603
v -0.022665 -0.260279 0.029871
v -0.022715 -0.258972 0.024335
v -0.022729 -0.260029 0.021123
v -0.022744 -0.258275 0.021414
v -0.022445 -0.261481 0.023911
v -0.022512 -0.260757 0.020896
v -0.022382 -0.262798 0.029479
v -0.021898 -0.260951 0.020561
v -0.021715 -0.261728 0.023795
v -0.021615 -0.263057 0.029414
v -0.019586 -0.263032 0.029226
v -0.021483 -0.264912 0.037455
v -0.021207 -0.267267 0.047954
v -0.019334 -0.267262 0.047861
v -0.019553 -0.264904 0.037342
v 0.002425 -0.262779 0.028138
v -0.018031 -0.260334 0.018000
v -0.007988 -0.259859 0.016094
v -0.012969 -0.261459 0.022633
v 0.028031 -0.259587 0.014956
v 0.003762 -0.269064 0.055995
v 0.002220 -0.270498 0.062597
v -0.005508 -0.258058 0.008993
v 0.009746 -0.255964 0.000982
v -0.006441 -0.255955 0.000958
v -0.015344 -0.258295 0.009873
v -0.019715 -0.259235 0.013548
v -0.024475 -0.254036 -0.006238
v -0.020862 -0.249947 -0.020765
v -0.027938 -0.250626 -0.018476
v -0.023987 -0.252052 -0.013409
v -0.047828 -0.250268 -0.019775
v -0.041463 -0.249422 -0.022598
v -0.030181 -0.249284 -0.023052
v -0.033723 -0.248847 -0.023603
v -0.028903 -0.249240 -0.023198
v -0.029231 -0.248776 -0.023838
v -0.030382 -0.248813 -0.023717
v -0.030437 -0.247982 -0.023801
v -0.029345 -0.246204 -0.023545
v -0.033732 -0.248015 -0.023692
v -0.029342 -0.247948 -0.023912
v -0.033732 -0.246270 -0.023325
v -0.030438 -0.246237 -0.023434
v -0.041439 -0.246363 -0.023014
v -0.041439 -0.248109 -0.023379
v -0.050503 -0.246646 -0.022065
v -0.050503 -0.248393 -0.022427
v -0.050481 -0.249222 -0.022344
v -0.041445 -0.248942 -0.023288
v -0.057866 -0.248997 -0.020395
v -0.057768 -0.249816 -0.020342
v -0.063256 -0.250788 -0.016965
v -0.050425 -0.249695 -0.021680
v -0.057482 -0.250256 -0.019776
v -0.062725 -0.251180 -0.016555
v -0.061328 -0.251464 -0.015605
v -0.056475 -0.250883 -0.017656
v -0.066217 -0.252540 -0.011694
v -0.065428 -0.254106 -0.006083
v -0.068133 -0.253750 -0.006278
v -0.067409 -0.254021 -0.006306
v -0.066896 -0.252204 -0.011901
v -0.067129 -0.251423 -0.011842
v -0.063438 -0.249986 -0.016972
v -0.067135 -0.249675 -0.011504
v -0.068384 -0.252992 -0.006142
v -0.068393 -0.251246 -0.005812
v -0.063442 -0.248238 -0.016626
v -0.057868 -0.247250 -0.020041
v -0.066659 -0.252632 -0.000687
v -0.066648 -0.254377 -0.001013
v -0.062783 -0.253781 0.003636
v -0.066409 -0.255111 -0.001228
v -0.062580 -0.256237 0.003023
v -0.062772 -0.255523 0.003312
v -0.057608 -0.256378 0.006596
v -0.057614 -0.254638 0.006920
v -0.050836 -0.257811 0.009127
v -0.050867 -0.257125 0.009510
v -0.057500 -0.257075 0.006250
v -0.050869 -0.255386 0.009834
v -0.042262 -0.256207 0.013046
v -0.042261 -0.257945 0.012724
v -0.034127 -0.256929 0.015898
v -0.034125 -0.258668 0.015578
v -0.034117 -0.259352 0.015184
v -0.042255 -0.258629 0.012329
v -0.042239 -0.258710 0.011544
v -0.048193 -0.257877 0.008196
v -0.031035 -0.259700 0.015459
v -0.050752 -0.257900 0.008377
v -0.031614 -0.259303 0.013797
v -0.032340 -0.258689 0.011343
v -0.028782 -0.259807 0.017020
v -0.028793 -0.259123 0.017413
v -0.028795 -0.257383 0.017731
v -0.023811 -0.259534 0.019110
v -0.023823 -0.257791 0.019419
v -0.023020 -0.257959 0.020110
v -0.023007 -0.259705 0.019807
v -0.022848 -0.260411 0.019491
v -0.023730 -0.260226 0.018741
v -0.022403 -0.260546 0.018911
v -0.023482 -0.260330 0.018033
v -0.021756 -0.260042 0.016800
v -0.020298 -0.261469 0.022656
v -0.026549 -0.257809 0.007964
v -0.022577 -0.256090 0.001431
v -0.053914 -0.254129 -0.005984
v -0.046235 -0.255668 -0.000244
v -0.062101 -0.255286 -0.001758
v -0.060508 -0.256165 0.001543
v -0.054254 -0.256340 0.002232
v -0.056788 -0.256785 0.003919
v -0.065718 -0.255323 -0.001499
v -0.057195 -0.257190 0.005604
v -0.062032 -0.256393 0.002541
v -0.062982 -0.252768 -0.010950
v -0.056975 -0.251471 -0.015588
v -0.028237 -0.247853 -0.024230
v -0.028229 -0.246107 -0.023868
v -0.028079 -0.248674 -0.024173
v -0.024696 -0.248285 -0.025471
v -0.017079 -0.246590 -0.028450
v -0.017087 -0.244850 -0.028079
v -0.008669 -0.243918 -0.031186
v -0.003491 -0.245126 -0.033301
v -0.003496 -0.243387 -0.032922
v -0.008660 -0.245657 -0.031561
v -0.008444 -0.246443 -0.031615
v -0.003363 -0.245931 -0.033300
v -0.016853 -0.247385 -0.028478
v -0.016199 -0.247761 -0.028143
v -0.007863 -0.246812 -0.031325
v -0.028531 -0.249823 -0.021275
v -0.013640 -0.248166 -0.026826
v -0.027618 -0.249123 -0.023587
v -0.000567 -0.247733 -0.028229
v -0.002996 -0.246342 -0.032864
v 0.002374 -0.246303 -0.032997
v 0.002733 -0.245881 -0.033471
v -0.000132 -0.246225 -0.033237
v -0.000131 -0.245770 -0.033823
v -0.000131 -0.244948 -0.033874
v -0.000131 -0.243207 -0.033494
v 0.002862 -0.243332 -0.033106
v -0.007118 -0.250919 -0.017249
v 0.010777 -0.250878 -0.017398
v 0.002090 -0.253323 -0.008731
v 0.024251 -0.254165 -0.005748
v 0.023350 -0.249671 -0.021676
v 0.036228 -0.252388 -0.012196
v 0.037802 -0.256287 0.002137
v 0.023058 -0.258256 0.009713
v 0.024618 -0.256750 0.003938
v 0.038291 -0.258650 0.011161
v 0.055704 -0.257730 0.007583
v 0.064370 -0.256233 0.001803
v 0.051677 -0.254924 -0.003076
v 0.052508 -0.253348 -0.008836
v -0.015975 -0.253802 -0.007059
v -0.018091 -0.269307 0.070610
v -0.013557 -0.269665 0.072316
v -0.007230 -0.269573 0.071886
v 0.000497 -0.269206 0.070152
v -0.007237 -0.269574 0.071890
v 0.000497 -0.270960 0.069901
v 0.009231 -0.270496 0.067690
v 0.009212 -0.268303 0.068009
v 0.018273 -0.268074 0.064796
v 0.026889 -0.267105 0.060260
v 0.018264 -0.269830 0.064543
v 0.033924 -0.265609 0.053419
v 0.038139 -0.263383 0.043438
v 0.033920 -0.258299 0.054433
v 0.026901 -0.259787 0.061239
v 0.038139 -0.256075 0.044467
v 0.040304 -0.253694 0.033984
v 0.040307 -0.260988 0.032895
v 0.041155 -0.259025 0.024541
v 0.041163 -0.251730 0.025626
v 0.041393 -0.249733 0.017330
v 0.041308 -0.257628 0.018736
v 0.041375 -0.256996 0.016120
v 0.041656 -0.256788 0.015275
v 0.044426 -0.249301 0.015594
v 0.042437 -0.249425 0.016080
v 0.042442 -0.256673 0.014822
v 0.041670 -0.249531 0.016502
v 0.048247 -0.256302 0.013385
v 0.053233 -0.255927 0.011928
v 0.058582 -0.255420 0.009956
v 0.063431 -0.254696 0.007151
v 0.066852 -0.253681 0.003231
v 0.068178 -0.245114 -0.000490
v 0.066856 -0.246442 0.004522
v 0.068176 -0.252343 -0.001823
v 0.063433 -0.247453 0.008427
v 0.058591 -0.248174 0.011220
v 0.053234 -0.248683 0.013193
v 0.048266 -0.249056 0.014643
v 0.066710 -0.250659 -0.007989
v 0.062707 -0.249112 -0.013564
v 0.056389 -0.244932 -0.016277
v 0.056388 -0.248161 -0.016924
v 0.062707 -0.241904 -0.012153
v 0.066716 -0.243445 -0.006602
v 0.056388 -0.240963 -0.015479
v 0.047594 -0.240196 -0.018095
v 0.047588 -0.247385 -0.019571
v 0.036157 -0.243142 -0.022339
v 0.036157 -0.239182 -0.021512
v 0.015672 -0.237347 -0.027663
v 0.015237 -0.244477 -0.029333
v 0.024277 -0.245295 -0.026594
v 0.036156 -0.246364 -0.023011
v 0.007178 -0.243740 -0.031785
v 0.002841 -0.243331 -0.033111
v 0.007187 -0.236579 -0.030224
v 0.002866 -0.236175 -0.031531
v -0.000129 -0.236053 -0.031911
v -0.003496 -0.236230 -0.031347
v -0.003473 -0.243385 -0.032928
v -0.008671 -0.236758 -0.029625
v -0.008669 -0.243918 -0.031186
v -0.000131 -0.243207 -0.033494
v -0.016512 -0.244786 -0.028294
v -0.028238 -0.246108 -0.023866
v -0.029345 -0.239032 -0.022016
v -0.028239 -0.238936 -0.022335
v -0.029345 -0.246204 -0.023546
v -0.017089 -0.237684 -0.026534
v -0.030444 -0.246237 -0.023434
v -0.033728 -0.246270 -0.023326
v -0.041381 -0.246362 -0.023018
v -0.050503 -0.246646 -0.022065
v -0.057868 -0.244025 -0.019380
v -0.057868 -0.247250 -0.020041
v -0.063443 -0.248238 -0.016627
v -0.067133 -0.249672 -0.011515
v -0.068394 -0.251246 -0.005812
v -0.066655 -0.252635 -0.000676
v -0.062784 -0.253781 0.003637
v -0.057590 -0.254642 0.006935
v -0.062776 -0.246544 0.004936
v -0.066649 -0.245403 0.000642
v -0.057611 -0.247396 0.008199
v -0.050869 -0.248141 0.011098
v -0.050868 -0.255386 0.009835
v -0.042149 -0.256218 0.013090
v -0.042266 -0.248959 0.014300
v -0.034133 -0.249679 0.017143
v -0.028803 -0.250130 0.018966
v -0.028618 -0.257398 0.017794
v -0.023824 -0.250534 0.020640
v -0.025509 -0.257652 0.018843
v -0.034123 -0.256930 0.015901
v -0.023822 -0.257792 0.019424
v -0.023021 -0.257959 0.020111
v -0.022744 -0.258275 0.021414
v -0.022715 -0.258972 0.024335
v -0.022667 -0.260282 0.029882
v -0.022727 -0.251692 0.025480
v -0.022758 -0.251007 0.022601
v -0.022674 -0.252989 0.030977
v -0.022539 -0.254835 0.038976
v -0.022533 -0.262135 0.037912
v -0.023033 -0.250695 0.021309
v -0.068381 -0.244026 -0.004449
v -0.067127 -0.242466 -0.010102
v -0.063437 -0.241039 -0.015185
v -0.057866 -0.240061 -0.018564
v -0.050503 -0.239466 -0.020561
v -0.041439 -0.239187 -0.021494
v -0.033732 -0.239097 -0.021798
v -0.030438 -0.239065 -0.021904
v 0.018275 -0.260755 0.065769
v 0.009237 -0.261419 0.068905
v 0.000497 -0.261883 0.071108
v -0.007233 -0.262249 0.072840
v -0.013561 -0.262341 0.073267
v -0.018091 -0.269307 0.070612
v -0.018097 -0.261983 0.071558
v -0.013558 -0.269665 0.072318
v -0.020842 -0.268661 0.067549
v -0.021819 -0.267894 0.063916
v -0.021973 -0.266624 0.058062
v -0.022257 -0.264479 0.048355
v -0.022533 -0.262135 0.037912
v -0.022539 -0.254835 0.038976
v -0.022263 -0.257167 0.049374
v -0.021980 -0.259306 0.059048
v -0.021826 -0.260570 0.064876
v -0.020849 -0.261337 0.068499
v 0.041638 -0.258536 0.014970
v 0.041655 -0.256788 0.015274
v 0.041375 -0.256996 0.016120
v 0.042437 -0.256674 0.014826
v 0.048265 -0.256300 0.013376
v 0.053233 -0.255927 0.011926
v 0.058589 -0.255419 0.009951
v 0.053228 -0.257666 0.011602
v 0.063430 -0.254696 0.007150
v 0.066853 -0.253679 0.003222
v 0.068175 -0.252343 -0.001823
v 0.068163 -0.254090 -0.002146
v 0.045030 -0.249737 -0.020607
v -0.060618 -0.265086 -0.011596
v -0.058883 -0.264728 -0.013863
v -0.059655 -0.264461 -0.013857
v -0.059844 -0.265334 -0.011671
v -0.059541 -0.265988 -0.009300
v -0.060310 -0.265761 -0.009150
v -0.059913 -0.263706 -0.013671
v -0.060876 -0.264336 -0.011387
v -0.060566 -0.265018 -0.008917
v -0.060876 -0.262837 -0.010974
v -0.060566 -0.263518 -0.008506
v -0.059012 -0.264212 -0.005974
v -0.059013 -0.265713 -0.006380
v -0.058761 -0.266449 -0.006638
v -0.056244 -0.266382 -0.003895
v -0.056001 -0.267112 -0.004179
v -0.055269 -0.267296 -0.004497
v -0.052152 -0.267727 -0.001859
v -0.051482 -0.267885 -0.002288
v -0.058007 -0.266655 -0.006869
v -0.056868 -0.264195 -0.015793
v -0.054010 -0.263759 -0.017376
v -0.032490 -0.263419 -0.018604
v -0.046400 -0.263157 -0.019547
v -0.047043 -0.262783 -0.019908
v -0.050470 -0.263413 -0.018624
v -0.042356 -0.262569 -0.020660
v -0.041883 -0.262979 -0.020172
v -0.051175 -0.263078 -0.018861
v -0.054754 -0.263450 -0.017518
v -0.047253 -0.261994 -0.019840
v -0.051409 -0.262300 -0.018754
v -0.055002 -0.262681 -0.017380
v -0.051409 -0.260802 -0.018335
v -0.055002 -0.261183 -0.016964
v -0.057885 -0.261648 -0.015280
v -0.057631 -0.263909 -0.015857
v -0.057885 -0.263147 -0.015694
v -0.059913 -0.262206 -0.013257
v -0.047253 -0.260498 -0.019417
v -0.042514 -0.260272 -0.020206
v -0.037176 -0.261624 -0.021127
v -0.037176 -0.260129 -0.020697
v -0.042514 -0.261768 -0.020633
v -0.032356 -0.260053 -0.020954
v -0.032356 -0.261547 -0.021387
v -0.029170 -0.261520 -0.021475
v -0.028961 -0.260026 -0.021044
v -0.022366 -0.261520 -0.021476
v -0.022400 -0.262342 -0.021432
v -0.020212 -0.263269 -0.019140
v -0.020233 -0.262823 -0.020707
v -0.019671 -0.262216 -0.021144
v -0.019463 -0.262580 -0.020616
v -0.020240 -0.262348 -0.021413
v -0.019446 -0.263094 -0.018801
v -0.019208 -0.261833 -0.020398
v -0.019193 -0.262295 -0.018768
v -0.019193 -0.262267 -0.013038
v -0.019194 -0.263897 -0.012976
v -0.019192 -0.261228 -0.016802
v -0.019195 -0.260711 -0.018659
v -0.019208 -0.260338 -0.019969
v -0.019476 -0.260111 -0.020751
v -0.019476 -0.261605 -0.021184
v -0.020244 -0.261525 -0.021458
v -0.020257 -0.260031 -0.021029
v -0.019215 -0.264399 -0.011159
v -0.019452 -0.265076 -0.011626
v -0.019215 -0.262900 -0.010745
v -0.019273 -0.264737 -0.009936
v -0.019273 -0.263238 -0.009522
v -0.019553 -0.263412 -0.008892
v -0.020242 -0.264921 -0.009270
v -0.020242 -0.263422 -0.008856
v -0.019553 -0.264911 -0.009306
v -0.019717 -0.265401 -0.009696
v -0.020234 -0.265603 -0.009721
v -0.019507 -0.265465 -0.010221
v -0.021538 -0.265477 -0.010178
v -0.020218 -0.265654 -0.010515
v -0.021557 -0.264799 -0.009725
v -0.021548 -0.263297 -0.009306
v -0.026618 -0.262758 -0.011260
v -0.026618 -0.264257 -0.011674
v -0.029817 -0.263936 -0.012836
v -0.029817 -0.262437 -0.012422
v -0.032853 -0.262159 -0.013428
v -0.035200 -0.263487 -0.014464
v -0.035200 -0.261987 -0.014050
v -0.032853 -0.263658 -0.013842
v -0.032833 -0.264340 -0.014295
v -0.035261 -0.264176 -0.014891
v -0.032773 -0.264386 -0.015102
v -0.029789 -0.264615 -0.013301
v -0.035446 -0.264243 -0.015619
v -0.037336 -0.264108 -0.015135
v -0.037809 -0.264206 -0.015756
v -0.039949 -0.264257 -0.015570
v -0.036931 -0.262878 -0.020521
v -0.030361 -0.262818 -0.020725
v -0.032376 -0.262366 -0.021354
v -0.037115 -0.262436 -0.021119
v -0.029197 -0.262342 -0.021433
v -0.020185 -0.265144 -0.012357
v -0.029208 -0.264697 -0.013976
v -0.026612 -0.264935 -0.012142
v -0.043311 -0.264546 -0.014524
v -0.041804 -0.264377 -0.015136
v -0.041754 -0.266063 -0.009029
v -0.043411 -0.265798 -0.009989
v -0.044507 -0.265540 -0.010922
v -0.047784 -0.266848 -0.006179
v -0.037617 -0.266579 -0.007163
v -0.039693 -0.266336 -0.008046
v -0.037642 -0.267095 -0.005263
v -0.041458 -0.267762 -0.002762
v -0.031374 -0.268035 -0.001713
v -0.020214 -0.270163 0.006542
v -0.020256 -0.270626 0.008338
v -0.024631 -0.270279 0.006993
v -0.019476 -0.270029 0.007062
v -0.019245 -0.269388 0.007688
v -0.019300 -0.268185 0.009255
v -0.019300 -0.269691 0.008867
v -0.019300 -0.268185 0.009255
v -0.019221 -0.268964 0.006041
v -0.019245 -0.267882 0.008076
v -0.019212 -0.266973 0.004548
v -0.019212 -0.241368 0.011141
v -0.019240 -0.242243 0.014540
v -0.019300 -0.242580 0.015848
v -0.019584 -0.242748 0.016500
v -0.020292 -0.242765 0.016566
v -0.019584 -0.268353 0.009907
v -0.020292 -0.268370 0.009973
v -0.021649 -0.268272 0.009593
v -0.023879 -0.268096 0.008909
v -0.021649 -0.242667 0.016186
v -0.027828 -0.267772 0.007651
v -0.023877 -0.242491 0.015503
v -0.027840 -0.242166 0.014241
v -0.034584 -0.241607 0.012067
v -0.041577 -0.241008 0.009743
v -0.047530 -0.250500 0.005025
v -0.047527 -0.240464 0.007632
v -0.052366 -0.239928 0.005568
v -0.056235 -0.249351 0.000647
v -0.056229 -0.239332 0.003319
v -0.052374 -0.258230 0.000761
v -0.047496 -0.266059 0.000999
v -0.052378 -0.265501 -0.001149
v -0.056224 -0.264883 -0.003480
v -0.059008 -0.256950 -0.004007
v -0.059012 -0.264212 -0.005974
v -0.060565 -0.263519 -0.008503
v -0.059000 -0.238691 0.000937
v -0.060876 -0.262837 -0.010973
v -0.060563 -0.238011 -0.001544
v -0.060874 -0.237347 -0.003950
v -0.059915 -0.236721 -0.006216
v -0.057885 -0.236164 -0.008233
v -0.055001 -0.245697 -0.012663
v -0.055001 -0.235707 -0.009888
v -0.051407 -0.235339 -0.011212
v -0.047252 -0.245032 -0.015047
v -0.047251 -0.235053 -0.012228
v -0.051409 -0.253559 -0.016308
v -0.054992 -0.261182 -0.016969
v -0.051409 -0.260802 -0.018335
v -0.047212 -0.260496 -0.019426
v -0.042514 -0.253044 -0.018142
v -0.042514 -0.260272 -0.020206
v -0.037108 -0.260128 -0.020702
v -0.037177 -0.244685 -0.016252
v -0.042514 -0.234847 -0.012948
v -0.037178 -0.234720 -0.013384
v -0.032358 -0.234655 -0.013602
v -0.029346 -0.234635 -0.013669
v -0.032230 -0.260052 -0.020959
v -0.029112 -0.260027 -0.021042
v -0.021980 -0.234636 -0.013662
v -0.022206 -0.260027 -0.021041
v -0.020232 -0.234641 -0.013648
v -0.019478 -0.260110 -0.020753
v -0.019475 -0.234714 -0.013397
v -0.020246 -0.260032 -0.021024
v -0.019208 -0.260338 -0.019971
v -0.019192 -0.261225 -0.016812
v -0.019273 -0.263238 -0.009522
v -0.019215 -0.262900 -0.010745
v -0.019194 -0.262372 -0.012656
v -0.019194 -0.236912 -0.005524
v -0.019215 -0.237414 -0.003707
v -0.019273 -0.237751 -0.002484
v -0.019553 -0.237925 -0.001855
v -0.020242 -0.237935 -0.001818
v -0.019553 -0.263412 -0.008892
v -0.020242 -0.263422 -0.008856
v -0.021541 -0.263298 -0.009304
v -0.021538 -0.237811 -0.002265
v -0.026618 -0.237271 -0.004223
v -0.029816 -0.236950 -0.005384
v -0.032853 -0.236673 -0.006391
v -0.035200 -0.236501 -0.007012
v -0.037178 -0.236423 -0.007293
v -0.039109 -0.236428 -0.007275
v -0.040866 -0.236504 -0.007002
v -0.042320 -0.236638 -0.006516
v -0.043380 -0.236823 -0.005846
v -0.043955 -0.237051 -0.005021
v -0.043380 -0.262310 -0.012884
v -0.042320 -0.262125 -0.013554
v -0.043955 -0.262537 -0.012059
v -0.044003 -0.262780 -0.011178
v -0.043481 -0.263012 -0.010341
v -0.044003 -0.237294 -0.004141
v -0.043481 -0.237525 -0.003303
v -0.042403 -0.263239 -0.009517
v -0.042403 -0.237753 -0.002479
v -0.040803 -0.237982 -0.001650
v -0.038844 -0.238205 -0.000839
v -0.036829 -0.248399 -0.002881
v -0.036826 -0.238398 -0.000143
v -0.038787 -0.263703 -0.007839
v -0.040776 -0.263473 -0.008674
v -0.036645 -0.263919 -0.007057
v -0.034256 -0.256887 -0.004279
v -0.030241 -0.264521 -0.004874
v -0.030622 -0.248957 -0.000860
v -0.034244 -0.238622 0.000669
v -0.030616 -0.238939 0.001814
v -0.026838 -0.239260 0.002987
v -0.026847 -0.257562 -0.001825
v -0.026853 -0.264832 -0.003736
v -0.023608 -0.265105 -0.002703
v -0.023811 -0.249534 0.001278
v -0.021558 -0.257962 -0.000185
v -0.023808 -0.239499 0.003887
v -0.020147 -0.239777 0.004963
v -0.019401 -0.239905 0.005461
v -0.019170 -0.240129 0.006328
v -0.019401 -0.265510 -0.001134
v -0.019170 -0.265734 -0.000266
v -0.019195 -0.266129 0.001270
v -0.019195 -0.240535 0.007905
v -0.019212 -0.241368 0.011141
v -0.019212 -0.266973 0.004548
v -0.020154 -0.265381 -0.001637
v -0.039109 -0.261915 -0.014313
v -0.035200 -0.261987 -0.014050
v -0.037178 -0.261910 -0.014331
v -0.032853 -0.262159 -0.013428
v -0.029817 -0.262437 -0.012423
v -0.026618 -0.262758 -0.011260
v -0.040866 -0.261990 -0.014039
v -0.019192 -0.235884 -0.009249
v -0.019195 -0.235273 -0.011450
v -0.019195 -0.260711 -0.018657
v -0.019207 -0.234926 -0.012668
v -0.059912 -0.262206 -0.013258
v -0.034346 -0.267231 0.005550
v -0.041467 -0.266620 0.003174
v -0.057880 -0.261647 -0.015284
v -0.019584 -0.268353 0.009907
v -0.020292 -0.269876 0.009585
v -0.020292 -0.268370 0.009973
v -0.019584 -0.269859 0.009519
v -0.019753 -0.270357 0.009142
v -0.020282 -0.270566 0.009143
v -0.019539 -0.270427 0.008605
v -0.021646 -0.270466 0.008755
v -0.024853 -0.270210 0.007764
v -0.021649 -0.269778 0.009205
v -0.021649 -0.268272 0.009593
v -0.024758 -0.268025 0.008635
v -0.024402 -0.269560 0.008359
v -0.034295 -0.269428 0.004727
v -0.034376 -0.268735 0.005153
v -0.034376 -0.267229 0.005540
v -0.041578 -0.266610 0.003136
v -0.041578 -0.268116 0.002747
v -0.041428 -0.268817 0.002353
v -0.046746 -0.268400 -0.000306
v -0.047337 -0.268272 0.000238
v -0.038885 -0.269095 0.002392
v -0.047534 -0.267561 0.000593
v -0.047534 -0.266055 0.000984
v -0.052378 -0.265501 -0.001149
v -0.052378 -0.267005 -0.001544
v -0.056243 -0.264879 -0.003494
v -0.019194 -0.266116 0.001219
v -0.019170 -0.267240 -0.000653
v -0.019197 -0.267684 0.001072
v -0.019170 -0.265734 -0.000265
v -0.019401 -0.265510 -0.001133
v -0.019401 -0.267016 -0.001521
v -0.020152 -0.265382 -0.001636
v -0.023816 -0.266594 -0.003159
v -0.020150 -0.266888 -0.002023
v -0.023815 -0.265088 -0.002767
v -0.026851 -0.264832 -0.003736
v -0.026852 -0.266336 -0.004131
v -0.030632 -0.265988 -0.005405
v -0.030631 -0.264485 -0.005004
v -0.036875 -0.263896 -0.007140
v -0.036827 -0.265400 -0.007532
v -0.038846 -0.263696 -0.007863
v -0.038846 -0.265195 -0.008276
v -0.040780 -0.264971 -0.009090
v -0.040780 -0.263472 -0.008676
v -0.042403 -0.263239 -0.009517
v -0.042403 -0.264738 -0.009931
v -0.043481 -0.264511 -0.010755
v -0.043481 -0.263012 -0.010341
v -0.044003 -0.262780 -0.011178
v -0.044003 -0.264280 -0.011592
v -0.043955 -0.264037 -0.012473
v -0.043955 -0.262537 -0.012059
v -0.043380 -0.262310 -0.012884
v -0.043380 -0.263809 -0.013298
v -0.042320 -0.263624 -0.013967
v -0.042320 -0.262125 -0.013553
v -0.040866 -0.261990 -0.014039
v -0.040866 -0.263490 -0.014453
v -0.039109 -0.263414 -0.014727
v -0.039109 -0.261915 -0.014313
v -0.037178 -0.261910 -0.014331
v -0.037178 -0.263409 -0.014745
v -0.039319 -0.264125 -0.015076
v -0.041100 -0.264211 -0.014762
v -0.042568 -0.264354 -0.014245
v -0.043635 -0.264546 -0.013549
v -0.044984 -0.265013 -0.012832
v -0.044213 -0.264780 -0.012701
v -0.044396 -0.264759 -0.013751
v -0.044261 -0.265030 -0.011797
v -0.043738 -0.265268 -0.010935
v -0.045033 -0.265281 -0.011859
v -0.042655 -0.265503 -0.010083
v -0.041024 -0.265744 -0.009213
v -0.039073 -0.265978 -0.008364
v -0.037031 -0.266194 -0.007580
v -0.034408 -0.266450 -0.006652
v -0.033196 -0.267036 -0.005501
v -0.030713 -0.266801 -0.005373
v -0.026873 -0.267154 -0.004076
v -0.020166 -0.268161 -0.001238
v -0.023817 -0.267413 -0.003095
v -0.026635 -0.267627 -0.003286
v -0.020154 -0.267706 -0.001958
v -0.019600 -0.267611 -0.001523
v -0.019424 -0.267968 -0.000940
v 0.037127 -0.264303 -0.015402
v 0.043323 -0.266114 -0.008844
v 0.040570 -0.265810 -0.009943
v 0.037833 -0.265561 -0.009868
v 0.040453 -0.265821 -0.008931
v 0.023729 -0.264221 -0.015704
v 0.026768 -0.262471 -0.021878
v 0.036577 -0.262898 -0.020392
v 0.038794 -0.263695 -0.017585
v 0.046060 -0.263859 -0.017012
v 0.052826 -0.264635 -0.014201
v 0.055979 -0.265192 -0.012183
v 0.049425 -0.264220 -0.015705
v 0.050152 -0.263820 -0.016178
v 0.053680 -0.264252 -0.014613
v 0.056991 -0.264838 -0.012493
v 0.058328 -0.265949 -0.009443
v 0.059470 -0.265635 -0.009606
v 0.059850 -0.264863 -0.009479
v 0.057328 -0.264053 -0.012413
v 0.053964 -0.263458 -0.014567
v 0.057328 -0.262554 -0.012000
v 0.050394 -0.263021 -0.016152
v 0.053964 -0.261959 -0.014153
v 0.050394 -0.261522 -0.015736
v 0.047252 -0.261184 -0.016959
v 0.043247 -0.260782 -0.018380
v 0.047236 -0.262682 -0.017383
v 0.037092 -0.260151 -0.020562
v 0.029861 -0.259403 -0.023120
v 0.022630 -0.260138 -0.026111
v 0.022630 -0.258647 -0.025670
v 0.034042 -0.261336 -0.022076
v 0.025000 -0.261215 -0.025232
v 0.025096 -0.261706 -0.024481
v 0.041400 -0.262916 -0.019406
v 0.047024 -0.263483 -0.017399
v 0.016378 -0.260311 -0.028253
v 0.013472 -0.260499 -0.028532
v 0.012142 -0.259885 -0.029680
v 0.016392 -0.259489 -0.028288
v 0.012142 -0.259062 -0.029719
v 0.016392 -0.257998 -0.027845
v 0.009487 -0.258814 -0.030552
v 0.009484 -0.259635 -0.030520
v 0.012142 -0.257572 -0.029275
v 0.009487 -0.257323 -0.030108
v 0.008038 -0.258700 -0.030935
v 0.008038 -0.257209 -0.030491
v 0.007370 -0.257237 -0.030397
v 0.007370 -0.258728 -0.030841
v 0.007061 -0.258906 -0.030241
v 0.007061 -0.257416 -0.029797
v 0.006964 -0.257742 -0.028704
v 0.006934 -0.259701 -0.027576
v 0.006933 -0.258243 -0.027025
v 0.006964 -0.259232 -0.029149
v 0.007205 -0.260001 -0.029291
v 0.007289 -0.259670 -0.030401
v 0.007915 -0.260475 -0.028611
v 0.007178 -0.260472 -0.027713
v 0.007194 -0.261896 -0.022935
v 0.006943 -0.260758 -0.024033
v 0.006963 -0.261266 -0.022328
v 0.006954 -0.259706 -0.022115
v 0.007246 -0.262399 -0.021245
v 0.007007 -0.261627 -0.021117
v 0.007280 -0.261879 -0.020262
v 0.007453 -0.262394 -0.020547
v 0.007004 -0.260135 -0.020677
v 0.007276 -0.260387 -0.019824
v 0.007988 -0.262036 -0.019715
v 0.007984 -0.260543 -0.019280
v 0.009537 -0.260703 -0.018703
v 0.009628 -0.262203 -0.019099
v 0.009538 -0.262868 -0.019614
v 0.007964 -0.262729 -0.021037
v 0.007982 -0.262706 -0.020192
v 0.015829 -0.263458 -0.017489
v 0.016563 -0.262859 -0.016752
v 0.023361 -0.264179 -0.014885
v 0.016733 -0.261373 -0.016275
v 0.028251 -0.263982 -0.012678
v 0.037602 -0.263379 -0.009013
v 0.037615 -0.264879 -0.009423
v 0.040160 -0.263633 -0.008092
v 0.041944 -0.265329 -0.007790
v 0.041944 -0.263830 -0.007376
v 0.040160 -0.265132 -0.008506
v 0.043101 -0.264020 -0.006688
v 0.043101 -0.265520 -0.007102
v 0.043770 -0.265751 -0.006265
v 0.043769 -0.264251 -0.005853
v 0.043939 -0.264499 -0.004951
v 0.043602 -0.266245 -0.004464
v 0.043601 -0.264743 -0.004062
v 0.043940 -0.266000 -0.005359
v 0.044424 -0.266745 -0.005583
v 0.044232 -0.266476 -0.006562
v 0.045874 -0.266978 -0.005712
v 0.044054 -0.267009 -0.004614
v 0.043168 -0.267237 -0.003769
v 0.041808 -0.267396 -0.003166
v 0.042779 -0.266456 -0.003684
v 0.041491 -0.266604 -0.003123
v 0.042778 -0.264952 -0.003288
v 0.039884 -0.266683 -0.002817
v 0.040128 -0.267483 -0.002830
v 0.041490 -0.265099 -0.002731
v 0.039884 -0.265177 -0.002428
v 0.038106 -0.266687 -0.002802
v 0.038106 -0.265180 -0.002414
v 0.036166 -0.265120 -0.002646
v 0.036166 -0.266626 -0.003035
v 0.034074 -0.266513 -0.003471
v 0.034074 -0.265008 -0.003079
v 0.031179 -0.264798 -0.003864
v 0.026829 -0.265947 -0.005555
v 0.026830 -0.264444 -0.005153
v 0.031179 -0.266302 -0.004261
v 0.031165 -0.267124 -0.004188
v 0.026811 -0.266776 -0.005463
v 0.034110 -0.267331 -0.003414
v 0.026758 -0.267263 -0.004650
v 0.031190 -0.267593 -0.003422
v 0.020040 -0.267295 -0.004524
v 0.034217 -0.267778 -0.002721
v 0.023933 -0.268041 -0.001694
v 0.030742 -0.269514 0.004018
v 0.039528 -0.269526 0.004067
v 0.043616 -0.269389 0.003534
v 0.051501 -0.268856 0.001463
v 0.047575 -0.269164 0.002660
v 0.055042 -0.268381 -0.000362
v 0.042760 -0.267765 -0.002772
v 0.044332 -0.267575 -0.003496
v 0.040858 -0.267873 -0.002350
v 0.038805 -0.267906 -0.002225
v 0.036592 -0.267870 -0.002362
v 0.036272 -0.267439 -0.002996
v 0.038281 -0.267493 -0.002787
v 0.045404 -0.267301 -0.004521
v 0.059179 -0.266803 -0.006313
v 0.057841 -0.267656 -0.003117
v 0.060373 -0.266537 -0.006301
v 0.058957 -0.267437 -0.002927
v 0.059329 -0.266695 -0.002687
v 0.060771 -0.265780 -0.006119
v 0.060770 -0.264278 -0.005715
v 0.059850 -0.263363 -0.009069
v 0.059328 -0.265192 -0.002288
v 0.056321 -0.265969 0.000670
v 0.056322 -0.267474 0.000277
v 0.052547 -0.267983 0.002231
v 0.052547 -0.266477 0.002621
v 0.048380 -0.266808 0.003907
v 0.048380 -0.268314 0.003519
v 0.044193 -0.268563 0.004483
v 0.044193 -0.267056 0.004871
v 0.039880 -0.267214 0.005482
v 0.039880 -0.268720 0.005094
v 0.035332 -0.268779 0.005323
v 0.035332 -0.267273 0.005710
v 0.030684 -0.267232 0.005554
v 0.030684 -0.268738 0.005166
v 0.026071 -0.268598 0.004622
v 0.026071 -0.267092 0.005010
v 0.021877 -0.266899 0.004258
v 0.021877 -0.268405 0.003870
v 0.018487 -0.268204 0.003090
v 0.018487 -0.266698 0.003478
v 0.015426 -0.266477 0.002621
v 0.015426 -0.267983 0.002233
v 0.012218 -0.267731 0.001253
v 0.012218 -0.266225 0.001640
v 0.009522 -0.266001 0.000772
v 0.009522 -0.267507 0.000384
v 0.007999 -0.267373 -0.000135
v 0.007999 -0.265867 0.000253
v 0.007282 -0.265736 -0.000258
v 0.007282 -0.267242 -0.000647
v 0.007008 -0.267024 -0.001493
v 0.007008 -0.265518 -0.001102
v 0.006968 -0.266706 -0.002707
v 0.006968 -0.265204 -0.002304
v 0.007008 -0.265518 -0.001100
v 0.006954 -0.266278 -0.004309
v 0.006953 -0.239227 0.002904
v 0.006967 -0.239631 0.004414
v 0.006953 -0.238765 0.001197
v 0.006954 -0.238292 -0.000525
v 0.006986 -0.237870 -0.002056
v 0.007081 -0.237570 -0.003139
v 0.006986 -0.263359 -0.009082
v 0.007081 -0.263057 -0.010178
v 0.007392 -0.262887 -0.010792
v 0.008070 -0.262856 -0.010905
v 0.009537 -0.262957 -0.010540
v 0.018919 -0.263772 -0.007588
v 0.016201 -0.263534 -0.008447
v 0.012184 -0.263182 -0.009728
v 0.015457 -0.237979 -0.001658
v 0.018625 -0.248246 -0.003432
v 0.022245 -0.238540 0.000373
v 0.022246 -0.256809 -0.004586
v 0.018626 -0.238246 -0.000691
v 0.012429 -0.237715 -0.002615
v 0.009538 -0.237470 -0.003502
v 0.008070 -0.237369 -0.003868
v 0.007392 -0.237401 -0.003754
v 0.026834 -0.248919 -0.000998
v 0.026836 -0.238902 0.001682
v 0.031182 -0.257532 -0.001949
v 0.031185 -0.239230 0.002875
v 0.027239 -0.264478 -0.005031
v 0.031180 -0.264798 -0.003864
v 0.022239 -0.264057 -0.006555
v 0.034125 -0.265011 -0.003067
v 0.038107 -0.265180 -0.002414
v 0.041476 -0.265100 -0.002727
v 0.039865 -0.265177 -0.002427
v 0.041483 -0.249545 0.001317
v 0.039882 -0.239576 0.004183
v 0.042758 -0.239384 0.003449
v 0.041479 -0.239511 0.003928
v 0.042772 -0.257684 -0.001372
v 0.043598 -0.264745 -0.004056
v 0.042778 -0.264952 -0.003288
v 0.043588 -0.249218 0.000094
v 0.043940 -0.264500 -0.004948
v 0.043920 -0.238983 0.001980
v 0.043579 -0.239201 0.002775
v 0.043098 -0.238531 0.000338
v 0.043760 -0.238754 0.001145
v 0.043769 -0.264251 -0.005854
v 0.043098 -0.264019 -0.006691
v 0.041943 -0.263830 -0.007377
v 0.040160 -0.263633 -0.008092
v 0.037609 -0.263379 -0.009011
v 0.019299 -0.261620 -0.015382
v 0.015809 -0.261286 -0.016589
v 0.007995 -0.260545 -0.019274
v 0.009520 -0.260701 -0.018709
v 0.007003 -0.260135 -0.020678
v 0.007278 -0.260388 -0.019819
v 0.007953 -0.245112 -0.014788
v 0.009458 -0.235290 -0.011402
v 0.007932 -0.235156 -0.011890
v 0.009484 -0.253478 -0.016640
v 0.007215 -0.235016 -0.012379
v 0.006954 -0.234777 -0.013190
v 0.006925 -0.234377 -0.014532
v 0.006959 -0.259752 -0.021965
v 0.006940 -0.259194 -0.023834
v 0.006934 -0.258209 -0.027138
v 0.006964 -0.257742 -0.028705
v 0.007061 -0.257416 -0.029797
v 0.006934 -0.232879 -0.019557
v 0.006964 -0.232404 -0.021149
v 0.007061 -0.232078 -0.022241
v 0.007370 -0.231899 -0.022841
v 0.008038 -0.231871 -0.022935
v 0.007370 -0.257237 -0.030397
v 0.008038 -0.257209 -0.030491
v 0.012124 -0.257570 -0.029280
v 0.016107 -0.257969 -0.027941
v 0.009487 -0.257323 -0.030108
v 0.021965 -0.258578 -0.025902
v 0.037096 -0.257661 -0.019844
v 0.029879 -0.259405 -0.023113
v 0.037092 -0.260151 -0.020562
v 0.043235 -0.260781 -0.018384
v 0.043251 -0.253548 -0.016334
v 0.047251 -0.245704 -0.012638
v 0.047151 -0.261174 -0.016996
v 0.037091 -0.244706 -0.016121
v 0.029859 -0.234024 -0.015702
v 0.043246 -0.235339 -0.011188
v 0.037090 -0.234741 -0.013255
v 0.029850 -0.252185 -0.021014
v 0.022617 -0.243241 -0.021121
v 0.016392 -0.232656 -0.020304
v 0.022629 -0.233291 -0.018175
v 0.012261 -0.232245 -0.021682
v 0.009488 -0.231985 -0.022552
v 0.047250 -0.235717 -0.009851
v 0.050394 -0.236040 -0.008681
v 0.053993 -0.236477 -0.007100
v 0.057326 -0.237062 -0.004982
v 0.059851 -0.237860 -0.002093
v 0.057320 -0.262552 -0.012006
v 0.053959 -0.261958 -0.014156
v 0.059849 -0.263362 -0.009072
v 0.060772 -0.264279 -0.005712
v 0.059319 -0.249656 0.001827
v 0.059324 -0.265194 -0.002282
v 0.056318 -0.258696 0.002569
v 0.056321 -0.265969 0.000670
v 0.050326 -0.261514 -0.015766
v 0.052537 -0.266478 0.002625
v 0.044190 -0.267056 0.004871
v 0.035332 -0.267273 0.005710
v 0.030684 -0.267232 0.005554
v 0.039880 -0.267214 0.005482
v 0.039880 -0.241609 0.012075
v 0.048378 -0.241205 0.010509
v 0.048357 -0.266809 0.003913
v 0.044207 -0.241450 0.011462
v 0.052543 -0.250918 0.006649
v 0.052540 -0.240880 0.009247
v 0.056309 -0.240386 0.007349
v 0.059314 -0.239633 0.004482
v 0.060758 -0.238747 0.001159
v 0.035332 -0.241667 0.012304
v 0.030684 -0.241627 0.012147
v 0.026072 -0.241487 0.011604
v 0.021877 -0.241293 0.010852
v 0.018486 -0.241092 0.010071
v 0.015426 -0.240872 0.009214
v 0.015426 -0.266477 0.002621
v 0.018487 -0.266698 0.003478
v 0.021878 -0.266899 0.004258
v 0.026071 -0.267092 0.005010
v 0.012155 -0.245487 -0.013425
v 0.012163 -0.258454 -0.017108
v 0.015807 -0.254052 -0.014562
v 0.020245 -0.246220 -0.010751
v 0.015806 -0.235827 -0.009454
v 0.025050 -0.254928 -0.011374
v 0.020235 -0.236234 -0.007980
v 0.026911 -0.236866 -0.005688
v 0.037607 -0.237892 -0.001974
v 0.040160 -0.238146 -0.001054
v 0.041952 -0.238345 -0.000336
v 0.012148 -0.235513 -0.010593
v 0.038100 -0.239577 0.004185
v 0.036168 -0.239521 0.003970
v 0.034077 -0.249455 0.000972
v 0.034079 -0.239421 0.003585
v 0.036211 -0.265122 -0.002639
v 0.006986 -0.264859 -0.009494
v 0.007081 -0.264556 -0.010591
v 0.007081 -0.263057 -0.010177
v 0.006954 -0.265292 -0.007931
v 0.007202 -0.266065 -0.008050
v 0.007201 -0.266932 -0.004872
v 0.007229 -0.265631 -0.009619
v 0.007312 -0.265323 -0.010737
v 0.007946 -0.266173 -0.008632
v 0.015720 -0.266784 -0.006410
v 0.014280 -0.267551 -0.003569
v 0.007968 -0.268110 -0.001435
v 0.021970 -0.269147 0.002593
v 0.017306 -0.265960 -0.008416
v 0.022234 -0.266393 -0.006859
v 0.019947 -0.266702 -0.006713
v 0.012201 -0.265993 -0.009284
v 0.008012 -0.265622 -0.010626
v 0.012210 -0.265510 -0.010059
v 0.009533 -0.265279 -0.010895
v 0.008055 -0.265172 -0.011283
v 0.012213 -0.264683 -0.010133
v 0.009538 -0.264456 -0.010954
v 0.008070 -0.264355 -0.011319
v 0.009538 -0.262957 -0.010540
v 0.007542 -0.264999 -0.011152
v 0.007392 -0.264386 -0.011206
v 0.008070 -0.262856 -0.010905
v 0.007392 -0.262887 -0.010792
v 0.012213 -0.263184 -0.009719
v 0.018294 -0.265219 -0.008196
v 0.017625 -0.263659 -0.007994
v 0.022240 -0.264057 -0.006555
v 0.022240 -0.265558 -0.006963
v 0.018540 -0.268939 0.001787
v 0.026181 -0.269356 0.003406
v 0.030698 -0.269434 0.004750
v 0.021900 -0.269092 0.003422
v 0.026099 -0.269290 0.004189
v 0.018500 -0.268890 0.002635
v 0.015429 -0.268668 0.001775
v 0.014212 -0.268623 0.000557
v 0.012217 -0.268416 0.000794
v 0.009520 -0.268192 -0.000073
v 0.007992 -0.268060 -0.000588
v 0.007213 -0.267478 -0.002827
v 0.007249 -0.267797 -0.001608
v 0.007457 -0.267765 -0.000924
v 0.007944 -0.267146 -0.005075
v 0.035213 -0.269569 0.004233
v 0.035302 -0.269478 0.004921
v 0.039792 -0.269423 0.004708
v 0.044049 -0.269271 0.004117
v 0.048179 -0.269029 0.003175
v 0.052286 -0.268703 0.001909
v 0.056002 -0.268203 -0.000013
v 0.007007 -0.239926 0.005541
v 0.007282 -0.240134 0.006350
v 0.007284 -0.265736 -0.000256
v 0.007992 -0.240261 0.006844
v 0.009522 -0.240396 0.007366
v 0.012218 -0.240619 0.008234
v 0.015426 -0.240872 0.009214
v 0.015426 -0.266477 0.002621
v 0.012218 -0.266225 0.001640
v 0.008000 -0.265867 0.000253
v 0.009519 -0.266001 0.000771
v 0.045616 -0.266650 -0.006904
v 0.044735 -0.266351 -0.007986
v 0.043509 -0.266227 -0.007460
v 0.042289 -0.266025 -0.008192
v 0.013260 -0.263236 -0.019251
v 0.023122 -0.263213 -0.019300
v 0.016239 -0.262294 -0.022486
v 0.007924 -0.262091 -0.023190
v 0.007978 -0.259975 -0.030289
v 0.010674 -0.262539 -0.021669
v 0.007516 -0.259341 -0.030799
v 0.008022 -0.259515 -0.030921
v -0.015069 -0.282829 0.063652
v -0.014547 -0.283139 0.062890
v -0.015280 -0.282917 0.063091
v -0.014525 -0.283050 0.063710
v -0.015248 -0.282313 0.063994
v -0.015526 -0.282166 0.063300
v -0.015561 -0.280297 0.061989
v -0.015561 -0.281819 0.061666
v -0.015248 -0.280791 0.064316
v -0.015526 -0.280644 0.063622
v -0.015315 -0.282516 0.061203
v -0.015552 -0.278786 0.054945
v -0.015296 -0.280597 0.052276
v -0.015565 -0.281168 0.058616
v -0.015565 -0.279667 0.059036
v -0.015515 -0.277525 0.041877
v -0.015535 -0.277689 0.049897
v -0.015521 -0.276525 0.044605
v -0.015515 -0.275442 0.039779
v -0.015513 -0.274076 0.033863
v -0.015509 -0.272061 0.025298
v -0.015505 -0.269672 0.015405
v -0.015501 -0.268694 0.005120
v -0.015501 -0.267187 0.005506
v -0.015507 -0.272215 0.019236
v -0.015260 -0.271937 0.014844
v -0.015256 -0.269447 0.004925
v -0.015264 -0.274330 0.024755
v -0.015268 -0.276348 0.033335
v -0.014533 -0.276603 0.033285
v -0.014530 -0.274569 0.024642
v -0.014527 -0.272159 0.014662
v 0.003053 -0.274480 0.024261
v 0.003049 -0.276527 0.032952
v 0.003059 -0.272070 0.014297
v -0.005753 -0.267147 -0.004910
v -0.014520 -0.269643 0.004643
v -0.014518 -0.267273 -0.004471
v -0.014518 -0.265255 -0.011958
v -0.014514 -0.263577 -0.018006
v -0.015251 -0.263487 -0.017359
v -0.015253 -0.267076 -0.004207
v -0.015251 -0.265040 -0.011759
v -0.015496 -0.265310 -0.007829
v -0.015494 -0.261264 -0.016648
v -0.015495 -0.262803 -0.011097
v -0.015497 -0.264824 -0.003596
v -0.015498 -0.259813 -0.021741
v -0.015495 -0.261410 -0.021848
v -0.015493 -0.260347 -0.019899
v -0.015251 -0.262201 -0.021893
v -0.014518 -0.262652 -0.021268
v -0.014531 -0.261808 -0.024139
v -0.014543 -0.261322 -0.024859
v -0.015084 -0.261245 -0.024413
v -0.015268 -0.261635 -0.023813
v -0.015515 -0.260915 -0.023506
v -0.015281 -0.259160 -0.023947
v -0.015281 -0.260651 -0.024391
v -0.015514 -0.259423 -0.023064
v -0.014538 -0.260496 -0.024911
v -0.014538 -0.259005 -0.024466
v -0.001751 -0.259967 -0.029407
v -0.005109 -0.261740 -0.024364
v 0.001390 -0.259639 -0.030507
v 0.003063 -0.259477 -0.031049
v 0.003062 -0.258657 -0.031077
v 0.001400 -0.258815 -0.030547
v 0.003062 -0.257167 -0.030633
v 0.003062 -0.257167 -0.030633
v -0.001766 -0.259145 -0.029441
v 0.001399 -0.257325 -0.030103
v -0.011975 -0.260229 -0.025807
v -0.012807 -0.258826 -0.025070
v -0.014537 -0.259005 -0.024467
v -0.015281 -0.259160 -0.023948
v -0.015514 -0.259423 -0.023064
v -0.015493 -0.260346 -0.019901
v -0.015498 -0.259809 -0.021756
v -0.015494 -0.261265 -0.016645
v -0.015495 -0.262803 -0.011097
v -0.015497 -0.264824 -0.003595
v -0.015501 -0.267187 0.005506
v -0.015509 -0.272060 0.025293
v -0.015515 -0.275443 0.039784
v -0.015521 -0.276524 0.044601
v -0.015513 -0.274076 0.033863
v -0.015514 -0.248322 0.039848
v -0.015523 -0.250718 0.050355
v -0.015517 -0.249659 0.045634
v -0.015505 -0.269672 0.015405
v -0.015510 -0.246344 0.031443
v -0.015505 -0.244003 0.021742
v -0.015501 -0.241573 0.012065
v -0.015496 -0.239270 0.003192
v -0.015488 -0.237306 -0.004097
v -0.015482 -0.235818 -0.009463
v -0.015480 -0.234943 -0.012567
v -0.015486 -0.234441 -0.014300
v -0.015506 -0.234072 -0.015557
v -0.015279 -0.233819 -0.016403
v -0.014543 -0.233668 -0.016910
v -0.012186 -0.233423 -0.017733
v -0.001773 -0.232317 -0.021439
v 0.001399 -0.231987 -0.022547
v 0.003062 -0.231829 -0.023077
v 0.003761 -0.231845 -0.023023
v 0.004041 -0.232037 -0.022382
v 0.003761 -0.257183 -0.030579
v 0.004041 -0.257374 -0.029936
v 0.004096 -0.257748 -0.028683
v 0.004116 -0.258279 -0.026900
v 0.004091 -0.232395 -0.021179
v 0.004098 -0.232907 -0.019462
v 0.004088 -0.234039 -0.015535
v 0.004084 -0.236230 -0.007788
v 0.004086 -0.238891 0.001865
v 0.004096 -0.241430 0.011513
v 0.004117 -0.264425 -0.005000
v 0.004119 -0.261696 -0.014904
v 0.004114 -0.267032 0.004908
v 0.004111 -0.269528 0.014813
v 0.004108 -0.271921 0.024702
v 0.004107 -0.243863 0.021171
v 0.004111 -0.246208 0.030864
v 0.004112 -0.248190 0.039271
v 0.004112 -0.249526 0.045043
v 0.004108 -0.273941 0.033276
v 0.004107 -0.275310 0.039191
v 0.004228 -0.276186 0.043058
v 0.004589 -0.276720 0.045458
v 0.004232 -0.250380 0.048814
v 0.004588 -0.250896 0.051132
v 0.005370 -0.251189 0.052476
v 0.006738 -0.251356 0.053240
v 0.005370 -0.277021 0.046834
v 0.006743 -0.277190 0.047612
v 0.008411 -0.277243 0.047852
v 0.010074 -0.277190 0.047612
v 0.008412 -0.251408 0.053481
v 0.010083 -0.251356 0.053240
v 0.011443 -0.251190 0.052477
v 0.012220 -0.250897 0.051134
v 0.012576 -0.250383 0.048825
v 0.012695 -0.249536 0.045086
v 0.012579 -0.276190 0.043071
v 0.012218 -0.276721 0.045458
v 0.012700 -0.275324 0.039250
v 0.012698 -0.259514 0.032725
v 0.012700 -0.274198 0.034341
v 0.012700 -0.272888 0.028709
v 0.012697 -0.247142 0.034732
v 0.012699 -0.271695 0.023632
v 0.012699 -0.245970 0.029742
v 0.012696 -0.248435 0.040287
v 0.012699 -0.245230 0.026629
v 0.012696 -0.244633 0.024157
v 0.012675 -0.243683 0.020222
v 0.012928 -0.243425 0.019160
v 0.013724 -0.253298 0.015898
v 0.013711 -0.243231 0.018380
v 0.014925 -0.243057 0.017700
v 0.016476 -0.252914 0.014398
v 0.016473 -0.242858 0.016928
v 0.018703 -0.242678 0.016228
v 0.021976 -0.242558 0.015765
v 0.025615 -0.242638 0.016081
v 0.029011 -0.253106 0.015185
v 0.029009 -0.243048 0.017702
v 0.025617 -0.260973 0.011437
v 0.021963 -0.268183 0.009247
v 0.025618 -0.268269 0.009589
v 0.029004 -0.268696 0.011278
v 0.031724 -0.262099 0.015924
v 0.031725 -0.269404 0.014125
v 0.033327 -0.270323 0.017900
v 0.031721 -0.243730 0.020445
v 0.033331 -0.244634 0.024159
v 0.034109 -0.245766 0.028901
v 0.034367 -0.247182 0.034917
v 0.033638 -0.248683 0.041393
v 0.031463 -0.260177 0.045183
v 0.031458 -0.250061 0.047461
v 0.033649 -0.274458 0.035497
v 0.034378 -0.272934 0.028924
v 0.031466 -0.275858 0.041663
v 0.028251 -0.269715 0.048643
v 0.028254 -0.277054 0.047017
v 0.024412 -0.277970 0.051177
v 0.024416 -0.262268 0.054606
v 0.028244 -0.251240 0.052737
v 0.024414 -0.252139 0.056823
v 0.019844 -0.271340 0.056074
v 0.019840 -0.252848 0.060084
v 0.014398 -0.263590 0.060701
v 0.014396 -0.253453 0.062881
v 0.008270 -0.253946 0.065179
v 0.001780 -0.254313 0.066908
v -0.004550 -0.254591 0.068224
v -0.009285 -0.254772 0.069080
v -0.004614 -0.280462 0.062761
v 0.001626 -0.280184 0.061447
v -0.009413 -0.280647 0.063636
v -0.014512 -0.280819 0.064452
v -0.014520 -0.254949 0.069912
v -0.015252 -0.254921 0.069780
v -0.015527 -0.254778 0.069099
v -0.015248 -0.280791 0.064316
v -0.015526 -0.280644 0.063622
v -0.015561 -0.280295 0.061982
v -0.015565 -0.279668 0.059040
v -0.015561 -0.254436 0.067491
v -0.015565 -0.253815 0.064582
v -0.015552 -0.252943 0.060536
v -0.015552 -0.278786 0.054945
v 0.014386 -0.279303 0.057327
v 0.008242 -0.279805 0.059663
v 0.019845 -0.278688 0.054481
v 0.018703 -0.268305 0.009720
v 0.016499 -0.268498 0.010468
v 0.014944 -0.268716 0.011318
v 0.013750 -0.268901 0.012045
v 0.012968 -0.269105 0.012866
v 0.012698 -0.261884 0.018324
v 0.012706 -0.269374 0.013971
v 0.012699 -0.270935 0.020434
v 0.004118 -0.259444 -0.022862
v 0.011439 -0.277021 0.046834
v 0.014939 -0.261417 0.013133
v 0.018703 -0.261031 0.011568
v 0.034114 -0.271488 0.022778
v -0.015536 -0.251861 0.055554
v -0.015552 -0.252943 0.060536
v -0.015552 -0.278786 0.054945
v -0.015535 -0.277690 0.049903
v 0.003761 -0.257183 -0.030579
v 0.003761 -0.258673 -0.031023
v 0.004041 -0.258865 -0.030381
v 0.004041 -0.257374 -0.029936
v 0.004095 -0.257740 -0.028710
v 0.004095 -0.259231 -0.029153
v 0.004116 -0.258278 -0.026904
v 0.004118 -0.259445 -0.022857
v 0.004119 -0.261695 -0.014906
v 0.004118 -0.259823 -0.027174
v 0.003862 -0.261712 -0.023418
v 0.003082 -0.260877 -0.027259
v 0.003083 -0.262119 -0.022949
v 0.003858 -0.260545 -0.027469
v 0.003082 -0.264258 -0.015377
v 0.003862 -0.263958 -0.015478
v 0.003859 -0.266685 -0.005580
v 0.003071 -0.269610 0.004526
v 0.003854 -0.269295 0.004341
v 0.003078 -0.267013 -0.005363
v 0.004121 -0.264842 -0.009420
v 0.004115 -0.268538 0.004519
v 0.004118 -0.264425 -0.005000
v 0.003848 -0.271796 0.014267
v 0.004110 -0.269528 0.014812
v 0.004109 -0.272072 0.018635
v 0.004114 -0.267032 0.004908
v 0.004108 -0.273940 0.033272
v 0.004107 -0.276837 0.038868
v 0.004108 -0.271922 0.024706
v 0.003845 -0.274194 0.024179
v 0.003843 -0.276216 0.032759
v 0.003049 -0.277896 0.038868
v 0.003842 -0.277588 0.038687
v 0.004227 -0.277703 0.042713
v 0.004107 -0.275310 0.039189
v 0.003964 -0.278470 0.042581
v 0.004227 -0.276185 0.043052
v 0.004588 -0.278239 0.045121
v 0.004588 -0.276720 0.045456
v 0.005368 -0.277020 0.046832
v 0.005367 -0.278540 0.046500
v 0.006741 -0.278710 0.047280
v 0.006742 -0.277190 0.047612
v 0.008411 -0.277243 0.047852
v 0.010074 -0.278710 0.047280
v 0.010075 -0.277190 0.047611
v 0.008410 -0.278762 0.047521
v 0.008409 -0.279576 0.047603
v 0.010187 -0.279517 0.047331
v 0.006620 -0.279521 0.047349
v 0.005151 -0.279340 0.046519
v 0.004333 -0.279022 0.045061
v 0.003186 -0.278761 0.042702
v 0.003571 -0.279344 0.045325
v 0.004501 -0.279714 0.047019
v -0.014536 -0.277963 0.039175
v -0.014551 -0.280597 0.051060
v -0.014540 -0.279059 0.044056
v -0.015271 -0.278195 0.041361
v -0.014566 -0.282433 0.059571
v 0.001640 -0.282492 0.059834
v -0.009393 -0.282956 0.062026
v -0.004549 -0.282685 0.061998
v -0.009393 -0.282872 0.062883
v -0.004550 -0.282768 0.061141
v 0.008180 -0.282117 0.058067
v 0.008248 -0.282029 0.058906
v 0.001648 -0.282408 0.060690
v 0.001650 -0.281704 0.061119
v -0.004548 -0.280459 0.062749
v -0.004548 -0.281980 0.062427
v 0.001650 -0.280183 0.061442
v 0.008275 -0.279803 0.059653
v 0.008275 -0.281324 0.059328
v 0.014402 -0.280822 0.056993
v 0.019845 -0.278688 0.054481
v 0.019845 -0.280208 0.054151
v 0.019666 -0.280925 0.053787
v 0.014304 -0.281532 0.056595
v 0.014401 -0.279302 0.057320
v 0.014013 -0.281634 0.055828
v 0.019128 -0.281048 0.053136
v 0.023482 -0.280364 0.049991
v 0.027191 -0.279487 0.046010
v 0.013593 -0.278768 0.042725
v 0.013180 -0.279334 0.045277
v 0.013734 -0.277928 0.039009
v 0.032557 -0.276954 0.034781
v 0.013739 -0.276820 0.034174
v 0.030365 -0.278324 0.040807
v 0.033378 -0.276722 0.034934
v 0.031195 -0.278117 0.041074
v 0.027988 -0.279307 0.046401
v 0.024186 -0.280213 0.050514
v 0.024421 -0.279487 0.050837
v 0.028254 -0.278572 0.046680
v 0.031471 -0.277373 0.041312
v 0.031470 -0.275856 0.041653
v 0.033651 -0.274455 0.035486
v 0.033652 -0.275971 0.035138
v 0.028254 -0.277054 0.047017
v 0.024420 -0.277968 0.051169
v 0.034378 -0.274448 0.028567
v 0.034378 -0.272933 0.028921
v 0.034115 -0.271490 0.022786
v 0.034115 -0.273003 0.022426
v 0.033858 -0.273766 0.022274
v 0.034111 -0.275204 0.028385
v 0.033307 -0.275453 0.028310
v 0.033085 -0.274039 0.022301
v 0.031517 -0.271707 0.013721
v 0.033085 -0.272613 0.017445
v 0.030893 -0.272071 0.014117
v 0.032354 -0.272929 0.017647
v 0.013736 -0.273804 0.021283
v 0.013738 -0.275425 0.028179
v 0.012967 -0.271598 0.013247
v 0.013752 -0.271720 0.012657
v 0.012709 -0.270884 0.013600
v 0.012698 -0.270935 0.020436
v 0.012699 -0.272236 0.019187
v 0.012699 -0.271696 0.023637
v 0.012700 -0.276865 0.038959
v 0.012958 -0.273611 0.021583
v 0.012700 -0.272886 0.028702
v 0.012700 -0.274199 0.034346
v 0.012835 -0.278475 0.042599
v 0.012960 -0.277613 0.038771
v 0.012580 -0.276189 0.043067
v 0.012580 -0.277707 0.042728
v 0.012700 -0.275324 0.039249
v 0.012218 -0.278240 0.045121
v 0.012218 -0.276721 0.045456
v 0.011441 -0.277020 0.046832
v 0.011441 -0.278540 0.046500
v 0.011641 -0.279334 0.046493
v 0.012459 -0.279020 0.045049
v 0.012240 -0.279692 0.046915
v 0.010523 -0.279911 0.047924
v 0.008405 -0.279991 0.048288
v 0.006255 -0.279927 0.047997
v 0.012707 -0.269373 0.013967
v 0.012967 -0.269106 0.012869
v 0.012969 -0.270617 0.012500
v 0.013745 -0.270412 0.011679
v 0.013743 -0.268902 0.012051
v 0.014944 -0.268716 0.011318
v 0.016481 -0.270008 0.010096
v 0.016480 -0.268500 0.010476
v 0.014945 -0.270225 0.010942
v 0.014957 -0.271055 0.011059
v 0.013745 -0.271243 0.011803
v 0.016527 -0.270833 0.010189
v 0.018766 -0.270633 0.009407
v 0.018957 -0.271084 0.010125
v 0.022062 -0.270954 0.009612
v 0.021989 -0.270509 0.008922
v 0.021965 -0.269690 0.008863
v 0.018703 -0.269812 0.009338
v 0.018703 -0.268305 0.009720
v 0.021965 -0.268183 0.009246
v 0.025618 -0.268269 0.009589
v 0.025618 -0.269776 0.009207
v 0.029014 -0.270206 0.010907
v 0.029013 -0.268698 0.011284
v 0.031725 -0.269404 0.014125
v 0.031725 -0.270915 0.013754
v 0.033328 -0.271836 0.017541
v 0.033328 -0.270324 0.017907
v 0.025569 -0.270591 0.009255
v 0.028878 -0.271012 0.010923
v 0.028471 -0.271419 0.011475
v 0.025421 -0.271028 0.009908
v 0.016661 -0.271301 0.010978
v 0.013739 -0.271984 0.013744
v 0.013170 -0.271201 0.012471
v -0.009393 -0.282168 0.063312
v -0.014510 -0.280819 0.064452
v -0.014514 -0.282341 0.064130
v -0.009393 -0.280646 0.063633
v -0.001852 -0.264545 -0.014405
v -0.005474 -0.262853 -0.020488
v -0.009177 -0.264978 -0.012923
v 0.003840 -0.260003 -0.029286
v 0.003061 -0.259947 -0.030383
v 0.003798 -0.259633 -0.030527
v 0.003591 -0.259296 -0.030952
vn -0.8890 0.0676 -0.4529
vn -0.8893 0.0690 -0.4522
vn -0.9999 0.0017 -0.0111
vn -1.0000 -0.0005 -0.0068
vn -0.9148 -0.0592 0.3996
vn -0.9148 -0.0609 0.3993
vn -0.6705 -0.1119 0.7334
vn -0.6702 -0.1094 0.7341
vn -0.3929 -0.1355 0.9096
vn -0.3933 -0.1388 0.9089
vn -0.2984 -0.1437 0.9436
vn -0.2985 -0.1441 0.9435
vn -0.2989 -0.1441 0.9433
vn -0.3000 -0.1407 0.9435
vn -0.3007 -0.1438 0.9428
vn -0.3026 -0.1440 0.9422
vn -0.2194 -0.1437 0.9650
vn -0.2205 -0.1469 0.9643
vn 0.0196 -0.1508 0.9884
vn 0.0199 -0.1473 0.9889
vn 0.2524 -0.1426 0.9571
vn 0.2525 -0.1459 0.9565
vn 0.3426 -0.1417 0.9288
vn 0.3428 -0.1384 0.9292
vn 0.3601 -0.1374 0.9227
vn 0.3601 -0.1407 0.9222
vn 0.3639 -0.1404 0.9208
vn 0.3249 -0.1393 0.9354
vn 0.3253 -0.1426 0.9348
vn 0.1973 -0.1478 0.9691
vn 0.1971 -0.1444 0.9697
vn 0.0713 -0.1469 0.9866
vn 0.0716 -0.1504 0.9860
vn 0.0392 -0.1507 0.9878
vn 0.0392 -0.1472 0.9883
vn 0.0759 -0.1469 0.9862
vn 0.0758 -0.1504 0.9857
vn 0.1932 -0.1480 0.9699
vn 0.1932 -0.1446 0.9705
vn 0.4106 -0.1344 0.9019
vn 0.4108 -0.1375 0.9013
vn 0.6923 -0.1088 0.7133
vn 0.6920 -0.1064 0.7141
vn 0.9171 -0.0587 0.3942
vn 0.9173 -0.0601 0.3937
vn 0.9986 0.0079 -0.0522
vn 0.9988 0.0041 -0.0489
vn 0.8699 0.0728 -0.4878
vn 0.8699 0.0744 -0.4875
vn 0.6578 0.1136 -0.7445
vn 0.6578 0.1109 -0.7449
vn 0.4790 0.1293 -0.8683
vn 0.4790 0.1324 -0.8678
vn 0.3834 0.1393 -0.9130
vn 0.3828 0.1361 -0.9138
vn 0.3490 0.1381 -0.9269
vn 0.3493 0.1413 -0.9263
vn 0.3369 0.1420 -0.9308
vn 0.3368 0.1387 -0.9313
vn 0.3313 0.1390 -0.9332
vn 0.3315 0.1423 -0.9327
vn 0.4530 0.1344 -0.8813
vn 0.4551 0.1312 -0.8807
vn 0.4539 0.1111 -0.8841
vn 0.3306 0.1174 -0.9364
vn 0.3273 0.0496 -0.9436
vn 0.4488 0.0486 -0.8923
vn 0.3291 -0.0000 -0.9443
vn 0.3327 0.0495 -0.9417
vn 0.3360 0.1172 -0.9345
vn 0.4519 -0.0000 -0.8921
vn 0.3238 -0.0000 -0.9461
vn 0.8081 -0.0001 -0.5891
vn 0.9891 0.0078 -0.1470
vn 0.9888 -0.0000 -0.1490
vn 0.8107 0.0306 -0.5847
vn 0.9999 0.0013 -0.0112
vn 0.9999 0.0019 -0.0151
vn 0.9998 0.0012 -0.0216
vn 0.9998 -0.0000 -0.0218
vn 0.9998 0.0028 -0.0216
vn 0.9999 0.0021 -0.0146
vn 0.9998 0.0032 -0.0214
vn 0.9998 0.0032 -0.0212
vn 0.9999 0.0016 -0.0111
vn 0.9888 0.0200 -0.1478
vn 0.8122 0.0690 -0.5792
vn 0.8152 0.0851 -0.5729
vn 0.8135 0.0875 -0.5749
vn 0.9894 0.0217 -0.1438
vn 0.3483 0.1166 -0.9301
vn 0.3449 0.0492 -0.9374
vn 0.3784 0.0484 -0.9244
vn 0.3820 0.1150 -0.9170
vn 0.3743 -0.0000 -0.9273
vn 0.3407 -0.0000 -0.9402
vn 0.4737 0.0461 -0.8795
vn 0.4691 -0.0000 -0.8831
vn 0.6478 -0.0000 -0.7618
vn 0.8643 -0.0000 -0.5030
vn 0.8668 0.0260 -0.4980
vn 0.6523 0.0397 -0.7569
vn 0.9985 -0.0000 -0.0540
vn 0.9986 0.0028 -0.0534
vn 0.8694 0.0613 -0.4904
vn 0.6567 0.0938 -0.7483
vn 0.9168 -0.0496 0.3964
vn 0.9150 -0.0210 0.4029
vn 0.9132 -0.0000 0.4076
vn 0.6820 -0.0000 0.7313
vn 0.6866 -0.0380 0.7261
vn 0.6911 -0.0899 0.7171
vn 0.4049 -0.0480 0.9131
vn 0.4006 -0.0000 0.9163
vn 0.1875 -0.0000 0.9823
vn 0.1899 -0.0516 0.9804
vn 0.1924 -0.1223 0.9737
vn 0.4096 -0.1135 0.9052
vn 0.0757 -0.1241 0.9894
vn 0.0745 -0.0527 0.9958
vn 0.0740 -0.0000 0.9973
vn 0.0380 -0.0000 0.9993
vn 0.0385 -0.0525 0.9979
vn 0.0390 -0.1243 0.9915
vn 0.0702 -0.0522 0.9962
vn 0.0690 -0.0000 0.9976
vn 0.1918 -0.0005 0.9814
vn 0.1939 -0.0514 0.9797
vn 0.1967 -0.1218 0.9729
vn 0.0712 -0.1241 0.9897
vn 0.3240 -0.1176 0.9387
vn 0.3199 -0.0496 0.9461
vn 0.3158 -0.0008 0.9488
vn 0.3543 -0.0491 0.9339
vn 0.3501 -0.0000 0.9367
vn 0.3328 -0.0000 0.9430
vn 0.3370 -0.0495 0.9402
vn 0.3417 -0.1170 0.9325
vn 0.3590 -0.1161 0.9261
vn 0.2513 -0.1206 0.9604
vn 0.2480 -0.0509 0.9674
vn 0.2448 -0.0000 0.9696
vn 0.0198 -0.0000 0.9998
vn 0.0196 -0.0525 0.9984
vn 0.0199 -0.1242 0.9921
vn -0.2164 -0.0512 0.9750
vn -0.2136 -0.0000 0.9769
vn -0.2941 0.0011 0.9558
vn -0.2964 -0.0510 0.9537
vn -0.3010 -0.1184 0.9462
vn -0.2193 -0.1217 0.9680
vn -0.2907 0.0026 0.9568
vn -0.2906 0.0004 0.9568
vn -0.2939 -0.0503 0.9545
vn -0.2980 -0.1186 0.9472
vn -0.2895 0.0007 0.9572
vn -0.2900 -0.0027 0.9570
vn -0.3868 -0.0492 0.9208
vn -0.3915 -0.1146 0.9130
vn -0.3836 0.0007 0.9235
vn -0.6606 -0.0000 0.7508
vn -0.6649 -0.0391 0.7459
vn -0.6693 -0.0924 0.7372
vn -0.9124 -0.0213 0.4086
vn -0.9999 -0.0000 -0.0115
vn -0.9999 0.0006 -0.0113
vn -0.9142 -0.0503 0.4021
vn -0.9106 -0.0000 0.4133
vn -0.8867 0.0241 -0.4617
vn -0.8846 -0.0000 -0.4664
vn -0.6371 -0.0000 -0.7708
vn -0.6414 0.0402 -0.7661
vn -0.4302 0.0473 -0.9015
vn -0.4259 -0.0000 -0.9048
vn -0.3142 -0.0000 -0.9494
vn -0.3179 0.0496 -0.9468
vn -0.2648 0.0505 -0.9630
vn -0.2617 -0.0000 -0.9652
vn -0.3853 -0.0018 -0.9228
vn -0.3777 0.0482 -0.9247
vn -0.7760 0.0004 -0.6307
vn -0.7784 0.0329 -0.6269
vn -0.9849 0.0056 -0.1729
vn -0.9850 -0.0001 -0.1725
vn -0.9996 -0.0003 -0.0265
vn -0.9979 0.0057 -0.0644
vn -0.9886 -0.0000 -0.1505
vn -0.9888 0.0079 -0.1488
vn -0.9561 0.0153 -0.2928
vn -0.9552 -0.0000 -0.2960
vn -0.8262 -0.0000 -0.5634
vn -0.8287 0.0293 -0.5590
vn -0.5921 0.0422 -0.8048
vn -0.5884 -0.0000 -0.8086
vn -0.3992 -0.0000 -0.9169
vn -0.4025 0.0480 -0.9142
vn -0.2906 0.0501 -0.9555
vn -0.2876 -0.0000 -0.9577
vn -0.2318 -0.0000 -0.9728
vn -0.2344 0.0510 -0.9708
vn -0.1454 0.0516 -0.9880
vn -0.1436 -0.0000 -0.9896
vn 0.1455 -0.0000 -0.9894
vn 0.1469 0.0519 -0.9878
vn 0.5673 0.0432 -0.8224
vn 0.5639 -0.0000 -0.8259
vn 0.8789 -0.0000 -0.4770
vn 0.8807 0.0248 -0.4731
vn 0.9899 0.0076 -0.1415
vn 0.9897 -0.0000 -0.1430
vn 0.9997 0.0033 -0.0262
vn 0.9998 -0.0000 -0.0223
vn 0.9998 0.0012 -0.0218
vn 0.9997 0.0034 -0.0262
vn 0.9998 0.0027 -0.0212
vn 0.9997 0.0037 -0.0260
vn 0.9998 0.0031 -0.0212
vn 0.9902 0.0181 -0.1387
vn 0.9997 0.0037 -0.0261
vn 0.9901 0.0209 -0.1387
vn 0.9998 0.0033 -0.0213
vn 0.8825 0.0707 -0.4650
vn 0.5707 0.1210 -0.8122
vn 0.8825 0.0696 -0.4652
vn 0.5709 0.1238 -0.8117
vn 0.8823 0.0583 -0.4671
vn 0.5702 0.1022 -0.8151
vn 0.1484 0.1228 -0.9813
vn -0.1464 0.1230 -0.9815
vn -0.1465 0.1457 -0.9784
vn 0.1483 0.1457 -0.9782
vn 0.1482 0.1491 -0.9776
vn -0.1470 0.1492 -0.9778
vn -0.2368 0.1465 -0.9604
vn -0.2930 0.1409 -0.9457
vn -0.2367 0.1431 -0.9610
vn -0.2935 0.1442 -0.9450
vn -0.2363 0.1209 -0.9641
vn -0.2927 0.1189 -0.9488
vn -0.4054 0.1138 -0.9070
vn -0.5956 0.0999 -0.7971
vn -0.5963 0.1183 -0.7940
vn -0.4061 0.1346 -0.9038
vn -0.4062 0.1378 -0.9033
vn -0.5962 0.1211 -0.7936
vn -0.8314 0.0838 -0.5493
vn -0.9569 0.0428 -0.2873
vn -0.8315 0.0818 -0.5494
vn -0.9570 0.0437 -0.2867
vn -0.8309 0.0692 -0.5521
vn -0.9569 0.0361 -0.2882
vn -0.9890 0.0184 -0.1465
vn -0.9981 0.0075 -0.0609
vn -0.9891 0.0220 -0.1458
vn -0.9981 0.0092 -0.0611
vn -0.9997 0.0038 -0.0253
vn -0.9857 0.0251 -0.1667
vn -0.9851 0.0230 -0.1706
vn -0.7793 0.0736 -0.6223
vn -0.3821 0.1149 -0.9170
vn -0.3833 0.1361 -0.9136
vn -0.7838 0.0920 -0.6142
vn -0.7822 0.0936 -0.6160
vn -0.3809 0.1403 -0.9139
vn -0.2682 0.1419 -0.9529
vn -0.2686 0.1453 -0.9522
vn -0.2676 0.1199 -0.9561
vn -0.3210 0.1178 -0.9397
vn -0.4346 0.1120 -0.8937
vn -0.4351 0.1326 -0.8906
vn -0.3216 0.1395 -0.9365
vn -0.3217 0.1428 -0.9360
vn -0.4352 0.1358 -0.8900
vn -0.6468 0.1150 -0.7540
vn -0.6468 0.1123 -0.7543
vn -0.6457 0.0950 -0.7577
vn -0.8888 0.0569 -0.4548
vn 0.4783 0.1092 -0.8714
vn 0.0515 -0.9000 -0.4329
vn -0.0010 -0.9600 -0.2799
vn 0.0514 -0.8989 -0.4350
vn -0.0001 -0.9587 -0.2844
vn 0.0001 -0.9562 -0.2926
vn 0.0599 -0.8869 -0.4580
vn 0.0615 -0.8809 -0.4692
vn 0.2225 -0.4485 -0.8657
vn 0.2121 -0.4943 -0.8430
vn 0.2966 0.0697 -0.9524
vn 0.2161 0.0839 -0.9728
vn 0.3027 0.2032 -0.9312
vn 0.3012 0.1985 -0.9327
vn 0.3002 0.1969 -0.9334
vn 0.2929 0.0508 -0.9548
vn 0.2986 0.1955 -0.9342
vn 0.2983 0.1904 -0.9353
vn 0.3841 0.0360 -0.9226
vn 0.3921 0.1792 -0.9023
vn 0.6697 0.1407 -0.7291
vn 0.8997 -0.0741 -0.4301
vn 0.6573 -0.0053 -0.7536
vn 0.9146 0.0730 -0.3978
vn 0.4724 -0.5459 -0.6920
vn 0.6527 -0.6008 -0.4616
vn 0.1679 -0.9286 -0.3309
vn 0.2770 -0.5078 -0.8157
vn 0.0704 -0.9014 -0.4272
vn 0.1401 -0.9066 -0.3982
vn 0.0007 -0.9622 -0.2723
vn -0.0007 -0.9611 -0.2762
vn 0.2082 -0.5057 -0.8372
vn 0.0053 -0.9637 -0.2669
vn 0.0078 -0.9658 -0.2593
vn 0.1660 -0.9724 -0.1641
vn 0.0071 -0.9682 -0.2500
vn 0.1844 -0.9503 -0.2507
vn 0.7177 -0.6750 -0.1709
vn 0.6474 -0.7470 0.1514
vn 0.4785 -0.7911 0.3810
vn 0.1239 -0.9872 -0.1005
vn 0.0069 -0.9705 -0.2410
vn 0.4333 -0.3203 0.8424
vn 0.3231 -0.8138 0.4829
vn 0.6432 -0.2939 0.7070
vn 0.8815 -0.2411 0.4059
vn 0.0844 -0.9936 -0.0745
vn 0.0063 -0.9721 -0.2345
vn 0.0625 -0.9956 -0.0702
vn 0.2369 -0.8275 0.5091
vn 0.0509 -0.9962 -0.0705
vn 0.0583 -0.9961 -0.0662
vn 0.0020 -0.9702 -0.2425
vn 0.1938 -0.8245 0.5317
vn 0.1988 -0.8323 0.5175
vn 0.2677 -0.3396 0.9017
vn 0.3884 -0.3133 0.8666
vn 0.3097 -0.8055 0.5053
vn 0.0869 -0.9937 -0.0704
vn 0.1333 -0.9832 -0.1249
vn 0.5774 -0.7727 0.2638
vn 0.1723 -0.9638 -0.2037
vn 0.0032 -0.9719 -0.2354
vn 0.0006 -0.9708 -0.2397
vn 0.6975 -0.7134 -0.0678
vn 0.1766 -0.9602 -0.2166
vn 0.7165 -0.6876 -0.1177
vn 0.7172 -0.6950 -0.0508
vn 0.1813 -0.9639 -0.1950
vn 0.0055 -0.9744 -0.2245
vn 0.0036 -0.9729 -0.2313
vn 0.9854 -0.1690 0.0224
vn 0.9749 -0.1862 0.1218
vn 0.9997 -0.0098 0.0238
vn 0.9981 -0.0136 0.0605
vn 0.9890 -0.0253 0.1456
vn 0.9779 -0.1789 0.1082
vn 0.9479 -0.1972 0.2500
vn 0.9568 -0.0450 0.2872
vn 0.8308 -0.0812 0.5506
vn 0.5925 -0.2788 0.7558
vn 0.8249 -0.2405 0.5115
vn 0.5952 -0.1136 0.7955
vn 0.6089 -0.7529 0.2499
vn 0.4373 -0.7889 0.4318
vn 0.1098 -0.9919 -0.0635
vn 0.7022 -0.7095 0.0585
vn 0.1816 -0.9701 -0.1610
vn 0.1563 -0.9815 -0.1105
vn 0.0073 -0.9774 -0.2114
vn 0.0022 -0.9755 -0.2199
vn 0.0020 -0.9764 -0.2161
vn -0.0001 -0.9742 -0.2258
vn -0.0004 -0.9728 -0.2314
vn -0.0011 -0.9703 -0.2420
vn -0.0004 -0.9747 -0.2234
vn -0.0002 -0.9734 -0.2292
vn -0.0010 -0.9755 -0.2199
vn -0.0008 -0.9758 -0.2187
vn -0.0012 -0.9763 -0.2162
vn 0.0004 -0.9772 -0.2122
vn 0.0049 -0.9786 -0.2057
vn 0.0024 -0.9793 -0.2024
vn 0.0001 -0.9779 -0.2089
vn 0.0706 -0.9968 -0.0362
vn 0.0589 -0.9978 -0.0311
vn 0.0003 -0.9799 -0.1996
vn 0.2163 -0.8066 0.5501
vn 0.1752 -0.8080 0.5625
vn 0.2989 -0.8022 0.5169
vn 0.0428 -0.9987 -0.0259
vn 0.0283 -0.9995 -0.0140
vn 0.1102 -0.8093 0.5770
vn -0.1088 -0.8071 0.5804
vn -0.0274 -0.9994 -0.0198
vn 0.1468 -0.3008 0.9423
vn -0.1468 -0.2963 0.9437
vn -0.5685 -0.2697 0.7772
vn -0.4231 -0.7829 0.4562
vn -0.1078 -0.9929 -0.0504
vn -0.0063 -0.9796 -0.2010
vn -0.6370 -0.7477 0.1877
vn -0.1591 -0.9798 -0.1212
vn -0.1712 -0.9681 -0.1830
vn -0.7031 -0.7093 -0.0506
vn -0.7064 -0.6954 -0.1323
vn -0.1716 -0.9633 -0.2063
vn -0.0043 -0.9769 -0.2134
vn -0.0049 -0.9783 -0.2071
vn -0.9767 -0.1880 0.1034
vn -0.9901 -0.0248 0.1384
vn -0.9996 -0.0055 0.0270
vn -0.8747 -0.2293 0.4269
vn -0.8824 -0.0664 0.4658
vn -0.9852 -0.1713 -0.0108
vn -0.9996 -0.0086 0.0259
vn -0.9998 -0.0079 0.0197
vn -0.7071 -0.6941 -0.1349
vn -0.7070 -0.6927 -0.1426
vn -0.9852 -0.1707 -0.0177
vn -0.9855 -0.1677 -0.0263
vn -0.9999 -0.0069 0.0112
vn -0.9999 -0.0063 0.0079
vn -0.9943 -0.0228 0.1037
vn -0.9840 -0.1623 0.0739
vn -0.7182 -0.6809 -0.1434
vn -0.7380 -0.6716 -0.0660
vn -0.1959 -0.9596 -0.2019
vn -0.7094 -0.6884 -0.1509
vn -0.1729 -0.9597 -0.2215
vn -0.1824 -0.9576 -0.2230
vn -0.0043 -0.9724 -0.2335
vn -0.0042 -0.9736 -0.2281
vn -0.0043 -0.9751 -0.2217
vn -0.1717 -0.9614 -0.2150
vn -0.1710 -0.9627 -0.2096
vn -0.0041 -0.9761 -0.2174
vn 0.0003 -0.9721 -0.2346
vn 0.0008 -0.9711 -0.2388
vn 0.0002 -0.9704 -0.2415
vn -0.0000 -0.9768 -0.2144
vn 0.0002 -0.9684 -0.2495
vn 0.0005 -0.9664 -0.2572
vn -0.0006 -0.9663 -0.2573
vn 0.0010 -0.9687 -0.2482
vn 0.0010 -0.9666 -0.2562
vn 0.0024 -0.9700 -0.2429
vn 0.0012 -0.9678 -0.2516
vn 0.0010 -0.9649 -0.2627
vn 0.0015 -0.9643 -0.2647
vn 0.0019 -0.9628 -0.2700
vn 0.0017 -0.9617 -0.2741
vn 0.0028 -0.9610 -0.2765
vn 0.0002 -0.9596 -0.2813
vn 0.0007 -0.9592 -0.2826
vn -0.0125 -0.8997 -0.4364
vn -0.0146 -0.9009 -0.4338
vn -0.0301 -0.9012 -0.4323
vn -0.0266 -0.5095 -0.8601
vn -0.0493 -0.5073 -0.8604
vn -0.1356 -0.5146 -0.8466
vn -0.0683 0.0502 -0.9964
vn -0.0700 0.2065 -0.9760
vn -0.1975 0.2026 -0.9591
vn -0.1927 0.0448 -0.9802
vn -0.0373 0.0502 -0.9980
vn -0.0381 0.2064 -0.9777
vn -0.0730 0.0495 -0.9961
vn -0.0750 0.2049 -0.9759
vn -0.1880 0.0491 -0.9810
vn -0.1920 0.1994 -0.9609
vn -0.1329 -0.5038 -0.8535
vn -0.0514 -0.5083 -0.8596
vn -0.4015 0.0360 -0.9151
vn -0.2876 -0.5102 -0.8106
vn -0.0723 -0.8988 -0.4325
vn -0.0370 -0.8965 -0.4415
vn -0.1239 -0.9117 -0.3916
vn -0.4871 -0.5477 -0.6803
vn -0.0038 -0.9615 -0.2748
vn -0.0008 -0.9605 -0.2784
vn -0.0026 -0.9633 -0.2683
vn -0.1669 -0.9272 -0.3353
vn -0.0071 -0.9649 -0.2627
vn -0.1817 -0.9516 -0.2477
vn -0.6498 -0.6063 -0.4586
vn -0.7145 -0.6846 -0.1440
vn -0.9019 -0.0765 -0.4250
vn -0.6919 0.1404 -0.7082
vn -0.6788 -0.0075 -0.7342
vn -0.9861 -0.1660 0.0103
vn -0.9173 0.0747 -0.3911
vn -0.9986 -0.0114 0.0518
vn -0.4096 0.1819 -0.8939
vn -0.8635 -0.2441 0.4414
vn -0.8698 -0.0921 0.4848
vn -0.6550 -0.2881 0.6985
vn -0.6574 -0.1374 0.7409
vn -0.6403 -0.7470 0.1789
vn -0.4935 -0.7826 0.3796
vn -0.4776 -0.3101 0.8220
vn -0.4786 -0.1579 0.8637
vn -0.3826 -0.1647 0.9091
vn -0.3615 -0.8017 0.4761
vn -0.2875 -0.8125 0.5071
vn -0.3817 -0.3210 0.8667
vn -0.3478 -0.3260 0.8791
vn -0.3490 -0.1660 0.9223
vn -0.3353 -0.3272 0.8835
vn -0.3362 -0.1657 0.9271
vn -0.2504 -0.8215 0.5122
vn -0.2609 -0.8180 0.5127
vn -0.0672 -0.9955 -0.0673
vn -0.0042 -0.9714 -0.2374
vn -0.0020 -0.9715 -0.2370
vn -0.0630 -0.9960 -0.0635
vn -0.0758 -0.9949 -0.0665
vn 0.0001 -0.9692 -0.2464
vn -0.0008 -0.9714 -0.2376
vn -0.0694 -0.9926 -0.0995
vn -0.3556 -0.8254 0.4384
vn -0.2451 -0.8212 0.5154
vn -0.3302 -0.3271 0.8854
vn -0.5050 -0.3105 0.8053
vn -0.5020 -0.1494 0.8519
vn -0.3311 -0.1649 0.9291
vn -0.8651 -0.0886 0.4938
vn -0.8577 -0.2389 0.4553
vn -0.6330 -0.7468 0.2038
vn -0.1641 -0.9768 -0.1372
vn 0.0013 -0.9661 -0.2582
vn 0.0014 -0.9668 -0.2554
vn 0.0012 -0.9647 -0.2635
vn -0.0034 -0.9661 -0.2580
vn -0.0066 -0.9688 -0.2479
vn -0.0045 -0.9697 -0.2443
vn -0.1884 -0.9687 -0.1617
vn -0.0960 -0.9926 -0.0748
vn -0.1304 -0.9862 -0.1019
vn 0.0004 -0.9626 -0.2711
vn -0.3183 0.0374 -0.9473
vn -0.3278 0.1952 -0.9244
vn -0.2251 -0.5201 -0.8239
vn -0.2580 -0.5051 -0.8236
vn -0.3565 0.0632 -0.9322
vn -0.3621 0.1945 -0.9116
vn -0.3443 0.1979 -0.9178
vn -0.2479 0.0831 -0.9652
vn -0.3389 0.0781 -0.9376
vn -0.2531 0.2061 -0.9452
vn -0.2560 -0.4394 -0.8610
vn -0.1823 -0.4407 -0.8789
vn -0.0436 -0.8737 -0.4845
vn -0.2657 -0.4683 -0.8427
vn -0.0727 -0.8876 -0.4549
vn -0.0720 -0.8669 -0.4933
vn -0.0546 -0.9026 -0.4271
vn 0.0001 -0.9585 -0.2851
vn 0.0007 -0.9599 -0.2804
vn 0.0494 -0.8761 -0.4797
vn -0.0043 -0.8796 -0.4757
vn 0.1564 -0.4506 -0.8789
vn -0.0149 -0.4523 -0.8917
vn -0.0200 0.0835 -0.9963
vn -0.0205 0.2139 -0.9766
vn 0.2203 0.2069 -0.9532
vn -0.0009 -0.9617 -0.2742
vn 0.0016 -0.9616 -0.2744
vn -0.0000 -0.9637 -0.2669
vn -0.0020 -0.9612 -0.2758
vn -0.0008 -0.9647 -0.2632
vn -0.0018 -0.9631 -0.2692
vn -0.0012 -0.9641 -0.2655
vn -0.0012 -0.9655 -0.2604
vn -0.0010 -0.9669 -0.2552
vn 0.0010 -0.9690 -0.2470
vn -0.0010 -0.9686 -0.2486
vn -0.0007 -0.9670 -0.2548
vn -0.0008 -0.9685 -0.2491
vn -0.5707 -0.1113 0.8135
vn -0.1480 -0.1334 0.9800
vn 0.1465 -0.1340 0.9801
vn 0.2364 -0.1319 0.9627
vn 0.2359 -0.3000 0.9243
vn 0.2914 -0.2976 0.9091
vn 0.2918 -0.1298 0.9476
vn 0.4051 -0.1265 0.9055
vn 0.4038 -0.2938 0.8664
vn 0.8302 -0.0760 0.5523
vn 0.8259 -0.0770 0.5586
vn 0.9551 -0.0413 0.2933
vn 0.5906 -0.1080 0.7997
vn 0.9566 -0.0406 0.2886
vn 0.5943 -0.1076 0.7970
vn 0.9889 -0.0217 0.1471
vn 0.9886 -0.0219 0.1490
vn 0.9979 -0.0106 0.0640
vn 0.9980 -0.0101 0.0619
vn 0.9844 -0.0310 0.1734
vn 0.9997 -0.0088 0.0235
vn 0.9858 -0.0331 0.1644
vn 0.7896 -0.1112 0.6034
vn 0.3854 -0.1589 0.9089
vn 0.3701 -0.1575 0.9155
vn 0.2457 -0.1661 0.9550
vn 0.7751 -0.1066 0.6228
vn 0.8838 -0.0825 0.4606
vn 0.9997 -0.0045 0.0229
vn 0.9999 -0.0015 0.0112
vn 0.8884 -0.0809 0.4519
vn 0.6453 -0.1330 0.7523
vn 0.6421 -0.1332 0.7550
vn 0.4328 -0.1557 0.8879
vn 0.4345 -0.1555 0.8872
vn 0.3213 -0.1629 0.9328
vn 0.2672 -0.1657 0.9493
vn 0.3210 -0.1630 0.9329
vn 0.2677 -0.1656 0.9492
vn 0.6733 0.1424 -0.7255
vn 0.3921 0.1794 -0.9023
vn 0.3907 0.1810 -0.9026
vn 0.6679 0.1432 -0.7304
vn 0.9176 0.0746 -0.3905
vn 0.3898 0.1814 -0.9029
vn 0.9141 0.0763 -0.3983
vn 0.2969 0.1917 -0.9355
vn 0.2971 0.1910 -0.9356
vn 0.2981 0.1948 -0.9344
vn 0.2979 0.1951 -0.9345
vn 0.2998 0.1995 -0.9329
vn 0.2987 0.1977 -0.9336
vn 0.3007 0.2011 -0.9323
vn 0.2988 0.1935 -0.9345
vn 0.3028 0.2027 -0.9312
vn 0.3014 0.2028 -0.9317
vn 0.2192 0.2099 -0.9528
vn 0.2180 0.2094 -0.9532
vn -0.0205 0.2154 -0.9763
vn -0.0207 0.2165 -0.9761
vn -0.2530 0.2078 -0.9449
vn -0.2517 0.2078 -0.9452
vn -0.3444 0.1999 -0.9173
vn -0.3431 0.1999 -0.9178
vn -0.3268 0.1959 -0.9246
vn -0.3276 0.1974 -0.9239
vn -0.3612 0.1967 -0.9115
vn -0.1971 0.2044 -0.9588
vn -0.1978 0.2045 -0.9587
vn -0.3615 0.1968 -0.9114
vn -0.1927 0.2005 -0.9606
vn -0.4081 0.1837 -0.8943
vn -0.6975 0.1430 -0.7022
vn -0.8646 -0.0891 0.4945
vn -0.6536 -0.1330 0.7451
vn -0.6559 -0.1327 0.7431
vn -0.4756 -0.1527 0.8663
vn -0.8690 -0.0877 0.4870
vn -0.4774 -0.1524 0.8654
vn -0.3816 -0.1587 0.9106
vn -0.3819 -0.1586 0.9105
vn -0.3481 -0.1597 0.9238
vn -0.3483 -0.1596 0.9237
vn -0.3355 -0.1593 0.9285
vn -0.3360 -0.1595 0.9283
vn -0.3295 -0.1586 0.9307
vn -0.3294 -0.1585 0.9308
vn -0.3299 -0.1569 0.9309
vn -0.4984 -0.1447 0.8548
vn -0.8692 -0.0792 0.4880
vn -0.9943 -0.0222 0.1043
vn -0.9938 -0.0195 0.1096
vn -1.0000 -0.0065 0.0075
vn -0.9999 -0.0030 0.0126
vn -0.9999 -0.0018 0.0100
vn -0.9999 -0.0028 0.0124
vn -0.9998 -0.0039 0.0207
vn -0.9998 -0.0071 0.0186
vn -0.5095 -0.1418 0.8487
vn -0.8634 -0.0838 0.4976
vn -0.9986 -0.0075 0.0528
vn -0.9205 0.0764 -0.3832
vn -0.9978 -0.0100 0.0652
vn -0.9169 0.0781 -0.3914
vn -0.6901 0.1429 -0.7094
vn -0.4072 0.1841 -0.8946
vn -0.1898 0.2013 -0.9610
vn -0.0742 0.2065 -0.9756
vn -0.0738 0.2067 -0.9756
vn -0.0376 0.2081 -0.9774
vn -0.0697 0.2081 -0.9756
vn -0.0380 0.2082 -0.9773
vn -0.0698 0.2082 -0.9756
vn 0.4043 -0.1207 0.9066
vn 0.2918 -0.1245 0.9483
vn 0.2361 -0.1257 0.9636
vn 0.1456 -0.1274 0.9811
vn 0.1466 -0.1273 0.9810
vn -0.1483 -0.1271 0.9807
vn -0.5648 -0.1064 0.8184
vn -0.1464 -0.1272 0.9810
vn -0.5705 -0.1058 0.8145
vn -0.9998 -0.0038 0.0207
vn -0.9997 -0.0073 0.0215
vn -0.9996 -0.0045 0.0269
vn -0.9996 -0.0045 0.0268
vn -0.9891 -0.0199 0.1460
vn -0.9899 -0.0192 0.1403
vn -0.9996 -0.0045 0.0267
vn -0.8820 -0.0614 0.4672
vn -0.8773 -0.0625 0.4759
vn 0.7807 -0.2656 0.5656
vn 0.7810 -0.1108 0.6146
vn 0.9860 -0.0331 0.1634
vn 0.3804 -0.1632 0.9103
vn 0.2681 -0.1721 0.9479
vn 0.3216 -0.1693 0.9316
vn 0.3203 -0.3345 0.8863
vn 0.4351 -0.1613 0.8858
vn 0.6465 -0.1381 0.7503
vn 0.8891 -0.0855 0.4497
vn 0.9999 -0.0055 0.0104
vn 0.9870 -0.1579 -0.0297
vn -0.1431 -0.9113 -0.3861
vn -0.1843 -0.9342 -0.3056
vn -0.6971 -0.6594 -0.2816
vn -0.6097 -0.5492 -0.5715
vn -0.8287 0.0066 -0.5597
vn -0.1691 -0.9631 -0.2093
vn -0.6704 -0.7412 0.0350
vn -0.9351 -0.2352 0.2651
vn -0.9784 -0.1189 -0.1692
vn -0.9469 -0.0844 0.3104
vn -0.9912 0.0354 -0.1277
vn -0.7783 -0.1635 0.6063
vn -0.7701 -0.3017 0.5621
vn -0.5656 -0.7810 0.2649
vn -0.1549 -0.9784 -0.1366
vn -0.1197 -0.9875 -0.1025
vn -0.6027 -0.3338 0.7248
vn -0.4505 -0.7985 0.3993
vn -0.0946 -0.9928 -0.0741
vn -0.3510 -0.8114 0.4673
vn -0.0002 -0.9654 -0.2609
vn -0.1772 -0.8551 -0.4873
vn -0.0000 -0.9636 -0.2673
vn -0.1780 -0.7729 -0.6091
vn -0.0579 -0.8733 -0.4837
vn -0.0402 -0.8786 -0.4759
vn -0.1617 -0.4071 -0.8990
vn -0.0958 -0.4312 -0.8972
vn -0.2427 -0.3936 -0.8867
vn -0.0230 -0.8907 -0.4540
vn -0.2134 0.1484 -0.9656
vn -0.3446 -0.4077 -0.8456
vn -0.4411 0.1311 -0.8878
vn -0.3122 0.1472 -0.9386
vn -0.4448 0.2398 -0.8629
vn -0.3151 0.2559 -0.9139
vn -0.6241 0.2084 -0.7531
vn -0.6182 0.0887 -0.7810
vn -0.4726 -0.4600 -0.7517
vn -0.8380 0.1452 -0.5260
vn -0.2161 0.2656 -0.9395
vn -0.1330 0.2719 -0.9531
vn -0.0738 0.1324 -0.9884
vn -0.1311 0.1424 -0.9811
vn -0.0755 0.2757 -0.9583
vn -0.0422 0.2780 -0.9596
vn -0.0409 0.1225 -0.9916
vn -0.0139 0.1163 -0.9931
vn -0.0126 0.2793 -0.9601
vn 0.0037 0.1165 -0.9932
vn 0.1781 0.2752 -0.9448
vn -0.0038 -0.9043 -0.4269
vn 0.1747 -0.8877 -0.4259
vn 0.0027 -0.4945 -0.8692
vn 0.1642 -0.9492 -0.2684
vn 0.2093 -0.4835 -0.8500
vn 0.5924 -0.3970 -0.7010
vn 0.6987 -0.6098 -0.3741
vn 0.7120 -0.6753 -0.1922
vn 0.9706 -0.1141 -0.2118
vn 0.9876 -0.1497 -0.0464
vn 0.9877 -0.1520 -0.0378
vn 1.0000 -0.0006 -0.0003
vn 1.0000 -0.0006 0.0038
vn 1.0000 0.0019 -0.0056
vn 0.9867 0.0449 -0.1565
vn 0.7198 0.1931 -0.6667
vn 0.7083 0.0022 -0.7059
vn 0.1924 0.0978 -0.9764
vn 0.9881 -0.1530 -0.0133
vn 0.7208 -0.6724 -0.1684
vn 0.9996 -0.0069 0.0269
vn 0.9582 -0.2225 0.1800
vn 0.9747 -0.0595 0.2156
vn 0.5728 -0.2182 0.7901
vn -0.1283 -0.4238 0.8966
vn 0.5617 -0.4111 0.7180
vn -0.1439 -0.2634 0.9539
vn 0.4608 -0.7527 0.4703
vn 0.1219 -0.9891 -0.0829
vn 0.6769 -0.7348 0.0439
vn -0.0163 -0.8655 0.5007
vn -0.2606 -0.8471 0.4631
vn -0.3494 -0.3939 0.8502
vn -0.3541 -0.2493 0.9014
vn -0.3620 -0.2482 0.8985
vn -0.3578 -0.3967 0.8453
vn -0.3343 -0.4002 0.8533
vn -0.3389 -0.2505 0.9069
vn -0.2952 -0.2543 0.9210
vn -0.1985 -0.3858 0.9010
vn -0.2890 -0.3963 0.8714
vn -0.2057 -0.2604 0.9433
vn -0.2046 -0.8518 0.4823
vn -0.1363 -0.8360 0.5316
vn -0.0337 -0.9957 -0.0857
vn -0.0520 -0.9976 -0.0454
vn -0.0575 -0.9930 -0.1032
vn -0.2380 -0.8577 0.4557
vn -0.0329 -0.8175 0.5750
vn 0.0044 -0.9972 -0.0750
vn -0.0001 -0.9641 -0.2655
vn -0.0000 -0.9640 -0.2658
vn -0.0000 -0.9639 -0.2661
vn -0.0113 -0.8978 -0.4402
vn -0.0282 -0.4807 -0.8764
vn -0.0517 -0.4570 -0.8879
vn -0.0078 -0.4889 -0.8723
vn 0.1701 -0.9499 -0.2621
vn -0.2584 -0.8526 0.4541
vn 0.1239 -0.9873 0.0995
vn 0.1371 -0.9884 -0.0649
vn -0.0001 -0.9640 -0.2659
vn 0.0001 -0.9639 -0.2662
vn -0.0000 -0.9640 -0.2660
vn -0.0001 -0.9640 -0.2660
vn -0.0003 -0.9640 -0.2657
vn 0.2872 -0.9381 -0.1935
vn 0.1214 -0.9519 -0.2814
vn 0.1470 -0.9260 -0.3477
vn 0.1235 -0.9097 -0.3965
vn 0.0947 -0.8938 -0.4383
vn 0.0820 -0.8991 -0.4300
vn 0.0656 -0.9041 -0.4222
vn -0.0002 -0.9657 -0.2596
vn -0.0000 -0.9671 -0.2543
vn -0.0004 -0.9676 -0.2524
vn 0.0531 -0.9148 -0.4004
vn 0.0500 -0.9161 -0.3979
vn -0.0001 -0.9684 -0.2496
vn -0.0543 -0.9950 -0.0844
vn -0.0000 -0.9684 -0.2493
vn 0.0003 -0.9684 -0.2493
vn 0.7211 -0.6750 -0.1562
vn 0.7208 -0.6103 -0.3286
vn 0.9886 -0.1476 -0.0292
vn 0.3301 -0.9150 -0.2319
vn 0.9881 -0.1506 -0.0308
vn 1.0000 -0.0011 0.0044
vn 0.9879 -0.1548 -0.0079
vn 0.9996 -0.0075 0.0290
vn 0.9589 -0.2192 0.1803
vn 0.9755 -0.0549 0.2132
vn 1.0000 -0.0017 0.0075
vn 0.9997 -0.0065 0.0256
vn 0.9756 -0.0548 0.2128
vn 0.5925 -0.2009 0.7801
vn 0.5924 -0.2009 0.7802
vn -0.0927 -0.2483 0.9642
vn 0.9755 -0.0549 0.2131
vn -0.2898 -0.2387 0.9269
vn -0.3071 -0.2373 0.9216
vn -0.3141 -0.2367 0.9194
vn -0.3770 -0.2331 0.8964
vn -0.3369 -0.2355 0.9116
vn -0.3347 -0.2359 0.9123
vn -0.3204 -0.2364 0.9173
vn -0.3754 -0.2332 0.8971
vn -0.4631 -0.2252 0.8572
vn -0.5991 -0.2060 0.7737
vn -0.4697 -0.2243 0.8539
vn -0.5960 -0.2066 0.7760
vn -0.4736 -0.2235 0.8519
vn -0.3811 -0.2330 0.8947
vn -0.6064 -0.2044 0.7684
vn -0.7755 -0.1644 0.6095
vn -0.7781 -0.1639 0.6064
vn -0.9466 -0.0843 0.3113
vn -0.9447 -0.0858 0.3166
vn -0.7702 -0.1654 0.6160
vn -0.9912 0.0354 -0.1273
vn -0.9913 0.0350 -0.1267
vn -0.8372 0.1456 -0.5272
vn -0.6204 0.2094 -0.7558
vn -0.6233 0.2087 -0.7536
vn -0.4394 0.2407 -0.8655
vn -0.4378 0.2408 -0.8662
vn -0.3046 0.2568 -0.9172
vn -0.2072 0.2660 -0.9414
vn -0.3112 0.2563 -0.9151
vn -0.2042 0.2662 -0.9420
vn -0.3148 0.2560 -0.9140
vn -0.4439 0.2404 -0.8632
vn -0.2143 0.2658 -0.9399
vn -0.1294 0.2720 -0.9536
vn -0.1328 0.2721 -0.9531
vn -0.0743 0.2752 -0.9585
vn -0.0696 0.2757 -0.9587
vn -0.1228 0.2723 -0.9544
vn -0.0678 0.2758 -0.9588
vn -0.0363 0.2774 -0.9601
vn -0.0113 0.2785 -0.9604
vn -0.0410 0.2776 -0.9598
vn -0.0138 0.2788 -0.9602
vn 0.0047 0.2790 -0.9603
vn 0.0046 0.2790 -0.9603
vn 0.1698 0.2746 -0.9465
vn 0.7082 0.1964 -0.6781
vn 0.7187 0.1936 -0.6678
vn 0.1796 0.2744 -0.9447
vn 0.9996 -0.0075 0.0270
vn 1.0000 -0.0015 0.0053
vn 1.0000 -0.0015 0.0056
vn 0.9996 -0.0075 0.0271
vn 1.0000 0.0001 -0.0003
vn 0.5727 -0.2182 0.7902
vn -0.3540 -0.2489 0.9015
vn 0.4412 -0.2389 0.8651
vn 0.7030 -0.1893 0.6856
vn 0.9486 -0.0842 0.3050
vn 0.4412 -0.2389 0.8650
vn 0.9703 0.0644 -0.2332
vn 0.7514 0.1756 -0.6360
vn 0.5496 0.2224 -0.8053
vn 0.3320 0.2486 -0.9100
vn 0.3762 0.2458 -0.8933
vn 0.3682 0.2465 -0.8965
vn 0.3279 0.2491 -0.9113
vn 0.4345 0.2395 -0.8682
vn 0.4366 0.2394 -0.8672
vn 0.3431 0.2473 -0.9062
vn 0.3275 0.2467 -0.9121
vn 0.3287 0.2434 -0.9125
vn 0.3177 0.2443 -0.9162
vn 0.3043 0.2423 -0.9213
vn 0.3149 0.2411 -0.9180
vn 0.3153 0.2477 -0.9161
vn 0.3132 0.2447 -0.9176
vn 0.3207 0.2407 -0.9161
vn 0.3069 0.2398 -0.9211
vn 0.2978 0.2406 -0.9238
vn 0.3002 0.2389 -0.9235
vn 0.2957 0.2406 -0.9245
vn 0.4352 0.2254 -0.8717
vn 0.8194 0.1430 -0.5552
vn 0.8198 0.1428 -0.5545
vn 0.9930 0.0295 -0.1145
vn 0.4407 0.2241 -0.8692
vn 0.9930 0.0295 -0.1144
vn 0.9999 -0.0026 0.0103
vn 0.9999 -0.0026 0.0102
vn 1.0000 -0.0013 0.0049
vn 1.0000 -0.0013 0.0050
vn -0.3620 -0.2481 0.8986
vn -0.3389 -0.2504 0.9069
vn -0.3619 -0.2481 0.8986
vn -0.2057 -0.2605 0.9433
vn -0.0682 -0.2656 0.9617
vn 0.0848 -0.2652 0.9605
vn 0.0847 -0.2652 0.9605
vn -0.0682 -0.2655 0.9617
vn 0.2444 -0.2581 0.9347
vn 0.2445 -0.2581 0.9347
vn 1.0000 0.0002 -0.0006
vn 1.0000 0.0015 -0.0054
vn 1.0000 0.0015 -0.0053
vn 0.9865 0.0457 -0.1572
vn 0.9848 0.0482 -0.1666
vn -0.3208 -0.2362 0.9172
vn -0.8379 0.1453 -0.5261
vn -0.0778 -0.4111 0.9083
vn 0.5809 -0.3939 0.7123
vn 0.4774 -0.7392 0.4750
vn 0.1667 -0.9858 -0.0192
vn 0.6779 -0.7331 0.0549
vn 0.0192 -0.8576 0.5139
vn -0.2088 -0.8497 0.4841
vn -0.2219 -0.8480 0.4813
vn -0.3039 -0.3868 0.8707
vn -0.2870 -0.3871 0.8762
vn -0.2902 -0.2384 0.9268
vn -0.3100 -0.2373 0.9206
vn -0.0554 -0.9944 -0.0895
vn -0.2265 -0.8488 0.4777
vn -0.3166 -0.3838 0.8674
vn -0.3206 -0.2362 0.9173
vn -0.3380 -0.2352 0.9113
vn -0.2424 -0.8409 0.4838
vn -0.3337 -0.3780 0.8636
vn -0.0681 -0.9944 -0.0814
vn -0.2788 -0.8261 0.4896
vn -0.3778 -0.3667 0.8502
vn -0.3821 -0.2322 0.8945
vn -0.4738 -0.2237 0.8517
vn -0.4693 -0.3522 0.8098
vn -0.6085 -0.2042 0.7668
vn 0.9999 -0.0030 0.0107
vn 0.9788 -0.1240 -0.1628
vn 0.9930 0.0294 -0.1143
vn 0.8200 0.1428 -0.5543
vn 0.8086 -0.0230 -0.5879
vn 0.4449 0.0668 -0.8931
vn 0.4411 0.2243 -0.8690
vn 0.3057 0.0833 -0.9485
vn 0.3085 0.2395 -0.9206
vn 0.3208 0.2409 -0.9160
vn 0.3178 0.0855 -0.9443
vn 0.3283 0.0890 -0.9404
vn 0.3312 0.2431 -0.9117
vn 0.3456 0.2461 -0.9055
vn 0.3451 0.1091 -0.9322
vn 0.3783 0.2457 -0.8925
vn 0.3784 0.1212 -0.9177
vn 0.4368 0.1238 -0.8910
vn 0.4370 0.2395 -0.8670
vn 0.5483 0.1064 -0.8295
vn 0.7464 0.0444 -0.6640
vn 0.9703 0.0644 -0.2331
vn 0.9583 -0.0886 -0.2717
vn 0.9370 -0.2347 0.2586
vn 0.9486 -0.0842 0.3049
vn 0.7030 -0.1893 0.6855
vn 0.6984 -0.3164 0.6420
vn 0.4417 -0.3452 0.8281
vn 0.2476 -0.3565 0.9009
vn 0.0895 -0.3659 0.9263
vn 0.0847 -0.2653 0.9604
vn -0.0619 -0.3752 0.9249
vn 0.2096 -0.7917 0.5739
vn 0.0855 -0.8020 0.5911
vn 0.3539 -0.7899 0.5009
vn 0.0633 -0.9795 0.1913
vn 0.5262 -0.7849 0.3271
vn 0.3050 -0.9517 -0.0344
vn 0.6705 -0.7415 0.0260
vn 0.6842 -0.6384 -0.3527
vn 0.5628 -0.5157 -0.6459
vn 0.4313 -0.4466 -0.7839
vn 0.3463 -0.4313 -0.8331
vn 0.2961 -0.4463 -0.8445
vn 0.2632 -0.4704 -0.8423
vn 0.2463 -0.4913 -0.8354
vn 0.2389 -0.5044 -0.8297
vn 0.2286 -0.5093 -0.8297
vn 0.2994 -0.8483 -0.4368
vn 0.2196 -0.5103 -0.8315
vn 0.3982 -0.4925 -0.7739
vn 0.6974 -0.3905 -0.6010
vn -0.0003 -0.9684 -0.2493
vn -0.1120 -0.9907 -0.0772
vn -0.0458 -0.9881 -0.1467
vn -0.0001 -0.9636 -0.2674
vn -0.0003 -0.9641 -0.2657
vn -0.0006 -0.9641 -0.2656
vn -0.2430 -0.8863 0.3943
vn -0.2290 -0.8833 0.4091
vn -0.0493 -0.9900 -0.1324
vn 0.0003 -0.9619 -0.2735
vn -0.0007 -0.9626 -0.2709
vn 0.0004 -0.9602 -0.2795
vn 0.0552 -0.9073 -0.4169
vn 0.0570 -0.9113 -0.4077
vn 0.0810 -0.9046 -0.4185
vn -0.0000 -0.9639 -0.2662
vn 0.4381 -0.5958 -0.6731
vn 0.1001 -0.9233 -0.3707
vn 0.0638 -0.9136 -0.4016
vn 0.2777 -0.5170 -0.8097
vn 0.3341 -0.5405 -0.7722
vn 0.1205 -0.9410 -0.3162
vn 0.5509 -0.6802 -0.4836
vn 0.8662 -0.0973 -0.4901
vn 0.4796 0.0609 -0.8754
vn 0.6552 0.0050 -0.7554
vn 0.6687 0.1974 -0.7168
vn 0.4871 0.2325 -0.8418
vn 0.3913 0.0826 -0.9165
vn 0.3963 0.2452 -0.8848
vn 0.3563 0.0901 -0.9300
vn 0.3603 0.2508 -0.8985
vn 0.3460 0.2552 -0.9029
vn 0.3417 0.0998 -0.9345
vn 0.3461 0.2605 -0.9013
vn 0.3453 0.2618 -0.9013
vn 0.3390 0.1068 -0.9347
vn 0.3436 0.2663 -0.9006
vn 0.2444 -0.4888 -0.8375
vn 0.0553 -0.9045 -0.4230
vn 0.2442 -0.5018 -0.8298
vn 0.2542 -0.5085 -0.8227
vn 0.2389 -0.4885 -0.8392
vn 0.0546 -0.9013 -0.4298
vn 0.2274 -0.4855 -0.8441
vn 0.3173 0.1147 -0.9414
vn 0.3324 0.1124 -0.9364
vn 0.3368 0.2684 -0.9025
vn 0.2101 -0.4795 -0.8520
vn 0.3212 0.2702 -0.9077
vn 0.2863 0.1202 -0.9506
vn 0.2886 0.2735 -0.9176
vn 0.0492 0.1225 -0.9913
vn 0.0614 0.2852 -0.9565
vn -0.5884 0.2310 -0.7748
vn -0.5792 0.0490 -0.8137
vn -0.9481 -0.0747 -0.3090
vn -0.9633 0.0767 -0.2571
vn -0.9987 0.0148 -0.0491
vn -0.9884 -0.1434 -0.0504
vn -1.0000 0.0025 -0.0066
vn -0.9874 -0.1300 -0.0901
vn -0.7207 -0.6543 -0.2291
vn -0.1384 -0.8775 -0.4592
vn -0.1722 -0.9431 -0.2845
vn -0.6791 -0.5787 -0.4517
vn -0.7198 -0.6643 -0.2014
vn -0.7228 -0.6656 -0.1857
vn -0.1699 -0.9450 -0.2795
vn -0.9884 -0.1470 -0.0389
vn -0.9998 -0.0063 0.0186
vn -0.9883 -0.1515 -0.0191
vn -0.2399 -0.9646 -0.1099
vn -0.7424 -0.6699 -0.0022
vn -0.9739 -0.1915 0.1217
vn -0.9864 -0.0481 0.1573
vn -0.8184 -0.3014 0.4893
vn -0.8268 -0.1598 0.5394
vn -0.7207 -0.6106 0.3282
vn -0.5015 -0.3861 0.7742
vn -0.4977 -0.2435 0.8325
vn -0.3461 -0.2588 0.9018
vn -0.3402 -0.4102 0.8462
vn -0.2425 -0.8646 0.4401
vn -0.0503 -0.9902 -0.1301
vn -0.4350 -0.8003 0.4127
vn -0.2315 -0.8677 0.4399
vn -0.2323 -0.8741 0.4266
vn -0.3310 -0.4110 0.8494
vn -0.3334 -0.4211 0.8435
vn -0.3360 -0.2534 0.9071
vn -0.3445 -0.2501 0.9049
vn -0.3379 -0.4264 0.8390
vn -0.3671 -0.2477 0.8966
vn -0.4470 -0.4274 0.7858
vn -0.4561 -0.2369 0.8578
vn -0.3604 -0.4283 0.8287
vn -0.6696 -0.1973 0.7161
vn -0.6504 -0.4156 0.6358
vn -0.8801 -0.3603 0.3092
vn -0.9137 -0.1078 0.3917
vn -0.9963 0.0214 -0.0829
vn -0.8139 -0.0962 -0.5730
vn -0.8390 0.1397 -0.5259
vn -0.9583 -0.2423 -0.1517
vn -0.5572 -0.7868 -0.2654
vn -0.0740 -0.9706 -0.2289
vn -0.0801 -0.9603 -0.2674
vn -0.5185 -0.8550 0.0096
vn -0.0803 -0.9482 -0.3074
vn -0.5005 -0.6874 -0.5263
vn -0.3702 -0.5862 -0.7206
vn -0.0579 -0.9194 -0.3890
vn -0.2197 -0.5076 -0.8331
vn -0.0709 -0.9345 -0.3490
vn -0.3011 0.0874 -0.9496
vn -0.5524 0.0200 -0.8334
vn -0.5611 0.2105 -0.8005
vn -0.0835 -0.4648 -0.8815
vn -0.3017 0.2400 -0.9227
vn -0.1029 0.1160 -0.9879
vn -0.1001 0.2491 -0.9633
vn 0.0530 0.1209 -0.9912
vn 0.0573 0.2494 -0.9667
vn 0.1658 0.2470 -0.9547
vn 0.1612 0.1110 -0.9807
vn 0.2347 0.0949 -0.9674
vn 0.2399 0.2447 -0.9395
vn 0.2820 0.2446 -0.9277
vn 0.2929 0.0703 -0.9535
vn 0.2979 0.2466 -0.9222
vn 0.2771 0.0799 -0.9575
vn 0.1917 -0.5228 -0.8307
vn 0.2007 -0.5389 -0.8181
vn 0.0409 -0.9206 -0.3885
vn 0.0348 -0.9141 -0.4041
vn 0.0376 -0.9190 -0.3924
vn 0.1636 -0.4978 -0.8517
vn -0.0000 -0.9660 -0.2585
vn -0.0004 -0.9675 -0.2529
vn 0.0001 -0.9683 -0.2498
vn 0.0452 -0.9989 -0.0106
vn 0.0162 -0.9986 -0.0505
vn -0.0000 -0.9684 -0.2496
vn 0.0049 -0.9992 -0.0409
vn 0.0643 -0.9952 -0.0737
vn 0.0450 -0.9974 -0.0562
vn 0.0923 -0.9896 -0.1105
vn -0.0390 -0.8730 -0.4862
vn 0.0250 -0.8586 -0.5120
vn -0.0043 -0.8932 -0.4496
vn -0.0002 -0.9685 -0.2492
vn -0.0001 -0.9684 -0.2493
vn 0.1109 -0.4712 -0.8750
vn 0.0306 -0.4551 -0.8899
vn 0.1223 -0.9608 -0.2490
vn 0.1071 -0.9786 -0.1759
vn 0.6032 -0.7797 -0.1677
vn 0.8181 -0.3325 0.4692
vn 0.5408 -0.8271 0.1530
vn 0.9704 -0.2416 0.0001
vn 0.9980 -0.0155 0.0620
vn 0.8889 0.1208 -0.4418
vn 0.8356 -0.1403 0.5311
vn 0.5990 -0.2022 0.7748
vn 0.5905 -0.3602 0.7221
vn 0.3852 -0.3635 0.8482
vn 0.3890 -0.2307 0.8919
vn 0.2678 -0.2406 0.9330
vn 0.2652 -0.3628 0.8933
vn 0.1863 -0.3661 0.9118
vn 0.1882 -0.2448 0.9511
vn 0.0984 -0.2482 0.9637
vn 0.0968 -0.3714 0.9234
vn 0.0077 -0.3775 0.9260
vn 0.0085 -0.2494 0.9684
vn -0.0779 -0.2486 0.9655
vn -0.0779 -0.3851 0.9196
vn -0.1506 -0.3920 0.9075
vn -0.1515 -0.2465 0.9572
vn -0.2067 -0.2440 0.9475
vn -0.2045 -0.3960 0.8952
vn -0.2510 -0.3953 0.8836
vn -0.2546 -0.2412 0.9365
vn -0.2893 -0.2387 0.9270
vn -0.2852 -0.3919 0.8747
vn -0.3039 -0.3896 0.8694
vn -0.3083 -0.2372 0.9212
vn -0.3239 -0.2360 0.9162
vn -0.3195 -0.3867 0.8651
vn -0.4711 -0.3671 0.8021
vn -0.4677 -0.2204 0.8559
vn -0.8137 -0.1453 0.5628
vn -0.8046 -0.2932 0.5164
vn -0.9732 -0.1886 0.1315
vn -0.9858 -0.0422 0.1625
vn -0.9998 -0.0051 0.0195
vn -0.9883 -0.1511 -0.0201
vn -0.9881 -0.1494 -0.0360
vn -0.9857 -0.0424 0.1632
vn -0.9845 -0.0439 0.1698
vn -1.0000 -0.0011 0.0041
vn -1.0000 -0.0000 -0.0001
vn -0.9998 -0.0054 0.0202
vn -0.9881 -0.1457 -0.0499
vn -0.9999 0.0027 -0.0098
vn -0.9986 0.0138 -0.0503
vn -0.9987 0.0137 -0.0496
vn -0.9641 0.0707 -0.2561
vn -0.9642 0.0706 -0.2557
vn 0.0404 0.2660 -0.9631
vn -0.6008 0.2128 -0.7706
vn 0.3015 0.2516 -0.9197
vn 0.3084 0.2507 -0.9176
vn 0.3122 0.2520 -0.9160
vn 0.3076 0.2530 -0.9173
vn 0.3073 0.2523 -0.9176
vn 0.3087 0.2531 -0.9169
vn 0.2993 0.2520 -0.9203
vn 0.2910 0.2503 -0.9234
vn 0.2993 0.2497 -0.9209
vn 0.2768 0.2558 -0.9263
vn 0.2769 0.2558 -0.9262
vn 0.2862 0.2475 -0.9256
vn 0.2825 0.2479 -0.9267
vn 0.2644 0.2459 -0.9325
vn 0.2956 0.2471 -0.9228
vn 0.2759 0.2450 -0.9294
vn 0.2813 0.2446 -0.9279
vn 0.3044 0.2495 -0.9193
vn -0.2778 0.2421 -0.9296
vn -0.2982 0.2421 -0.9233
vn -0.0975 0.2498 -0.9634
vn 0.0572 0.2492 -0.9668
vn 0.0566 0.2497 -0.9667
vn -0.0856 0.2496 -0.9645
vn -0.2709 0.2425 -0.9315
vn -0.5222 0.2170 -0.8247
vn -0.5472 0.2114 -0.8099
vn -0.8367 0.1410 -0.5291
vn -0.5607 0.2113 -0.8006
vn -0.8207 0.1467 -0.5522
vn -0.8154 0.1487 -0.5595
vn -0.9961 0.0222 -0.0852
vn -0.9949 0.0253 -0.0973
vn -0.9108 -0.1098 0.3981
vn -0.9136 -0.1079 0.3920
vn -0.6642 -0.1988 0.7207
vn -0.6686 -0.1976 0.7169
vn -0.4539 -0.2370 0.8590
vn -0.4558 -0.2369 0.8580
vn -0.3271 -0.2589 0.9088
vn -0.3436 -0.2591 0.9027
vn -0.3327 -0.2554 0.9078
vn -0.8251 -0.1593 0.5421
vn -0.4944 -0.2413 0.8351
vn -0.4687 -0.2475 0.8480
vn -0.9872 -0.0466 0.1526
vn -0.9864 -0.0484 0.1574
vn -0.8135 -0.1650 0.5576
vn -0.3332 -0.2612 0.9060
vn -0.3139 -0.2629 0.9123
vn -0.4610 -0.2487 0.8519
vn -1.0000 -0.0030 0.0089
vn -0.9998 -0.0074 0.0203
vn -1.0000 -0.0022 0.0051
vn -0.9987 0.0147 -0.0494
vn -1.0000 0.0024 -0.0080
vn -1.0000 0.0026 -0.0095
vn -0.9633 0.0767 -0.2572
vn -0.9987 0.0147 -0.0493
vn -0.5885 0.2311 -0.7748
vn -0.5883 0.2311 -0.7749
vn 0.0615 0.2852 -0.9565
vn 0.3442 0.2593 -0.9024
vn 0.3460 0.2593 -0.9017
vn 0.3448 0.2627 -0.9012
vn 0.3455 0.2560 -0.9028
vn 0.3583 0.2520 -0.8989
vn 0.3407 0.2557 -0.9047
vn 0.3370 0.2601 -0.9049
vn 0.3502 0.2522 -0.9021
vn 0.3423 0.2635 -0.9019
vn 0.3361 0.2639 -0.9041
vn 0.3341 0.2605 -0.9058
vn 0.3322 0.2568 -0.9076
vn 0.3421 0.2658 -0.9013
vn 0.3388 0.2665 -0.9023
vn 0.3356 0.2682 -0.9030
vn 0.3326 0.2685 -0.9040
vn 0.3374 0.2666 -0.9028
vn 0.3201 0.2705 -0.9080
vn 0.3211 0.2706 -0.9076
vn 0.2886 0.2736 -0.9175
vn 0.3472 0.2524 -0.9032
vn 0.3891 0.2464 -0.8876
vn 0.4844 0.2329 -0.8433
vn 0.3949 0.2461 -0.8851
vn 0.8865 0.1223 -0.4463
vn 0.6678 0.1974 -0.7177
vn 0.6650 0.1983 -0.7200
vn 0.4867 0.2325 -0.8421
vn 0.8888 0.1209 -0.4421
vn 0.9979 -0.0152 0.0625
vn 0.8311 -0.1417 0.5378
vn 0.8349 -0.1394 0.5325
vn 0.5961 -0.2025 0.7770
vn 0.5988 -0.2021 0.7750
vn 0.1881 -0.2449 0.9511
vn 0.1875 -0.2451 0.9512
vn 0.2670 -0.2408 0.9331
vn 0.2651 -0.2409 0.9336
vn 0.3882 -0.2314 0.8920
vn 0.3841 -0.2314 0.8938
vn 0.3832 -0.2316 0.8942
vn 0.5906 -0.2038 0.7808
vn 0.8297 -0.1423 0.5398
vn 0.9978 -0.0162 0.0646
vn -0.2859 -0.2306 0.9301
vn -0.2859 -0.2473 0.9258
vn -0.3135 -0.2591 0.9135
vn -0.3285 -0.2555 0.9093
vn -0.3379 -0.2525 0.9067
vn -0.3337 -0.2528 0.9082
vn -0.3325 -0.2527 0.9086
vn -0.3202 -0.2560 0.9121
vn -0.3389 -0.2511 0.9067
vn -0.3376 -0.2511 0.9072
vn -0.3446 -0.2500 0.9049
vn -0.3445 -0.2499 0.9049
vn -0.3672 -0.2476 0.8966
vn -0.3081 -0.2601 0.9151
vn 0.2257 0.2458 -0.9427
vn 0.2214 0.2460 -0.9437
vn 0.1535 0.2478 -0.9566
vn 0.1638 0.2475 -0.9549
vn 0.2376 0.2465 -0.9396
vn -0.9872 -0.1335 -0.0877
vn -0.9488 -0.0833 -0.3047
vn -0.7177 -0.6619 -0.2163
vn -0.7171 -0.6707 -0.1893
vn -0.7169 -0.6735 -0.1802
vn -0.1389 -0.8880 -0.4383
vn -0.1691 -0.9495 -0.2641
vn -0.6785 -0.5910 -0.4362
vn -0.1676 -0.9519 -0.2565
vn -0.0002 -0.9648 -0.2628
vn 0.0476 -0.9149 -0.4008
vn -0.0000 -0.9666 -0.2562
vn -0.0487 -0.9941 -0.0965
vn -0.2320 -0.9693 -0.0817
vn -0.0403 -0.9946 -0.0961
vn -0.0444 -0.9978 -0.0493
vn 0.0430 -0.9208 -0.3875
vn 0.2150 -0.5355 -0.8167
vn 0.2049 -0.5426 -0.8146
vn 0.2009 -0.5079 -0.8377
vn 0.2168 -0.5197 -0.8264
vn 0.3052 0.0850 -0.9485
vn -0.0492 -0.4820 -0.8748
vn 0.0294 0.0987 -0.9947
vn 0.2752 0.0947 -0.9567
vn 0.2768 0.2558 -0.9262
vn -0.4953 -0.3756 -0.7833
vn 0.0405 0.2660 -0.9631
vn -0.5909 0.0292 -0.8062
vn -0.6007 0.2128 -0.7706
vn 0.3087 0.2532 -0.9168
vn 0.3113 0.2518 -0.9163
vn 0.3057 0.0735 -0.9493
vn 0.3046 0.2491 -0.9193
vn 0.3000 0.0675 -0.9515
vn -0.0500 -0.9955 0.0801
vn -0.0302 -0.9933 0.1113
vn -0.0595 -0.8420 0.5361
vn -0.1111 -0.8516 0.5123
vn -0.1477 -0.8572 0.4934
vn -0.1797 -0.8574 0.4822
vn -0.2031 -0.8558 0.4758
vn -0.2179 -0.8534 0.4735
vn -0.2277 -0.8509 0.4735
vn -0.4123 -0.7934 0.4478
vn -0.7376 -0.6749 0.0226
vn -0.7179 -0.6763 -0.1652
vn -0.7054 -0.6108 0.3595
vn 0.0041 -0.8316 0.5553
vn 0.0720 -0.8233 0.5630
vn 0.1406 -0.8177 0.5582
vn 0.2011 -0.8158 0.5422
vn 0.2859 -0.8235 0.4901
vn 0.4160 -0.8342 0.3619
vn -0.0005 -0.9693 -0.2459
vn -0.8128 -0.1456 0.5641
vn -0.8078 -0.1473 0.5708
vn -0.4627 -0.2213 0.8584
vn -0.2927 -0.2468 0.9238
vn -0.2928 -0.2301 0.9281
vn -0.4673 -0.2205 0.8562
vn -0.3238 -0.2359 0.9162
vn -0.0863 -0.9822 -0.1666
vn -0.4072 -0.8840 0.2294
vn -0.2965 -0.8871 0.3538
vn -0.0000 -0.9596 -0.2814
vn 0.0013 -0.9596 -0.2815
vn -0.4865 -0.3553 -0.7982
vn -0.0368 -0.4570 -0.8887
vn -0.1508 -0.9879 -0.0350
vn -0.1146 -0.8364 0.5360
vn -0.5167 -0.7064 0.4837
vn -0.6845 -0.7257 0.0696
vn -0.9641 -0.2072 0.1662
vn -0.0247 -0.3748 0.9268
vn -0.6262 -0.3519 0.6957
vn -0.9806 -0.0406 0.1920
vn -0.9999 -0.0024 0.0111
vn -0.9879 -0.1536 -0.0206
vn -0.7157 -0.6841 -0.1408
vn -0.6383 -0.1590 0.7531
vn -0.1680 -0.9639 -0.2068
vn -0.9874 -0.1545 -0.0346
vn -1.0000 0.0002 -0.0008
vn -1.0000 0.0015 -0.0027
vn -0.7162 -0.6817 -0.1496
vn -0.9880 -0.1505 -0.0352
vn -1.0000 0.0038 -0.0024
vn -1.0000 0.0004 -0.0023
vn -0.7157 -0.6812 -0.1541
vn -1.0000 -0.0007 -0.0007
vn -1.0000 -0.0003 -0.0005
vn -0.9879 -0.1505 -0.0368
vn -1.0000 0.0001 -0.0004
vn -0.9884 -0.1472 -0.0380
vn -0.7204 -0.6734 -0.1659
vn -0.1684 -0.9549 -0.2445
vn -0.1690 -0.9569 -0.2361
vn -0.1687 -0.9588 -0.2287
vn -0.7192 -0.6733 -0.1715
vn -0.7207 -0.6742 -0.1611
vn -0.1689 -0.9599 -0.2238
vn -0.7224 -0.6733 -0.1574
vn 0.1570 -0.9618 -0.2243
vn 0.1574 -0.9606 -0.2291
vn 0.1578 -0.9587 -0.2365
vn 0.1593 -0.9563 -0.2453
vn 0.0013 -0.9662 -0.2577
vn 0.1609 -0.9534 -0.2553
vn -0.1676 -0.9529 -0.2528
vn -0.1680 -0.9509 -0.2601
vn 0.0026 -0.9642 -0.2652
vn -0.7207 -0.6686 -0.1834
vn -0.7216 -0.6667 -0.1863
vn -0.1685 -0.9489 -0.2667
vn -0.7207 -0.6703 -0.1769
vn -0.9880 -0.1489 -0.0401
vn -0.9882 -0.1483 -0.0371
vn -1.0000 0.0003 -0.0002
vn -1.0000 0.0011 0.0002
vn -1.0000 0.0003 -0.0003
vn -1.0000 0.0009 0.0007
vn -1.0000 -0.0023 0.0073
vn -0.7179 -0.6692 -0.1915
vn -0.1696 -0.9473 -0.2719
vn -0.2283 -0.8780 -0.4206
vn -0.7064 -0.3684 -0.6044
vn -0.4170 -0.4717 -0.7769
vn -0.7342 -0.5882 -0.3390
vn -0.9795 -0.1132 -0.1667
vn -0.9930 0.0337 -0.1129
vn -0.8286 0.1598 -0.5365
vn -0.8176 -0.0036 -0.5758
vn -0.4737 0.0887 -0.8762
vn -0.4703 0.2521 -0.8458
vn -0.3431 0.2686 -0.9001
vn -0.3423 0.1147 -0.9326
vn -0.2450 -0.4877 -0.8379
vn -0.3412 0.1129 -0.9332
vn 0.1205 -0.8853 -0.4491
vn 0.0015 -0.9599 -0.2804
vn -0.2355 -0.4795 -0.8453
vn -0.0012 -0.4759 -0.8795
vn -0.1051 0.1128 -0.9880
vn -0.3255 0.1159 -0.9384
vn -0.3291 0.2699 -0.9049
vn -0.1201 0.2837 -0.9513
vn -0.3454 0.2682 -0.8993
vn -0.3452 0.2681 -0.8994
vn -1.0000 0.0001 -0.0009
vn -1.0000 0.0002 -0.0012
vn -1.0000 0.0004 -0.0019
vn -1.0000 -0.0000 -0.0004
vn -1.0000 0.0003 -0.0018
vn -1.0000 0.0001 -0.0005
vn -1.0000 -0.0002 -0.0007
vn -1.0000 0.0006 -0.0002
vn -1.0000 0.0004 -0.0008
vn -1.0000 -0.0000 0.0014
vn -1.0000 0.0007 -0.0010
vn -1.0000 -0.0017 0.0072
vn -1.0000 -0.0023 0.0093
vn -0.9931 0.0338 -0.1127
vn -0.4670 0.2525 -0.8474
vn -0.8283 0.1600 -0.5370
vn -0.8260 0.1608 -0.5403
vn 0.5870 0.2313 -0.7759
vn 0.5870 0.2313 -0.7758
vn 0.9763 0.0619 -0.2074
vn -0.1201 0.2837 -0.9514
vn 0.9761 0.0621 -0.2083
vn 0.9997 0.0077 -0.0249
vn 1.0000 0.0009 -0.0007
vn 1.0000 0.0025 -0.0046
vn 0.9997 0.0066 -0.0218
vn 1.0000 0.0009 0.0007
vn 1.0000 0.0014 -0.0007
vn 1.0000 0.0008 -0.0005
vn 1.0000 0.0012 0.0001
vn 1.0000 0.0010 0.0003
vn 1.0000 0.0012 0.0005
vn 1.0000 0.0006 0.0005
vn 1.0000 0.0003 0.0004
vn 1.0000 -0.0001 0.0002
vn 1.0000 0.0002 -0.0004
vn 1.0000 -0.0000 -0.0002
vn 1.0000 0.0009 -0.0009
vn 1.0000 -0.0001 -0.0002
vn 1.0000 -0.0002 -0.0000
vn 0.9999 0.0032 -0.0151
vn 1.0000 -0.0001 0.0001
vn 0.9999 0.0032 -0.0148
vn 0.9961 0.0190 -0.0861
vn 0.9453 0.0699 -0.3187
vn 0.9473 0.0688 -0.3130
vn 0.9960 0.0194 -0.0873
vn 0.3269 0.2014 -0.9234
vn 0.7136 0.1496 -0.6844
vn 0.7093 0.1504 -0.6887
vn 0.3296 0.2010 -0.9225
vn -0.0002 0.2129 -0.9771
vn -0.3280 0.2014 -0.9230
vn -0.3309 0.2010 -0.9220
vn -0.0001 0.2129 -0.9771
vn -0.9455 0.0694 -0.3182
vn -0.7150 0.1496 -0.6830
vn -0.7107 0.1502 -0.6873
vn -0.9999 0.0032 -0.0152
vn -0.9960 0.0191 -0.0868
vn -0.9959 0.0195 -0.0879
vn -0.9473 0.0689 -0.3128
vn -0.9999 0.0032 -0.0151
vn -1.0000 -0.0002 -0.0001
vn -1.0000 -0.0001 -0.0000
vn -1.0000 -0.0001 0.0001
vn -1.0000 -0.0000 -0.0003
vn -1.0000 -0.0000 -0.0000
vn -1.0000 -0.0006 0.0007
vn -1.0000 -0.0009 0.0023
vn -1.0000 -0.0011 0.0003
vn -1.0000 -0.0000 0.0002
vn -0.9938 0.0255 -0.1082
vn -0.8791 0.1125 -0.4632
vn -0.8839 0.1107 -0.4544
vn -0.6241 0.1871 -0.7586
vn -0.6193 0.1874 -0.7625
vn -0.4861 0.2108 -0.8481
vn -0.3959 0.2237 -0.8906
vn -0.5025 0.2077 -0.8393
vn -0.3902 0.2245 -0.8930
vn -0.2298 0.2389 -0.9435
vn -0.2367 0.2383 -0.9419
vn -0.0277 0.2458 -0.9689
vn 0.5963 0.1949 -0.7787
vn 0.2783 0.2353 -0.9312
vn 0.2724 0.2355 -0.9329
vn 0.5935 0.1955 -0.7807
vn 0.2822 0.2358 -0.9299
vn -0.0267 0.2460 -0.9689
vn 0.6035 0.1941 -0.7734
vn 0.8404 0.1301 -0.5261
vn 0.8422 0.1290 -0.5234
vn 0.9627 0.0644 -0.2629
vn 0.9617 0.0651 -0.2664
vn 0.8367 0.1319 -0.5315
vn 0.9950 0.0233 -0.0970
vn 0.9951 0.0233 -0.0960
vn 0.9994 -0.0070 0.0328
vn 0.9071 -0.0919 0.4107
vn 0.9758 -0.0481 0.2134
vn 0.9753 -0.0485 0.2155
vn 0.9067 -0.0922 0.4117
vn 0.9995 -0.0071 0.0322
vn 0.9083 -0.0910 0.4083
vn 0.8058 -0.1278 0.5782
vn 0.8070 -0.1275 0.5767
vn 0.6715 -0.1583 0.7239
vn 0.6689 -0.1588 0.7262
vn 0.8038 -0.1284 0.5809
vn 0.6678 -0.1590 0.7272
vn 0.5299 -0.1796 0.8288
vn 0.5328 -0.1793 0.8271
vn 0.4144 -0.1914 0.8897
vn 0.4134 -0.1915 0.8902
vn 0.3116 -0.1989 0.9291
vn 0.3139 -0.1985 0.9285
vn 0.2360 -0.2021 0.9505
vn 0.1712 -0.2037 0.9640
vn 0.1965 -0.2032 0.9592
vn 0.1948 -0.2031 0.9596
vn 0.2381 -0.2019 0.9500
vn 0.1723 -0.2036 0.9638
vn -0.0121 -0.2066 0.9784
vn -0.0105 -0.2065 0.9784
vn -0.9803 -0.0409 0.1933
vn -0.6377 -0.1593 0.7536
vn -0.6355 -0.1596 0.7554
vn -0.9806 -0.0407 0.1919
vn -0.9999 -0.0024 0.0110
vn -1.0000 0.0002 -0.0010
vn -1.0000 0.0002 -0.0009
vn -0.9999 -0.0023 0.0107
vn -1.0000 0.0007 -0.0031
vn 0.4172 -0.1914 0.8884
vn 0.5343 -0.1790 0.8261
vn -0.9935 0.0259 -0.1104
vn -1.0000 -0.0004 -0.0012
vn 1.0000 0.0008 0.0001
vn 1.0000 0.0013 0.0003
vn 1.0000 0.0007 0.0018
vn 1.0000 0.0008 0.0003
vn -0.6383 0.1851 -0.7472
vn -0.5111 0.2072 -0.8342
vn -0.4109 0.2223 -0.8841
vn -0.2408 0.2390 -0.9407
vn -0.3291 0.2698 -0.9049
vn -0.4698 0.2522 -0.8460
vn -0.9930 0.0337 -0.1128
vn -1.0000 0.0002 0.0012
vn -1.0000 0.0003 -0.0007
vn -1.0000 0.0003 -0.0009
vn -1.0000 0.0002 -0.0005
vn -1.0000 0.0001 -0.0003
vn -1.0000 0.0002 -0.0031
vn -1.0000 0.0007 -0.0030
vn -1.0000 0.0006 -0.0029
vn 0.5873 0.2313 -0.7756
vn 0.5755 0.0257 -0.8174
vn 0.9590 -0.0997 -0.2652
vn 0.9761 0.0621 -0.2084
vn 0.9996 0.0077 -0.0255
vn 0.9872 -0.1439 -0.0690
vn 0.9870 -0.1526 -0.0500
vn 1.0000 0.0024 -0.0057
vn 1.0000 0.0003 -0.0001
vn 0.9864 -0.1582 -0.0434
vn 1.0000 0.0010 0.0002
vn 0.7109 -0.6762 -0.1933
vn 0.1621 -0.9468 -0.2781
vn 0.7079 -0.6767 -0.2025
vn 0.1642 -0.9488 -0.2698
vn 0.1627 -0.9504 -0.2651
vn 0.7104 -0.6777 -0.1897
vn 0.7085 -0.6815 -0.1830
vn 0.7051 -0.6866 -0.1771
vn 0.9869 -0.1563 -0.0398
vn 0.7058 -0.6877 -0.1700
vn 1.0000 0.0010 0.0006
vn 0.9861 -0.1613 -0.0388
vn 1.0000 0.0002 0.0004
vn 1.0000 -0.0000 0.0001
vn 1.0000 0.0001 0.0001
vn 0.9862 -0.1573 -0.0513
vn 0.7050 -0.6905 -0.1616
vn 0.7050 -0.6898 -0.1649
vn 0.1558 -0.9622 -0.2232
vn 0.7019 -0.6917 -0.1700
vn 0.9825 -0.1420 -0.1202
vn 0.6983 -0.6826 -0.2155
vn 0.9961 0.0189 -0.0857
vn 0.9999 0.0030 -0.0147
vn 0.9340 -0.0991 -0.3433
vn 0.9475 0.0686 -0.3122
vn 0.7146 0.1493 -0.6834
vn 0.7037 -0.0240 -0.7101
vn 0.3248 0.0378 -0.9450
vn 0.3300 0.2009 -0.9223
vn -0.0003 0.2129 -0.9771
vn -0.3289 0.0481 -0.9431
vn -0.0017 0.0587 -0.9983
vn -0.3310 0.2014 -0.9219
vn -0.0043 -0.5336 -0.8457
vn 0.0476 -0.9307 -0.3627
vn 0.2280 -0.5581 -0.7978
vn -0.0124 -0.8963 -0.4432
vn -0.0609 -0.9332 -0.3543
vn -0.2405 -0.5412 -0.8058
vn 0.4868 -0.6135 -0.6219
vn 0.0748 -0.9562 -0.2830
vn 0.1182 -0.9582 -0.2606
vn 0.6549 -0.6596 -0.3687
vn 0.1508 -0.9619 -0.2280
vn 0.0536 -0.9970 -0.0559
vn -0.1680 -0.9630 -0.2107
vn -0.1712 -0.9604 -0.2197
vn -0.1720 -0.9619 -0.2127
vn 0.0372 -0.9978 -0.0548
vn 0.0271 -0.9981 -0.0554
vn 0.0314 -0.9981 -0.0522
vn 0.1380 -0.8409 0.5232
vn 0.1213 -0.8417 0.5261
vn 0.1676 -0.8382 0.5189
vn 0.2227 -0.8327 0.5069
vn 0.2347 -0.3591 0.9033
vn 0.2385 -0.2019 0.9499
vn 0.1972 -0.2031 0.9591
vn 0.1945 -0.3621 0.9116
vn 0.3151 -0.1983 0.9281
vn 0.3110 -0.3532 0.8823
vn 0.4126 -0.3454 0.8429
vn 0.5276 -0.3367 0.7799
vn 0.5347 -0.1790 0.8259
vn 0.4176 -0.1911 0.8883
vn 0.3753 -0.8220 0.4283
vn 0.2958 -0.8269 0.4783
vn 0.0749 -0.9955 -0.0574
vn 0.0842 -0.9933 -0.0798
vn 0.1099 -0.9892 -0.0971
vn -0.1422 -0.9547 -0.2612
vn 0.1235 -0.9848 -0.1221
vn -0.1529 -0.9614 -0.2287
vn -0.1547 -0.9629 -0.2211
vn 0.1388 -0.9787 -0.1512
vn -0.1645 -0.9610 -0.2224
vn 0.1537 -0.9713 -0.1815
vn 0.6764 -0.7364 -0.0131
vn 0.6270 -0.7692 0.1231
vn 0.5565 -0.7949 0.2418
vn 0.4664 -0.8130 0.3485
vn 0.6627 -0.3209 0.6766
vn 0.7950 -0.2937 0.5307
vn 0.8951 -0.2576 0.3638
vn 0.9760 -0.0482 0.2124
vn 0.9086 -0.0913 0.4075
vn 0.8071 -0.1275 0.5765
vn 0.9619 -0.2129 0.1717
vn 0.6723 -0.1582 0.7232
vn 0.9858 -0.1677 -0.0057
vn 0.9995 -0.0071 0.0320
vn 0.9951 0.0230 -0.0957
vn 0.9823 -0.1334 -0.1312
vn 0.7032 -0.6727 -0.2302
vn 0.6996 -0.7008 -0.1394
vn 0.1650 -0.9623 -0.2162
vn 0.1681 -0.9560 -0.2403
vn 0.1630 -0.9492 -0.2691
vn 0.1562 -0.9344 -0.3201
vn 0.5967 -0.5970 -0.5363
vn 0.6817 -0.6425 -0.3500
vn -0.1587 -0.9604 -0.2291
vn -0.1662 -0.9603 -0.2241
vn -0.7076 -0.6876 -0.1629
vn -0.1601 -0.9591 -0.2333
vn -0.7314 -0.6193 -0.2855
vn -0.2520 -0.8982 -0.3603
vn -0.9868 -0.1574 -0.0388
vn -0.9823 -0.1176 -0.1455
vn -1.0000 -0.0003 -0.0002
vn -0.9935 0.0259 -0.1107
vn -1.0000 0.0001 0.0001
vn -0.9866 -0.1551 -0.0513
vn -0.7005 -0.6935 -0.1681
vn -1.0000 0.0002 0.0001
vn -0.9999 0.0027 -0.0148
vn -0.7053 -0.6751 -0.2164
vn -0.9834 -0.1360 -0.1205
vn -0.9961 0.0190 -0.0866
vn -0.9352 -0.0890 -0.3429
vn -0.6668 -0.6446 -0.3738
vn -0.9475 0.0688 -0.3122
vn -0.7158 0.1492 -0.6822
vn -0.7067 -0.0097 -0.7075
vn -0.5023 -0.5912 -0.6310
vn -0.0861 -0.9496 -0.3016
vn 0.0001 -0.9770 -0.2131
vn -0.8846 0.1100 -0.4532
vn -0.8738 -0.0446 -0.4841
vn -0.6392 0.0222 -0.7687
vn -0.6399 0.1832 -0.7463
vn -0.5125 0.2070 -0.8333
vn -0.4093 0.0512 -0.9110
vn -0.5066 0.0403 -0.8612
vn -0.4134 0.2221 -0.8831
vn -0.3562 -0.5564 -0.7507
vn -0.5241 -0.5147 -0.6785
vn -0.0658 -0.9232 -0.3786
vn -0.2883 -0.5495 -0.7842
vn -0.1706 -0.5333 -0.8286
vn -0.0386 -0.9220 -0.3853
vn -0.0045 -0.9177 -0.3972
vn -0.0196 -0.5146 -0.8572
vn -0.0263 0.0860 -0.9959
vn -0.2390 0.0703 -0.9685
vn -0.2408 0.2385 -0.9408
vn -0.0262 0.2466 -0.9688
vn 0.2822 0.2353 -0.9301
vn 0.2794 0.0801 -0.9568
vn 0.5987 0.0392 -0.8000
vn 0.6049 0.1935 -0.7724
vn 0.8425 0.1291 -0.5230
vn 0.8325 -0.0276 -0.5534
vn 0.9509 -0.0922 -0.2956
vn 0.9629 0.0636 -0.2621
vn 0.4327 -0.5451 -0.7181
vn 0.2019 -0.5160 -0.8324
vn 0.1051 -0.9254 -0.3641
vn 0.0654 -0.9100 -0.4093
vn -0.7637 -0.3956 -0.5101
vn 0.1702 -0.3630 0.9161
vn 0.1725 -0.2036 0.9638
vn -0.0119 -0.2067 0.9783
vn 0.0031 -0.9636 -0.2673
vn 0.0033 -0.9621 -0.2726
vn 0.7101 -0.6703 -0.2156
vn 0.6730 -0.6088 -0.4200
vn 0.4697 -0.3985 -0.7878
vt 0.957366 0.914562
vt 0.954173 0.914489
vt 0.953922 0.916525
vt 0.959473 0.916637
vt 0.956790 0.919000
vt 0.953608 0.918940
vt 0.953318 0.921574
vt 0.956495 0.921617
vt 0.956320 0.924298
vt 0.953142 0.924265
vt 0.953001 0.927461
vt 0.952818 0.931611
vt 0.952630 0.935888
vt 0.955707 0.938276
vt 0.952470 0.939461
vt 0.952352 0.942136
vt 0.955459 0.943708
vt 0.952284 0.943714
vt 0.952269 0.944811
vt 0.955441 0.944791
vt 0.955484 0.946012
vt 0.952309 0.946041
vt 0.952424 0.947946
vt 0.955605 0.947909
vt 0.955817 0.951026
vt 0.952633 0.951070
vt 0.952831 0.953973
vt 0.956104 0.955165
vt 0.952916 0.955215
vt 0.952937 0.955617
vt 0.956126 0.955567
vt 0.956136 0.955950
vt 0.952948 0.955999
vt 0.952969 0.957139
vt 0.956154 0.957089
vt 0.956199 0.959756
vt 0.953018 0.959810
vt 0.953110 0.963002
vt 0.956288 0.962939
vt 0.956439 0.965623
vt 0.953263 0.965701
vt 0.953488 0.968127
vt 0.956665 0.968032
vt 0.956982 0.970388
vt 0.953799 0.970499
vt 0.954135 0.972770
vt 0.959684 0.972571
vt 0.957623 0.974769
vt 0.954432 0.974891
vt 0.954684 0.976982
vt 0.957874 0.976866
vt 0.958070 0.979056
vt 0.954884 0.979163
vt 0.955064 0.981706
vt 0.958247 0.981610
vt 0.958441 0.984797
vt 0.955259 0.984886
vt 0.955431 0.987869
vt 0.958611 0.987783
vt 0.958718 0.989736
vt 0.955540 0.989822
vt 0.955639 0.991641
vt 0.958811 0.991553
vt 0.961305 0.991494
vt 0.961218 0.989677
vt 0.962362 0.989670
vt 0.962445 0.991493
vt 0.962726 0.987729
vt 0.962259 0.987713
vt 0.961113 0.987723
vt 0.962908 0.991522
vt 0.962829 0.989689
vt 0.962929 0.991912
vt 0.962511 0.992261
vt 0.962972 0.992301
vt 0.962468 0.991877
vt 0.963093 0.993245
vt 0.963341 0.995303
vt 0.963193 0.997868
vt 0.963462 0.997252
vt 0.962047 0.997859
vt 0.956049 0.995419
vt 0.959539 0.997932
vt 0.957071 0.997361
vt 0.955814 0.993352
vt 0.961115 0.992260
vt 0.961330 0.991874
vt 0.958837 0.991933
vt 0.955666 0.992024
vt 0.955706 0.992407
vt 0.960943 0.984733
vt 0.962089 0.984722
vt 0.961896 0.981531
vt 0.960750 0.981542
vt 0.962363 0.981548
vt 0.962556 0.984738
vt 0.961723 0.978971
vt 0.962190 0.978993
vt 0.961997 0.976803
vt 0.961744 0.974711
vt 0.961279 0.974678
vt 0.961530 0.976776
vt 0.961440 0.972596
vt 0.960975 0.972561
vt 0.960132 0.974685
vt 0.960383 0.976785
vt 0.959485 0.970313
vt 0.960629 0.970309
vt 0.961093 0.970342
vt 0.960772 0.967989
vt 0.960307 0.967963
vt 0.959165 0.967967
vt 0.960081 0.965563
vt 0.960546 0.965581
vt 0.960399 0.962895
vt 0.959933 0.962885
vt 0.958788 0.962894
vt 0.958938 0.965569
vt 0.958702 0.959717
vt 0.959847 0.959707
vt 0.960314 0.959712
vt 0.960275 0.957045
vt 0.959807 0.957042
vt 0.958660 0.957052
vt 0.959793 0.955905
vt 0.960261 0.955909
vt 0.960253 0.955530
vt 0.959784 0.955523
vt 0.958635 0.955531
vt 0.958644 0.955914
vt 0.958613 0.955130
vt 0.959761 0.955124
vt 0.960228 0.955122
vt 0.959468 0.950994
vt 0.959934 0.951006
vt 0.959718 0.947892
vt 0.959252 0.947882
vt 0.958107 0.947884
vt 0.958322 0.950996
vt 0.957982 0.945992
vt 0.959125 0.945988
vt 0.959591 0.945992
vt 0.959544 0.944765
vt 0.959078 0.944768
vt 0.957936 0.944775
vt 0.959100 0.943679
vt 0.959566 0.943670
vt 0.959645 0.942095
vt 0.959221 0.941221
vt 0.958060 0.941567
vt 0.957957 0.943690
vt 0.959770 0.939428
vt 0.959931 0.935865
vt 0.959483 0.935467
vt 0.958333 0.935589
vt 0.960120 0.931599
vt 0.960299 0.927457
vt 0.959964 0.924300
vt 0.958820 0.924314
vt 0.960429 0.924270
vt 0.960599 0.921592
vt 0.960136 0.921626
vt 0.958993 0.921640
vt 0.960436 0.919019
vt 0.961229 0.916583
vt 0.960765 0.916626
vt 0.959293 0.919034
vt 0.960899 0.918979
vt 0.961025 0.914595
vt 0.961490 0.914555
vt 0.961684 0.912653
vt 0.961218 0.912687
vt 0.961349 0.910662
vt 0.961815 0.910634
vt 0.961901 0.908649
vt 0.961434 0.908673
vt 0.961493 0.906872
vt 0.961960 0.906847
vt 0.962002 0.904752
vt 0.961540 0.904788
vt 0.962014 0.904372
vt 0.961554 0.904412
vt 0.961590 0.904038
vt 0.962050 0.903992
vt 0.962159 0.903059
vt 0.962380 0.901015
vt 0.962692 0.898011
vt 0.962229 0.898066
vt 0.962583 0.894251
vt 0.963046 0.894198
vt 0.963358 0.890170
vt 0.962894 0.890217
vt 0.963073 0.886558
vt 0.963538 0.886517
vt 0.963624 0.883089
vt 0.963159 0.883122
vt 0.963189 0.879760
vt 0.963654 0.879732
vt 0.963655 0.876604
vt 0.963189 0.876625
vt 0.963184 0.873870
vt 0.963651 0.873859
vt 0.963613 0.871548
vt 0.963146 0.871548
vt 0.963047 0.869710
vt 0.963514 0.869724
vt 0.963375 0.868194
vt 0.962910 0.868167
vt 0.962757 0.866729
vt 0.963221 0.866767
vt 0.962978 0.864709
vt 0.962091 0.858201
vt 0.961621 0.857141
vt 0.962572 0.861289
vt 0.960478 0.857147
vt 0.955290 0.861509
vt 0.957978 0.857256
vt 0.961355 0.866747
vt 0.955695 0.864923
vt 0.955932 0.866977
vt 0.955717 0.858399
vt 0.956079 0.868403
vt 0.959396 0.869812
vt 0.959262 0.868271
vt 0.956212 0.869929
vt 0.961766 0.868179
vt 0.961901 0.869728
vt 0.961999 0.871572
vt 0.962039 0.873899
vt 0.959537 0.873961
vt 0.959495 0.871646
vt 0.956311 0.871745
vt 0.956357 0.874041
vt 0.956368 0.876765
vt 0.959545 0.879827
vt 0.959546 0.876705
vt 0.956367 0.879867
vt 0.962045 0.876655
vt 0.962045 0.879790
vt 0.962014 0.883151
vt 0.961928 0.886586
vt 0.959423 0.886591
vt 0.959512 0.883173
vt 0.956330 0.883191
vt 0.956238 0.886584
vt 0.956054 0.890203
vt 0.958931 0.894256
vt 0.959242 0.890234
vt 0.955743 0.894207
vt 0.961749 0.890245
vt 0.961438 0.894279
vt 0.960939 0.898091
vt 0.960523 0.901092
vt 0.955395 0.898006
vt 0.955099 0.901011
vt 0.954886 0.903060
vt 0.954790 0.903991
vt 0.960198 0.904058
vt 0.960417 0.904431
vt 0.960401 0.904803
vt 0.957909 0.904780
vt 0.957926 0.904408
vt 0.954759 0.904365
vt 0.954740 0.904736
vt 0.957848 0.906855
vt 0.954671 0.906812
vt 0.960348 0.906880
vt 0.960288 0.908680
vt 0.960201 0.910669
vt 0.957692 0.910634
vt 0.957784 0.908651
vt 0.954601 0.908603
vt 0.954503 0.910577
vt 0.954365 0.912587
vt 0.957558 0.912654
vt 0.960070 0.912695
vt 0.959878 0.914606
vt 0.960577 0.978982
vt 0.783457 0.504841
vt 0.785335 0.499432
vt 0.789888 0.494947
vt 0.792556 0.489311
vt 0.796116 0.484435
vt 0.793135 0.490326
vt 0.795555 0.486916
vt 0.795819 0.487310
vt 0.790371 0.495207
vt 0.793895 0.490996
vt 0.797562 0.485642
vt 0.796683 0.487931
vt 0.794365 0.491294
vt 0.791311 0.495785
vt 0.789374 0.497721
vt 0.787740 0.501221
vt 0.784277 0.506541
vt 0.781156 0.510319
vt 0.781549 0.510686
vt 0.778735 0.513531
vt 0.774889 0.514472
vt 0.778448 0.513101
vt 0.775015 0.514954
vt 0.778166 0.512671
vt 0.774775 0.513986
vt 0.774685 0.513494
vt 0.780758 0.509975
vt 0.780350 0.509675
vt 0.777893 0.512238
vt 0.779431 0.509185
vt 0.781302 0.505354
vt 0.784128 0.504769
vt 0.774556 0.512728
vt 0.771672 0.512717
vt 0.769159 0.512326
vt 0.769568 0.511531
vt 0.771507 0.513496
vt 0.771410 0.513992
vt 0.768897 0.512762
vt 0.767165 0.510587
vt 0.767558 0.510260
vt 0.768032 0.509856
vt 0.765660 0.507961
vt 0.766143 0.507756
vt 0.766766 0.510908
vt 0.768643 0.513189
vt 0.766623 0.507573
vt 0.767009 0.506856
vt 0.766140 0.504636
vt 0.765613 0.504699
vt 0.765894 0.501817
vt 0.765758 0.499528
vt 0.766053 0.497208
vt 0.765234 0.499618
vt 0.765355 0.501850
vt 0.764820 0.501941
vt 0.764629 0.498649
vt 0.765117 0.498413
vt 0.765601 0.498179
vt 0.765287 0.497426
vt 0.764882 0.497812
vt 0.764677 0.496922
vt 0.763376 0.495152
vt 0.765056 0.496083
vt 0.764412 0.497395
vt 0.760201 0.495067
vt 0.760069 0.495589
vt 0.755898 0.493652
vt 0.756093 0.493163
vt 0.756439 0.492175
vt 0.760385 0.493947
vt 0.759877 0.496090
vt 0.764103 0.497832
vt 0.762572 0.497736
vt 0.759655 0.496582
vt 0.755420 0.494609
vt 0.755668 0.494132
vt 0.750577 0.491213
vt 0.750266 0.491638
vt 0.745648 0.487730
vt 0.743479 0.482716
vt 0.746037 0.487388
vt 0.743018 0.482947
vt 0.746438 0.487064
vt 0.743951 0.482500
vt 0.744443 0.482315
vt 0.750887 0.490795
vt 0.751199 0.490390
vt 0.746862 0.486774
vt 0.747614 0.486310
vt 0.752918 0.487944
vt 0.749217 0.485331
vt 0.757499 0.488600
vt 0.761416 0.488511
vt 0.767133 0.490414
vt 0.759120 0.479801
vt 0.764431 0.474774
vt 0.753684 0.483153
vt 0.754014 0.476995
vt 0.749253 0.479524
vt 0.746816 0.481157
vt 0.745305 0.482025
vt 0.744181 0.476323
vt 0.746018 0.469560
vt 0.743332 0.477418
vt 0.742925 0.472484
vt 0.744743 0.461297
vt 0.742389 0.472475
vt 0.742423 0.467714
vt 0.742808 0.477504
vt 0.742956 0.467801
vt 0.743157 0.463656
vt 0.742638 0.463526
vt 0.743323 0.460243
vt 0.743787 0.460441
vt 0.742121 0.463406
vt 0.742870 0.460023
vt 0.744455 0.457837
vt 0.744769 0.458195
vt 0.745099 0.458545
vt 0.746452 0.458619
vt 0.746666 0.457208
vt 0.746829 0.457702
vt 0.748714 0.457643
vt 0.748708 0.457105
vt 0.751886 0.457736
vt 0.751785 0.458271
vt 0.751543 0.459125
vt 0.748287 0.458654
vt 0.748703 0.456580
vt 0.748715 0.456064
vt 0.752097 0.456681
vt 0.746520 0.456729
vt 0.746383 0.456258
vt 0.757335 0.458421
vt 0.757482 0.457894
vt 0.763204 0.459269
vt 0.757195 0.458950
vt 0.762915 0.460320
vt 0.763053 0.459792
vt 0.767457 0.460891
vt 0.767600 0.460371
vt 0.770580 0.461125
vt 0.772054 0.461457
vt 0.772059 0.461987
vt 0.770393 0.462169
vt 0.772089 0.462512
vt 0.772171 0.463026
vt 0.767324 0.461415
vt 0.767211 0.461946
vt 0.770324 0.462692
vt 0.770752 0.463641
vt 0.766986 0.463018
vt 0.762611 0.461881
vt 0.762803 0.460855
vt 0.757071 0.459486
vt 0.756851 0.460487
vt 0.769666 0.467503
vt 0.772911 0.465560
vt 0.772407 0.471212
vt 0.749329 0.471287
vt 0.775695 0.473705
vt 0.780221 0.474662
vt 0.777532 0.483067
vt 0.776929 0.468415
vt 0.782843 0.466314
vt 0.775434 0.465127
vt 0.780035 0.463011
vt 0.787231 0.466783
vt 0.786078 0.471213
vt 0.791072 0.468386
vt 0.794501 0.467347
vt 0.794263 0.471268
vt 0.798564 0.457624
vt 0.796009 0.467780
vt 0.799005 0.461334
vt 0.797193 0.467048
vt 0.797045 0.467721
vt 0.798290 0.465418
vt 0.797757 0.467111
vt 0.797622 0.467713
vt 0.798305 0.467218
vt 0.798847 0.467337
vt 0.798727 0.467853
vt 0.798179 0.467768
vt 0.798827 0.465558
vt 0.799365 0.465692
vt 0.800070 0.461641
vt 0.800610 0.461758
vt 0.801230 0.456897
vt 0.801768 0.456955
vt 0.800697 0.456822
vt 0.799534 0.461506
vt 0.801505 0.452758
vt 0.800986 0.452809
vt 0.800477 0.452852
vt 0.800171 0.456709
vt 0.799792 0.449656
vt 0.800251 0.449430
vt 0.798984 0.450085
vt 0.799176 0.452962
vt 0.796877 0.448442
vt 0.797986 0.447019
vt 0.795052 0.446347
vt 0.795491 0.445382
vt 0.798343 0.446650
vt 0.795702 0.444921
vt 0.798703 0.446303
vt 0.801196 0.449031
vt 0.800720 0.449225
vt 0.795910 0.444467
vt 0.799067 0.445966
vt 0.796115 0.444019
vt 0.802030 0.452703
vt 0.792795 0.444194
vt 0.792813 0.443699
vt 0.789653 0.445165
vt 0.789494 0.444673
vt 0.792770 0.444692
vt 0.789803 0.445655
vt 0.786773 0.447063
vt 0.786495 0.446609
vt 0.783450 0.449479
vt 0.787059 0.447498
vt 0.784173 0.450263
vt 0.783799 0.449891
vt 0.780374 0.453647
vt 0.779993 0.453259
vt 0.777262 0.457245
vt 0.776879 0.456861
vt 0.777673 0.457587
vt 0.780782 0.453993
vt 0.781246 0.454253
vt 0.784187 0.451934
vt 0.777933 0.459243
vt 0.776963 0.459204
vt 0.784595 0.450559
vt 0.779420 0.459417
vt 0.774181 0.463574
vt 0.773984 0.462556
vt 0.773617 0.462165
vt 0.775630 0.459949
vt 0.775231 0.459597
vt 0.773330 0.461720
vt 0.773090 0.461240
vt 0.774863 0.459202
vt 0.772673 0.461464
vt 0.772803 0.461988
vt 0.772975 0.462496
vt 0.773230 0.462974
vt 0.788135 0.454648
vt 0.788542 0.450180
vt 0.792622 0.451970
vt 0.792310 0.447154
vt 0.790187 0.447085
vt 0.787928 0.448617
vt 0.792729 0.445202
vt 0.787360 0.447893
vt 0.789939 0.446143
vt 0.797787 0.452294
vt 0.798129 0.468352
vt 0.798681 0.468409
vt 0.797571 0.468350
vt 0.797637 0.470270
vt 0.798376 0.474653
vt 0.798931 0.474666
vt 0.799093 0.479452
vt 0.798529 0.482335
vt 0.798544 0.479421
vt 0.799061 0.482420
vt 0.798039 0.479480
vt 0.798023 0.482303
vt 0.797570 0.482377
vt 0.797851 0.474725
vt 0.797388 0.474967
vt 0.797624 0.479718
vt 0.797001 0.468441
vt 0.796232 0.475981
vt 0.794368 0.482699
vt 0.796769 0.485061
vt 0.797275 0.483853
vt 0.797115 0.485388
vt 0.797737 0.484002
vt 0.798232 0.484157
vt 0.798743 0.484314
vt 0.798047 0.485877
vt 0.787204 0.486705
vt 0.790112 0.477561
vt 0.783795 0.480698
vt 0.787571 0.493797
vt 0.778763 0.491680
vt 0.780641 0.498877
vt 0.776656 0.506730
vt 0.773638 0.505495
vt 0.772620 0.497608
vt 0.767715 0.506215
vt 0.767662 0.496435
vt 0.773585 0.490405
vt 0.770768 0.488654
vt 0.744150 0.457475
vt 0.742422 0.459793
vt 0.741605 0.463289
vt 0.741300 0.465357
vt 0.741888 0.467670
vt 0.741852 0.472503
vt 0.740659 0.472576
vt 0.741801 0.480377
vt 0.742290 0.477614
vt 0.737002 0.488991
vt 0.741391 0.488795
vt 0.741226 0.495077
vt 0.741422 0.483110
vt 0.736836 0.495255
vt 0.737034 0.483314
vt 0.736608 0.501184
vt 0.740995 0.501031
vt 0.740776 0.505727
vt 0.736388 0.505855
vt 0.736143 0.510458
vt 0.740603 0.508923
vt 0.740525 0.510374
vt 0.740500 0.510953
vt 0.740488 0.511532
vt 0.736108 0.511595
vt 0.736101 0.512691
vt 0.736119 0.511023
vt 0.740161 0.526818
vt 0.739958 0.530002
vt 0.735583 0.530020
vt 0.735784 0.526854
vt 0.735923 0.523883
vt 0.740301 0.523834
vt 0.740387 0.520677
vt 0.736008 0.520731
vt 0.736057 0.517634
vt 0.740465 0.514774
vt 0.740436 0.517579
vt 0.736086 0.514829
vt 0.739414 0.537852
vt 0.739231 0.542031
vt 0.737047 0.542013
vt 0.735045 0.537828
vt 0.739682 0.533762
vt 0.734864 0.541996
vt 0.735311 0.533757
vt 0.734696 0.546959
vt 0.739062 0.547000
vt 0.736652 0.553441
vt 0.734470 0.553418
vt 0.734060 0.564990
vt 0.738595 0.560124
vt 0.738409 0.565686
vt 0.738834 0.553463
vt 0.738247 0.569843
vt 0.733886 0.569786
vt 0.738151 0.572290
vt 0.733792 0.572230
vt 0.733748 0.573922
vt 0.738106 0.573985
vt 0.738107 0.575888
vt 0.733748 0.575822
vt 0.738142 0.578849
vt 0.733782 0.578780
vt 0.738277 0.590181
vt 0.733915 0.590110
vt 0.738189 0.583716
vt 0.738281 0.590812
vt 0.733919 0.590737
vt 0.733839 0.583644
vt 0.738151 0.602316
vt 0.738172 0.606504
vt 0.735990 0.606461
vt 0.738254 0.610268
vt 0.738653 0.620840
vt 0.738714 0.624128
vt 0.734341 0.623948
vt 0.738713 0.627555
vt 0.734281 0.620677
vt 0.734338 0.627364
vt 0.734286 0.631348
vt 0.738661 0.631545
vt 0.738577 0.636525
vt 0.734200 0.636323
vt 0.734110 0.640985
vt 0.738485 0.641191
vt 0.738423 0.644241
vt 0.734044 0.644033
vt 0.738377 0.646074
vt 0.733975 0.646874
vt 0.738348 0.647764
vt 0.738361 0.648586
vt 0.733983 0.648355
vt 0.738395 0.650207
vt 0.738455 0.653276
vt 0.734016 0.649958
vt 0.734074 0.653004
vt 0.734674 0.655867
vt 0.737960 0.656084
vt 0.738352 0.647087
vt 0.733970 0.647545
vt 0.734172 0.617369
vt 0.738392 0.613963
vt 0.738542 0.617512
vt 0.734025 0.613844
vt 0.733887 0.610170
vt 0.733808 0.606419
vt 0.733787 0.602238
vt 0.738192 0.597352
vt 0.733830 0.597276
vt 0.733888 0.593116
vt 0.738275 0.591413
vt 0.738250 0.593191
vt 0.733914 0.591338
vt 0.736987 0.477983
vt 0.736919 0.472756
vt 0.736827 0.467879
vt 0.741109 0.463390
vt 0.736710 0.463602
vt 0.736552 0.460000
vt 0.740726 0.456927
vt 0.740946 0.459782
vt 0.736334 0.457147
vt 0.734498 0.439255
vt 0.737785 0.439041
vt 0.739011 0.443784
vt 0.734625 0.444052
vt 0.735370 0.449347
vt 0.740196 0.452303
vt 0.735806 0.452535
vt 0.739759 0.449100
vt 0.736079 0.454756
vt 0.740470 0.454532
vt 0.764461 0.498167
vt 0.764032 0.498507
vt 0.763770 0.498251
vt 0.764140 0.498880
vt 0.764288 0.502061
vt 0.764569 0.504959
vt 0.765090 0.504816
vt 0.765175 0.508178
vt 0.766364 0.511226
vt 0.768393 0.513612
vt 0.771273 0.514975
vt 0.771336 0.514484
vt 0.744086 0.837793
vt 0.744312 0.838980
vt 0.744832 0.839077
vt 0.744614 0.837823
vt 0.745116 0.837749
vt 0.743955 0.840125
vt 0.744463 0.840292
vt 0.744945 0.840485
vt 0.745340 0.839133
vt 0.745415 0.840693
vt 0.745843 0.839167
vt 0.744358 0.842117
vt 0.743949 0.841762
vt 0.743513 0.841448
vt 0.743024 0.841215
vt 0.741529 0.842242
vt 0.742368 0.842917
vt 0.741990 0.842528
vt 0.739548 0.843235
vt 0.739970 0.843572
vt 0.737968 0.841035
vt 0.743341 0.836605
vt 0.732268 0.829964
vt 0.742141 0.835458
vt 0.740608 0.834302
vt 0.738859 0.833085
vt 0.739370 0.832899
vt 0.737421 0.831474
vt 0.741123 0.834164
vt 0.736951 0.831736
vt 0.739781 0.832548
vt 0.742665 0.835370
vt 0.743116 0.835107
vt 0.741549 0.833845
vt 0.743531 0.834755
vt 0.741932 0.833436
vt 0.744802 0.836132
vt 0.744349 0.836389
vt 0.743870 0.836572
vt 0.745605 0.837625
vt 0.740145 0.832116
vt 0.738171 0.830660
vt 0.735659 0.829369
vt 0.737815 0.831096
vt 0.736012 0.828933
vt 0.734080 0.827328
vt 0.733729 0.827765
vt 0.732443 0.826679
vt 0.732698 0.826165
vt 0.729558 0.824393
vt 0.728703 0.823320
vt 0.732226 0.827982
vt 0.728093 0.824641
vt 0.729303 0.824871
vt 0.727529 0.825223
vt 0.728394 0.824242
vt 0.728062 0.824080
vt 0.727744 0.824304
vt 0.727052 0.824940
vt 0.727522 0.823878
vt 0.726786 0.824442
vt 0.724578 0.826903
vt 0.725777 0.824640
vt 0.724298 0.826399
vt 0.726620 0.823857
vt 0.727362 0.823405
vt 0.728041 0.823240
vt 0.728049 0.823711
vt 0.728575 0.823792
vt 0.723994 0.827754
vt 0.724532 0.827867
vt 0.723511 0.827576
vt 0.723702 0.828379
vt 0.723218 0.828335
vt 0.723221 0.828964
vt 0.723910 0.829277
vt 0.723681 0.828860
vt 0.723504 0.829523
vt 0.724035 0.828778
vt 0.724586 0.828649
vt 0.724165 0.828469
vt 0.724282 0.828997
vt 0.724867 0.829340
vt 0.724533 0.829721
vt 0.724186 0.830085
vt 0.727048 0.831448
vt 0.727286 0.830943
vt 0.729053 0.831608
vt 0.728829 0.832127
vt 0.730473 0.832737
vt 0.731929 0.832744
vt 0.730707 0.832229
vt 0.731666 0.833225
vt 0.730963 0.831735
vt 0.732231 0.832306
vt 0.732612 0.831955
vt 0.731265 0.831269
vt 0.729346 0.830515
vt 0.729305 0.831100
vt 0.733248 0.832892
vt 0.733726 0.832687
vt 0.734677 0.833478
vt 0.734907 0.830161
vt 0.733389 0.828212
vt 0.735294 0.829785
vt 0.732106 0.827133
vt 0.725154 0.827899
vt 0.727561 0.830454
vt 0.735447 0.834291
vt 0.736017 0.835090
vt 0.736366 0.835856
vt 0.736474 0.836575
vt 0.736339 0.837245
vt 0.735955 0.837864
vt 0.735303 0.838484
vt 0.734369 0.839158
vt 0.733245 0.839836
vt 0.732104 0.840505
vt 0.732194 0.841676
vt 0.734294 0.842865
vt 0.729289 0.844256
vt 0.729780 0.841700
vt 0.726517 0.843360
vt 0.723636 0.849117
vt 0.725994 0.849146
vt 0.723814 0.850000
vt 0.723173 0.849441
vt 0.722664 0.845218
vt 0.722164 0.846196
vt 0.722525 0.848975
vt 0.721310 0.847921
vt 0.722767 0.849845
vt 0.722440 0.850472
vt 0.723033 0.850452
vt 0.722692 0.850777
vt 0.709163 0.852021
vt 0.708265 0.853974
vt 0.708466 0.854676
vt 0.708609 0.855180
vt 0.722596 0.851206
vt 0.708751 0.855677
vt 0.722452 0.850706
vt 0.722737 0.851700
vt 0.722945 0.852431
vt 0.709307 0.857625
vt 0.723291 0.853642
vt 0.708960 0.856410
vt 0.709923 0.859787
vt 0.723907 0.855801
vt 0.718389 0.869070
vt 0.726055 0.863324
vt 0.712070 0.867311
vt 0.710943 0.863361
vt 0.713009 0.870599
vt 0.713793 0.873357
vt 0.719845 0.874205
vt 0.723616 0.870580
vt 0.714459 0.875715
vt 0.727787 0.869400
vt 0.726997 0.866623
vt 0.728462 0.871789
vt 0.724844 0.874963
vt 0.729024 0.873801
vt 0.729479 0.875450
vt 0.715458 0.879312
vt 0.715012 0.877693
vt 0.729879 0.876913
vt 0.715852 0.880753
vt 0.716247 0.882198
vt 0.716673 0.883758
vt 0.730702 0.879926
vt 0.722558 0.884073
vt 0.717161 0.885543
vt 0.717710 0.887557
vt 0.723717 0.888335
vt 0.727558 0.884880
vt 0.718318 0.889800
vt 0.731743 0.883741
vt 0.731192 0.881719
vt 0.732354 0.885993
vt 0.728849 0.889636
vt 0.733033 0.888503
vt 0.733788 0.891302
vt 0.725149 0.893637
vt 0.718995 0.892302
vt 0.719749 0.895096
vt 0.720427 0.897609
vt 0.720876 0.899270
vt 0.734467 0.893817
vt 0.734915 0.895477
vt 0.721887 0.903012
vt 0.735897 0.899113
vt 0.722132 0.903919
vt 0.722274 0.904446
vt 0.736317 0.900665
vt 0.736171 0.900127
vt 0.737755 0.906225
vt 0.737491 0.905189
vt 0.723415 0.908846
vt 0.723837 0.910494
vt 0.737925 0.906889
vt 0.723667 0.909830
vt 0.722899 0.906831
vt 0.723964 0.910994
vt 0.738053 0.907389
vt 0.724090 0.911485
vt 0.738179 0.907880
vt 0.738364 0.908603
vt 0.724275 0.912205
vt 0.727197 0.923633
vt 0.727375 0.924327
vt 0.741464 0.920724
vt 0.727523 0.924905
vt 0.741287 0.920030
vt 0.741612 0.921302
vt 0.741751 0.921844
vt 0.727811 0.926035
vt 0.741901 0.922432
vt 0.727661 0.925447
vt 0.727998 0.926766
vt 0.742088 0.923163
vt 0.734235 0.928578
vt 0.742619 0.925239
vt 0.728529 0.928840
vt 0.728815 0.929961
vt 0.728247 0.927738
vt 0.742336 0.924135
vt 0.742937 0.926492
vt 0.739071 0.928863
vt 0.743787 0.929805
vt 0.735111 0.932002
vt 0.730217 0.935451
vt 0.740117 0.932957
vt 0.729178 0.931381
vt 0.729689 0.933376
vt 0.744319 0.931898
vt 0.744741 0.933570
vt 0.736061 0.935748
vt 0.740830 0.935861
vt 0.730635 0.937109
vt 0.731135 0.939106
vt 0.731275 0.939667
vt 0.745384 0.936142
vt 0.731416 0.940231
vt 0.745244 0.935583
vt 0.745525 0.936707
vt 0.745732 0.937537
vt 0.731629 0.941084
vt 0.733359 0.942240
vt 0.745704 0.939156
vt 0.739095 0.911461
vt 0.725463 0.916852
vt 0.739552 0.913248
vt 0.725006 0.915065
vt 0.739982 0.914928
vt 0.726219 0.919806
vt 0.740308 0.916202
vt 0.725893 0.918532
vt 0.740578 0.917257
vt 0.726749 0.921879
vt 0.740838 0.918276
vt 0.726488 0.920860
vt 0.741078 0.919215
vt 0.726989 0.922818
vt 0.736915 0.902939
vt 0.736655 0.901932
vt 0.722590 0.905631
vt 0.736467 0.901220
vt 0.722415 0.904966
vt 0.724927 0.859373
vt 0.730275 0.878364
vt 0.723149 0.851225
vt 0.723840 0.850939
vt 0.723374 0.850811
vt 0.723750 0.851417
vt 0.723546 0.850491
vt 0.723398 0.850176
vt 0.723879 0.850465
vt 0.724549 0.850291
vt 0.726184 0.849651
vt 0.726076 0.850284
vt 0.724596 0.850810
vt 0.724633 0.851325
vt 0.726407 0.850727
vt 0.733190 0.845879
vt 0.730971 0.847488
vt 0.731191 0.848000
vt 0.731411 0.848514
vt 0.735054 0.846858
vt 0.734564 0.845856
vt 0.734824 0.846347
vt 0.737147 0.844220
vt 0.737529 0.844616
vt 0.737819 0.845083
vt 0.738063 0.845586
vt 0.740569 0.844489
vt 0.740295 0.844006
vt 0.742705 0.843358
vt 0.721616 0.846037
vt 0.722176 0.845207
vt 0.721677 0.845098
vt 0.721888 0.844455
vt 0.722337 0.844657
vt 0.722687 0.844205
vt 0.722289 0.843891
vt 0.724515 0.843084
vt 0.724205 0.842618
vt 0.725823 0.841788
vt 0.726100 0.842278
vt 0.728084 0.841301
vt 0.727825 0.840804
vt 0.731121 0.839210
vt 0.731362 0.839714
vt 0.732157 0.838695
vt 0.732446 0.839169
vt 0.733487 0.838593
vt 0.733165 0.838162
vt 0.733986 0.837655
vt 0.734358 0.838020
vt 0.734924 0.837486
vt 0.734485 0.837210
vt 0.734738 0.836798
vt 0.735238 0.836962
vt 0.735352 0.836419
vt 0.734824 0.836390
vt 0.734732 0.835950
vt 0.735258 0.835839
vt 0.734945 0.835204
vt 0.734449 0.835441
vt 0.733986 0.834878
vt 0.734430 0.834541
vt 0.733729 0.833874
vt 0.733353 0.834276
vt 0.732572 0.833702
vt 0.732882 0.833257
vt 0.734906 0.834309
vt 0.734154 0.833574
vt 0.735461 0.835057
vt 0.735798 0.835788
vt 0.735897 0.836473
vt 0.735764 0.837115
vt 0.735402 0.837718
vt 0.734780 0.838318
vt 0.733869 0.838950
vt 0.732795 0.839575
vt 0.731684 0.840156
vt 0.730284 0.840845
vt 0.728340 0.841798
vt 0.726340 0.842784
vt 0.723132 0.845055
vt 0.724772 0.843575
vt 0.722999 0.844574
vt 0.722667 0.844817
vt 0.184022 0.093652
vt 0.183995 0.095366
vt 0.185956 0.098409
vt 0.183915 0.092659
vt 0.183345 0.095199
vt 0.183310 0.096794
vt 0.183750 0.105239
vt 0.185472 0.106160
vt 0.187630 0.098129
vt 0.187495 0.104881
vt 0.188656 0.099908
vt 0.188964 0.094588
vt 0.189511 0.090953
vt 0.190217 0.088737
vt 0.189594 0.089081
vt 0.189216 0.092790
vt 0.189830 0.092624
vt 0.190138 0.090716
vt 0.189199 0.087332
vt 0.189785 0.086876
vt 0.190268 0.086549
vt 0.190712 0.090624
vt 0.190764 0.088545
vt 0.191273 0.088428
vt 0.191259 0.090605
vt 0.190408 0.092592
vt 0.190969 0.092626
vt 0.190147 0.094262
vt 0.190711 0.094301
vt 0.190493 0.096431
vt 0.189708 0.101507
vt 0.190321 0.099821
vt 0.190196 0.103875
vt 0.189556 0.107972
vt 0.190114 0.107998
vt 0.189024 0.106548
vt 0.188464 0.106338
vt 0.189320 0.097328
vt 0.189574 0.094276
vt 0.188917 0.111465
vt 0.188267 0.112979
vt 0.188784 0.113860
vt 0.189314 0.113992
vt 0.189467 0.111550
vt 0.190016 0.111601
vt 0.188628 0.115328
vt 0.189843 0.114097
vt 0.189116 0.115506
vt 0.189598 0.115681
vt 0.188890 0.116301
vt 0.189288 0.116547
vt 0.188868 0.116972
vt 0.188582 0.116645
vt 0.188137 0.116804
vt 0.188296 0.117231
vt 0.187525 0.117291
vt 0.186587 0.116587
vt 0.186441 0.117103
vt 0.187493 0.116783
vt 0.187473 0.116273
vt 0.188045 0.115928
vt 0.187220 0.115672
vt 0.188035 0.116372
vt 0.186649 0.116046
vt 0.184185 0.115075
vt 0.184397 0.114456
vt 0.184617 0.115882
vt 0.183536 0.115955
vt 0.183713 0.115440
vt 0.183449 0.114162
vt 0.183383 0.114643
vt 0.183112 0.115055
vt 0.182739 0.115433
vt 0.182716 0.114641
vt 0.182280 0.114934
vt 0.183024 0.114438
vt 0.182477 0.114131
vt 0.181988 0.114331
vt 0.181827 0.113324
vt 0.182354 0.113159
vt 0.182887 0.113176
vt 0.183456 0.111200
vt 0.182965 0.114040
vt 0.182887 0.109581
vt 0.182996 0.105236
vt 0.182332 0.109113
vt 0.182517 0.102334
vt 0.181777 0.109025
vt 0.182181 0.096878
vt 0.182729 0.096859
vt 0.182218 0.095389
vt 0.182710 0.094245
vt 0.182167 0.094379
vt 0.182761 0.095335
vt 0.182041 0.093697
vt 0.182564 0.093466
vt 0.182308 0.092872
vt 0.181854 0.093200
vt 0.181584 0.092841
vt 0.181431 0.092111
vt 0.181208 0.092575
vt 0.181933 0.092432
vt 0.182399 0.091924
vt 0.183612 0.091837
vt 0.183099 0.091220
vt 0.182860 0.092450
vt 0.182355 0.090844
vt 0.181774 0.091562
vt 0.180993 0.091388
vt 0.180386 0.090788
vt 0.180064 0.091427
vt 0.181435 0.090700
vt 0.179975 0.091994
vt 0.180785 0.091951
vt 0.180693 0.092452
vt 0.179055 0.091651
vt 0.180004 0.092523
vt 0.179071 0.092209
vt 0.179199 0.092750
vt 0.178137 0.092569
vt 0.178334 0.093093
vt 0.177410 0.093556
vt 0.177165 0.093061
vt 0.176149 0.093668
vt 0.176426 0.094147
vt 0.175064 0.095049
vt 0.172704 0.095979
vt 0.173009 0.096447
vt 0.174768 0.094579
vt 0.174495 0.094084
vt 0.172421 0.095473
vt 0.172179 0.094892
vt 0.175774 0.092629
vt 0.174264 0.093532
vt 0.175916 0.093169
vt 0.168646 0.095773
vt 0.170202 0.093648
vt 0.172750 0.089673
vt 0.168529 0.091763
vt 0.178935 0.087339
vt 0.176988 0.088048
vt 0.174911 0.088806
vt 0.182727 0.085889
vt 0.180823 0.086635
vt 0.184652 0.085378
vt 0.179265 0.091061
vt 0.178131 0.091466
vt 0.176971 0.091993
vt 0.176994 0.092546
vt 0.178036 0.092032
vt 0.188233 0.086001
vt 0.186601 0.085384
vt 0.188743 0.085453
vt 0.187227 0.084262
vt 0.186994 0.084787
vt 0.189123 0.085000
vt 0.189437 0.084595
vt 0.190700 0.086286
vt 0.187380 0.083773
vt 0.185003 0.083691
vt 0.185004 0.084220
vt 0.182874 0.084760
vt 0.182776 0.084221
vt 0.180667 0.085026
vt 0.180819 0.085562
vt 0.178821 0.086305
vt 0.178645 0.085772
vt 0.176591 0.086512
vt 0.176779 0.087042
vt 0.174591 0.087826
vt 0.174388 0.087303
vt 0.172114 0.088188
vt 0.172335 0.088701
vt 0.170090 0.089716
vt 0.169847 0.089213
vt 0.167781 0.090252
vt 0.168048 0.090744
vt 0.166402 0.091658
vt 0.166112 0.091178
vt 0.164613 0.092117
vt 0.164930 0.092575
vt 0.163407 0.093615
vt 0.163058 0.093196
vt 0.161769 0.094193
vt 0.162153 0.094553
vt 0.161489 0.095164
vt 0.161071 0.094886
vt 0.160749 0.095475
vt 0.161209 0.095651
vt 0.161104 0.096219
vt 0.160590 0.096160
vt 0.160487 0.096579
vt 0.161155 0.096915
vt 0.161340 0.097790
vt 0.160333 0.096369
vt 0.146481 0.100863
vt 0.146924 0.102275
vt 0.147205 0.103189
vt 0.146673 0.101468
vt 0.161886 0.099696
vt 0.147487 0.104117
vt 0.147735 0.104935
vt 0.161873 0.101131
vt 0.147912 0.105521
vt 0.161850 0.101359
vt 0.148191 0.106442
vt 0.162116 0.102263
vt 0.161984 0.101815
vt 0.148053 0.105985
vt 0.155281 0.110539
vt 0.163840 0.107944
vt 0.163317 0.106231
vt 0.148871 0.108680
vt 0.149408 0.110444
vt 0.162785 0.104479
vt 0.149930 0.112162
vt 0.150525 0.114116
vt 0.160294 0.111158
vt 0.162350 0.103040
vt 0.148430 0.107228
vt 0.156631 0.114972
vt 0.151278 0.116588
vt 0.151989 0.118923
vt 0.165197 0.112383
vt 0.161763 0.115980
vt 0.165911 0.114729
vt 0.164438 0.109902
vt 0.158979 0.122749
vt 0.167553 0.120188
vt 0.167296 0.119332
vt 0.167017 0.118402
vt 0.153090 0.122577
vt 0.153367 0.123503
vt 0.153621 0.124348
vt 0.153839 0.125081
vt 0.163623 0.122179
vt 0.167963 0.121575
vt 0.167778 0.120945
vt 0.159377 0.124095
vt 0.154012 0.125669
vt 0.168124 0.122133
vt 0.154160 0.126184
vt 0.154307 0.126696
vt 0.168280 0.122676
vt 0.154474 0.127279
vt 0.168452 0.123278
vt 0.154682 0.128006
vt 0.168661 0.124011
vt 0.171745 0.140903
vt 0.173774 0.141899
vt 0.172786 0.138443
vt 0.174169 0.143283
vt 0.174019 0.142753
vt 0.165409 0.145189
vt 0.160326 0.147763
vt 0.174321 0.143824
vt 0.160177 0.147234
vt 0.169611 0.143095
vt 0.159790 0.145878
vt 0.160028 0.146711
vt 0.160526 0.148473
vt 0.174504 0.144480
vt 0.174788 0.145503
vt 0.175533 0.148179
vt 0.175295 0.147325
vt 0.161291 0.151233
vt 0.161692 0.152672
vt 0.175699 0.148775
vt 0.161526 0.152076
vt 0.175827 0.149237
vt 0.161820 0.153134
vt 0.161946 0.153588
vt 0.175953 0.149691
vt 0.178787 0.166170
vt 0.180405 0.165726
vt 0.179298 0.161720
vt 0.181344 0.169138
vt 0.181950 0.171359
vt 0.177163 0.170279
vt 0.171777 0.168095
vt 0.173316 0.173705
vt 0.175119 0.162874
vt 0.165283 0.165590
vt 0.166384 0.169575
vt 0.167318 0.172966
vt 0.178186 0.157716
vt 0.169569 0.160105
vt 0.177227 0.154267
vt 0.163219 0.158161
vt 0.164176 0.161601
vt 0.162568 0.155823
vt 0.176575 0.151926
vt 0.176171 0.150474
vt 0.162164 0.154371
vt 0.167920 0.175171
vt 0.168396 0.176928
vt 0.168949 0.178972
vt 0.182429 0.173125
vt 0.170100 0.183223
vt 0.183569 0.177339
vt 0.169533 0.181129
vt 0.182983 0.175172
vt 0.184144 0.179461
vt 0.184721 0.181616
vt 0.176658 0.186140
vt 0.185315 0.183879
vt 0.181718 0.187278
vt 0.185914 0.186195
vt 0.174782 0.201327
vt 0.188867 0.197721
vt 0.188256 0.195334
vt 0.187671 0.193049
vt 0.173586 0.196655
vt 0.174171 0.198940
vt 0.187094 0.190796
vt 0.173010 0.194404
vt 0.186508 0.188506
vt 0.177842 0.190730
vt 0.172425 0.192121
vt 0.171837 0.189830
vt 0.171248 0.187553
vt 0.170666 0.185336
vt 0.177066 0.210251
vt 0.178732 0.211118
vt 0.191056 0.207964
vt 0.191151 0.206645
vt 0.190685 0.204823
vt 0.190114 0.202592
vt 0.176029 0.206198
vt 0.176600 0.208428
vt 0.189491 0.200158
vt 0.175406 0.203763
vt 0.164751 0.142889
vt 0.168620 0.139628
vt 0.172030 0.135944
vt 0.163482 0.138460
vt 0.158108 0.139993
vt 0.158802 0.142423
vt 0.167163 0.134540
vt 0.157090 0.136432
vt 0.169351 0.126426
vt 0.155372 0.130420
vt 0.168948 0.125014
vt 0.154968 0.129009
vt 0.159372 0.144416
vt 0.157811 0.118857
vt 0.152456 0.120466
vt 0.152786 0.121567
vt 0.166713 0.117390
vt 0.166380 0.116282
vt 0.162192 0.100509
vt 0.162519 0.101058
vt 0.162208 0.101367
vt 0.162629 0.100248
vt 0.162376 0.099467
vt 0.161932 0.097851
vt 0.163240 0.100549
vt 0.162955 0.099572
vt 0.162854 0.100777
vt 0.162505 0.097829
vt 0.166694 0.097438
vt 0.165236 0.099427
vt 0.165537 0.096011
vt 0.164863 0.093985
vt 0.162026 0.095955
vt 0.166891 0.092687
vt 0.168948 0.097055
vt 0.167880 0.098507
vt 0.170245 0.096943
vt 0.164062 0.100705
vt 0.165386 0.100004
vt 0.165572 0.100535
vt 0.163343 0.101009
vt 0.163371 0.101459
vt 0.164178 0.101220
vt 0.164294 0.101724
vt 0.163029 0.101061
vt 0.163360 0.101904
vt 0.162900 0.101367
vt 0.162742 0.101735
vt 0.165775 0.101044
vt 0.168567 0.099414
vt 0.168617 0.098728
vt 0.170823 0.097933
vt 0.170520 0.097463
vt 0.170551 0.090708
vt 0.172550 0.089201
vt 0.170327 0.090216
vt 0.168301 0.091245
vt 0.166670 0.092155
vt 0.165215 0.093059
vt 0.163715 0.094068
vt 0.162483 0.094957
vt 0.161832 0.095500
vt 0.161591 0.096181
vt 0.161686 0.096804
vt 0.161546 0.095777
vt 0.174772 0.088332
vt 0.176925 0.087559
vt 0.178938 0.086830
vt 0.180896 0.086098
vt 0.182886 0.085312
vt 0.184916 0.084774
vt 0.160157 0.095849
vt 0.146317 0.100355
vt 0.146152 0.099842
vt 0.158427 0.091869
vt 0.146317 0.095792
vt 0.145415 0.097553
vt 0.159252 0.093064
vt 0.159986 0.095338
vt 0.159719 0.094516
vt 0.145885 0.099012
vt 0.183162 0.093149
vt 0.183309 0.094030
vt 0.185673 0.110404
vt 0.184289 0.113009
vt 0.188368 0.116375
vt 0.188480 0.116085
vt 0.712597 0.972924
vt 0.712183 0.973178
vt 0.712381 0.973455
vt 0.712721 0.973374
vt 0.712765 0.973826
vt 0.711840 0.973488
vt 0.712254 0.973781
vt 0.712770 0.974278
vt 0.713748 0.974038
vt 0.713621 0.973533
vt 0.713606 0.972967
vt 0.712109 0.974168
vt 0.714106 0.972105
vt 0.715113 0.972789
vt 0.715271 0.973328
vt 0.717257 0.972270
vt 0.717789 0.970713
vt 0.723007 0.968662
vt 0.719628 0.970986
vt 0.722099 0.969686
vt 0.722914 0.968054
vt 0.724381 0.968579
vt 0.727270 0.967300
vt 0.734231 0.963765
vt 0.731560 0.965481
vt 0.736579 0.963394
vt 0.741443 0.960793
vt 0.741656 0.961310
vt 0.736154 0.962369
vt 0.741029 0.959783
vt 0.735951 0.961872
vt 0.730918 0.963965
vt 0.741233 0.960283
vt 0.731127 0.964459
vt 0.726605 0.965794
vt 0.726823 0.966284
vt 0.723016 0.957027
vt 0.727457 0.955164
vt 0.732565 0.953028
vt 0.737681 0.950908
vt 0.744247 0.953359
vt 0.742791 0.948815
vt 0.745749 0.957853
vt 0.749704 0.956242
vt 0.749119 0.953370
vt 0.749849 0.956763
vt 0.752754 0.955560
vt 0.752644 0.954963
vt 0.745940 0.958361
vt 0.748134 0.958060
vt 0.755454 0.954932
vt 0.750267 0.957791
vt 0.753188 0.956580
vt 0.746361 0.959389
vt 0.754938 0.955819
vt 0.755946 0.955293
vt 0.755082 0.954520
vt 0.754342 0.954229
vt 0.755920 0.953556
vt 0.756378 0.953812
vt 0.756423 0.953415
vt 0.756015 0.954033
vt 0.756285 0.954429
vt 0.756642 0.954784
vt 0.757100 0.954237
vt 0.756692 0.953994
vt 0.756912 0.953457
vt 0.757395 0.953599
vt 0.757563 0.953228
vt 0.756988 0.951982
vt 0.756281 0.946295
vt 0.756818 0.946198
vt 0.755613 0.943871
vt 0.754358 0.948824
vt 0.756188 0.944579
vt 0.756070 0.943724
vt 0.756490 0.943503
vt 0.756683 0.944418
vt 0.757131 0.943574
vt 0.756892 0.943246
vt 0.771842 0.945422
vt 0.772125 0.951441
vt 0.775047 0.987889
vt 0.760601 0.989465
vt 0.760897 0.992115
vt 0.760258 0.986209
vt 0.775336 0.990481
vt 0.759780 0.981489
vt 0.774711 0.984705
vt 0.773732 0.974718
vt 0.759258 0.976027
vt 0.774243 0.980074
vt 0.757903 0.958221
vt 0.772415 0.957362
vt 0.772315 0.955623
vt 0.772602 0.960362
vt 0.757740 0.955379
vt 0.772267 0.954648
vt 0.772234 0.953940
vt 0.772185 0.952794
vt 0.757671 0.954052
vt 0.772209 0.953367
vt 0.757168 0.942845
vt 0.771676 0.942131
vt 0.771648 0.941606
vt 0.771702 0.942646
vt 0.757194 0.943351
vt 0.757142 0.942329
vt 0.757106 0.941646
vt 0.771562 0.939950
vt 0.757052 0.940638
vt 0.771613 0.940927
vt 0.756580 0.928402
vt 0.771109 0.928005
vt 0.770986 0.922625
vt 0.771291 0.933408
vt 0.756768 0.933933
vt 0.756455 0.922881
vt 0.756387 0.917375
vt 0.770903 0.911876
vt 0.756370 0.911887
vt 0.770919 0.917254
vt 0.770915 0.907222
vt 0.756384 0.907142
vt 0.770937 0.904021
vt 0.756406 0.903867
vt 0.756431 0.901722
vt 0.770981 0.900619
vt 0.756451 0.900367
vt 0.770961 0.901934
vt 0.771018 0.898752
vt 0.756470 0.899412
vt 0.770999 0.899688
vt 0.756489 0.898468
vt 0.756507 0.897530
vt 0.771054 0.896879
vt 0.756525 0.896595
vt 0.771036 0.897814
vt 0.771091 0.895017
vt 0.756544 0.895654
vt 0.771073 0.895946
vt 0.771179 0.891639
vt 0.756594 0.893354
vt 0.771122 0.893709
vt 0.756562 0.894700
vt 0.756653 0.891235
vt 0.764611 0.886140
vt 0.756735 0.888523
vt 0.756840 0.885401
vt 0.771363 0.885908
vt 0.771461 0.883147
vt 0.771260 0.888981
vt 0.771527 0.881423
vt 0.756940 0.882597
vt 0.771585 0.880057
vt 0.761855 0.878746
vt 0.771676 0.877876
vt 0.771705 0.877207
vt 0.757187 0.876556
vt 0.766152 0.876286
vt 0.771736 0.876540
vt 0.771773 0.875784
vt 0.766235 0.874584
vt 0.761585 0.875314
vt 0.771819 0.874846
vt 0.771881 0.873563
vt 0.761687 0.873077
vt 0.771968 0.871774
vt 0.766590 0.867284
vt 0.761885 0.869204
vt 0.772069 0.869701
vt 0.772172 0.867566
vt 0.757554 0.868993
vt 0.757453 0.871076
vt 0.757659 0.866834
vt 0.762102 0.864810
vt 0.757774 0.864580
vt 0.757904 0.862215
vt 0.772412 0.863036
vt 0.772285 0.865351
vt 0.772572 0.860343
vt 0.758067 0.859464
vt 0.772783 0.856992
vt 0.767706 0.849319
vt 0.758527 0.852342
vt 0.773025 0.853336
vt 0.773281 0.849722
vt 0.758281 0.856056
vt 0.758787 0.848675
vt 0.763362 0.845528
vt 0.759044 0.845204
vt 0.759284 0.842073
vt 0.768200 0.842761
vt 0.773535 0.846293
vt 0.773772 0.843191
vt 0.774013 0.840122
vt 0.763844 0.839325
vt 0.768704 0.836351
vt 0.774276 0.836793
vt 0.774558 0.833253
vt 0.760072 0.832098
vt 0.774855 0.829551
vt 0.775342 0.823499
vt 0.760644 0.824984
vt 0.775129 0.826147
vt 0.760370 0.828391
vt 0.760857 0.822334
vt 0.761081 0.819547
vt 0.775567 0.820711
vt 0.775651 0.819664
vt 0.761124 0.819021
vt 0.775608 0.820187
vt 0.761166 0.818489
vt 0.761240 0.817592
vt 0.775856 0.817178
vt 0.761374 0.815969
vt 0.775723 0.818780
vt 0.761916 0.814516
vt 0.774586 0.815588
vt 0.759789 0.835645
vt 0.759526 0.838986
vt 0.757158 0.877240
vt 0.757006 0.880820
vt 0.756949 0.938378
vt 0.771464 0.937751
vt 0.757219 0.875880
vt 0.757256 0.875115
vt 0.757303 0.874164
vt 0.757366 0.872870
vt 0.771750 0.943595
vt 0.757640 0.953480
vt 0.757702 0.954640
vt 0.757795 0.956407
vt 0.758097 0.961317
vt 0.758388 0.965492
vt 0.772884 0.964427
vt 0.773270 0.969357
vt 0.758784 0.970545
vt 0.775667 0.993334
vt 0.761917 0.997240
vt 0.774543 0.995738
vt 0.761233 0.995018
vt 0.756476 0.942761
vt 0.756186 0.943127
vt 0.755719 0.942959
vt 0.755879 0.942515
vt 0.755040 0.942499
vt 0.755008 0.942992
vt 0.753882 0.943252
vt 0.753895 0.942701
vt 0.751623 0.943460
vt 0.744518 0.946890
vt 0.747401 0.945113
vt 0.751906 0.944531
vt 0.754047 0.944330
vt 0.754032 0.943757
vt 0.751960 0.945160
vt 0.747876 0.946737
vt 0.747764 0.946177
vt 0.742621 0.948266
vt 0.737493 0.950373
vt 0.737290 0.949850
vt 0.732375 0.952494
vt 0.742223 0.947218
vt 0.737079 0.949331
vt 0.730004 0.952878
vt 0.731960 0.951455
vt 0.726852 0.953590
vt 0.722432 0.955449
vt 0.719533 0.957272
vt 0.722827 0.956491
vt 0.727266 0.954629
vt 0.719907 0.958326
vt 0.719721 0.957791
vt 0.717498 0.958059
vt 0.717617 0.958591
vt 0.717391 0.957536
vt 0.719377 0.956746
vt 0.716176 0.958400
vt 0.716182 0.957874
vt 0.715412 0.957838
vt 0.715270 0.958345
vt 0.714469 0.957950
vt 0.714745 0.957511
vt 0.714216 0.956972
vt 0.713358 0.956512
vt 0.713817 0.957307
vt 0.713859 0.956306
vt 0.713408 0.957649
vt 0.713906 0.958939
vt 0.714190 0.958416
vt 0.712981 0.958008
vt 0.712313 0.956886
vt 0.712847 0.956708
vt 0.715134 0.958890
vt 0.715011 0.959512
vt 0.716212 0.959557
vt 0.716182 0.958953
vt 0.717761 0.959142
vt 0.708650 0.961616
vt 0.718156 0.969899
vt 0.723687 0.967084
vt 0.721378 0.968198
vt 0.709753 0.964893
vt 0.711661 0.970400
vt 0.710798 0.967987
vt 0.710295 0.968282
vt 0.711166 0.970696
vt 0.709254 0.965195
vt 0.708148 0.961903
vt 0.708740 0.965428
vt 0.708218 0.965627
vt 0.709271 0.968740
vt 0.709785 0.968524
vt 0.707104 0.962316
vt 0.707630 0.962125
vt 0.706547 0.959065
vt 0.705557 0.956194
vt 0.705021 0.956346
vt 0.706017 0.959243
vt 0.706107 0.956059
vt 0.707080 0.958877
vt 0.707619 0.958671
vt 0.706684 0.955955
vt 0.705887 0.953373
vt 0.712119 0.954467
vt 0.705368 0.950639
vt 0.712685 0.952969
vt 0.713701 0.950879
vt 0.705271 0.947465
vt 0.715016 0.948314
vt 0.705734 0.944108
vt 0.705184 0.943913
vt 0.704689 0.947331
vt 0.704765 0.950576
vt 0.705287 0.953388
vt 0.704724 0.953462
vt 0.704198 0.950578
vt 0.704129 0.947254
vt 0.704110 0.943619
vt 0.703581 0.947204
vt 0.703648 0.950613
vt 0.704645 0.943757
vt 0.704179 0.953565
vt 0.705872 0.940355
vt 0.705367 0.940138
vt 0.706996 0.937070
vt 0.707450 0.937367
vt 0.707910 0.937665
vt 0.706381 0.940580
vt 0.706899 0.940822
vt 0.708379 0.937966
vt 0.709790 0.935897
vt 0.711276 0.934520
vt 0.711011 0.934037
vt 0.709403 0.935501
vt 0.718073 0.941865
vt 0.716447 0.945379
vt 0.718553 0.942152
vt 0.719289 0.937945
vt 0.720204 0.937665
vt 0.719803 0.937261
vt 0.719670 0.940956
vt 0.720693 0.937787
vt 0.720007 0.941650
vt 0.721229 0.937773
vt 0.719233 0.943391
vt 0.714711 0.951370
vt 0.717976 0.946071
vt 0.714214 0.951131
vt 0.716538 0.949023
vt 0.715231 0.951557
vt 0.713212 0.953169
vt 0.713732 0.953347
vt 0.714249 0.953513
vt 0.713239 0.954665
vt 0.712684 0.954584
vt 0.713788 0.954730
vt 0.713705 0.955547
vt 0.713147 0.955615
vt 0.712581 0.955663
vt 0.711995 0.955672
vt 0.721222 0.936965
vt 0.720701 0.937075
vt 0.720495 0.936407
vt 0.720989 0.936197
vt 0.720531 0.935404
vt 0.719465 0.934904
vt 0.720081 0.935708
vt 0.719851 0.934519
vt 0.719678 0.936095
vt 0.720075 0.936727
vt 0.718757 0.935849
vt 0.719095 0.935332
vt 0.718147 0.934490
vt 0.717823 0.934971
vt 0.716425 0.934110
vt 0.716655 0.933615
vt 0.716849 0.933123
vt 0.718452 0.934031
vt 0.718748 0.933582
vt 0.717026 0.932633
vt 0.714914 0.932050
vt 0.714880 0.932559
vt 0.712768 0.932713
vt 0.712642 0.932213
vt 0.710465 0.933110
vt 0.710740 0.933569
vt 0.709020 0.935113
vt 0.708639 0.934728
vt 0.712884 0.933219
vt 0.714830 0.933071
vt 0.712980 0.933741
vt 0.714750 0.933593
vt 0.720325 0.937156
vt 0.710671 0.970963
vt 0.710177 0.971217
vt 0.711533 0.973826
vt 0.748356 0.949410
vt 0.752253 0.949939
vt 0.754986 0.943501
vt 0.755612 0.943408
vt 0.755962 0.943411
s 1
usemtl 1011
f 2/1/1 4/2/2 1/3/3
f 1/3/3 3/4/4 2/1/1
f 5/5/5 3/4/4 1/3/3
f 1/3/3 6/6/6 5/5/5
f 5/5/5 6/6/6 7/7/7
f 7/7/7 8/8/8 5/5/5
f 11/9/9 8/8/8 7/7/7
f 7/7/7 9/10/10 11/9/9
f 11/9/9 9/10/10 10/11/11
f 10/11/11 12/12/12 11/9/9
f 11/9/9 12/12/12 13/13/13
f 13/13/13 14/14/14 11/9/9
f 13/13/13 15/15/15 14/14/14
f 14/14/14 15/15/15 16/16/16
f 16/16/16 17/17/17 14/14/14
f 16/16/16 18/18/18 17/17/17
f 17/17/17 18/18/18 19/19/19
f 19/19/19 20/20/20 17/17/17
f 21/21/21 20/20/20 19/19/19
f 19/19/19 22/22/22 21/21/21
f 21/21/21 22/22/22 23/23/23
f 23/23/23 24/24/24 21/21/21
f 25/25/25 24/24/24 23/23/23
f 23/23/23 26/26/26 25/25/25
f 25/25/25 26/26/26 27/27/27
f 27/27/27 28/28/28 25/25/25
f 27/27/27 29/29/29 28/28/28
f 28/28/28 29/29/29 30/30/30
f 30/30/30 31/31/31 28/28/28
f 32/32/32 31/31/31 30/30/30
f 30/30/30 33/33/33 32/32/32
f 32/32/32 33/33/33 34/34/34
f 34/34/34 35/35/35 32/32/32
f 36/36/36 35/35/35 34/34/34
f 34/34/34 37/37/37 36/36/36
f 36/36/36 37/37/37 38/38/38
f 38/38/38 39/39/39 36/36/36
f 40/40/40 39/39/39 38/38/38
f 38/38/38 41/41/41 40/40/40
f 40/40/40 41/41/41 42/42/42
f 42/42/42 43/43/43 40/40/40
f 44/44/44 43/43/43 42/42/42
f 42/42/42 45/45/45 44/44/44
f 44/44/44 45/45/45 46/46/46
f 46/46/46 47/47/47 44/44/44
f 48/48/48 47/47/47 46/46/46
f 46/46/46 49/49/49 48/48/48
f 48/48/48 49/49/49 50/50/50
f 50/50/50 51/51/51 48/48/48
f 52/52/52 51/51/51 50/50/50
f 50/50/50 53/53/53 52/52/52
f 52/52/52 53/53/53 54/54/54
f 54/54/54 55/55/55 52/52/52
f 56/56/56 55/55/55 54/54/54
f 54/54/54 57/57/57 56/56/56
f 56/56/56 57/57/57 58/58/58
f 58/58/58 59/59/59 56/56/56
f 60/60/60 59/59/59 58/58/58
f 58/58/58 61/61/61 60/60/60
f 60/60/60 61/61/61 63/62/62
f 63/62/62 62/63/63 60/60/60
f 60/60/60 62/63/63 64/64/64
f 64/64/64 65/65/65 60/60/60
f 67/66/66 65/65/65 64/64/64
f 64/64/64 66/67/67 67/66/66
f 70/68/68 68/69/69 67/66/66
f 67/66/66 68/69/69 71/70/70
f 72/71/71 69/72/72 67/66/66
f 67/66/66 69/72/72 70/68/68
f 71/70/70 65/65/65 67/66/66
f 67/66/66 66/67/67 72/71/71
f 73/73/73 72/71/71 66/67/67
f 74/74/74 76/75/75 73/73/73
f 73/73/73 75/76/76 74/74/74
f 66/67/67 75/76/76 73/73/73
f 85/77/77 76/75/75 74/74/74
f 80/78/78 78/79/79 77/80/80
f 79/81/81 78/79/79 80/78/78
f 79/81/81 80/78/78 82/82/82
f 82/82/82 81/83/83 79/81/81
f 83/84/84 81/83/83 82/82/82
f 85/77/77 84/85/85 82/82/82
f 82/82/82 80/78/78 85/77/77
f 86/86/86 84/85/85 85/77/77
f 74/74/74 86/86/86 85/77/77
f 87/87/87 86/86/86 74/74/74
f 87/87/87 88/88/88 86/86/86
f 62/63/63 88/88/88 87/87/87
f 87/87/87 64/64/64 62/63/63
f 66/67/67 64/64/64 87/87/87
f 74/74/74 75/76/76 87/87/87
f 87/87/87 75/76/76 66/67/67
f 86/86/86 88/88/88 89/89/89
f 89/89/89 88/88/88 62/63/63
f 89/89/89 90/90/90 86/86/86
f 62/63/63 63/62/62 89/89/89
f 86/86/86 90/90/90 84/85/85
f 71/70/70 59/59/59 60/60/60
f 56/56/56 59/59/59 71/70/70
f 71/70/70 91/91/91 56/56/56
f 92/92/92 91/91/91 71/70/70
f 60/60/60 65/65/65 71/70/70
f 71/70/70 68/69/69 92/92/92
f 92/92/92 68/69/69 70/68/68
f 92/92/92 94/93/93 93/94/94
f 93/94/94 91/91/91 92/92/92
f 96/95/95 94/93/93 92/92/92
f 70/68/68 95/96/96 92/92/92
f 92/92/92 95/96/96 96/95/95
f 97/97/97 94/93/93 96/95/95
f 96/95/95 98/98/98 97/97/97
f 97/97/97 98/98/98 99/99/99
f 99/99/99 100/100/100 102/101/101
f 99/99/99 101/102/102 97/97/97
f 102/101/101 101/102/102 99/99/99
f 102/101/101 100/100/100 103/103/103
f 103/103/103 106/104/104 102/101/101
f 47/47/47 104/105/105 102/101/101
f 102/101/101 104/105/105 105/106/106
f 105/106/106 101/102/102 102/101/101
f 102/101/101 106/104/104 47/47/47
f 47/47/47 107/107/107 44/44/44
f 108/108/108 107/107/107 47/47/47
f 48/48/48 104/105/105 47/47/47
f 47/47/47 106/104/104 108/108/108
f 108/108/108 112/109/109 109/110/110
f 109/110/110 111/111/111 108/108/108
f 108/108/108 111/111/111 110/112/112
f 110/112/112 107/107/107 108/108/108
f 108/108/108 106/104/104 103/103/103
f 103/103/103 112/109/109 108/108/108
f 110/112/112 111/111/111 113/113/113
f 113/113/113 111/111/111 109/110/110
f 113/113/113 118/114/114 114/115/115
f 114/115/115 116/116/116 113/113/113
f 117/117/117 115/118/118 113/113/113
f 113/113/113 115/118/118 110/112/112
f 113/113/113 116/116/116 117/117/117
f 109/110/110 118/114/114 113/113/113
f 117/117/117 39/39/39 40/40/40
f 36/36/36 39/39/39 117/117/117
f 117/117/117 119/119/119 36/36/36
f 120/120/120 119/119/119 117/117/117
f 40/40/40 115/118/118 117/117/117
f 117/117/117 116/116/116 120/120/120
f 120/120/120 124/121/121 121/122/122
f 121/122/122 123/123/123 120/120/120
f 120/120/120 123/123/123 122/124/124
f 122/124/124 119/119/119 120/120/120
f 120/120/120 116/116/116 114/115/115
f 114/115/115 124/121/121 120/120/120
f 122/124/124 123/123/123 125/125/125
f 125/125/125 123/123/123 121/122/122
f 125/125/125 130/126/126 126/127/127
f 126/127/127 128/128/128 125/125/125
f 129/129/129 127/130/130 125/125/125
f 125/125/125 127/130/130 122/124/124
f 125/125/125 128/128/128 129/129/129
f 121/122/122 130/126/126 125/125/125
f 129/129/129 31/31/31 32/32/32
f 28/28/28 31/31/31 129/129/129
f 129/129/129 132/131/131 28/28/28
f 133/132/132 132/131/131 129/129/129
f 32/32/32 127/130/130 129/129/129
f 129/129/129 128/128/128 133/132/132
f 133/132/132 128/128/128 126/127/127
f 126/127/127 131/133/133 133/132/132
f 132/131/131 133/132/132 134/134/134
f 134/134/134 133/132/132 131/133/133
f 134/134/134 139/135/135 135/136/136
f 135/136/136 137/137/137 134/134/134
f 138/138/138 136/139/139 134/134/134
f 134/134/134 136/139/139 132/131/131
f 134/134/134 137/137/137 138/138/138
f 131/133/133 139/135/135 134/134/134
f 138/138/138 24/24/24 25/25/25
f 21/21/21 24/24/24 138/138/138
f 138/138/138 140/140/140 21/21/21
f 141/141/141 140/140/140 138/138/138
f 25/25/25 136/139/139 138/138/138
f 138/138/138 137/137/137 141/141/141
f 141/141/141 145/142/142 142/143/143
f 142/143/143 144/144/144 141/141/141
f 141/141/141 144/144/144 143/145/145
f 143/145/145 140/140/140 141/141/141
f 141/141/141 137/137/137 135/136/136
f 135/136/136 145/142/142 141/141/141
f 143/145/145 144/144/144 146/146/146
f 146/146/146 144/144/144 142/143/143
f 146/146/146 150/147/147 147/148/148
f 147/148/148 149/149/149 146/146/146
f 151/150/150 148/151/151 146/146/146
f 146/146/146 148/151/151 143/145/145
f 146/146/146 149/149/149 151/150/150
f 142/143/143 150/147/147 146/146/146
f 14/14/14 17/17/17 151/150/150
f 17/17/17 148/151/151 151/150/150
f 149/149/149 154/152/152 152/153/153
f 152/153/153 153/154/154 149/149/149
f 149/149/149 153/154/154 156/155/155
f 156/155/155 151/150/150 149/149/149
f 147/148/148 154/152/152 149/149/149
f 153/154/154 158/156/156 155/157/157
f 155/157/157 157/158/158 153/154/154
f 159/159/159 156/155/155 153/154/154
f 153/154/154 157/158/158 159/159/159
f 152/153/153 158/156/156 153/154/154
f 11/9/9 156/155/155 159/159/159
f 157/158/158 163/160/160 160/161/161
f 160/161/161 162/162/162 157/158/158
f 157/158/158 162/162/162 161/163/163
f 161/163/163 159/159/159 157/158/158
f 155/157/157 163/160/160 157/158/158
f 161/163/163 162/162/162 164/164/164
f 164/164/164 162/162/162 160/161/161
f 167/165/165 165/166/166 164/164/164
f 164/164/164 165/166/166 3/4/4
f 3/4/4 166/167/167 164/164/164
f 164/164/164 166/167/167 161/163/163
f 164/164/164 168/168/168 167/165/165
f 160/161/161 168/168/168 164/164/164
f 169/169/169 165/166/166 167/165/165
f 167/165/165 170/170/170 169/169/169
f 169/169/169 170/170/170 171/171/171
f 171/171/171 172/172/172 169/169/169
f 173/173/173 172/172/172 171/171/171
f 171/171/171 174/174/174 173/173/173
f 173/173/173 174/174/174 175/175/175
f 175/175/175 176/176/176 173/173/173
f 177/177/177 176/176/176 175/175/175
f 175/175/175 178/178/178 177/177/177
f 177/177/177 178/178/178 179/179/179
f 179/179/179 180/180/180 177/177/177
f 180/180/180 179/179/179 181/181/181
f 181/181/181 182/182/182 180/180/180
f 183/183/183 182/182/182 181/181/181
f 181/181/181 184/184/184 183/183/183
f 183/183/183 184/184/184 185/185/185
f 186/186/186 183/183/183 185/185/185
f 187/187/187 188/188/188 186/186/186
f 189/189/189 188/188/188 187/187/187
f 187/187/187 190/190/190 189/189/189
f 189/189/189 190/190/190 191/191/191
f 191/191/191 192/192/192 189/189/189
f 193/193/193 192/192/192 191/191/191
f 191/191/191 194/194/194 193/193/193
f 193/193/193 194/194/194 195/195/195
f 195/195/195 196/196/196 193/193/193
f 197/197/197 196/196/196 195/195/195
f 195/195/195 198/198/198 197/197/197
f 197/197/197 198/198/198 199/199/199
f 199/199/199 200/200/200 197/197/197
f 201/201/201 200/200/200 199/199/199
f 199/199/199 202/202/202 201/201/201
f 201/201/201 202/202/202 203/203/203
f 203/203/203 204/204/204 201/201/201
f 205/205/205 204/204/204 203/203/203
f 203/203/203 206/206/206 205/205/205
f 205/205/205 206/206/206 207/207/207
f 207/207/207 208/208/208 205/205/205
f 209/209/209 208/208/208 207/207/207
f 207/207/207 210/210/210 209/209/209
f 209/209/209 210/210/210 217/211/211
f 211/212/212 212/213/213 216/214/214
f 216/214/214 212/213/213 213/215/215
f 214/216/216 216/214/214 213/215/215
f 213/215/215 215/217/217 214/216/216
f 217/211/211 216/214/214 214/216/216
f 217/211/211 218/218/218 209/209/209
f 214/216/216 219/219/219 217/211/211
f 217/211/211 219/219/219 218/218/218
f 219/219/219 220/220/220 218/218/218
f 214/216/216 215/217/217 221/221/221
f 218/218/218 220/220/220 222/222/222
f 223/223/223 225/224/224 222/222/222
f 222/222/222 224/225/225 223/223/223
f 222/222/222 225/224/224 218/218/218
f 226/226/226 225/224/224 223/223/223
f 218/218/218 225/224/224 226/226/226
f 223/223/223 227/227/227 226/226/226
f 226/226/226 227/227/227 205/205/205
f 209/209/209 218/218/218 226/226/226
f 205/205/205 208/208/208 226/226/226
f 226/226/226 208/208/208 209/209/209
f 228/228/228 227/227/227 223/223/223
f 205/205/205 227/227/227 228/228/228
f 228/228/228 229/229/229 201/201/201
f 230/230/230 229/229/229 228/228/228
f 223/223/223 231/231/231 228/228/228
f 201/201/201 204/204/204 228/228/228
f 228/228/228 204/204/204 205/205/205
f 228/228/228 231/231/231 230/230/230
f 230/230/230 231/231/231 232/232/232
f 232/232/232 231/231/231 223/223/223
f 232/232/232 233/233/233 230/230/230
f 223/223/223 224/225/225 232/232/232
f 230/230/230 233/233/233 234/234/234
f 235/235/235 237/236/236 234/234/234
f 234/234/234 236/237/237 235/235/235
f 234/234/234 237/236/236 230/230/230
f 238/238/238 237/236/236 235/235/235
f 230/230/230 237/236/236 238/238/238
f 235/235/235 239/239/239 238/238/238
f 238/238/238 239/239/239 197/197/197
f 238/238/238 229/229/229 230/230/230
f 201/201/201 229/229/229 238/238/238
f 197/197/197 200/200/200 238/238/238
f 238/238/238 200/200/200 201/201/201
f 240/240/240 239/239/239 235/235/235
f 197/197/197 239/239/239 240/240/240
f 240/240/240 241/241/241 193/193/193
f 242/242/242 241/241/241 240/240/240
f 235/235/235 243/243/243 240/240/240
f 193/193/193 196/196/196 240/240/240
f 240/240/240 196/196/196 197/197/197
f 240/240/240 243/243/243 242/242/242
f 242/242/242 243/243/243 244/244/244
f 244/244/244 243/243/243 235/235/235
f 244/244/244 245/245/245 242/242/242
f 235/235/235 236/237/237 244/244/244
f 242/242/242 245/245/245 246/246/246
f 247/247/247 249/248/248 246/246/246
f 246/246/246 248/249/249 247/247/247
f 246/246/246 249/248/248 242/242/242
f 250/250/250 249/248/248 247/247/247
f 242/242/242 249/248/248 250/250/250
f 247/247/247 251/251/251 250/250/250
f 250/250/250 251/251/251 189/189/189
f 250/250/250 241/241/241 242/242/242
f 193/193/193 241/241/241 250/250/250
f 189/189/189 192/192/192 250/250/250
f 250/250/250 192/192/192 193/193/193
f 253/252/252 251/251/251 247/247/247
f 189/189/189 251/251/251 253/252/252
f 253/252/252 252/253/253 186/186/186
f 186/186/186 188/188/188 253/252/252
f 253/252/252 188/188/188 189/189/189
f 252/253/253 253/252/252 254/254/254
f 254/254/254 253/252/252 247/247/247
f 254/254/254 255/255/255 252/253/253
f 247/247/247 248/249/249 254/254/254
f 252/253/253 255/255/255 256/256/256
f 256/256/256 258/257/257 257/258/258
f 256/256/256 257/258/258 252/253/253
f 186/186/186 252/253/253 257/258/258
f 257/258/258 183/183/183 186/186/186
f 183/183/183 257/258/258 259/259/259
f 259/259/259 266/260/260 180/180/180
f 265/261/261 266/260/260 259/259/259
f 257/258/258 260/262/262 259/259/259
f 180/180/180 182/182/182 259/259/259
f 259/259/259 182/182/182 183/183/183
f 259/259/259 260/262/262 265/261/261
f 265/261/261 260/262/262 261/263/263
f 261/263/263 260/262/262 257/258/258
f 261/263/263 262/264/264 265/261/261
f 257/258/258 258/257/257 261/263/263
f 263/265/265 265/261/261 262/264/264
f 262/264/264 264/266/266 263/265/265
f 266/260/260 265/261/261 263/265/265
f 263/265/265 267/267/267 266/260/260
f 266/260/260 267/267/267 177/177/177
f 177/177/177 180/180/180 266/260/260
f 268/268/268 267/267/267 263/265/265
f 177/177/177 267/267/267 268/268/268
f 268/268/268 269/269/269 173/173/173
f 270/270/270 269/269/269 268/268/268
f 263/265/265 271/271/271 268/268/268
f 173/173/173 176/176/176 268/268/268
f 268/268/268 176/176/176 177/177/177
f 268/268/268 271/271/271 270/270/270
f 270/270/270 271/271/271 272/272/272
f 272/272/272 271/271/271 263/265/265
f 272/272/272 273/273/273 270/270/270
f 263/265/265 264/266/266 272/272/272
f 270/270/270 273/273/273 274/274/274
f 274/274/274 4/2/2 2/1/1
f 274/274/274 275/275/275 270/270/270
f 2/1/1 275/275/275 274/274/274
f 270/270/270 275/275/275 276/276/276
f 276/276/276 275/275/275 2/1/1
f 276/276/276 277/277/277 169/169/169
f 2/1/1 277/277/277 276/276/276
f 276/276/276 269/269/269 270/270/270
f 173/173/173 269/269/269 276/276/276
f 169/169/169 172/172/172 276/276/276
f 276/276/276 172/172/172 173/173/173
f 169/169/169 277/277/277 3/4/4
f 3/4/4 277/277/277 2/1/1
f 3/4/4 165/166/166 169/169/169
f 5/5/5 166/167/167 3/4/4
f 161/163/163 166/167/167 5/5/5
f 5/5/5 8/8/8 161/163/163
f 11/9/9 159/159/159 161/163/163
f 161/163/163 8/8/8 11/9/9
f 11/9/9 14/14/14 156/155/155
f 14/14/14 151/150/150 156/155/155
f 143/145/145 148/151/151 17/17/17
f 17/17/17 20/20/20 143/145/145
f 21/21/21 140/140/140 143/145/145
f 143/145/145 20/20/20 21/21/21
f 132/131/131 136/139/139 25/25/25
f 25/25/25 28/28/28 132/131/131
f 122/124/124 127/130/130 32/32/32
f 32/32/32 35/35/35 122/124/124
f 36/36/36 119/119/119 122/124/124
f 122/124/124 35/35/35 36/36/36
f 110/112/112 115/118/118 40/40/40
f 40/40/40 43/43/43 110/112/112
f 44/44/44 107/107/107 110/112/112
f 110/112/112 43/43/43 44/44/44
f 48/48/48 51/51/51 105/106/106
f 105/106/106 104/105/105 48/48/48
f 52/52/52 278/278/278 105/106/106
f 105/106/106 51/51/51 52/52/52
f 105/106/106 278/278/278 97/97/97
f 97/97/97 101/102/102 105/106/106
f 93/94/94 278/278/278 52/52/52
f 97/97/97 278/278/278 93/94/94
f 93/94/94 94/93/93 97/97/97
f 56/56/56 91/91/91 93/94/94
f 93/94/94 55/55/55 56/56/56
f 52/52/52 55/55/55 93/94/94
usemtl 1001
f 282/279/279 280/280/280 279/281/281
f 279/281/281 280/280/280 281/282/282
f 281/282/282 286/283/283 279/281/281
f 279/281/281 286/283/283 283/284/284
f 286/283/283 284/285/285 283/284/284
f 283/284/284 284/285/285 287/286/286
f 283/284/284 287/286/286 285/287/287
f 285/287/287 279/281/281 283/284/284
f 285/287/287 287/286/286 288/288/288
f 288/288/288 291/289/289 289/290/290
f 289/290/290 290/291/291 288/288/288
f 292/292/292 293/293/293 288/288/288
f 288/288/288 293/293/293 285/287/287
f 288/288/288 290/291/291 292/292/292
f 287/286/286 291/289/289 288/288/288
f 292/292/292 294/294/294 293/293/293
f 293/293/293 294/294/294 295/295/295
f 295/295/295 296/296/296 293/293/293
f 295/295/295 297/297/297 296/296/296
f 296/296/296 297/297/297 298/298/298
f 299/299/299 301/300/300 298/298/298
f 298/298/298 300/301/301 299/299/299
f 298/298/298 301/300/300 296/296/296
f 302/302/302 301/300/300 299/299/299
f 296/296/296 301/300/300 302/302/302
f 299/299/299 303/303/303 302/302/302
f 302/302/302 303/303/303 305/304/304
f 302/302/302 304/305/305 296/296/296
f 306/306/306 304/305/305 302/302/302
f 305/304/304 307/307/307 302/302/302
f 302/302/302 307/307/307 306/306/306
f 306/306/306 309/308/308 308/309/309
f 308/309/309 282/279/279 306/306/306
f 307/307/307 309/308/308 306/306/306
f 306/306/306 282/279/279 722/310/310
f 722/310/310 304/305/305 306/306/306
f 309/308/308 307/307/307 310/311/311
f 311/312/312 310/311/311 305/304/304
f 313/313/313 573/314/314 311/312/312
f 305/304/304 312/315/315 311/312/312
f 311/312/312 312/315/315 313/313/313
f 313/313/313 312/315/315 314/316/316
f 314/316/316 315/317/317 313/313/313
f 313/313/313 315/317/317 318/318/318
f 313/313/313 317/319/319 316/320/320
f 316/320/320 573/314/314 313/313/313
f 318/318/318 317/319/319 313/313/313
f 319/321/321 321/322/322 318/318/318
f 318/318/318 320/323/323 319/321/321
f 322/324/324 320/323/323 318/318/318
f 318/318/318 321/322/322 323/325/325
f 318/318/318 315/317/317 322/324/324
f 323/325/325 317/319/319 318/318/318
f 323/325/325 324/326/326 316/320/320
f 316/320/320 317/319/319 323/325/325
f 323/325/325 326/327/327 324/326/326
f 323/325/325 321/322/322 325/328/328
f 325/328/328 326/327/327 323/325/325
f 324/326/326 326/327/327 327/329/329
f 327/329/329 326/327/327 325/328/328
f 327/329/329 328/330/330 330/331/331
f 327/329/329 330/331/331 324/326/326
f 331/332/332 328/330/330 327/329/329
f 325/328/328 329/333/333 327/329/329
f 327/329/329 329/333/333 331/332/332
f 332/334/334 333/335/335 331/332/332
f 331/332/332 329/333/333 332/334/334
f 333/335/335 334/336/336 331/332/332
f 331/332/332 334/336/336 335/337/337
f 335/337/337 328/330/330 331/332/332
f 330/331/331 328/330/330 335/337/337
f 335/337/337 337/338/338 330/331/331
f 335/337/337 334/336/336 336/339/339
f 336/339/339 337/338/338 335/337/337
f 330/331/331 337/338/338 339/340/340
f 339/340/340 337/338/338 336/339/339
f 369/341/341 368/342/342 339/340/340
f 339/340/340 368/342/342 330/331/331
f 336/339/339 338/343/343 339/340/340
f 369/341/341 339/340/340 340/344/344
f 340/344/344 339/340/340 338/343/343
f 340/344/344 344/345/345 341/346/346
f 341/346/346 343/347/347 340/344/344
f 342/348/348 366/349/349 340/344/344
f 340/344/344 366/349/349 369/341/341
f 338/343/343 344/345/345 340/344/344
f 340/344/344 343/347/347 342/348/348
f 341/346/346 344/345/345 345/350/350
f 345/350/350 344/345/345 338/343/343
f 345/350/350 348/351/351 346/352/352
f 346/352/352 347/353/353 345/350/350
f 345/350/350 347/353/353 350/354/354
f 338/343/343 348/351/351 345/350/350
f 345/350/350 349/355/355 341/346/346
f 350/354/354 349/355/355 345/350/350
f 351/356/356 349/355/355 350/354/354
f 350/354/354 352/357/357 351/356/356
f 351/356/356 352/357/357 353/358/358
f 354/359/359 356/360/360 353/358/358
f 353/358/358 355/361/361 354/359/359
f 353/358/358 356/360/360 351/356/356
f 357/362/362 356/360/360 354/359/359
f 351/356/356 356/360/360 357/362/362
f 354/359/359 358/363/363 357/362/362
f 357/362/362 358/363/363 360/364/364
f 357/362/362 359/365/365 351/356/356
f 363/366/366 359/365/365 357/362/362
f 360/364/364 361/367/367 357/362/362
f 357/362/362 361/367/367 363/366/366
f 363/366/366 343/347/347 341/346/346
f 341/346/346 359/365/365 363/366/366
f 342/348/348 343/347/347 363/366/366
f 363/366/366 361/367/367 362/368/368
f 365/369/369 363/366/366 362/368/368
f 342/348/348 363/366/366 365/369/369
f 362/368/368 364/370/370 365/369/369
f 371/371/371 342/348/348 365/369/369
f 366/349/349 342/348/348 371/371/371
f 371/371/371 367/372/372 366/349/349
f 366/349/349 367/372/372 369/341/341
f 369/341/341 434/373/373 368/342/342
f 370/374/374 430/375/375 367/372/372
f 367/372/372 430/375/375 369/341/341
f 367/372/372 371/371/371 370/374/374
f 370/374/374 371/371/371 372/376/376
f 372/376/376 373/377/377 370/374/374
f 374/378/378 373/377/377 372/376/376
f 364/370/370 374/378/378 372/376/376
f 372/376/376 365/369/369 364/370/370
f 371/371/371 365/369/369 372/376/376
f 375/379/379 374/378/378 364/370/370
f 375/379/379 364/370/370 362/368/368
f 362/368/368 376/380/380 375/379/379
f 375/379/379 376/380/380 377/381/381
f 377/381/381 376/380/380 360/364/364
f 436/382/382 375/379/379 377/381/381
f 360/364/364 378/383/383 377/381/381
f 377/381/381 378/383/383 379/384/384
f 387/385/385 377/381/381 379/384/384
f 379/384/384 380/386/386 381/387/387
f 382/388/388 380/386/386 379/384/384
f 379/384/384 383/389/389 387/385/385
f 379/384/384 378/383/383 382/388/388
f 381/387/387 383/389/389 379/384/384
f 387/385/385 383/389/389 384/390/390
f 384/390/390 383/389/389 381/387/387
f 381/387/387 386/391/391 384/390/390
f 388/392/392 385/393/393 384/390/390
f 384/390/390 385/393/393 387/385/385
f 384/390/390 386/391/391 388/392/392
f 389/394/394 390/395/395 388/392/392
f 388/392/392 386/391/391 389/394/394
f 388/392/392 390/395/395 391/396/396
f 391/396/396 392/397/397 388/392/392
f 388/392/392 392/397/397 393/398/398
f 393/398/398 385/393/393 388/392/392
f 393/398/398 395/399/399 387/385/385
f 393/398/398 392/397/397 394/400/400
f 394/400/400 396/401/401 393/398/398
f 393/398/398 396/401/401 395/399/399
f 387/385/385 385/393/393 393/398/398
f 395/399/399 396/401/401 397/402/402
f 397/402/402 396/401/401 394/400/400
f 394/400/400 402/403/403 397/402/402
f 400/404/404 398/405/405 397/402/402
f 397/402/402 398/405/405 399/406/406
f 397/402/402 401/407/407 395/399/399
f 399/406/406 401/407/407 397/402/402
f 397/402/402 402/403/403 400/404/404
f 406/408/408 402/403/403 394/400/400
f 400/404/404 402/403/403 406/408/408
f 406/408/408 407/409/409 403/410/410
f 394/400/400 404/411/411 406/408/408
f 406/408/408 404/411/411 405/412/412
f 405/412/412 407/409/409 406/408/408
f 408/413/413 406/408/408 403/410/410
f 400/404/404 406/408/408 408/413/413
f 403/410/410 409/414/414 408/413/413
f 408/413/413 409/414/414 413/415/415
f 408/413/413 410/416/416 400/404/404
f 411/417/417 410/416/416 408/413/413
f 408/413/413 412/418/418 411/417/417
f 413/415/415 412/418/418 408/413/413
f 414/419/419 412/418/418 413/415/415
f 413/415/415 415/420/420 414/419/419
f 414/419/419 415/420/420 416/421/421
f 416/421/421 418/422/422 417/423/423
f 416/421/421 417/423/423 414/419/419
f 414/419/419 417/423/423 419/424/424
f 417/423/423 420/425/425 419/424/424
f 419/424/424 420/425/425 422/426/426
f 419/424/424 421/427/427 414/419/419
f 424/428/428 421/427/427 419/424/424
f 422/426/426 423/429/429 419/424/424
f 419/424/424 423/429/429 424/428/428
f 424/428/428 423/429/429 521/430/430
f 521/430/430 425/431/431 424/428/428
f 411/417/417 421/427/427 424/428/428
f 424/428/428 425/431/431 429/432/432
f 429/432/432 426/433/433 424/428/428
f 424/428/428 426/433/433 411/417/417
f 427/434/434 426/433/433 429/432/432
f 429/432/432 428/435/435 427/434/434
f 429/432/432 425/431/431 430/375/375
f 430/375/375 425/431/431 433/436/436
f 433/436/436 521/430/430 431/437/437
f 425/431/431 521/430/430 433/436/436
f 433/436/436 431/437/437 432/438/438
f 432/438/438 434/373/373 433/436/436
f 430/375/375 433/436/436 369/341/341
f 428/435/435 429/432/432 370/374/374
f 373/377/377 428/435/435 370/374/374
f 370/374/374 429/432/432 430/375/375
f 435/439/439 428/435/435 373/377/377
f 374/378/378 435/439/439 373/377/377
f 435/439/439 399/406/406 428/435/435
f 436/382/382 399/406/406 435/439/439
f 436/382/382 401/407/407 399/406/406
f 387/385/385 401/407/407 436/382/382
f 387/385/385 395/399/399 401/407/407
f 436/382/382 435/439/439 374/378/378
f 369/341/341 433/436/436 434/373/373
f 437/440/440 434/373/373 432/438/438
f 437/440/440 439/441/441 438/442/442
f 440/443/443 437/440/440 432/438/438
f 439/441/441 437/440/440 440/443/443
f 440/443/443 523/444/444 439/441/441
f 431/437/437 441/445/445 440/443/443
f 432/438/438 431/437/437 440/443/443
f 441/445/445 522/446/446 440/443/443
f 440/443/443 522/446/446 523/444/444
f 523/444/444 442/447/447 576/448/448
f 576/448/448 442/447/447 445/449/449
f 445/449/449 444/450/450 443/451/451
f 446/452/452 550/453/453 444/450/450
f 446/452/452 447/454/454 550/453/453
f 447/454/454 448/455/455 550/453/453
f 448/455/455 450/456/456 550/453/453
f 449/457/457 452/458/458 448/455/455
f 451/459/459 450/456/456 448/455/455
f 448/455/455 452/458/458 451/459/459
f 453/460/460 452/458/458 449/457/457
f 451/459/459 452/458/458 453/460/460
f 453/460/460 458/461/461 454/462/462
f 454/462/462 456/463/463 453/460/460
f 449/457/457 455/464/464 453/460/460
f 453/460/460 455/464/464 457/465/465
f 453/460/460 456/463/463 451/459/459
f 457/465/465 458/461/461 453/460/460
f 457/465/465 455/464/464 460/466/466
f 460/466/466 459/467/467 457/465/465
f 460/466/466 462/468/468 461/469/469
f 461/469/469 459/467/467 460/466/466
f 463/470/470 462/468/468 460/466/466
f 460/466/466 464/471/471 463/470/470
f 449/457/457 464/471/471 460/466/466
f 460/466/466 455/464/464 449/457/457
f 463/470/470 464/471/471 447/454/454
f 447/454/454 464/471/471 449/457/457
f 465/472/472 462/468/468 463/470/470
f 463/470/470 466/473/473 465/472/472
f 469/474/474 466/473/473 463/470/470
f 447/454/454 468/475/475 463/470/470
f 463/470/470 468/475/475 469/474/474
f 469/474/474 470/476/476 467/477/477
f 467/477/477 466/473/473 469/474/474
f 471/478/478 470/476/476 469/474/474
f 471/478/478 469/474/474 472/479/479
f 533/480/480 473/481/481 471/478/478
f 473/481/481 470/476/476 471/478/478
f 467/477/477 470/476/476 473/481/481
f 474/482/482 476/483/483 473/481/481
f 473/481/481 477/484/484 467/477/477
f 473/481/481 476/483/483 475/485/485
f 475/485/485 477/484/484 473/481/481
f 467/477/477 477/484/484 478/486/486
f 478/486/486 477/484/484 475/485/485
f 483/487/487 479/488/488 478/486/486
f 478/486/486 479/488/488 467/477/477
f 475/485/485 481/489/489 478/486/486
f 478/486/486 480/490/490 483/487/487
f 482/491/491 480/490/490 478/486/486
f 478/486/486 481/489/489 482/491/491
f 465/472/472 479/488/488 483/487/487
f 483/487/487 484/492/492 465/472/472
f 465/472/472 484/492/492 461/469/469
f 486/493/493 485/494/494 482/491/491
f 482/491/491 481/489/489 486/493/493
f 486/493/493 490/495/495 487/496/496
f 487/496/496 485/494/494 486/493/493
f 475/485/485 488/497/497 486/493/493
f 486/493/493 488/497/497 489/498/498
f 486/493/493 481/489/489 475/485/485
f 489/498/498 490/495/495 486/493/493
f 487/496/496 490/495/495 491/499/499
f 491/499/499 490/495/495 489/498/498
f 491/499/499 492/500/500 487/496/496
f 496/501/501 492/500/500 491/499/499
f 491/499/499 495/502/502 493/503/503
f 493/503/503 494/504/504 491/499/499
f 491/499/499 494/504/504 496/501/501
f 489/498/498 495/502/502 491/499/499
f 496/501/501 494/504/504 498/505/505
f 498/505/505 497/506/506 496/501/501
f 498/505/505 500/507/507 499/508/508
f 499/508/508 497/506/506 498/505/505
f 501/509/509 500/507/507 498/505/505
f 498/505/505 502/510/510 501/509/509
f 493/503/503 502/510/510 498/505/505
f 498/505/505 494/504/504 493/503/503
f 501/509/509 502/510/510 503/511/511
f 503/511/511 502/510/510 493/503/503
f 503/511/511 504/512/512 507/513/513
f 503/511/511 505/514/514 501/509/509
f 507/513/513 505/514/514 503/511/511
f 493/503/503 506/515/515 503/511/511
f 503/511/511 506/515/515 504/512/512
f 507/513/513 504/512/512 508/516/516
f 520/517/517 519/518/518 505/514/514
f 505/514/514 519/518/518 517/519/519
f 505/514/514 509/520/520 501/509/509
f 517/519/519 509/520/520 505/514/514
f 505/514/514 507/513/513 520/517/517
f 501/509/509 509/520/520 510/521/521
f 510/521/521 509/520/520 517/519/519
f 499/508/508 500/507/507 510/521/521
f 510/521/521 500/507/507 501/509/509
f 517/519/519 512/522/522 510/521/521
f 510/521/521 512/522/522 513/523/523
f 513/523/523 511/524/524 510/521/521
f 510/521/521 511/524/524 499/508/508
f 514/525/525 513/523/523 512/522/522
f 417/423/423 418/422/422 514/525/525
f 514/525/525 515/526/526 417/423/423
f 512/522/522 515/526/526 514/525/525
f 417/423/423 515/526/526 516/527/527
f 516/527/527 515/526/526 512/522/522
f 516/527/527 420/425/425 417/423/423
f 422/426/426 420/425/425 516/527/527
f 512/522/522 517/519/519 516/527/527
f 516/527/527 517/519/519 519/518/518
f 516/527/527 518/528/528 422/426/426
f 519/518/518 518/528/528 516/527/527
f 520/517/517 518/528/528 519/518/518
f 431/437/437 521/430/430 520/517/517
f 520/517/517 441/445/445 431/437/437
f 520/517/517 521/430/430 422/426/426
f 422/426/426 518/528/528 520/517/517
f 508/516/516 441/445/445 520/517/517
f 520/517/517 507/513/513 508/516/516
f 522/446/446 441/445/445 508/516/516
f 525/529/529 523/444/444 522/446/446
f 508/516/516 528/530/530 522/446/446
f 522/446/446 528/530/530 525/529/529
f 442/447/447 523/444/444 525/529/529
f 524/531/531 442/447/447 525/529/529
f 445/449/449 442/447/447 524/531/531
f 524/531/531 525/529/529 526/532/532
f 526/532/532 525/529/529 528/530/530
f 474/482/482 524/531/531 526/532/532
f 526/532/532 528/530/530 527/533/533
f 527/533/533 528/530/530 529/534/534
f 527/533/533 530/535/535 526/532/532
f 531/536/536 532/537/537 527/533/533
f 527/533/533 529/534/534 531/536/536
f 527/533/533 532/537/537 530/535/535
f 530/535/535 476/483/483 474/482/482
f 530/535/535 488/497/497 475/485/485
f 489/498/498 488/497/497 530/535/535
f 530/535/535 532/537/537 489/498/498
f 475/485/485 476/483/483 530/535/535
f 489/498/498 532/537/537 531/536/536
f 531/536/536 506/515/515 493/503/503
f 493/503/503 495/502/502 531/536/536
f 504/512/512 506/515/515 531/536/536
f 531/536/536 495/502/502 489/498/498
f 531/536/536 529/534/534 504/512/512
f 526/532/532 530/535/535 474/482/482
f 504/512/512 529/534/534 508/516/516
f 508/516/516 529/534/534 528/530/530
f 533/480/480 524/531/531 474/482/482
f 534/538/538 471/478/478 472/479/479
f 533/480/480 471/478/478 534/538/538
f 446/452/452 444/450/450 534/538/538
f 472/479/479 446/452/452 534/538/538
f 534/538/538 444/450/450 445/449/449
f 534/538/538 445/449/449 533/480/480
f 533/480/480 445/449/449 524/531/531
f 468/475/475 446/452/452 472/479/479
f 467/477/477 479/488/488 465/472/472
f 474/482/482 473/481/481 533/480/480
f 472/479/479 469/474/474 468/475/475
f 468/475/475 447/454/454 446/452/452
f 465/472/472 466/473/473 467/477/477
f 461/469/469 462/468/468 465/472/472
f 535/539/539 456/463/463 454/462/462
f 451/459/459 456/463/463 535/539/539
f 454/462/462 536/540/540 535/539/539
f 535/539/539 537/541/541 451/459/459
f 538/542/542 537/541/541 535/539/539
f 539/543/543 535/539/539 536/540/540
f 536/540/540 540/544/544 539/543/543
f 539/543/543 540/544/544 541/545/545
f 542/546/546 544/547/547 541/545/545
f 541/545/545 543/548/548 542/546/546
f 541/545/545 544/547/547 539/543/543
f 545/549/549 544/547/547 542/546/546
f 539/543/543 544/547/547 545/549/549
f 542/546/546 546/550/550 545/549/549
f 545/549/549 546/550/550 554/551/551
f 545/549/549 547/552/552 539/543/543
f 548/553/553 547/552/552 545/549/549
f 554/551/551 549/554/554 545/549/549
f 545/549/549 549/554/554 548/553/553
f 548/553/553 549/554/554 550/453/453
f 538/542/542 547/552/552 548/553/553
f 550/453/453 552/555/555 548/553/553
f 548/553/553 552/555/555 538/542/542
f 550/453/453 549/554/554 551/556/556
f 550/453/453 450/456/456 552/555/555
f 552/555/555 450/456/456 451/459/459
f 451/459/459 537/541/541 552/555/555
f 552/555/555 537/541/541 538/542/542
f 551/556/556 553/557/557 443/451/451
f 551/556/556 286/283/283 553/557/557
f 443/451/451 550/453/453 551/556/556
f 549/554/554 286/283/283 551/556/556
f 554/551/551 555/558/558 286/283/283
f 549/554/554 554/551/551 286/283/283
f 554/551/551 557/559/559 555/558/558
f 287/286/286 284/285/285 555/558/558
f 555/558/558 284/285/285 286/283/283
f 555/558/558 556/560/560 287/286/286
f 558/561/561 556/560/560 555/558/558
f 555/558/558 557/559/559 558/561/561
f 542/546/546 559/562/562 558/561/561
f 558/561/561 546/550/550 542/546/546
f 554/551/551 546/550/550 558/561/561
f 558/561/561 559/562/562 291/289/289
f 291/289/289 556/560/560 558/561/561
f 558/561/561 557/559/559 554/551/551
f 291/289/289 559/562/562 560/563/563
f 560/563/563 561/564/564 291/289/289
f 291/289/289 561/564/564 289/290/290
f 287/286/286 556/560/560 291/289/289
f 542/546/546 543/548/548 560/563/563
f 560/563/563 559/562/562 542/546/546
f 553/557/557 286/283/283 281/282/282
f 563/565/565 562/566/566 553/557/557
f 564/567/567 562/566/566 563/565/565
f 563/565/565 553/557/557 566/568/568
f 565/569/569 564/567/567 563/565/565
f 281/282/282 280/280/280 566/568/568
f 566/568/568 280/280/280 567/570/570
f 566/568/568 553/557/557 281/282/282
f 567/570/570 563/565/565 566/568/568
f 567/570/570 280/280/280 308/309/309
f 308/309/309 575/571/571 567/570/570
f 567/570/570 575/571/571 574/572/572
f 565/569/569 563/565/565 567/570/570
f 574/572/572 565/569/569 567/570/570
f 568/573/573 565/569/569 574/572/572
f 568/573/573 572/574/574 571/575/575
f 568/573/573 573/314/314 572/574/574
f 574/572/572 573/314/314 568/573/573
f 570/576/576 568/573/573 571/575/575
f 565/569/569 568/573/573 570/576/576
f 571/575/575 569/577/577 570/576/576
f 571/575/575 572/574/574 330/331/331
f 571/575/575 330/331/331 368/342/342
f 324/326/326 330/331/331 572/574/574
f 316/320/320 324/326/326 572/574/574
f 573/314/314 574/572/572 311/312/312
f 311/312/312 574/572/572 575/571/571
f 308/309/309 309/308/308 575/571/571
f 575/571/571 310/311/311 311/312/312
f 309/308/308 310/311/311 575/571/571
f 573/314/314 316/320/320 572/574/574
f 434/373/373 569/577/577 571/575/575
f 368/342/342 434/373/373 571/575/575
f 565/569/569 570/576/576 438/442/442
f 438/442/442 570/576/576 569/577/577
f 569/577/577 437/440/440 438/442/442
f 434/373/373 437/440/440 569/577/577
f 438/442/442 564/567/567 565/569/569
f 438/442/442 439/441/441 564/567/567
f 439/441/441 576/448/448 564/567/567
f 564/567/567 576/448/448 562/566/566
f 576/448/448 445/449/449 562/566/566
f 443/451/451 553/557/557 562/566/566
f 562/566/566 445/449/449 443/451/451
f 443/451/451 444/450/450 550/453/453
f 539/543/543 547/552/552 538/542/542
f 538/542/542 535/539/539 539/543/543
f 449/457/457 448/455/455 447/454/454
f 439/441/441 523/444/444 576/448/448
f 427/434/434 428/435/435 399/406/406
f 399/406/406 398/405/405 427/434/434
f 427/434/434 398/405/405 400/404/404
f 411/417/417 426/433/433 427/434/434
f 400/404/404 410/416/416 427/434/434
f 427/434/434 410/416/416 411/417/417
f 521/430/430 423/429/429 422/426/426
f 414/419/419 421/427/427 411/417/417
f 411/417/417 412/418/418 414/419/419
f 391/396/396 577/578/578 405/412/412
f 405/412/412 404/411/411 391/396/396
f 578/579/579 577/578/578 391/396/396
f 391/396/396 390/395/395 578/579/579
f 578/579/579 390/395/395 389/394/394
f 389/394/394 579/580/580 578/579/579
f 580/581/581 579/580/580 389/394/394
f 389/394/394 582/582/582 580/581/581
f 580/581/581 582/582/582 583/583/583
f 583/583/583 584/584/584 580/581/581
f 585/585/585 584/584/584 583/583/583
f 354/359/359 355/361/361 585/585/585
f 585/585/585 587/586/586 354/359/359
f 583/583/583 587/586/586 585/585/585
f 354/359/359 587/586/586 382/388/388
f 382/388/388 587/586/586 583/583/583
f 590/587/587 588/588/588 589/589/589
f 586/590/590 588/588/588 590/587/587
f 589/589/589 592/591/591 590/587/587
f 590/587/587 591/592/592 586/590/590
f 593/593/593 592/591/591 589/589/589
f 589/589/589 594/594/594 593/593/593
f 593/593/593 594/594/594 595/595/595
f 595/595/595 596/596/596 593/593/593
f 597/597/597 596/596/596 595/595/595
f 598/598/598 597/597/597 595/595/595
f 598/598/598 599/599/599 597/597/597
f 597/597/597 599/599/599 600/600/600
f 600/600/600 603/601/601 602/602/602
f 602/602/602 603/601/601 601/603/603
f 604/604/604 600/600/600 602/602/602
f 597/597/597 600/600/600 604/604/604
f 609/605/605 612/606/606 610/607/607
f 610/607/607 611/608/608 609/605/605
f 609/605/605 611/608/608 613/609/609
f 613/609/609 608/610/610 609/605/605
f 607/611/611 608/610/610 613/609/609
f 613/609/609 614/612/612 607/611/611
f 607/611/611 614/612/612 615/613/613
f 605/614/614 606/615/615 615/613/613
f 615/613/613 616/616/616 605/614/614
f 615/613/613 606/615/615 607/611/611
f 605/614/614 616/616/616 601/603/603
f 618/617/617 620/618/618 619/619/619
f 621/620/620 618/617/617 619/619/619
f 617/621/621 618/617/617 621/620/620
f 619/619/619 623/622/622 621/620/620
f 621/620/620 622/623/623 617/621/621
f 624/624/624 623/622/622 619/619/619
f 619/619/619 625/625/625 624/624/624
f 624/624/624 625/625/625 626/626/626
f 626/626/626 627/627/627 624/624/624
f 628/628/628 627/627/627 626/626/626
f 628/628/628 630/629/629 629/630/630
f 626/626/626 630/629/629 628/628/628
f 626/626/626 631/631/631 630/629/629
f 625/625/625 631/631/631 626/626/626
f 619/619/619 620/618/618 625/625/625
f 629/630/630 632/632/632 634/633/633
f 634/633/633 632/632/632 633/634/634
f 634/633/633 628/628/628 629/630/630
f 633/634/634 635/635/635 634/633/633
f 636/636/636 635/635/635 633/634/634
f 633/634/634 641/637/637 636/636/636
f 636/636/636 641/637/637 638/638/638
f 638/638/638 637/639/639 636/636/636
f 638/638/638 640/640/640 639/641/641
f 639/641/641 637/639/639 638/638/638
f 643/642/642 645/643/643 642/644/644
f 645/643/643 646/645/645 644/646/646
f 645/643/643 643/642/642 646/645/645
f 645/643/643 647/647/647 642/644/644
f 642/644/644 647/647/647 639/641/641
f 651/648/648 653/649/492 652/650/649
f 652/650/649 653/649/492 654/651/650
f 657/652/651 658/653/652 660/654/653
f 660/654/653 658/653/652 659/655/654
f 660/654/653 661/656/655 657/652/651
f 659/655/654 662/657/656 660/654/653
f 663/658/657 662/657/656 659/655/654
f 659/655/654 664/659/658 663/658/657
f 663/658/657 664/659/658 665/660/659
f 665/660/659 666/661/660 663/658/657
f 667/662/661 666/661/660 665/660/659
f 665/660/659 672/663/662 667/662/661
f 667/662/661 672/663/662 669/664/663
f 669/664/663 668/665/664 667/662/661
f 669/664/663 671/666/665 670/667/666
f 670/667/666 668/665/664 669/664/663
f 674/668/667 675/669/668 679/670/669
f 679/670/669 675/669/668 676/671/670
f 677/672/671 679/670/669 676/671/670
f 678/673/672 679/670/669 677/672/671
f 677/672/671 680/674/673 678/673/672
f 681/675/674 680/674/673 677/672/671
f 677/672/671 682/676/675 681/675/674
f 673/677/676 674/668/667 683/678/677
f 683/678/677 670/667/666 673/677/676
f 683/678/677 674/668/667 679/670/669
f 670/667/666 671/666/665 673/677/676
f 657/652/651 661/656/655 684/679/678
f 655/680/679 656/681/680 684/679/678
f 684/679/678 685/682/681 655/680/679
f 684/679/678 656/681/680 657/652/651
f 655/680/679 685/682/681 686/683/682
f 652/650/649 654/651/650 686/683/682
f 686/683/682 687/684/683 652/650/649
f 686/683/682 654/651/650 655/680/679
f 652/650/649 687/684/683 688/685/684
f 650/686/685 651/648/648 688/685/684
f 688/685/684 651/648/648 652/650/649
f 688/685/684 689/687/686 650/686/685
f 650/686/685 689/687/686 690/688/687
f 648/689/688 649/690/689 690/688/687
f 690/688/687 691/691/690 648/689/688
f 690/688/687 649/690/689 650/686/685
f 648/689/688 691/691/690 644/646/646
f 644/646/646 646/645/645 648/689/688
f 639/641/641 640/640/640 642/644/644
f 617/621/621 622/623/623 610/607/607
f 610/607/607 612/606/606 617/621/621
f 601/603/603 603/601/601 605/614/614
f 586/590/590 591/592/592 692/692/691
f 584/584/584 585/585/585 692/692/691
f 692/692/691 693/693/692 584/584/584
f 692/692/691 585/585/585 586/590/590
f 584/584/584 693/693/692 694/694/693
f 581/695/694 580/581/581 694/694/693
f 694/694/693 580/581/581 584/584/584
f 694/694/693 695/696/695 581/695/694
f 581/695/694 695/696/695 696/697/696
f 697/698/697 699/699/698 696/697/696
f 696/697/696 698/700/699 697/698/697
f 696/697/696 699/699/698 581/695/694
f 705/701/700 704/702/701 703/703/702
f 703/703/702 706/704/703 705/701/700
f 707/705/702 706/704/703 703/703/702
f 701/706/704 708/707/705 707/705/702
f 707/705/702 702/708/706 701/706/704
f 703/703/702 702/708/706 707/705/702
f 709/709/707 708/707/705 701/706/704
f 697/698/697 698/700/699 709/709/707
f 709/709/707 700/710/708 697/698/697
f 701/706/704 700/710/708 709/709/707
f 381/387/387 380/386/386 583/583/583
f 583/583/583 380/386/386 382/388/388
f 583/583/583 582/582/582 381/387/387
f 381/387/387 582/582/582 389/394/394
f 391/396/396 404/411/411 394/400/400
f 394/400/400 392/397/397 391/396/396
f 389/394/394 386/391/391 381/387/387
f 382/388/388 358/363/363 354/359/359
f 360/364/364 358/363/363 382/388/388
f 382/388/388 378/383/383 360/364/364
f 436/382/382 377/381/381 387/385/385
f 374/378/378 375/379/379 436/382/382
f 360/364/364 376/380/380 362/368/368
f 362/368/368 361/367/367 360/364/364
f 351/356/356 359/365/365 341/346/346
f 341/346/346 349/355/355 351/356/356
f 336/339/339 710/711/709 348/351/351
f 348/351/351 710/711/709 711/712/710
f 348/351/351 338/343/343 336/339/339
f 348/351/351 712/713/711 346/352/352
f 711/712/710 712/713/711 348/351/351
f 711/712/710 710/711/709 333/335/335
f 333/335/335 713/714/712 711/712/710
f 713/714/712 333/335/335 332/334/334
f 332/334/334 714/715/713 713/714/712
f 715/716/714 714/715/713 332/334/334
f 332/334/334 717/717/715 715/716/714
f 319/321/321 716/718/716 715/716/714
f 715/716/714 717/717/715 319/321/321
f 319/321/321 717/717/715 325/328/328
f 325/328/328 717/717/715 332/334/334
f 718/719/717 716/718/716 319/321/321
f 319/321/321 320/323/323 718/719/717
f 718/719/717 320/323/323 322/324/324
f 322/324/324 719/720/718 718/719/717
f 720/721/719 719/720/718 322/324/324
f 322/324/324 721/722/720 720/721/719
f 720/721/719 721/722/720 299/299/299
f 299/299/299 300/301/301 720/721/719
f 314/316/316 721/722/720 322/324/324
f 299/299/299 721/722/720 314/316/316
f 333/335/335 710/711/709 336/339/339
f 336/339/339 334/336/336 333/335/335
f 332/334/334 329/333/333 325/328/328
f 325/328/328 321/322/322 319/321/321
f 322/324/324 315/317/317 314/316/316
f 305/304/304 303/303/303 314/316/316
f 314/316/316 312/315/315 305/304/304
f 314/316/316 303/303/303 299/299/299
f 305/304/304 310/311/311 307/307/307
f 293/293/293 296/296/296 722/310/310
f 296/296/296 304/305/305 722/310/310
f 293/293/293 722/310/310 285/287/287
f 285/287/287 722/310/310 282/279/279
f 308/309/309 280/280/280 282/279/279
f 282/279/279 279/281/281 285/287/287
f 724/723/721 726/724/722 723/725/723
f 723/725/723 725/726/724 724/723/721
f 729/727/725 725/726/724 723/725/723
f 723/725/723 726/724/722 727/728/726
f 727/728/726 728/729/727 723/725/723
f 723/725/723 728/729/727 731/730/728
f 723/725/723 730/731/729 729/727/725
f 731/730/728 730/731/729 723/725/723
f 731/730/728 733/732/730 732/733/731
f 732/733/731 730/731/729 731/730/728
f 734/734/732 733/732/730 731/730/728
f 731/730/728 735/735/733 734/734/732
f 736/736/734 735/735/733 731/730/728
f 731/730/728 728/729/727 736/736/734
f 727/728/726 742/737/735 736/736/734
f 736/736/734 742/737/735 739/738/736
f 736/736/734 728/729/727 727/728/726
f 737/739/737 735/735/733 736/736/734
f 736/736/734 738/740/738 737/739/737
f 739/738/736 738/740/738 736/736/734
f 739/738/736 741/741/739 740/742/740
f 740/742/740 738/740/738 739/738/736
f 835/743/741 739/738/736 742/737/735
f 727/728/726 835/743/741 742/737/735
f 726/724/722 743/744/742 727/728/726
f 743/744/742 835/743/741 727/728/726
f 726/724/722 724/723/721 743/744/742
f 745/745/743 744/746/744 748/747/745
f 746/748/746 747/749/747 749/750/748
f 751/751/749 747/749/747 746/748/746
f 746/748/746 748/747/745 751/751/749
f 749/750/748 750/752/750 746/748/746
f 753/753/751 747/749/747 751/751/749
f 751/751/749 748/747/745 744/746/744
f 744/746/744 752/754/752 751/751/749
f 751/751/749 752/754/752 755/755/753
f 751/751/749 754/756/754 753/753/751
f 755/755/753 754/756/754 751/751/749
f 755/755/753 757/757/755 756/758/756
f 756/758/756 754/756/754 755/755/753
f 758/759/757 757/757/755 755/755/753
f 755/755/753 760/760/758 758/759/757
f 755/755/753 752/754/752 759/761/759
f 759/761/759 760/760/758 755/755/753
f 758/759/757 760/760/758 729/727/725
f 729/727/725 760/760/758 759/761/759
f 744/746/744 743/744/742 759/761/759
f 759/761/759 743/744/742 724/723/721
f 759/761/759 752/754/752 744/746/744
f 759/761/759 725/726/724 729/727/725
f 724/723/721 725/726/724 759/761/759
f 729/727/725 761/762/760 758/759/757
f 732/733/731 761/762/760 729/727/725
f 753/753/751 754/756/754 756/758/756
f 756/758/756 762/763/761 753/753/751
f 753/753/751 762/763/761 763/764/762
f 764/765/763 766/766/764 763/764/762
f 763/764/762 765/767/765 764/765/763
f 763/764/762 766/766/764 753/753/751
f 749/750/748 766/766/764 764/765/763
f 753/753/751 766/766/764 749/750/748
f 764/765/763 765/767/765 767/768/766
f 767/768/766 768/769/767 764/765/763
f 769/770/768 768/769/767 767/768/766
f 767/768/766 770/771/769 769/770/768
f 770/771/769 771/772/770 769/770/768
f 771/772/770 770/771/769 789/773/771
f 746/748/746 823/774/772 774/775/773
f 774/775/773 823/774/772 772/776/774
f 774/775/773 773/777/775 746/748/746
f 774/775/773 777/778/776 775/779/777
f 775/779/777 776/780/778 774/775/773
f 774/775/773 776/780/778 778/781/779
f 772/776/774 777/778/776 774/775/773
f 778/781/779 773/777/775 774/775/773
f 779/782/780 780/783/781 778/781/779
f 778/781/779 776/780/778 779/782/780
f 780/783/781 782/784/782 778/781/779
f 780/783/781 783/785/783 781/786/784
f 781/786/784 782/784/782 780/783/781
f 784/787/785 783/785/783 780/783/781
f 779/782/780 785/788/786 784/787/785
f 784/787/785 780/783/781 779/782/780
f 786/789/787 785/788/786 779/782/780
f 779/782/780 787/790/788 786/789/787
f 786/789/787 787/790/788 788/791/789
f 788/791/789 789/773/771 786/789/787
f 788/791/789 777/778/776 772/776/774
f 772/776/774 771/772/770 788/791/789
f 788/791/789 787/790/788 775/779/777
f 775/779/777 777/778/776 788/791/789
f 788/791/789 771/772/770 789/773/771
f 775/779/777 787/790/788 779/782/780
f 782/784/782 790/792/790 791/793/791
f 792/794/792 790/792/790 782/784/782
f 782/784/782 791/793/791 778/781/779
f 782/784/782 781/786/784 792/794/792
f 793/795/793 790/792/790 792/794/792
f 792/794/792 794/796/794 793/795/793
f 793/795/793 794/796/794 795/797/795
f 796/798/796 798/799/797 795/797/795
f 795/797/795 797/800/798 796/798/796
f 795/797/795 798/799/797 793/795/793
f 799/801/799 798/799/797 796/798/796
f 793/795/793 798/799/797 799/801/799
f 803/802/800 801/803/801 799/801/799
f 799/801/799 800/804/802 803/802/800
f 796/798/796 800/804/802 799/801/799
f 799/801/799 801/803/801 793/795/793
f 791/793/791 801/803/801 803/802/800
f 793/795/793 801/803/801 791/793/791
f 802/805/803 800/804/802 796/798/796
f 803/802/800 800/804/802 802/805/803
f 796/798/796 804/806/804 802/805/803
f 805/807/805 804/806/804 796/798/796
f 796/798/796 797/800/798 805/807/805
f 804/806/804 805/807/805 806/808/806
f 806/808/806 807/809/807 804/806/804
f 808/810/808 807/809/807 806/808/806
f 806/808/806 809/811/809 808/810/808
f 808/810/808 809/811/809 810/812/810
f 811/813/811 813/814/812 810/812/810
f 810/812/810 812/815/813 811/813/811
f 810/812/810 813/814/812 808/810/808
f 808/810/808 813/814/812 814/816/814
f 814/816/814 813/814/812 811/813/811
f 811/813/811 815/817/815 814/816/814
f 814/816/814 815/817/815 818/818/816
f 814/816/814 816/819/817 828/820/818
f 818/818/816 816/819/817 814/816/814
f 828/820/818 817/821/819 814/816/814
f 814/816/814 817/821/819 808/810/808
f 818/818/816 815/817/815 819/822/820
f 819/822/820 820/823/821 818/818/816
f 745/745/743 818/818/816 820/823/821
s 0
f 820/823/822 821/824/822 744/746/823
s 1
f 744/746/744 745/745/743 820/823/821
f 816/819/817 818/818/816 745/745/743
s 0
f 745/745/824 828/820/824 816/819/824
s 1
f 822/825/825 823/774/772 746/748/746
f 824/826/826 823/774/772 822/825/825
f 822/825/825 825/827/827 824/826/826
f 824/826/826 825/827/827 764/765/763
f 824/826/826 826/828/828 823/774/772
f 769/770/768 826/828/828 824/826/826
f 764/765/763 768/769/767 824/826/826
f 824/826/826 768/769/767 769/770/768
f 823/774/772 826/828/828 772/776/774
f 772/776/774 826/828/828 769/770/768
f 749/750/748 825/827/827 822/825/825
f 764/765/763 825/827/827 749/750/748
f 745/745/743 748/747/745 746/748/746
f 822/825/825 750/752/750 749/750/748
f 746/748/746 750/752/750 822/825/825
f 827/829/829 828/820/818 745/745/743
f 778/781/779 791/793/791 827/829/829
f 778/781/779 827/829/829 773/777/775
f 803/802/800 827/829/829 791/793/791
f 745/745/743 773/777/775 827/829/829
f 803/802/800 828/820/818 827/829/829
f 829/830/830 828/820/818 803/802/800
f 829/830/830 817/821/819 828/820/818
f 808/810/808 817/821/819 829/830/830
f 804/806/804 807/809/807 829/830/830
f 829/830/830 802/805/803 804/806/804
f 829/830/830 807/809/807 808/810/808
f 803/802/800 802/805/803 829/830/830
s 0
f 744/746/824 821/824/824 831/831/824
s 1
f 831/831/831 830/832/832 744/746/824
s 0
f 744/746/833 830/832/833 1058/833/833
f 1056/834/834 744/746/834 1058/833/834
f 1056/834/835 743/744/835 744/746/835
f 743/744/836 1056/834/836 835/743/837
s 1
f 835/743/741 1056/834/838 1061/835/839
f 1061/835/839 834/836/840 835/743/741
f 835/743/741 834/836/840 833/837/841
f 833/837/841 832/838/842 835/743/741
f 835/743/741 832/838/842 837/839/843
f 837/839/843 836/840/844 838/841/845
f 838/841/845 839/842/846 835/743/741
f 835/743/741 837/839/843 838/841/845
f 838/841/845 840/843/847 839/842/846
f 838/841/845 1067/844/848 840/843/847
f 840/843/847 1067/844/848 1072/845/849
f 841/846/850 843/847/851 840/843/847
s 0
f 842/848/852 843/847/852 841/846/853
s 1
f 844/849/854 1075/850/855 1016/851/856
f 841/846/857 1075/850/855 844/849/854
f 844/849/854 1016/851/856 849/852/858
f 849/852/858 1016/851/856 851/853/859
f 849/852/858 845/854/860 844/849/854
f 850/855/861 845/854/860 849/852/858
f 847/856/862 845/854/860 850/855/861
f 850/855/861 848/857/863 847/856/862
f 851/853/859 852/858/864 849/852/858
f 852/858/864 853/859/865 849/852/858
f 849/852/858 853/859/865 850/855/861
f 850/855/861 853/859/865 854/860/866
f 854/860/866 855/861/867 857/862/868
f 857/862/868 855/861/867 856/863/869
f 857/862/868 846/864/870 854/860/866
f 856/863/869 858/865/869 857/862/868
f 859/866/871 858/865/869 856/863/869
f 863/867/872 860/868/872 859/866/871
f 856/863/869 861/869/871 859/866/871
f 859/866/871 861/869/871 863/867/872
f 863/867/872 864/870/873 862/871/873
f 862/871/873 860/868/872 863/867/872
f 867/872/874 985/873/875 866/874/876
f 866/874/876 985/873/875 865/875/877
f 866/874/876 868/876/878 867/872/874
f 867/872/874 868/876/878 869/877/879
f 870/878/880 872/879/881 869/877/879
f 869/877/879 871/880/882 870/878/880
f 869/877/879 872/879/881 867/872/874
f 872/879/881 874/881/883 873/882/884
f 875/883/885 874/881/883 872/879/881
f 872/879/881 873/882/884 867/872/874
f 870/878/880 875/883/885 872/879/881
f 876/884/886 875/883/885 870/878/880
f 876/884/886 877/885/887 875/883/885
f 878/886/888 877/885/887 876/884/886
f 881/887/889 878/886/888 876/884/886
f 881/887/889 876/884/886 879/888/890
f 880/889/891 878/886/888 881/887/889
f 882/890/892 880/889/891 881/887/889
f 883/891/893 880/889/891 882/890/892
f 884/892/894 986/893/895 883/891/893
f 885/894/896 986/893/895 884/892/894
f 884/892/894 886/895/897 885/894/896
f 885/894/896 886/895/897 887/896/898
f 888/897/899 890/898/900 887/896/898
f 887/896/898 889/899/901 888/897/899
f 887/896/898 890/898/900 885/894/896
f 890/898/900 892/900/902 891/901/903
f 893/902/904 892/900/902 890/898/900
f 890/898/900 891/901/903 885/894/896
f 888/897/899 893/902/904 890/898/900
f 894/903/905 893/902/904 888/897/899
f 894/903/905 895/904/906 893/902/904
f 896/905/907 895/904/906 894/903/905
f 897/906/908 896/905/907 894/903/905
f 898/907/909 894/903/905 888/897/899
f 897/906/908 894/903/905 898/907/909
f 898/907/909 899/908/910 897/906/908
f 888/897/899 889/899/901 898/907/909
f 897/906/908 899/908/910 900/909/911
f 901/910/912 902/911/913 900/909/911
f 900/909/911 902/911/913 897/906/908
f 902/911/913 896/905/907 897/906/908
f 901/910/912 903/912/914 902/911/913
f 904/913/915 905/914/916 903/912/914
f 901/910/912 904/913/915 903/912/914
f 905/914/916 904/913/915 906/915/917
f 908/916/918 907/917/919 906/915/917
f 907/917/919 909/918/920 906/915/917
f 906/915/917 909/918/920 905/914/916
f 913/919/921 914/920/922 915/921/923
f 917/922/794 912/923/794 913/919/921
f 913/919/921 916/924/924 917/922/794
f 915/921/923 916/924/924 913/919/921
f 914/920/922 979/925/925 915/921/923
f 917/922/794 918/926/795 920/927/926
f 920/927/926 918/926/795 919/928/798
f 920/927/926 912/923/794 917/922/794
f 919/928/798 921/929/798 920/927/926
f 922/930/927 921/929/798 919/928/798
f 919/928/798 923/931/927 922/930/927
f 931/932/928 932/933/929 934/934/929
f 934/934/929 932/933/929 933/935/930
f 934/934/929 935/936/931 931/932/928
f 933/935/930 936/937/930 934/934/929
f 937/938/932 936/937/930 933/935/930
f 940/939/933 938/940/933 937/938/932
f 933/935/930 939/941/932 937/938/932
f 937/938/932 939/941/932 940/939/933
f 940/939/933 942/942/934 941/943/934
f 941/943/934 938/940/933 940/939/933
f 945/944/935 947/945/936 944/946/937
f 944/946/937 946/947/938 945/944/935
f 944/946/937 947/945/936 943/948/939
f 947/945/936 948/949/940 943/948/939
f 945/944/935 949/950/941 947/945/936
f 950/951/942 949/950/941 945/944/935
f 951/952/943 949/950/941 950/951/942
f 952/953/944 951/952/943 950/951/942
f 955/954/945 956/955/946 952/953/944
f 956/955/946 951/952/943 952/953/944
f 952/953/944 950/951/942 953/956/947
f 953/956/947 954/957/948 952/953/944
f 952/953/944 954/957/948 955/954/945
f 956/955/946 957/958/949 951/952/943
f 958/959/950 957/958/949 956/955/946
f 959/960/951 958/959/950 956/955/946
f 960/961/952 958/959/950 959/960/951
f 959/960/951 956/955/946 955/954/945
f 955/954/945 961/962/953 959/960/951
f 959/960/951 961/962/953 962/963/954
f 962/963/954 960/961/952 959/960/951
f 962/963/954 963/964/955 965/965/956
f 965/965/956 963/964/955 964/966/957
f 965/965/956 971/967/958 962/963/954
f 964/966/957 966/968/959 965/965/956
f 967/969/960 966/968/959 964/966/957
f 964/966/957 968/970/961 967/969/960
f 968/970/961 969/971/962 970/972/963
f 970/972/963 967/969/960 968/970/961
f 960/961/952 971/967/958 958/959/950
f 977/973/964 922/930/927 923/931/927
f 925/974/965 976/975/965 977/973/964
f 923/931/927 924/976/966 977/973/964
f 977/973/964 924/976/966 925/974/965
f 975/977/810 976/975/965 925/974/965
f 927/978/967 973/979/967 975/977/810
f 925/974/965 926/980/810 975/977/810
f 975/977/810 926/980/810 927/978/967
f 974/981/968 973/979/967 927/978/967
f 929/982/969 972/983/970 974/981/968
f 927/978/967 928/984/971 974/981/968
f 974/981/968 928/984/971 929/982/969
f 978/985/972 972/983/970 929/982/969
f 931/932/928 935/936/931 978/985/972
f 929/982/969 930/986/973 978/985/972
f 978/985/972 930/986/973 931/932/928
f 962/963/954 971/967/958 960/961/952
f 945/944/935 946/947/938 953/956/947
f 953/956/947 950/951/942 945/944/935
f 943/948/939 948/949/940 941/943/934
f 941/943/934 942/942/934 943/948/939
f 914/920/922 911/987/974 979/925/925
f 981/988/975 980/989/976 979/925/925
f 979/925/925 911/987/974 981/988/975
f 981/988/975 910/990/977 982/991/978
f 982/991/978 980/989/976 981/988/975
f 982/991/978 910/990/977 907/917/919
f 982/991/978 907/917/919 908/916/918
f 985/873/875 984/992/979 865/875/877
f 865/875/877 984/992/979 862/871/873
f 867/872/874 873/882/884 985/873/875
f 986/893/895 983/993/980 883/891/893
f 883/891/893 983/993/980 880/889/891
f 885/894/896 891/901/903 986/893/895
f 879/888/890 876/884/886 870/878/880
f 870/878/880 871/880/882 879/888/890
f 862/871/873 864/870/873 865/875/877
f 854/860/866 846/864/870 850/855/861
f 847/856/862 848/857/863 987/994/867
f 988/995/981 990/996/982 987/994/867
f 987/994/867 989/997/869 988/995/981
f 987/994/867 990/996/982 847/856/862
f 991/998/983 990/996/982 988/995/981
f 847/856/862 990/996/982 991/998/983
f 842/848/984 993/999/985 991/998/983
f 991/998/983 992/1000/986 842/848/984
f 988/995/981 992/1000/986 991/998/983
f 991/998/983 993/999/985 847/856/862
f 844/849/854 993/999/985 842/848/984
f 847/856/862 993/999/985 844/849/854
f 842/848/984 992/1000/986 994/1001/987
f 994/1001/987 992/1000/986 988/995/981
f 843/847/851 842/848/984 994/1001/987
f 994/1001/987 995/1002/988 843/847/851
f 999/1003/989 995/1002/988 994/1001/987
f 988/995/981 996/1004/990 994/1001/987
f 994/1001/987 996/1004/990 999/1003/989
f 999/1003/989 996/1004/990 997/1005/991
f 997/1005/991 998/1006/992 999/1003/989
f 1008/1007/993 843/847/851 995/1002/988
f 995/1002/988 1000/1008/994 1008/1007/993
f 1001/1009/995 1000/1008/994 995/1002/988
f 995/1002/988 999/1003/989 1001/1009/995
f 998/1006/992 1002/1010/996 1001/1009/995
f 1001/1009/995 1002/1010/996 1003/1011/997
f 1005/1012/998 1000/1008/994 1001/1009/995
f 1001/1009/995 999/1003/989 998/1006/992
f 1003/1011/997 1004/1013/999 1001/1009/995
f 1001/1009/995 1004/1013/999 1005/1012/998
f 1006/1014/1000 1008/1007/993 1005/1012/998
f 1005/1012/998 1007/1015/1001 1006/1014/1000
f 1009/1016/1002 1007/1015/1001 1005/1012/998
f 1008/1007/993 1000/1008/994 1005/1012/998
f 1005/1012/998 1004/1013/999 1009/1016/1002
f 1003/1011/997 1010/1017/1003 1009/1016/1002
f 1009/1016/1002 1010/1017/1003 1011/1018/1004
f 1009/1016/1002 1004/1013/999 1003/1011/997
f 1009/1016/1002 1012/1019/1005 740/742/740
f 740/742/740 1007/1015/1001 1009/1016/1002
f 1011/1018/1004 1012/1019/1005 1009/1016/1002
f 740/742/740 1012/1019/1005 737/739/737
f 737/739/737 1012/1019/1005 1011/1018/1004
f 1011/1018/1004 1013/1020/1006 737/739/737
f 737/739/737 1013/1020/1006 734/734/732
f 1008/1007/993 1006/1014/1000 839/842/846
f 839/842/846 840/843/847 1008/1007/993
f 843/847/851 1008/1007/993 840/843/847
f 839/842/846 1006/1014/1000 741/741/739
f 1006/1014/1000 1007/1015/1001 740/742/740
f 740/742/740 741/741/739 1006/1014/1000
f 988/995/981 989/997/869 997/1005/991
f 997/1005/991 996/1004/990 988/995/981
f 844/849/854 845/854/860 847/856/862
f 1016/851/856 1014/1021/1007 851/853/859
f 1015/1022/1008 1017/1023/1009 1014/1021/1007
f 1014/1021/1007 1016/851/856 1015/1022/1008
f 1018/1024/1010 1017/1023/1009 1015/1022/1008
f 1015/1022/1008 1019/1025/1011 1018/1024/1010
f 1018/1024/1010 1019/1025/1011 1022/1026/1012
f 1022/1026/1012 1020/1027/1013 1018/1024/1010
f 1021/1028/1014 1023/1029/1015 1020/1027/1013
f 1020/1027/1013 1022/1026/1012 1021/1028/1014
f 1024/1030/1016 1023/1029/1015 1021/1028/1014
f 1021/1028/1014 1025/1031/1017 1024/1030/1016
f 1024/1030/1016 1025/1031/1017 1026/1032/1018
f 1026/1032/1018 1027/1033/1019 1024/1030/1016
f 1028/1034/1020 1027/1033/1019 1026/1032/1018
f 1026/1032/1018 1029/1035/1021 1028/1034/1020
f 1030/1036/1022 1028/1034/1020 1029/1035/1021
f 1029/1035/1021 1031/1037/1023 1030/1036/1022
f 1030/1036/1022 1031/1037/1023 1032/1038/1024
f 1032/1038/1024 1033/1039/1025 1030/1036/1022
f 1034/1040/934 1033/1039/1025 1032/1038/1024
f 1032/1038/1024 1035/1041/1026 1034/1040/934
f 1034/1040/934 1035/1041/1026 1036/1042/1027
f 1036/1042/1027 1037/1043/933 1034/1040/934
f 1038/1044/1028 1037/1043/933 1036/1042/1027
f 1036/1042/1027 1039/1045/1029 1038/1044/1028
f 1038/1044/1028 1039/1045/1029 1040/1046/1030
f 1040/1046/1030 1041/1047/1031 1038/1044/1028
f 1042/1048/1032 1041/1047/1031 1040/1046/1030
f 1040/1046/1030 1043/1049/1033 1042/1048/1032
f 1042/1048/1032 1043/1049/1033 1044/1050/1034
f 1044/1050/1034 1045/1051/931 1042/1048/1032
f 1046/1052/972 1045/1051/931 1044/1050/1034
f 1044/1050/1034 1047/1053/1035 1046/1052/972
f 1046/1052/972 1047/1053/1035 1048/1054/1036
f 1048/1054/1036 1049/1055/1037 1046/1052/972
f 1050/1056/971 1049/1055/1037 1048/1054/1036
f 811/813/811 812/815/813 1050/1056/971
f 1050/1056/971 1051/1057/1038 811/813/811
f 1048/1054/1036 1051/1057/1038 1050/1056/971
f 811/813/811 1051/1057/1038 819/822/820
f 819/822/820 1051/1057/1038 1048/1054/1036
f 1053/1058/1039 1052/1059/1040 1048/1054/1036
f 1048/1054/1036 1052/1059/1040 819/822/820
f 1048/1054/1036 1047/1053/1035 1053/1058/1039
f 830/832/832 831/831/831 1053/1058/1039
f 1053/1058/1039 1054/1060/1041 830/832/832
f 1044/1050/1034 1054/1060/1041 1053/1058/1039
f 1053/1058/1039 831/831/831 821/824/1042
f 821/824/1042 1052/1059/1040 1053/1058/1039
f 1053/1058/1039 1047/1053/1035 1044/1050/1034
f 830/832/832 1054/1060/1041 1055/1061/1043
f 1055/1061/1043 1054/1060/1041 1044/1050/1034
f 1056/834/838 1058/833/1044 1055/1061/1043
f 1055/1061/1043 1057/1062/1045 1056/834/838
f 1040/1046/1030 1057/1062/1045 1055/1061/1043
f 1055/1061/1043 1058/833/1044 830/832/832
f 1055/1061/1043 1043/1049/1033 1040/1046/1030
f 1044/1050/1034 1043/1049/1033 1055/1061/1043
f 1059/1063/1046 1057/1062/1045 1040/1046/1030
f 1056/834/838 1057/1062/1045 1059/1063/1046
f 1036/1042/1027 1060/1064/1047 1059/1063/1046
f 1059/1063/1046 1060/1064/1047 834/836/840
f 1059/1063/1046 1061/835/839 1056/834/838
f 834/836/840 1061/835/839 1059/1063/1046
f 1059/1063/1046 1039/1045/1029 1036/1042/1027
f 1040/1046/1030 1039/1045/1029 1059/1063/1046
f 1062/1065/1048 1060/1064/1047 1036/1042/1027
f 834/836/840 1060/1064/1047 1062/1065/1048
f 832/838/842 833/837/841 1062/1065/1048
f 1062/1065/1048 1063/1066/1049 832/838/842
f 1032/1038/1024 1063/1066/1049 1062/1065/1048
f 1062/1065/1048 833/837/841 834/836/840
f 1062/1065/1048 1035/1041/1026 1032/1038/1024
f 1036/1042/1027 1035/1041/1026 1062/1065/1048
f 832/838/842 1063/1066/1049 1064/1067/1050
f 1064/1067/1050 1063/1066/1049 1032/1038/1024
f 836/840/844 837/839/843 1064/1067/1050
f 1064/1067/1050 1065/1068/1051 836/840/844
f 1029/1035/1021 1065/1068/1051 1064/1067/1050
f 1064/1067/1050 837/839/843 832/838/842
f 1064/1067/1050 1031/1037/1023 1029/1035/1021
f 1032/1038/1024 1031/1037/1023 1064/1067/1050
f 1066/1069/1052 1065/1068/1051 1029/1035/1021
f 836/840/844 1065/1068/1051 1066/1069/1052
f 1066/1069/1052 1067/844/848 836/840/844
f 1066/1069/1052 1068/1070/1053 1067/844/848
f 1026/1032/1018 1068/1070/1053 1066/1069/1052
f 1066/1069/1052 1029/1035/1021 1026/1032/1018
f 1067/844/848 1068/1070/1053 1069/1071/1054
f 1069/1071/1054 1068/1070/1053 1026/1032/1018
f 1070/1072/1055 1072/845/849 1069/1071/1054
f 1069/1071/1054 1071/1073/1056 1070/1072/1055
f 1021/1028/1014 1071/1073/1056 1069/1071/1054
f 1069/1071/1054 1072/845/849 1067/844/848
f 1069/1071/1054 1025/1031/1017 1021/1028/1014
f 1026/1032/1018 1025/1031/1017 1069/1071/1054
f 1070/1072/1055 1071/1073/1056 1073/1074/1057
f 1073/1074/1057 1071/1073/1056 1021/1028/1014
f 1021/1028/1014 1022/1026/1012 1073/1074/1057
f 1074/1075/1058 1073/1074/1057 1022/1026/1012
f 1070/1072/1055 1073/1074/1057 1074/1075/1058
f 1074/1075/1058 1075/850/855 1070/1072/1055
f 1015/1022/1008 1075/850/855 1074/1075/1058
f 1074/1075/1058 1019/1025/1011 1015/1022/1008
f 1022/1026/1012 1019/1025/1011 1074/1075/1058
f 841/846/857 1070/1072/1055 1075/850/855
f 1015/1022/1008 1016/851/856 1075/850/855
s 0
f 1070/1072/1059 841/846/1059 840/843/1059
s 1
f 1072/845/849 1070/1072/1055 840/843/847
f 836/840/844 1067/844/848 838/841/845
f 819/822/820 1052/1059/1040 821/824/1042
f 842/848/984 841/846/857 844/849/854
f 839/842/846 741/741/739 835/743/741
f 821/824/1042 820/823/821 819/822/820
f 819/822/820 815/817/815 811/813/811
f 791/793/791 790/792/790 793/795/793
f 779/782/780 776/780/778 775/779/777
f 746/748/746 773/777/775 745/745/743
f 769/770/768 771/772/770 772/776/774
f 749/750/748 747/749/747 753/753/751
f 741/741/739 739/738/736 835/743/741
f 737/739/737 738/740/738 740/742/740
f 734/734/732 735/735/733 737/739/737
f 729/727/725 730/731/729 732/733/731
f 1077/1076/1060 1078/1077/1061 1076/1078/1062
s 0
f 1484/1079/1063 1077/1076/1064 1076/1078/1064
s 1
f 1080/1080/1065 1079/1081/1066 1078/1077/1061
f 1078/1077/1061 1081/1082/1067 1076/1078/1062
f 1081/1082/1067 1488/1083/1068 1076/1078/1062
f 1084/1084/1069 1076/1078/1062 1488/1083/1068
f 1082/1085/1070 1083/1086/1071 1084/1084/1069
f 1488/1083/1068 1082/1085/1070 1084/1084/1069
f 1083/1086/1071 1085/1087/1072 1084/1084/1069
f 1084/1084/1069 1085/1087/1072 1076/1078/1062
f 1076/1078/1062 1085/1087/1072 1086/1088/1073
s 0
f 1076/1078/1074 1086/1088/1074 1484/1079/1074
s 1
f 1091/1089/1075 1087/1090/1076 1086/1088/1073
f 1086/1088/1073 1088/1091/1077 1089/1092/1078
f 1089/1092/1078 1090/1093/1079 1086/1088/1073
f 1086/1088/1073 1090/1093/1079 1091/1089/1075
f 1092/1094/1080 1087/1090/1076 1091/1089/1075
f 1091/1089/1075 1093/1095/1081 1092/1094/1080
f 1094/1096/1082 1093/1095/1081 1091/1089/1075
f 1091/1089/1075 1090/1093/1079 1096/1097/1083
f 1091/1089/1075 1095/1098/1084 1094/1096/1082
f 1096/1097/1083 1095/1098/1084 1091/1089/1075
f 1096/1097/1083 1090/1093/1079 1089/1092/1078
f 1097/1099/1085 1095/1098/1084 1096/1097/1083
f 1096/1097/1083 1099/1100/1086 1097/1099/1085
f 1089/1092/1078 1098/1101/1087 1096/1097/1083
f 1096/1097/1083 1098/1101/1087 1100/1102/1088
f 1100/1102/1088 1099/1100/1086 1096/1097/1083
f 1103/1103/1089 1101/1104/1090 1100/1102/1088
f 1100/1102/1088 1098/1101/1087 1103/1103/1089
f 1102/1105/1091 1101/1104/1090 1103/1103/1089
f 1102/1105/1091 1103/1103/1089 1108/1106/1092
f 1108/1106/1092 1104/1107/1093 1102/1105/1091
f 1105/1108/1094 1104/1107/1093 1108/1106/1092
f 1106/1109/1095 1107/1110/1096 1105/1108/1094
f 1105/1108/1094 1108/1106/1092 1106/1109/1095
f 1106/1109/1095 1108/1106/1092 1109/1111/1097
f 1083/1086/1071 1110/1112/1098 1109/1111/1097
f 1109/1111/1097 1111/1113/1099 1083/1086/1071
f 1108/1106/1092 1111/1113/1099 1109/1111/1097
f 1111/1113/1099 1085/1087/1072 1083/1086/1071
f 1111/1113/1099 1112/1114/1100 1085/1087/1072
f 1103/1103/1089 1112/1114/1100 1111/1113/1099
f 1108/1106/1092 1103/1103/1089 1111/1113/1099
f 1085/1087/1072 1112/1114/1100 1089/1092/1078
f 1089/1092/1078 1112/1114/1100 1103/1103/1089
f 1113/1115/1101 1109/1111/1097 1110/1112/1098
f 1106/1109/1095 1109/1111/1097 1113/1115/1101
f 1114/1116/1102 1115/1117/1103 1113/1115/1101
f 1110/1112/1098 1114/1116/1102 1113/1115/1101
f 1113/1115/1101 1115/1117/1103 1117/1118/1104
f 1113/1115/1101 1116/1119/1105 1106/1109/1095
f 1117/1118/1104 1116/1119/1105 1113/1115/1101
f 1118/1120/1106 1116/1119/1105 1117/1118/1104
f 1117/1118/1104 1115/1117/1103 1120/1121/1107
f 1117/1118/1104 1121/1122/1108 1118/1120/1106
f 1117/1118/1104 1119/1123/1109 1122/1124/1110
f 1120/1121/1107 1119/1123/1109 1117/1118/1104
f 1122/1124/1110 1121/1122/1108 1117/1118/1104
f 1123/1125/1111 1124/1126/1112 1122/1124/1110
f 1122/1124/1110 1119/1123/1109 1123/1125/1111
f 1125/1127/1113 1124/1126/1112 1123/1125/1111
f 1125/1127/1113 1126/1128/1114 1127/1129/1115
f 1123/1125/1111 1126/1128/1114 1125/1127/1113
f 1127/1129/1115 1128/1130/1116 1125/1127/1113
f 1129/1131/1117 1128/1130/1116 1127/1129/1115
f 1130/1132/1118 1131/1133/1119 1129/1131/1117
f 1129/1131/1117 1132/1134/1120 1130/1132/1118
f 1127/1129/1115 1132/1134/1120 1129/1131/1117
f 1130/1132/1118 1132/1134/1120 1133/1135/1121
f 1133/1135/1121 1132/1134/1120 1127/1129/1115
f 1491/1136/1122 1135/1137/1123 1133/1135/1121
f 1133/1135/1121 1134/1138/1124 1491/1136/1122
f 1127/1129/1115 1134/1138/1124 1133/1135/1121
f 1135/1137/1123 1136/1139/1125 1133/1135/1121
f 1133/1135/1121 1136/1139/1125 1130/1132/1118
f 1137/1140/1126 1136/1139/1125 1135/1137/1123
f 1130/1132/1118 1136/1139/1125 1137/1140/1126
f 1137/1140/1126 1135/1137/1123 1490/1141/1127
f 1137/1140/1126 1138/1142/1128 1130/1132/1118
f 1138/1142/1128 1140/1143/1129 1131/1133/1119
f 1138/1142/1128 1139/1144/1130 1140/1143/1129
f 1137/1140/1126 1139/1144/1130 1138/1142/1128
f 1137/1140/1126 1490/1141/1127 1152/1145/1131
f 1152/1145/1131 1141/1146/1132 1137/1140/1126
f 1137/1140/1126 1141/1146/1132 1142/1147/1133
f 1142/1147/1133 1139/1144/1130 1137/1140/1126
f 1142/1147/1133 1145/1148/1134 1140/1143/1129
f 1140/1143/1129 1139/1144/1130 1142/1147/1133
f 1142/1147/1133 1143/1149/1135 1146/1150/1136
f 1144/1151/1137 1143/1149/1135 1142/1147/1133
f 1142/1147/1133 1141/1146/1132 1144/1151/1137
f 1146/1150/1136 1145/1148/1134 1142/1147/1133
f 1146/1150/1136 1143/1149/1135 1147/1152/1138
f 1147/1152/1138 1148/1153/1139 1146/1150/1136
f 1149/1154/1140 1148/1153/1139 1147/1152/1138
f 1147/1152/1138 1150/1155/1141 1149/1154/1140
f 1151/1156/1142 1150/1155/1141 1147/1152/1138
f 1151/1156/1142 1152/1145/1131 1487/1157/1143
f 1151/1156/1142 1153/1158/1144 1152/1145/1131
f 1147/1152/1138 1153/1158/1144 1151/1156/1142
f 1152/1145/1131 1153/1158/1144 1144/1151/1137
f 1144/1151/1137 1153/1158/1144 1147/1152/1138
f 1154/1159/1145 1151/1156/1142 1487/1157/1143
f 1150/1155/1141 1151/1156/1142 1154/1159/1145
f 1154/1159/1145 1487/1157/1143 1081/1082/1067
f 1081/1082/1067 1156/1160/1146 1154/1159/1145
f 1154/1159/1145 1156/1160/1146 1155/1161/1147
f 1154/1159/1145 1155/1161/1147 1150/1155/1141
f 1156/1160/1146 1158/1162/1148 1155/1161/1147
f 1155/1161/1147 1158/1162/1148 1157/1163/1149
f 1158/1162/1148 1159/1164/1150 1157/1163/1149
f 1158/1162/1148 1160/1165/1151 1159/1164/1150
f 1161/1166/1152 1159/1164/1150 1160/1165/1151
f 1162/1167/1153 1163/1168/1154 1161/1166/1152
f 1161/1166/1152 1164/1169/1155 1162/1167/1153
f 1160/1165/1151 1164/1169/1155 1161/1166/1152
f 1080/1080/1065 1164/1169/1155 1160/1165/1151
f 1162/1167/1153 1164/1169/1155 1080/1080/1065
f 1165/1170/1156 1163/1168/1154 1162/1167/1153
f 1165/1170/1156 1166/1171/1157 1167/1172/1158
f 1162/1167/1153 1166/1171/1157 1165/1170/1156
f 1167/1172/1158 1168/1173/1159 1165/1170/1156
f 1169/1174/1160 1168/1173/1159 1167/1172/1158
f 1170/1175/1161 1171/1176/1162 1169/1174/1160
f 1169/1174/1160 1172/1177/1163 1170/1175/1161
f 1167/1172/1158 1172/1177/1163 1169/1174/1160
f 1173/1178/1164 1172/1177/1163 1167/1172/1158
f 1170/1175/1161 1172/1177/1163 1173/1178/1164
f 1483/1179/1165 1175/1180/1166 1173/1178/1164
f 1173/1178/1164 1174/1181/1167 1483/1179/1165
f 1167/1172/1158 1174/1181/1167 1173/1178/1164
f 1173/1178/1164 1175/1180/1166 1217/1182/1168
f 1217/1182/1168 1176/1183/1169 1173/1178/1164
f 1173/1178/1164 1176/1183/1169 1170/1175/1161
f 1170/1175/1161 1176/1183/1169 1177/1184/1170
f 1177/1184/1170 1176/1183/1169 1217/1182/1168
f 1210/1185/1171 1178/1186/1172 1177/1184/1170
f 1177/1184/1170 1211/1187/1173 1210/1185/1171
f 1217/1182/1168 1211/1187/1173 1177/1184/1170
f 1177/1184/1170 1178/1186/1172 1180/1188/1174
f 1177/1184/1170 1179/1189/1175 1170/1175/1161
f 1180/1188/1174 1179/1189/1175 1177/1184/1170
f 1181/1190/1176 1179/1189/1175 1180/1188/1174
f 1180/1188/1174 1178/1186/1172 1183/1191/1177
f 1180/1188/1174 1184/1192/1178 1181/1190/1176
f 1180/1188/1174 1182/1193/1179 1185/1194/1180
f 1183/1191/1177 1182/1193/1179 1180/1188/1174
f 1185/1194/1180 1184/1192/1178 1180/1188/1174
f 1186/1195/1181 1187/1196/1182 1185/1194/1180
f 1185/1194/1180 1182/1193/1179 1186/1195/1181
f 1188/1197/1183 1187/1196/1182 1186/1195/1181
f 1188/1197/1183 1189/1198/1184 1190/1199/1185
f 1186/1195/1181 1189/1198/1184 1188/1197/1183
f 1190/1199/1185 1191/1200/1186 1188/1197/1183
f 1192/1201/1187 1191/1200/1186 1190/1199/1185
f 1193/1202/1188 1194/1203/1189 1192/1201/1187
f 1192/1201/1187 1195/1204/1190 1193/1202/1188
f 1190/1199/1185 1195/1204/1190 1192/1201/1187
f 1193/1202/1188 1195/1204/1190 1196/1205/1191
f 1196/1205/1191 1195/1204/1190 1190/1199/1185
f 1196/1205/1191 1197/1206/1192 1193/1202/1188
f 1199/1207/1193 1197/1206/1192 1196/1205/1191
f 1202/1208/1194 1200/1209/1195 1196/1205/1191
f 1196/1205/1191 1198/1210/1196 1202/1208/1194
f 1190/1199/1185 1198/1210/1196 1196/1205/1191
f 1196/1205/1191 1200/1209/1195 1199/1207/1193
f 1200/1209/1195 1201/1211/1197 1199/1207/1193
f 1203/1212/1198 1201/1211/1197 1200/1209/1195
f 1200/1209/1195 1202/1208/1194 1203/1212/1198
s 0
f 1203/1212/1199 1204/1213/1199 1428/1214/1199
s 1
f 1206/1215/1200 1205/1216/1201 1203/1212/1202
f 1205/1216/1201 1465/1217/1203 1203/1212/1202
s 0
f 1203/1212/1199 1465/1217/1199 1204/1213/1199
s 1
f 1207/1218/1204 1208/1219/1205 1206/1215/1200
f 1210/1185/1171 1207/1218/1204 1206/1215/1200
f 1209/1220/1206 1207/1218/1204 1210/1185/1171
f 1206/1215/1200 1212/1221/1207 1210/1185/1171
f 1210/1185/1171 1211/1187/1173 1209/1220/1206
s 0
f 1206/1215/440 1213/1222/440 1212/1221/440
s 1
f 1214/1223/1208 1213/1222/1209 1206/1215/1210
s 0
f 1214/1223/1211 1206/1215/1211 1203/1212/1211
s 1
f 1203/1212/1198 1202/1208/1194 1214/1223/1208
f 1213/1222/1209 1214/1223/1208 1215/1224/1212
f 1215/1224/1212 1216/1225/1213 1213/1222/1209
f 1183/1191/1177 1212/1221/1207 1213/1222/1209
f 1213/1222/1209 1216/1225/1213 1183/1191/1177
f 1186/1195/1181 1216/1225/1213 1215/1224/1212
f 1183/1191/1177 1216/1225/1213 1186/1195/1181
f 1210/1185/1171 1212/1221/1207 1183/1191/1177
f 1215/1224/1212 1214/1223/1208 1202/1208/1194
f 1215/1224/1212 1198/1210/1196 1190/1199/1185
f 1202/1208/1194 1198/1210/1196 1215/1224/1212
f 1215/1224/1212 1189/1198/1184 1186/1195/1181
f 1190/1199/1185 1189/1198/1184 1215/1224/1212
f 1209/1220/1206 1211/1187/1173 1217/1182/1168
f 1217/1182/1168 1175/1180/1166 1218/1226/1214
f 1218/1226/1214 1175/1180/1166 1483/1179/1165
f 1483/1179/1165 1086/1088/1073 1087/1090/1076
f 1087/1090/1076 1092/1094/1080 1483/1179/1165
f 1483/1179/1165 1092/1094/1080 1218/1226/1214
f 1218/1226/1214 1219/1227/1215 1217/1182/1168
f 1217/1182/1168 1219/1227/1215 1209/1220/1206
f 1219/1227/1215 1218/1226/1214 1220/1228/1216
f 1220/1228/1216 1218/1226/1214 1092/1094/1080
f 1222/1229/1217 1221/1230/1218 1220/1228/1216
f 1220/1228/1216 1221/1230/1218 1219/1227/1215
f 1092/1094/1080 1093/1095/1081 1220/1228/1216
f 1220/1228/1216 1093/1095/1081 1094/1096/1082
f 1220/1228/1216 1223/1231/1219 1222/1229/1217
f 1094/1096/1082 1223/1231/1219 1220/1228/1216
f 1222/1229/1217 1223/1231/1219 1224/1232/1220
f 1224/1232/1220 1223/1231/1219 1094/1096/1082
f 1094/1096/1082 1225/1233/1221 1224/1232/1220
f 1224/1232/1220 1226/1234/1222 1222/1229/1217
f 1222/1229/1217 1226/1234/1222 1227/1235/1223
f 1227/1235/1223 1228/1236/1224 1222/1229/1217
f 1229/1237/1225 1228/1236/1224 1227/1235/1223
f 1227/1235/1223 1230/1238/1226 1229/1237/1225
f 1229/1237/1225 1230/1238/1226 1231/1239/1227
f 1231/1239/1227 1232/1240/1228 1229/1237/1225
f 1233/1241/1229 1232/1240/1228 1231/1239/1227
f 1231/1239/1227 1234/1242/1230 1233/1241/1229
f 1233/1241/1229 1234/1242/1230 1235/1243/1231
f 1235/1243/1231 1236/1244/1232 1233/1241/1229
f 1237/1245/1233 1236/1244/1232 1235/1243/1231
f 1235/1243/1231 1238/1246/1234 1237/1245/1233
f 1237/1245/1233 1238/1246/1234 1239/1247/1235
f 1239/1247/1235 1240/1248/1236 1237/1245/1233
f 1241/1249/1237 1240/1248/1236 1239/1247/1235
f 1239/1247/1235 1242/1250/1238 1241/1249/1237
f 1241/1249/1237 1242/1250/1238 1243/1251/1239
f 1243/1251/1239 1244/1252/1240 1241/1249/1237
f 1245/1253/1241 1244/1252/1240 1243/1251/1239
f 1243/1251/1239 1246/1254/1242 1245/1253/1241
f 1245/1253/1241 1246/1254/1242 1247/1255/1243
f 1247/1255/1243 1248/1256/1244 1245/1253/1241
f 1249/1257/1245 1248/1256/1244 1247/1255/1243
f 1247/1255/1243 1250/1258/1246 1249/1257/1245
f 1249/1257/1245 1250/1258/1246 1251/1259/1247
f 1251/1259/1247 1252/1260/1248 1249/1257/1245
f 1253/1261/1249 1252/1260/1248 1251/1259/1247
f 1251/1259/1247 1254/1262/1250 1253/1261/1249
f 1253/1261/1249 1254/1262/1250 1255/1263/1251
f 1255/1263/1251 1256/1264/1252 1253/1261/1249
f 1257/1265/1253 1256/1264/1252 1255/1263/1251
f 1255/1263/1251 1258/1266/1254 1257/1265/1253
f 1257/1265/1253 1258/1266/1254 1260/1267/1255
f 1260/1267/1255 1259/1268/1256 1257/1265/1253
f 1262/1269/1257 1259/1268/1256 1260/1267/1255
f 1260/1267/1255 1261/1270/1258 1472/1271/1259
f 1262/1269/1257 1263/1272/1260 1265/1273/1261
f 1264/1274/1262 1263/1272/1260 1262/1269/1257
f 1262/1269/1257 1260/1267/1255 1264/1274/1262
f 1265/1273/1261 1419/1275/1263 1262/1269/1257
f 1266/1276/1264 1419/1275/1263 1265/1273/1261
f 1266/1276/1264 1267/1277/1265 1269/1278/1266
f 1269/1278/1266 1267/1277/1265 1268/1279/1267
f 1419/1275/1263 1266/1276/1264 1269/1278/1266
f 1268/1279/1267 1270/1280/1268 1269/1278/1266
f 1284/1281/1269 1272/1282/1269 1271/1283/1270
f 1271/1283/1270 1285/1284/1270 1284/1281/1269
f 1268/1279/1267 1285/1284/1270 1271/1283/1270
f 1271/1283/1270 1270/1280/1268 1268/1279/1267
f 1278/1285/1271 1274/1286/1272 1275/1287/1273
f 1282/1288/1274 1277/1289/1275 1275/1287/1273
f 1275/1287/1273 1276/1290/1276 1282/1288/1274
f 1275/1287/1273 1277/1289/1275 1278/1285/1271
f 1278/1285/1271 1281/1291/1277 1279/1292/1278
f 1279/1292/1278 1280/1293/1279 1278/1285/1271
f 1280/1293/1279 1274/1286/1272 1278/1285/1271
f 1277/1289/1275 1281/1291/1277 1278/1285/1271
f 1273/1294/1280 1283/1295/1281 1282/1288/1274
f 1284/1281/1269 1283/1295/1281 1273/1294/1280
f 1286/1296/1282 1280/1293/1279 1279/1292/1278
f 1279/1292/1278 1287/1297/1283 1286/1296/1282
f 1286/1296/1282 1287/1297/1283 1289/1298/1284
f 1286/1296/1282 1290/1299/1285 1280/1293/1279
f 1288/1300/1286 1290/1299/1285 1286/1296/1282
f 1289/1298/1284 1288/1300/1286 1286/1296/1282
f 1288/1300/1286 1291/1301/1287 1290/1299/1285
f 1290/1299/1285 1292/1302/1288 1280/1293/1279
f 1297/1303/1289 1295/1304/1290 1296/1305/1291
f 1296/1305/1291 1294/1306/1292 1411/1307/1293
f 1297/1303/1289 1296/1305/1291 1298/1308/1294
f 1298/1308/1294 1300/1309/1295 1297/1303/1289
f 1297/1303/1289 1300/1309/1295 1299/1310/1296
f 1299/1310/1296 1301/1311/1297 1297/1303/1289
f 1301/1311/1297 1295/1304/1290 1297/1303/1289
f 1302/1312/1298 1303/1313/1299 1301/1311/1297
f 1304/1314/1300 1302/1312/1298 1301/1311/1297
f 1301/1311/1297 1303/1313/1299 1295/1304/1290
f 1304/1314/1300 1301/1311/1297 1299/1310/1296
f 1299/1310/1296 1307/1315/1301 1304/1314/1300
f 1305/1316/1302 1302/1312/1298 1304/1314/1300
f 1304/1314/1300 1307/1315/1301 1306/1317/1303
f 1306/1317/1303 1305/1316/1302 1304/1314/1300
f 1309/1318/1304 1305/1316/1302 1306/1317/1303
f 1309/1318/1304 1310/1319/1305 1305/1316/1302
f 1308/1320/1306 1311/1321/1307 1309/1318/1304
f 1311/1321/1307 1310/1319/1305 1309/1318/1304
f 1409/1322/1308 1312/1323/1309 1311/1321/1307
f 1400/1324/1310 1318/1325/1311 1316/1326/1312
f 1320/1327/1313 1317/1328/1314 1321/1329/1315
f 1326/1330/1316 1319/1331/1317 1320/1327/1313
f 1325/1332/1318 1320/1327/1313 1321/1329/1315
f 1321/1329/1315 1324/1333/1319 1322/1334/1320
f 1322/1334/1320 1323/1335/1321 1321/1329/1315
f 1321/1329/1315 1323/1335/1321 1325/1332/1318
f 1321/1329/1315 1317/1328/1314 1324/1333/1319
f 1326/1330/1316 1320/1327/1313 1325/1332/1318
f 1327/1336/1322 1328/1337/1323 1326/1330/1316
f 1328/1337/1323 1319/1331/1317 1326/1330/1316
f 1327/1336/1322 1329/1338/1324 1328/1337/1323
f 1331/1339/1325 1330/1340/1326 1333/1341/1327
f 1335/1342/1328 1332/1343/1116 1331/1339/1325
f 1331/1339/1325 1334/1344/1329 1335/1342/1328
f 1333/1341/1327 1334/1344/1329 1331/1339/1325
f 1333/1341/1327 1330/1340/1326 1329/1338/1324
f 1338/1345/1330 1336/1346/1331 1337/1347/1332
f 1335/1342/1328 1336/1346/1331 1338/1345/1330
f 1337/1347/1332 1339/1348/1112 1338/1345/1330
f 1338/1345/1330 1332/1343/1116 1335/1342/1328
f 1344/1349/1333 1346/1350/1334 1345/1351/1335
f 1347/1352/1336 1346/1350/1334 1344/1349/1333
f 1350/1353/1337 1347/1352/1336 1348/1354/1338
f 1348/1354/1338 1347/1352/1336 1344/1349/1333
f 1348/1354/1338 1344/1349/1333 1351/1355/1339
f 1349/1356/1340 1350/1353/1337 1348/1354/1338
f 1351/1355/1339 1355/1357/1341 1352/1358/1342
f 1352/1358/1342 1354/1359/1343 1351/1355/1339
f 1351/1355/1339 1344/1349/1333 1355/1357/1341
f 1351/1355/1339 1354/1359/1343 1353/1360/1344
f 1353/1360/1344 1348/1354/1338 1351/1355/1339
f 1344/1349/1333 1345/1351/1335 1355/1357/1341
f 1355/1357/1341 1345/1351/1335 1343/1361/1345
f 1343/1361/1345 1356/1362/1346 1355/1357/1341
f 1356/1362/1346 1341/1363/1347 1357/1364/1348
f 1357/1364/1348 1358/1365/1349 1356/1362/1346
f 1356/1362/1346 1358/1365/1349 1352/1358/1342
f 1352/1358/1342 1355/1357/1341 1356/1362/1346
f 1357/1364/1348 1341/1363/1347 1359/1366/1350
f 1341/1363/1347 1340/1367/1351 1359/1366/1350
f 1342/1368/1352 1360/1369/1352 1359/1366/1350
f 1359/1366/1350 1340/1367/1351 1342/1368/1352
f 1337/1347/1332 1360/1369/1352 1342/1368/1352
f 1341/1363/1347 1356/1362/1346 1343/1361/1345
f 1349/1356/1340 1348/1354/1338 1353/1360/1344
f 1353/1360/1344 1361/1370/1353 1349/1356/1340
f 1349/1356/1340 1361/1370/1353 1362/1371/1354
f 1363/1372/1355 1374/1373/1356 1362/1371/1354
f 1362/1371/1354 1374/1373/1356 1349/1356/1340
f 1365/1374/1357 1366/1375/1358 1364/1376/1359
f 1364/1376/1359 1366/1375/1358 1363/1372/1355
f 1366/1375/1358 1367/1377/1360 1363/1372/1355
f 1365/1374/1357 1368/1378/1361 1366/1375/1358
f 1369/1379/1362 1368/1378/1361 1365/1374/1357
f 1370/1380/1363 1371/1381/1364 1369/1379/1362
f 1372/1382/1365 1373/1383/1366 1371/1381/1364
f 1363/1372/1355 1367/1377/1360 1374/1373/1356
f 1374/1373/1356 1350/1353/1337 1349/1356/1340
f 1389/1384/1234 1377/1385/1234 1379/1386/1231
f 1379/1386/1231 1376/1387/1367 1383/1388/1368
f 1379/1386/1231 1380/1389/1231 1389/1384/1234
f 1383/1388/1368 1380/1389/1231 1379/1386/1231
f 1383/1388/1368 1382/1390/1369 1381/1391/1370
f 1383/1388/1368 1376/1387/1367 1382/1390/1369
f 1382/1390/1369 1375/1392/1371 1384/1393/1372
f 1384/1393/1372 1385/1394/1373 1381/1391/1370
f 1386/1395/1374 1385/1394/1373 1384/1393/1372
f 1384/1393/1372 1375/1392/1371 1372/1382/1365
f 1381/1391/1370 1382/1390/1369 1384/1393/1372
f 1384/1393/1372 1372/1382/1365 1386/1395/1374
f 1370/1380/1363 1387/1396/1375 1386/1395/1374
f 1386/1395/1374 1372/1382/1365 1370/1380/1363
f 1388/1397/1376 1387/1396/1375 1370/1380/1363
f 1370/1380/1363 1369/1379/1362 1388/1397/1376
f 1388/1397/1376 1369/1379/1362 1365/1374/1357
f 1393/1398/1242 1394/1399/1377 1395/1400/1378
f 1395/1400/1378 1396/1401/1242 1393/1398/1242
f 1393/1398/1242 1396/1401/1242 1397/1402/1239
f 1397/1402/1239 1398/1403/1238 1391/1404/1238
f 1391/1404/1238 1392/1405/1239 1397/1402/1239
f 1397/1402/1239 1392/1405/1239 1393/1398/1242
f 1391/1404/1238 1398/1403/1238 1378/1406/1235
f 1378/1406/1235 1390/1407/1235 1391/1404/1238
f 1389/1384/1234 1390/1407/1235 1378/1406/1235
f 1378/1406/1235 1377/1385/1234 1389/1384/1234
f 1375/1392/1371 1373/1383/1366 1372/1382/1365
f 1372/1382/1365 1371/1381/1364 1370/1380/1363
f 1342/1368/1352 1339/1348/1112 1337/1347/1332
f 1327/1336/1322 1333/1341/1327 1329/1338/1324
f 1317/1328/1314 1318/1325/1311 1324/1333/1319
f 1324/1333/1319 1318/1325/1311 1400/1324/1310
f 1324/1333/1319 1400/1324/1310 1399/1408/1379
f 1399/1408/1379 1400/1324/1310 1401/1409/1380
f 1315/1410/1381 1402/1411/1382 1401/1409/1380
f 1401/1409/1380 1316/1326/1312 1315/1410/1381
f 1400/1324/1310 1316/1326/1312 1401/1409/1380
f 1402/1411/1382 1405/1412/1383 1403/1413/1384
f 1403/1413/1384 1401/1409/1380 1402/1411/1382
f 1404/1414/1385 1406/1415/1386 1402/1411/1382
f 1406/1415/1386 1405/1412/1383 1402/1411/1382
f 1406/1415/1386 1314/1416/1387 1407/1417/1388
f 1404/1414/1385 1314/1416/1387 1406/1415/1386
f 1407/1417/1388 1314/1416/1387 1313/1418/1389
f 1313/1418/1389 1408/1419/1389 1407/1417/1388
f 1409/1322/1308 1408/1419/1389 1313/1418/1389
f 1404/1414/1385 1402/1411/1382 1315/1410/1381
f 1404/1414/1385 1315/1410/1381 1314/1416/1387
f 1399/1408/1379 1401/1409/1380 1403/1413/1384
f 1403/1413/1384 1410/1420/1390 1399/1408/1379
f 1399/1408/1379 1410/1420/1390 1322/1334/1320
f 1322/1334/1320 1324/1333/1319 1399/1408/1379
f 1313/1418/1389 1312/1323/1309 1409/1322/1308
f 1409/1322/1308 1311/1321/1307 1308/1320/1306
f 1298/1308/1294 1296/1305/1291 1411/1307/1293
f 1413/1421/1391 1414/1422/1392 1412/1423/1393
f 1412/1423/1393 1415/1424/1394 1413/1421/1391
f 1411/1307/1293 1415/1424/1394 1412/1423/1393
f 1289/1298/1284 1414/1422/1392 1413/1421/1391
f 1411/1307/1293 1294/1306/1292 1415/1424/1394
f 1415/1424/1394 1293/1425/1395 1413/1421/1391
f 1413/1421/1391 1293/1425/1395 1288/1300/1286
f 1413/1421/1391 1288/1300/1286 1289/1298/1284
f 1293/1425/1395 1291/1301/1287 1288/1300/1286
f 1280/1293/1279 1292/1302/1288 1274/1286/1272
f 1282/1288/1274 1276/1290/1276 1273/1294/1280
f 1273/1294/1280 1272/1282/1269 1284/1281/1269
f 1269/1278/1266 1416/1426/1396 1419/1275/1263
f 1417/1427/1397 1416/1426/1396 1269/1278/1266
f 1269/1278/1266 1418/1428/1268 1417/1427/1397
f 1422/1429/1398 1420/1430/1399 1419/1275/1263
f 1419/1275/1263 1420/1430/1399 1421/1431/1400
f 1419/1275/1263 1416/1426/1396 1422/1429/1398
f 1433/1432/1401 1424/1433/1402 1422/1429/1398
f 1422/1429/1398 1423/1434/1403 1433/1432/1401
f 1417/1427/1397 1423/1434/1403 1422/1429/1398
f 1424/1433/1402 1420/1430/1399 1422/1429/1398
f 1422/1429/1398 1416/1426/1396 1417/1427/1397
f 1424/1433/1402 1464/1435/1404 1421/1431/1400
f 1421/1431/1400 1420/1430/1399 1424/1433/1402
f 1464/1435/1404 1424/1433/1402 1425/1436/1405
f 1424/1433/1402 1432/1437/1406 1425/1436/1405
f 1425/1436/1405 1426/1438/1407 1464/1435/1404
f 1425/1436/1405 1201/1211/1197 1426/1438/1407
f 1426/1438/1407 1203/1212/1198 1457/1439/1408
f 1427/1440/1409 1464/1435/1404 1426/1438/1407
f 1426/1438/1407 1457/1439/1408 1427/1440/1409
f 1203/1212/1198 1450/1441/1410 1457/1439/1408
f 1428/1214/1411 1450/1441/1410 1203/1212/1198
f 1203/1212/1198 1426/1438/1407 1201/1211/1197
f 1201/1211/1197 1425/1436/1405 1431/1442/1412
f 1431/1442/1412 1429/1443/1413 1430/1444/1414
f 1429/1443/1413 1431/1442/1412 1432/1437/1406
f 1432/1437/1406 1431/1442/1412 1425/1436/1405
f 1424/1433/1402 1433/1432/1401 1432/1437/1406
f 1432/1437/1406 1433/1432/1401 1435/1445/1415
f 1432/1437/1406 1434/1446/1416 1429/1443/1413
f 1435/1445/1415 1434/1446/1416 1432/1437/1406
f 1437/1447/1417 1434/1446/1416 1435/1445/1415
f 1433/1432/1401 1436/1448/1418 1435/1445/1415
f 1435/1445/1415 1436/1448/1418 1439/1449/1419
f 1435/1445/1415 1438/1450/1420 1437/1447/1417
f 1439/1449/1419 1438/1450/1420 1435/1445/1415
f 1440/1451/1421 1438/1450/1420 1439/1449/1419
f 1439/1449/1419 1436/1448/1418 1441/1452/1422
f 1439/1449/1419 1443/1453/1423 1440/1451/1421
f 1441/1452/1422 1442/1454/1424 1439/1449/1419
f 1439/1449/1419 1442/1454/1424 1444/1455/1425
f 1444/1455/1425 1443/1453/1423 1439/1449/1419
f 1417/1427/1397 1418/1428/1268 1444/1455/1425
f 1444/1455/1425 1442/1454/1424 1417/1427/1397
f 1417/1427/1397 1442/1454/1424 1441/1452/1422
f 1433/1432/1401 1423/1434/1403 1441/1452/1422
f 1441/1452/1422 1436/1448/1418 1433/1432/1401
f 1441/1452/1422 1423/1434/1403 1417/1427/1397
f 1437/1447/1417 1438/1450/1420 1440/1451/1421
f 1440/1451/1421 1445/1456/1426 1437/1447/1417
f 1437/1447/1417 1445/1456/1426 1447/1457/1427
f 1447/1457/1427 1446/1458/1428 1437/1447/1417
f 1446/1458/1428 1447/1457/1427 1448/1459/1429
f 1448/1459/1429 1449/1460/1430 1446/1458/1428
f 1193/1202/1188 1449/1460/1430 1448/1459/1429
f 1448/1459/1429 1194/1203/1189 1193/1202/1188
f 1430/1444/1414 1449/1460/1430 1193/1202/1188
f 1446/1458/1428 1449/1460/1430 1430/1444/1414
f 1430/1444/1414 1429/1443/1413 1446/1458/1428
f 1437/1447/1417 1446/1458/1428 1429/1443/1413
f 1429/1443/1413 1434/1446/1416 1437/1447/1417
f 1199/1207/1193 1431/1442/1412 1430/1444/1414
f 1201/1211/1197 1431/1442/1412 1199/1207/1193
f 1193/1202/1188 1197/1206/1192 1430/1444/1414
f 1430/1444/1414 1197/1206/1192 1199/1207/1193
f 1451/1461/1431 1204/1213/1432 1452/1462/1433
f 1452/1462/1433 1454/1463/1434 1451/1461/1431
f 1453/1464/1435 1428/1214/1411 1451/1461/1431
f 1451/1461/1431 1454/1463/1434 1453/1464/1435
f 1453/1464/1435 1454/1463/1434 1241/1249/1237
f 1241/1249/1237 1454/1463/1434 1452/1462/1433
f 1450/1441/1410 1428/1214/1411 1453/1464/1435
f 1453/1464/1435 1455/1465/1436 1450/1441/1410
f 1245/1253/1241 1455/1465/1436 1453/1464/1435
f 1453/1464/1435 1244/1252/1240 1245/1253/1241
f 1241/1249/1237 1244/1252/1240 1453/1464/1435
f 1456/1466/1437 1455/1465/1436 1245/1253/1241
f 1450/1441/1410 1455/1465/1436 1456/1466/1437
f 1456/1466/1437 1458/1467/1438 1457/1439/1408
f 1249/1257/1245 1458/1467/1438 1456/1466/1437
f 1456/1466/1437 1457/1439/1408 1450/1441/1410
f 1456/1466/1437 1248/1256/1244 1249/1257/1245
f 1245/1253/1241 1248/1256/1244 1456/1466/1437
f 1459/1468/1439 1458/1467/1438 1249/1257/1245
f 1457/1439/1408 1458/1467/1438 1459/1468/1439
f 1253/1261/1249 1460/1469/1440 1459/1468/1439
f 1459/1468/1439 1460/1469/1440 1427/1440/1409
f 1459/1468/1439 1427/1440/1409 1457/1439/1408
f 1459/1468/1439 1252/1260/1248 1253/1261/1249
f 1249/1257/1245 1252/1260/1248 1459/1468/1439
f 1427/1440/1409 1462/1470/1441 1461/1471/1442
f 1463/1472/1443 1462/1470/1441 1427/1440/1409
f 1427/1440/1409 1460/1469/1440 1463/1472/1443
f 1257/1265/1253 1462/1470/1441 1463/1472/1443
f 1463/1472/1443 1460/1469/1440 1253/1261/1249
f 1463/1472/1443 1256/1264/1252 1257/1265/1253
f 1253/1261/1249 1256/1264/1252 1463/1472/1443
f 1461/1471/1442 1462/1470/1441 1257/1265/1253
f 1464/1435/1404 1427/1440/1409 1461/1471/1442
f 1461/1471/1442 1421/1431/1400 1464/1435/1404
f 1262/1269/1257 1421/1431/1400 1461/1471/1442
f 1461/1471/1442 1259/1268/1256 1262/1269/1257
f 1257/1265/1253 1259/1268/1256 1461/1471/1442
f 1465/1217/1203 1466/1473/1444 1452/1462/1433
f 1452/1462/1433 1204/1213/1432 1465/1217/1203
f 1452/1462/1433 1466/1473/1444 1237/1245/1233
f 1452/1462/1433 1240/1248/1236 1241/1249/1237
f 1237/1245/1233 1240/1248/1236 1452/1462/1433
f 1467/1474/1445 1466/1473/1444 1465/1217/1203
f 1237/1245/1233 1466/1473/1444 1467/1474/1445
f 1206/1215/1200 1468/1475/1446 1467/1474/1445
f 1467/1474/1445 1205/1216/1201 1206/1215/1200
f 1465/1217/1203 1205/1216/1201 1467/1474/1445
f 1467/1474/1445 1468/1475/1446 1233/1241/1229
f 1233/1241/1229 1236/1244/1232 1467/1474/1445
f 1467/1474/1445 1236/1244/1232 1237/1245/1233
f 1233/1241/1229 1468/1475/1446 1469/1476/1447
f 1469/1476/1447 1468/1475/1446 1206/1215/1200
f 1206/1215/1200 1208/1219/1205 1469/1476/1447
f 1469/1476/1447 1208/1219/1205 1207/1218/1204
f 1469/1476/1447 1470/1477/1448 1229/1237/1225
f 1207/1218/1204 1470/1477/1448 1469/1476/1447
f 1469/1476/1447 1232/1240/1228 1233/1241/1229
f 1229/1237/1225 1232/1240/1228 1469/1476/1447
f 1229/1237/1225 1470/1477/1448 1471/1478/1449
f 1471/1478/1449 1470/1477/1448 1207/1218/1204
f 1207/1218/1204 1209/1220/1206 1471/1478/1449
f 1471/1478/1449 1209/1220/1206 1219/1227/1215
f 1471/1478/1449 1221/1230/1218 1222/1229/1217
f 1219/1227/1215 1221/1230/1218 1471/1478/1449
f 1471/1478/1449 1228/1236/1224 1229/1237/1225
f 1222/1229/1217 1228/1236/1224 1471/1478/1449
s 0
f 1204/1213/1450 1451/1461/1450 1428/1214/1450
s 1
f 1262/1269/1257 1419/1275/1263 1421/1431/1400
f 1264/1274/1262 1260/1267/1255 1472/1271/1259
f 1472/1271/1259 1474/1479/1451 1473/1480/1452
f 1473/1480/1452 1474/1479/1451 1475/1481/1453
f 1479/1482/1454 1478/1483/1455 1477/1484/1246
f 1477/1484/1246 1480/1485/1246 1479/1482/1454
f 1472/1271/1259 1261/1270/1258 1474/1479/1451
f 1474/1479/1451 1481/1486/1456 1475/1481/1453
f 1475/1481/1453 1481/1486/1456 1482/1487/1457
f 1482/1487/1457 1476/1488/1457 1475/1481/1453
f 1477/1484/1246 1476/1488/1457 1482/1487/1457
f 1482/1487/1457 1480/1485/1246 1477/1484/1246
f 1097/1099/1085 1225/1233/1221 1094/1096/1082
f 1484/1079/1458 1086/1088/1073 1483/1179/1165
f 1485/1489/1459 1484/1079/1458 1483/1179/1165
f 1077/1076/1060 1484/1079/1458 1485/1489/1459
f 1483/1179/1165 1174/1181/1167 1485/1489/1459
f 1485/1489/1459 1174/1181/1167 1167/1172/1158
f 1162/1167/1153 1486/1490/1460 1485/1489/1459
f 1485/1489/1459 1166/1171/1157 1162/1167/1153
f 1167/1172/1158 1166/1171/1157 1485/1489/1459
f 1485/1489/1459 1486/1490/1460 1077/1076/1060
f 1077/1076/1060 1486/1490/1460 1080/1080/1065
f 1080/1080/1065 1486/1490/1460 1162/1167/1153
f 1186/1195/1181 1182/1193/1179 1183/1191/1177
f 1183/1191/1177 1178/1186/1172 1210/1185/1171
f 1170/1175/1161 1179/1189/1175 1181/1190/1176
f 1181/1190/1176 1171/1176/1162 1170/1175/1161
f 1160/1165/1151 1079/1081/1066 1080/1080/1065
f 1079/1081/1066 1160/1165/1151 1158/1162/1148
f 1156/1160/1146 1079/1081/1066 1158/1162/1148
f 1081/1082/1067 1079/1081/1066 1156/1160/1146
f 1150/1155/1141 1155/1161/1147 1157/1163/1149
f 1157/1163/1149 1149/1154/1140 1150/1155/1141
f 1081/1082/1067 1487/1157/1143 1488/1083/1068
f 1487/1157/1143 1489/1491/1461 1488/1083/1068
f 1082/1085/1070 1488/1083/1068 1489/1491/1461
f 1489/1491/1461 1114/1116/1102 1082/1085/1070
f 1114/1116/1102 1110/1112/1098 1082/1085/1070
f 1490/1141/1127 1114/1116/1102 1489/1491/1461
f 1135/1137/1123 1114/1116/1102 1490/1141/1127
f 1135/1137/1123 1491/1136/1122 1114/1116/1102
f 1114/1116/1102 1491/1136/1122 1120/1121/1107
f 1492/1492/1462 1490/1141/1127 1489/1491/1461
f 1492/1492/1462 1489/1491/1461 1487/1157/1143
f 1152/1145/1131 1490/1141/1127 1492/1492/1462
f 1487/1157/1143 1152/1145/1131 1492/1492/1462
f 1147/1152/1138 1143/1149/1135 1144/1151/1137
f 1144/1151/1137 1141/1146/1132 1152/1145/1131
f 1130/1132/1118 1138/1142/1128 1131/1133/1119
f 1491/1136/1122 1134/1138/1124 1493/1493/1463
f 1493/1493/1463 1134/1138/1124 1127/1129/1115
f 1493/1493/1463 1494/1494/1464 1491/1136/1122
f 1123/1125/1111 1494/1494/1464 1493/1493/1463
f 1493/1493/1463 1126/1128/1114 1123/1125/1111
f 1127/1129/1115 1126/1128/1114 1493/1493/1463
f 1491/1136/1122 1494/1494/1464 1120/1121/1107
f 1120/1121/1107 1494/1494/1464 1123/1125/1111
f 1123/1125/1111 1119/1123/1109 1120/1121/1107
f 1120/1121/1107 1115/1117/1103 1114/1116/1102
f 1106/1109/1095 1116/1119/1105 1118/1120/1106
f 1118/1120/1106 1107/1110/1096 1106/1109/1095
f 1082/1085/1070 1110/1112/1098 1083/1086/1071
f 1103/1103/1089 1098/1101/1087 1089/1092/1078
f 1094/1096/1082 1095/1098/1084 1097/1099/1085
f 1089/1092/1078 1088/1091/1077 1085/1087/1072
f 1085/1087/1072 1088/1091/1077 1086/1088/1073
f 1081/1082/1067 1078/1077/1061 1079/1081/1066
f 1080/1080/1065 1078/1077/1061 1077/1076/1060
f 1496/1495/1465 1498/1496/1466 1495/1497/1467
f 1495/1497/1467 1497/1498/1468 1496/1495/1465
f 1500/1499/1469 1497/1498/1468 1495/1497/1467
f 1495/1497/1467 1498/1496/1466 1909/1500/1470
f 1909/1500/1470 1499/1501/1471 1495/1497/1467
f 1495/1497/1467 1499/1501/1471 1500/1499/1469
f 1500/1499/1469 1504/1502/1472 1501/1503/1473
f 1501/1503/1473 1502/1504/1474 1500/1499/1469
f 1500/1499/1469 1502/1504/1474 1505/1505/1475
f 1500/1499/1469 1499/1501/1471 1503/1506/1476
f 1503/1506/1476 1504/1502/1472 1500/1499/1469
f 1505/1505/1475 1497/1498/1468 1500/1499/1469
f 1496/1495/1465 1497/1498/1468 1505/1505/1475
f 1505/1505/1475 1790/1507/1477 1496/1495/1465
f 1505/1505/1475 1502/1504/1474 1508/1508/1478
f 1508/1508/1478 1509/1509/1479 1506/1510/1480
f 1507/1511/1481 1505/1505/1475 1508/1508/1478
f 1501/1503/1473 1509/1509/1479 1508/1508/1478
f 1508/1508/1478 1502/1504/1474 1501/1503/1473
f 1507/1511/1481 1508/1508/1478 1510/1512/1482
f 1510/1512/1482 1508/1508/1478 1506/1510/1480
f 1506/1510/1480 1511/1513/1483 1510/1512/1482
f 1510/1512/1482 1511/1513/1483 1512/1514/1484
f 1789/1515/1485 1507/1511/1481 1510/1512/1482
f 1512/1514/1484 1513/1516/1486 1510/1512/1482
f 1510/1512/1482 1513/1516/1486 1514/1517/1487
f 1519/1518/1488 1510/1512/1482 1514/1517/1487
f 1514/1517/1487 1515/1519/1489 1519/1518/1488
f 1519/1518/1488 1515/1519/1489 1516/1520/1489
f 1517/1521/1490 1519/1518/1488 1516/1520/1489
f 1516/1520/1489 1518/1522/1489 1517/1521/1490
f 1520/1523/1491 1519/1518/1488 1517/1521/1490
f 1531/1524/1492 1526/1525/1493 1520/1523/1491
f 1520/1523/1491 1526/1525/1493 1525/1526/1494
f 1520/1523/1491 1521/1527/1495 1531/1524/1492
f 1517/1521/1490 1521/1527/1495 1520/1523/1491
f 1520/1523/1491 1522/1528/1496 1519/1518/1488
f 1525/1526/1494 1522/1528/1496 1520/1523/1491
f 1525/1526/1494 1524/1529/1497 1523/1530/1498
f 1523/1530/1498 1522/1528/1496 1525/1526/1494
f 1528/1531/1499 1524/1529/1497 1525/1526/1494
f 1528/1531/1499 1525/1526/1494 1527/1532/1500
f 1527/1532/1500 1525/1526/1494 1526/1525/1493
f 1526/1525/1493 1529/1533/1501 1527/1532/1500
f 1747/1534/1502 1529/1533/1501 1526/1525/1493
f 1530/1535/1503 1749/1536/1504 1747/1534/1502
f 1530/1535/1503 1747/1534/1502 1531/1524/1492
f 1531/1524/1492 1747/1534/1502 1526/1525/1493
f 1531/1524/1492 1532/1537/1505 1530/1535/1503
f 1532/1537/1505 1533/1538/1506 1913/1539/1507
f 1533/1538/1506 1537/1540/1508 1535/1541/1509
f 1535/1541/1509 1534/1542/1510 1533/1538/1506
f 1533/1538/1506 1532/1537/1505 1536/1543/1511
f 1536/1543/1511 1537/1540/1508 1533/1538/1506
f 1535/1541/1509 1537/1540/1508 1538/1544/1512
f 1538/1544/1512 1537/1540/1508 1536/1543/1511
f 1538/1544/1512 1543/1545/1513 1535/1541/1509
f 1538/1544/1512 1540/1546/1514 1539/1547/1515
f 1539/1547/1515 1543/1545/1513 1538/1544/1512
f 1541/1548/1516 1540/1546/1514 1538/1544/1512
f 1541/1548/1516 1538/1544/1512 1517/1521/1490
f 1517/1521/1490 1538/1544/1512 1536/1543/1511
f 1517/1521/1490 1518/1522/1489 1541/1548/1516
f 1543/1545/1513 1544/1549/1517 1542/1550/1518
f 1543/1545/1513 1545/1551/1519 1535/1541/1509
f 1539/1547/1515 1544/1549/1517 1543/1545/1513
f 1535/1541/1509 1545/1551/1519 1546/1552/1520
f 1546/1552/1520 1534/1542/1510 1535/1541/1509
f 1545/1551/1519 1547/1553/1521 1546/1552/1520
f 1549/1554/1522 1548/1555/1523 1547/1553/1521
f 1547/1553/1521 1550/1556/1524 1549/1554/1522
f 1545/1551/1519 1550/1556/1524 1547/1553/1521
f 1549/1554/1522 1550/1556/1524 1551/1557/1525
f 1551/1557/1525 1550/1556/1524 1545/1551/1519
f 1551/1557/1525 1554/1558/1526 1552/1559/1527
f 1552/1559/1527 1553/1560/1528 1551/1557/1525
f 1551/1557/1525 1553/1560/1528 1549/1554/1522
f 1542/1550/1518 1554/1558/1526 1551/1557/1525
f 1551/1557/1525 1543/1545/1513 1542/1550/1518
f 1545/1551/1519 1543/1545/1513 1551/1557/1525
f 1555/1561/1529 1553/1560/1528 1552/1559/1527
f 1549/1554/1522 1553/1560/1528 1555/1561/1529
f 1552/1559/1527 1556/1562/1530 1555/1561/1529
f 1555/1561/1529 1556/1562/1530 1568/1563/1531
f 1555/1561/1529 1567/1564/1532 1548/1555/1523
f 1555/1561/1529 1548/1555/1523 1549/1554/1522
f 1568/1563/1531 1567/1564/1532 1555/1561/1529
f 1557/1565/1533 1548/1555/1523 1567/1564/1532
f 1547/1553/1521 1548/1555/1523 1557/1565/1533
f 1557/1565/1533 1567/1564/1532 1565/1566/1534
f 1915/1567/1535 1547/1553/1521 1557/1565/1533
f 1558/1568/1536 1547/1553/1521 1915/1567/1535
f 1915/1567/1535 1557/1565/1533 1559/1569/1537
f 1559/1569/1537 1557/1565/1533 1565/1566/1534
f 1559/1569/1537 1560/1570/1538 1915/1567/1535
f 1561/1571/1539 1560/1570/1538 1559/1569/1537
f 1559/1569/1537 1562/1572/1540 1561/1571/1539
f 1565/1566/1534 1562/1572/1540 1559/1569/1537
f 1561/1571/1539 1562/1572/1540 1566/1573/1541
f 1566/1573/1541 1562/1572/1540 1565/1566/1534
f 1566/1573/1541 1564/1574/1542 1561/1571/1539
f 1565/1566/1534 1598/1575/1543 1566/1573/1541
f 1567/1564/1532 1598/1575/1543 1565/1566/1534
f 1568/1563/1531 1597/1576/1544 1567/1564/1532
f 1584/1577/1545 1579/1578/1546 1580/1579/1547
s 0
f 1581/1580/1548 1579/1578/1548 1584/1577/1548
s 1
f 1580/1579/1547 1583/1581/1549 1584/1577/1545
s 0
f 1584/1577/1548 1578/1582/1548 1581/1580/1548
s 1
f 1582/1583/1550 1578/1582/1550 1584/1577/1551
s 0
f 1578/1582/1489 1587/1584/1489 1585/1585/1489
f 1582/1583/1550 1586/1586/1550 1578/1582/1550
f 1578/1582/1489 1586/1586/1489 1587/1584/1489
s 1
f 1574/1587/1552 1591/1588/1553 1592/1589/1554
s 0
f 1590/1590/1555 1591/1588/1555 1574/1587/1555
s 1
f 1573/1591/1556 1593/1592/1557 1594/1593/1558
f 1592/1589/1554 1593/1592/1557 1573/1591/1556
f 1596/1594/1559 1570/1595/1560 1595/1596/1561
f 1595/1596/1561 1570/1595/1560 1594/1593/1558
f 1567/1564/1532 1597/1576/1544 1598/1575/1543
f 1603/1597/1562 1601/1598/1563 1602/1599/1564
f 1600/1600/1565 1601/1598/1563 1603/1597/1562
f 1603/1597/1562 1563/1601/1565 1600/1600/1565
f 1602/1599/1564 1604/1602/1566 1603/1597/1562
f 1605/1603/1567 1604/1602/1566 1602/1599/1564
f 1608/1604/1568 1606/1605/1569 1605/1603/1567
f 1608/1604/1568 1605/1603/1567 1607/1606/1570
f 1607/1606/1570 1605/1603/1567 1602/1599/1564
f 1613/1607/1571 1611/1608/1572 1612/1609/1573
s 0
f 1610/1610/1574 1611/1608/1574 1613/1607/1574
f 1613/1607/1575 1614/1611/1576 1610/1610/1576
s 1
f 1612/1609/1573 1615/1612/1577 1613/1607/1571
f 1616/1613/1578 1615/1612/1577 1612/1609/1573
s 0
f 1619/1614/1579 1617/1615/1579 1616/1613/1579
f 1616/1613/1580 1618/1616/1580 1619/1614/1581
s 1
f 1612/1609/1573 1618/1616/1582 1616/1613/1578
s 0
f 1619/1614/1583 1620/1617/1583 1622/1618/1583
s 1
f 1622/1618/1584 1620/1617/1584 1621/1619/1585
s 0
f 1622/1618/1586 1617/1615/1586 1619/1614/1586
s 1
f 1621/1619/1585 1623/1620/1587 1622/1618/1584
f 1624/1621/1588 1623/1620/1587 1621/1619/1585
f 1627/1622/1589 1625/1623/1590 1624/1621/1588
f 1626/1624/1591 1624/1621/1588 1621/1619/1585
f 1627/1622/1589 1624/1621/1588 1626/1624/1591
f 1629/1625/1592 1630/1626/1593 1628/1627/1594
f 1628/1627/1594 1630/1626/1593 1627/1622/1589
f 1630/1626/1593 1625/1623/1590 1627/1622/1589
f 1629/1625/1592 1631/1628/1595 1630/1626/1593
f 1632/1629/1596 1631/1628/1595 1629/1625/1592
f 1635/1630/1597 1633/1631/1598 1632/1629/1596
f 1632/1629/1596 1634/1632/1599 1635/1630/1597
f 1629/1625/1592 1634/1632/1599 1632/1629/1596
f 1637/1633/1600 1722/1634/1601 1636/1635/1602
f 1636/1635/1602 1722/1634/1601 1635/1630/1597
f 1639/1636/1603 1640/1637/1604 1638/1638/1605
f 1638/1638/1605 1640/1637/1604 1637/1633/1600
f 1640/1637/1604 1641/1639/1606 1637/1633/1600
f 1639/1636/1603 1642/1640/1607 1640/1637/1604
f 1643/1641/1608 1642/1640/1607 1639/1636/1603
f 1643/1641/1608 1644/1642/1609 1642/1640/1607
s 0
f 1645/1643/1610 1644/1642/1610 1643/1641/1610
f 1643/1641/1611 1646/1644/1611 1648/1645/1611
f 1649/1646/1611 1646/1644/1611 1643/1641/1611
s 1
f 1649/1646/1608 1643/1641/1608 1639/1636/1603
s 0
f 1650/1647/1612 1643/1641/1612 1648/1645/1612
f 1647/1648/1261 1643/1641/1261 1650/1647/1261
s 1
f 1650/1647/1613 1651/1649/1614 1718/1650/1615
s 0
f 1718/1650/1616 1647/1648/1616 1650/1647/1616
s 1
f 1718/1650/1615 1651/1649/1614 1652/1651/1617
f 1653/1652/1618 1717/1653/1619 1652/1651/1617
f 1654/1654/1620 1717/1653/1619 1653/1652/1618
f 1653/1652/1618 1655/1655/1621 1654/1654/1620
f 1654/1654/1620 1655/1655/1621 1656/1656/1622
f 1657/1657/1623 1723/1658/1624 1656/1656/1622
f 1656/1656/1622 1723/1658/1624 1654/1654/1620
f 1656/1656/1622 1658/1659/1625 1657/1657/1623
f 1657/1657/1623 1658/1659/1625 1659/1660/1626
f 1659/1660/1626 1724/1661/1627 1657/1657/1623
f 1660/1662/1628 1724/1661/1627 1659/1660/1626
f 1662/1663/1629 1664/1664/1630 1661/1665/1631
f 1661/1665/1631 1663/1666/1632 1662/1663/1629
f 1661/1665/1631 1664/1664/1630 1660/1662/1628
f 1664/1664/1630 1666/1667/1633 1665/1668/1634
f 1667/1669/1635 1666/1667/1633 1664/1664/1630
f 1664/1664/1630 1665/1668/1634 1660/1662/1628
f 1662/1663/1629 1667/1669/1635 1664/1664/1630
f 1668/1670/1636 1667/1669/1635 1662/1663/1629
f 1668/1670/1636 1669/1671/1637 1667/1669/1635
f 1670/1672/1638 1669/1671/1637 1668/1670/1636
f 1672/1673/1639 1670/1672/1638 1668/1670/1636
f 1671/1674/1640 1668/1670/1636 1662/1663/1629
f 1672/1673/1639 1668/1670/1636 1671/1674/1640
f 1662/1663/1629 1663/1666/1632 1671/1674/1640
f 1673/1675/1641 1725/1676/1642 1672/1673/1639
f 1674/1677/1643 1725/1676/1642 1673/1675/1641
f 1676/1678/1644 1678/1679/1645 1675/1680/1646
f 1675/1680/1646 1677/1681/1647 1676/1678/1644
f 1675/1680/1646 1678/1679/1645 1674/1677/1643
f 1678/1679/1645 1679/1682/1648 1674/1677/1643
f 1676/1678/1644 1680/1683/1649 1678/1679/1645
f 1681/1684/1650 1680/1683/1649 1676/1678/1644
f 1681/1684/1650 1682/1685/1651 1680/1683/1649
f 1683/1686/1652 1682/1685/1651 1681/1684/1650
f 1684/1687/1653 1683/1686/1652 1681/1684/1650
f 1684/1687/1653 1681/1684/1650 1685/1688/1654
f 1685/1688/1654 1686/1689/1655 1684/1687/1653
f 1688/1690/1656 1687/1691/1657 1684/1687/1653
f 1684/1687/1653 1686/1689/1655 1688/1690/1656
f 1687/1691/1657 1683/1686/1652 1684/1687/1653
f 1689/1692/1658 1687/1691/1657 1688/1690/1656
f 1688/1690/1656 1690/1693/1659 1689/1692/1658
f 1689/1692/1658 1690/1693/1659 1691/1694/1660
f 1691/1694/1660 1711/1695/1661 1689/1692/1658
f 1692/1696/1662 1711/1695/1661 1691/1694/1660
f 1694/1697/1663 1695/1698/1664 1693/1699/1665
f 1693/1699/1665 1695/1698/1664 1692/1696/1662
f 1695/1698/1664 1696/1700/1666 1692/1696/1662
f 1694/1697/1663 1697/1701/1667 1695/1698/1664
f 1698/1702/1668 1697/1701/1667 1694/1697/1663
f 1699/1703/1669 1698/1702/1668 1694/1697/1663
f 1701/1704/1670 1702/1705/1671 1700/1706/1672
f 1700/1706/1672 1702/1705/1671 1699/1703/1669
f 1702/1705/1671 1698/1702/1668 1699/1703/1669
f 1701/1704/1670 1703/1707/1673 1702/1705/1671
f 1704/1708/1674 1703/1707/1673 1701/1704/1670
f 1707/1709/1675 1705/1710/1676 1704/1708/1674
f 1701/1704/1670 1706/1711/1677 1704/1708/1674
f 1704/1708/1674 1706/1711/1677 1707/1709/1675
f 1709/1712/1678 1705/1710/1676 1707/1709/1675
f 1708/1713/1678 1709/1712/1678 1707/1709/1675
f 1692/1696/1662 1696/1700/1666 1711/1695/1661
f 1711/1695/1661 1710/1714/1679 1689/1692/1658
f 1689/1692/1658 1710/1714/1679 1687/1691/1657
f 1710/1714/1679 1712/1715/1680 1687/1691/1657
f 1687/1691/1657 1712/1715/1680 1683/1686/1652
f 1719/1716/1681 1720/1717/1682 1718/1650/1615
f 1721/1718/1683 1606/1605/1569 1608/1604/1568
s 0
f 1610/1610/1684 1614/1611/1684 1721/1718/1684
s 1
f 1608/1604/1568 1609/1719/1685 1721/1718/1683
f 1721/1718/1683 1609/1719/1685 1610/1610/1686
f 1722/1634/1601 1633/1631/1598 1635/1630/1597
f 1637/1633/1600 1641/1639/1606 1722/1634/1601
s 0
f 1720/1717/1610 1647/1648/1610 1718/1650/1610
s 1
f 1652/1651/1617 1719/1716/1681 1718/1650/1615
f 1717/1653/1619 1719/1716/1681 1652/1651/1617
f 1654/1654/1620 1716/1720/1687 1717/1653/1619
f 1723/1658/1624 1716/1720/1687 1654/1654/1620
f 1723/1658/1624 1715/1721/1688 1716/1720/1687
f 1714/1722/1689 1715/1721/1688 1723/1658/1624
f 1657/1657/1623 1714/1722/1689 1723/1658/1624
f 1724/1661/1627 1714/1722/1689 1657/1657/1623
f 1724/1661/1627 1713/1723/1690 1714/1722/1689
f 1665/1668/1634 1713/1723/1690 1724/1661/1627
f 1660/1662/1628 1665/1668/1634 1724/1661/1627
f 1725/1676/1642 1670/1672/1638 1672/1673/1639
f 1674/1677/1643 1679/1682/1648 1725/1676/1642
f 1685/1688/1654 1681/1684/1650 1676/1678/1644
f 1676/1678/1644 1677/1681/1647 1685/1688/1654
s 0
f 1645/1643/1610 1643/1641/1610 1647/1648/1610
s 1
f 1600/1600/1565 1563/1601/1565 1566/1573/1541
f 1566/1573/1541 1599/1724/1691 1600/1600/1565
f 1598/1575/1543 1599/1724/1691 1566/1573/1541
f 1596/1594/1559 1597/1576/1544 1568/1563/1531
f 1568/1563/1531 1569/1725/1692 1596/1594/1559
f 1596/1594/1559 1569/1725/1692 1570/1595/1560
f 1570/1595/1560 1571/1726/1693 1594/1593/1558
f 1594/1593/1558 1571/1726/1693 1573/1591/1556
f 1573/1591/1556 1572/1727/1694 1592/1589/1554
f 1592/1589/1554 1572/1727/1694 1574/1587/1552
s 0
f 1590/1590/1514 1575/1728/1514 1576/1729/1514
s 1
f 1576/1729/1695 1589/1730/1695 1590/1590/1696
f 1574/1587/1514 1575/1728/1514 1590/1590/1514
f 1588/1731/1697 1589/1730/1695 1576/1729/1695
s 0
f 1585/1585/1489 1587/1584/1489 1588/1731/1489
f 1576/1729/1698 1577/1732/1698 1588/1731/1698
f 1588/1731/1489 1577/1732/1489 1585/1585/1489
s 1
f 1726/1733/1699 1728/1734/1678 1727/1735/1700
f 1726/1733/1699 1729/1736/1701 1728/1734/1678
f 1580/1579/1547 1729/1736/1701 1726/1733/1699
f 1726/1733/1699 1583/1581/1549 1580/1579/1547
f 1561/1571/1539 1564/1574/1542 1730/1737/1702
f 1730/1737/1702 1731/1738/1703 1561/1571/1539
f 1732/1739/1704 1731/1738/1703 1730/1737/1702
f 1730/1737/1702 1733/1740/1705 1732/1739/1704
f 1732/1739/1704 1733/1740/1705 1734/1741/1706
f 1734/1741/1706 1735/1742/1707 1732/1739/1704
f 1739/1743/1708 1735/1742/1707 1734/1741/1706
f 1734/1741/1706 1736/1744/1709 1739/1743/1708
f 1739/1743/1708 1736/1744/1709 1737/1745/1710
f 1750/1746/1711 1739/1743/1708 1737/1745/1710
f 1737/1745/1710 1738/1747/1712 1750/1746/1711
f 1740/1748/1713 1739/1743/1708 1750/1746/1711
f 1741/1749/1714 1743/1750/1715 1740/1748/1713
f 1740/1748/1713 1742/1751/1716 1741/1749/1714
f 1744/1752/1717 1742/1751/1716 1740/1748/1713
f 1740/1748/1713 1743/1750/1715 1739/1743/1708
f 1740/1748/1713 1745/1753/1718 1744/1752/1717
f 1750/1746/1711 1745/1753/1718 1740/1748/1713
f 1746/1754/1719 1745/1753/1718 1750/1746/1711
f 1744/1752/1717 1745/1753/1718 1746/1754/1719
f 1747/1534/1502 1749/1536/1504 1746/1754/1719
f 1746/1754/1719 1748/1755/1720 1747/1534/1502
f 1751/1756/1721 1748/1755/1720 1746/1754/1719
f 1746/1754/1719 1749/1536/1504 1744/1752/1717
f 1746/1754/1719 1750/1746/1711 1751/1756/1721
f 1753/1757/1722 1748/1755/1720 1751/1756/1721
f 1751/1756/1721 1750/1746/1711 1752/1758/1723
f 1752/1758/1723 1756/1759/1577 1751/1756/1721
f 1751/1756/1721 1755/1760/1724 1753/1757/1722
f 1751/1756/1721 1756/1759/1577 1754/1761/1725
f 1754/1761/1725 1755/1760/1724 1751/1756/1721
f 1755/1760/1724 1759/1762/1726 1757/1763/1727
f 1757/1763/1727 1758/1764/1728 1755/1760/1724
f 1755/1760/1724 1758/1764/1728 1761/1765/1729
f 1754/1761/1725 1759/1762/1726 1755/1760/1724
f 1761/1765/1729 1760/1766/1730 1755/1760/1724
f 1755/1760/1724 1760/1766/1730 1753/1757/1722
f 1761/1765/1729 1528/1531/1499 1527/1532/1500
f 1762/1767/1731 1528/1531/1499 1761/1765/1729
f 1761/1765/1729 1763/1768/1732 1762/1767/1731
f 1758/1764/1728 1763/1768/1732 1761/1765/1729
f 1527/1532/1500 1760/1766/1730 1761/1765/1729
f 1758/1764/1728 1764/1769/1733 1766/1770/1734
f 1767/1771/1735 1764/1769/1733 1758/1764/1728
f 1757/1763/1727 1765/1772/1736 1758/1764/1728
f 1758/1764/1728 1765/1772/1736 1767/1771/1735
f 1766/1770/1734 1763/1768/1732 1758/1764/1728
f 1768/1773/1737 1764/1769/1733 1767/1771/1735
f 1767/1771/1735 1769/1774/1738 1768/1773/1737
f 1768/1773/1737 1769/1774/1738 1770/1775/1739
f 1770/1775/1739 1771/1776/1740 1768/1773/1737
f 1772/1777/1741 1771/1776/1740 1770/1775/1739
f 1770/1775/1739 1773/1778/1742 1772/1777/1741
f 1772/1777/1741 1773/1778/1742 1774/1779/1743
f 1775/1780/1744 1777/1781/1745 1774/1779/1743
f 1774/1779/1743 1776/1782/1746 1775/1780/1744
f 1774/1779/1743 1777/1781/1745 1772/1777/1741
f 1778/1783/1747 1777/1781/1745 1775/1780/1744
f 1772/1777/1741 1777/1781/1745 1778/1783/1747
f 1871/1784/1748 1780/1785/1749 1778/1783/1747
f 1778/1783/1747 1870/1786/1750 1871/1784/1748
f 1869/1787/1751 1870/1786/1750 1778/1783/1747
f 1778/1783/1747 1779/1788/1752 1869/1787/1751
f 1775/1780/1744 1779/1788/1752 1778/1783/1747
f 1778/1783/1747 1780/1785/1749 1772/1777/1741
f 1772/1777/1741 1780/1785/1749 1781/1789/1753
f 1781/1789/1753 1780/1785/1749 1871/1784/1748
f 1871/1784/1748 1785/1790/1754 1781/1789/1753
f 1781/1789/1753 1785/1790/1754 1784/1791/1755
f 1784/1791/1755 1782/1792/1756 1781/1789/1753
f 1781/1789/1753 1782/1792/1756 1768/1773/1737
f 1768/1773/1737 1771/1776/1740 1781/1789/1753
f 1781/1789/1753 1771/1776/1740 1772/1777/1741
f 1768/1773/1737 1782/1792/1756 1766/1770/1734
f 1766/1770/1734 1782/1792/1756 1784/1791/1755
f 1784/1791/1755 1783/1793/1757 1766/1770/1734
f 1784/1791/1755 1785/1790/1754 1796/1794/1758
f 1796/1794/1758 1787/1795/1759 1784/1791/1755
f 1784/1791/1755 1787/1795/1759 1783/1793/1757
f 1783/1793/1757 1786/1796/1760 1762/1767/1731
f 1783/1793/1757 1788/1797/1761 1786/1796/1760
f 1787/1795/1759 1788/1797/1761 1783/1793/1757
f 1787/1795/1759 1507/1511/1481 1789/1515/1485
f 1789/1515/1485 1788/1797/1761 1787/1795/1759
f 1786/1796/1760 1788/1797/1761 1789/1515/1485
f 1786/1796/1760 1789/1515/1485 1523/1530/1498
f 1523/1530/1498 1524/1529/1497 1786/1796/1760
f 1523/1530/1498 1789/1515/1485 1510/1512/1482
f 1507/1511/1481 1787/1795/1759 1790/1507/1477
f 1790/1507/1477 1787/1795/1759 1796/1794/1758
f 1790/1507/1477 1791/1798/1762 1792/1799/1763
f 1792/1799/1763 1795/1800/1764 1793/1801/1765
f 1793/1801/1765 1794/1802/1766 1792/1799/1763
f 1792/1799/1763 1794/1802/1766 1498/1496/1466
f 1498/1496/1466 1496/1495/1465 1792/1799/1763
f 1791/1798/1762 1795/1800/1764 1792/1799/1763
f 1792/1799/1763 1496/1495/1465 1790/1507/1477
f 1793/1801/1765 1795/1800/1764 1791/1798/1762
f 1791/1798/1762 1798/1803/1767 1793/1801/1765
f 1791/1798/1762 1796/1794/1758 1797/1804/1768
f 1797/1804/1768 1798/1803/1767 1791/1798/1762
f 1793/1801/1765 1798/1803/1767 1799/1805/1769
f 1799/1805/1769 1798/1803/1767 1797/1804/1768
f 1799/1805/1769 1802/1806/1770 1800/1807/1771
f 1800/1807/1771 1801/1808/1772 1799/1805/1769
f 1799/1805/1769 1801/1808/1772 1793/1801/1765
f 1803/1809/1773 1802/1806/1770 1799/1805/1769
f 1799/1805/1769 1804/1810/1774 1803/1809/1773
f 1797/1804/1768 1804/1810/1774 1799/1805/1769
f 1805/1811/1775 1804/1810/1774 1797/1804/1768
f 1803/1809/1773 1804/1810/1774 1805/1811/1775
f 1805/1811/1775 1807/1812/1776 1806/1813/1777
f 1806/1813/1777 1810/1814/1778 1805/1811/1775
f 1808/1815/1779 1807/1812/1776 1805/1811/1775
f 1805/1811/1775 1809/1816/1780 1808/1815/1779
f 1797/1804/1768 1809/1816/1780 1805/1811/1775
f 1805/1811/1775 1810/1814/1778 1803/1809/1773
f 1808/1815/1779 1809/1816/1780 1811/1817/1781
f 1811/1817/1781 1809/1816/1780 1797/1804/1768
f 1811/1817/1781 1812/1818/1782 1808/1815/1779
f 1813/1819/1783 1812/1818/1782 1811/1817/1781
f 1797/1804/1768 1796/1794/1758 1811/1817/1781
f 1816/1820/1784 1813/1819/1783 1811/1817/1781
f 1814/1821/1785 1813/1819/1783 1816/1820/1784
f 1815/1822/1786 1814/1821/1785 1816/1820/1784
f 1817/1823/1787 1820/1824/1788 1815/1822/1786
f 1820/1824/1788 1814/1821/1785 1815/1822/1786
f 1820/1824/1788 1819/1825/1789 1818/1826/1790
f 1820/1824/1788 1818/1826/1790 1821/1827/1791
f 1821/1827/1791 1822/1828/1792 1820/1824/1788
f 1820/1824/1788 1822/1828/1792 1823/1829/1793
f 1823/1829/1793 1814/1821/1785 1820/1824/1788
f 1813/1819/1783 1814/1821/1785 1823/1829/1793
f 1823/1829/1793 1824/1830/1794 1813/1819/1783
f 1825/1831/1795 1824/1830/1794 1823/1829/1793
f 1823/1829/1793 1826/1832/1796 1825/1831/1795
f 1827/1833/1797 1826/1832/1796 1823/1829/1793
f 1823/1829/1793 1822/1828/1792 1827/1833/1797
f 1829/1834/1798 1828/1835/1799 1827/1833/1797
f 1827/1833/1797 1828/1835/1799 1831/1836/1800
f 1827/1833/1797 1830/1837/1801 1829/1834/1798
f 1821/1827/1791 1830/1837/1801 1827/1833/1797
f 1831/1836/1800 1826/1832/1796 1827/1833/1797
f 1827/1833/1797 1822/1828/1792 1821/1827/1791
f 1825/1831/1795 1826/1832/1796 1831/1836/1800
f 1831/1836/1800 1832/1838/1802 1825/1831/1795
f 1825/1831/1795 1832/1838/1802 1806/1813/1777
f 1829/1834/1798 1830/1837/1801 1833/1839/1803
f 1833/1839/1803 1830/1837/1801 1821/1827/1791
f 1833/1839/1803 1834/1840/1804 1829/1834/1798
f 1835/1841/1805 1834/1840/1804 1833/1839/1803
f 1833/1839/1803 1836/1842/1806 1835/1841/1805
f 1837/1843/1807 1836/1842/1806 1833/1839/1803
f 1821/1827/1791 1838/1844/1808 1833/1839/1803
f 1833/1839/1803 1838/1844/1808 1837/1843/1807
f 1837/1843/1807 1838/1844/1808 1839/1845/1809
f 1839/1845/1809 1838/1844/1808 1821/1827/1791
f 1821/1827/1791 1818/1826/1790 1839/1845/1809
f 1839/1845/1809 1840/1846/1810 1837/1843/1807
f 1837/1843/1807 1840/1846/1810 1844/1847/1811
f 1844/1847/1811 1843/1848/1812 1841/1849/1813
f 1841/1849/1813 1842/1850/1814 1844/1847/1811
f 1844/1847/1811 1842/1850/1814 1837/1843/1807
f 1840/1846/1810 1845/1851/1815 1844/1847/1811
f 1845/1851/1815 1839/1845/1809 1846/1852/1816
f 1839/1845/1809 1845/1851/1815 1840/1846/1810
f 1818/1826/1790 1819/1825/1789 1839/1845/1809
f 1846/1852/1816 1839/1845/1809 1819/1825/1789
f 1854/1853/1817 1905/1854/1818 1845/1851/1815
f 1854/1853/1817 1847/1855/1819 1905/1854/1818
f 1848/1856/1820 1905/1854/1818 1847/1855/1819
f 1851/1857/1821 1849/1858/1822 1847/1855/1819
f 1851/1857/1821 1850/1859/1823 1872/1860/1824
f 1872/1860/1824 1849/1858/1822 1851/1857/1821
f 1851/1857/1821 1847/1855/1819 1854/1853/1817
f 1852/1861/1825 1850/1859/1823 1851/1857/1821
f 1852/1861/1825 1851/1857/1821 1853/1862/1826
f 1853/1862/1826 1851/1857/1821 1854/1853/1817
f 1853/1862/1826 1855/1863/1825 1852/1861/1825
f 1853/1862/1826 1854/1853/1817 1858/1864/1827
f 1856/1865/1828 1855/1863/1825 1853/1862/1826
f 1853/1862/1826 1861/1866/1829 1856/1865/1828
f 1853/1862/1826 1858/1864/1827 1857/1867/1830
f 1857/1867/1830 1860/1868/1831 1853/1862/1826
f 1853/1862/1826 1860/1868/1831 1859/1869/1832
f 1859/1869/1832 1861/1866/1829 1853/1862/1826
f 1862/1870/1833 1860/1868/1831 1857/1867/1830
f 1859/1869/1832 1860/1868/1831 1862/1870/1833
f 1857/1867/1830 1867/1871/1834 1862/1870/1833
f 1862/1870/1833 1863/1872/1835 1859/1869/1832
f 1864/1873/1836 1863/1872/1835 1862/1870/1833
f 1862/1870/1833 1865/1874/1837 1864/1873/1836
f 1866/1875/1838 1865/1874/1837 1862/1870/1833
f 1862/1870/1833 1867/1871/1834 1866/1875/1838
f 1816/1820/1784 1867/1871/1834 1857/1867/1830
f 1866/1875/1838 1867/1871/1834 1816/1820/1784
f 1857/1867/1830 1815/1822/1786 1816/1820/1784
f 1816/1820/1784 1868/1876/1839 1866/1875/1838
f 1866/1875/1838 1868/1876/1839 1869/1787/1751
f 1817/1823/1787 1815/1822/1786 1857/1867/1830
f 1857/1867/1830 1858/1864/1827 1817/1823/1787
f 1858/1864/1827 1819/1825/1789 1817/1823/1787
f 1846/1852/1816 1819/1825/1789 1858/1864/1827
f 1816/1820/1784 1811/1817/1781 1868/1876/1839
f 1811/1817/1781 1869/1787/1751 1868/1876/1839
s 0
f 1811/1817/1840 1871/1784/1840 1870/1786/1840
s 1
f 1870/1786/1750 1869/1787/1751 1811/1817/1781
f 1871/1784/1748 1811/1817/1781 1796/1794/1758
f 1796/1794/1758 1785/1790/1754 1871/1784/1748
f 1791/1798/1762 1790/1507/1477 1796/1794/1758
f 1866/1875/1838 1779/1788/1752 1775/1780/1744
f 1869/1787/1751 1779/1788/1752 1866/1875/1838
f 1775/1780/1744 1865/1874/1837 1866/1875/1838
f 1864/1873/1836 1865/1874/1837 1775/1780/1744
f 1775/1780/1744 1776/1782/1746 1864/1873/1836
f 1858/1864/1827 1854/1853/1817 1846/1852/1816
f 1849/1858/1822 1872/1860/1824 1873/1877/1841
f 1873/1877/1841 1874/1878/1842 1849/1858/1822
f 1875/1879/1843 1874/1878/1842 1873/1877/1841
f 1873/1877/1841 1876/1880/1844 1875/1879/1843
f 1875/1879/1843 1876/1880/1844 1877/1881/1845
f 1878/1882/1846 1880/1883/1847 1877/1881/1845
f 1877/1881/1845 1879/1884/1848 1878/1882/1846
f 1877/1881/1845 1880/1883/1847 1875/1879/1843
f 1881/1885/1849 1880/1883/1847 1878/1882/1846
f 1875/1879/1843 1880/1883/1847 1881/1885/1849
f 1848/1856/1820 1882/1886/1850 1881/1885/1849
f 1904/1887/1851 1848/1856/1820 1881/1885/1849
f 1881/1885/1849 1882/1886/1850 1875/1879/1843
f 1881/1885/1849 1883/1888/1852 1904/1887/1851
f 1878/1882/1846 1883/1888/1852 1881/1885/1849
f 1904/1887/1851 1883/1888/1852 1884/1889/1853
f 1884/1889/1853 1883/1888/1852 1878/1882/1846
f 1884/1889/1853 1885/1890/1854 1904/1887/1851
f 1886/1891/1855 1885/1890/1854 1884/1889/1853
f 1884/1889/1853 1887/1892/1856 1886/1891/1855
f 1888/1893/1857 1887/1892/1856 1884/1889/1853
f 1884/1889/1853 1889/1894/1858 1888/1893/1857
f 1878/1882/1846 1889/1894/1858 1884/1889/1853
f 1890/1895/1859 1889/1894/1858 1878/1882/1846
f 1888/1893/1857 1889/1894/1858 1890/1895/1859
f 1878/1882/1846 1879/1884/1848 1890/1895/1859
f 1890/1895/1859 1891/1896/1860 1888/1893/1857
f 1888/1893/1857 1891/1896/1860 1892/1897/1861
f 1892/1897/1861 1893/1898/1862 1888/1893/1857
f 1894/1899/1863 1893/1898/1862 1892/1897/1861
f 1892/1897/1861 1895/1900/1864 1894/1899/1863
f 1894/1899/1863 1895/1900/1864 1896/1901/1865
f 1896/1901/1865 1897/1902/1866 1894/1899/1863
f 1898/1903/1867 1897/1902/1866 1896/1901/1865
f 1896/1901/1865 1899/1904/1868 1898/1903/1867
f 1898/1903/1867 1899/1904/1868 1835/1841/1805
f 1841/1849/1813 1897/1902/1866 1898/1903/1867
f 1898/1903/1867 1842/1850/1814 1841/1849/1813
f 1898/1903/1867 1836/1842/1806 1837/1843/1807
f 1837/1843/1807 1842/1850/1814 1898/1903/1867
f 1835/1841/1805 1836/1842/1806 1898/1903/1867
f 1894/1899/1863 1897/1902/1866 1841/1849/1813
f 1894/1899/1863 1901/1905/1869 1900/1906/1870
f 1900/1906/1870 1893/1898/1862 1894/1899/1863
f 1841/1849/1813 1901/1905/1869 1894/1899/1863
f 1900/1906/1870 1901/1905/1869 1902/1907/1871
f 1902/1907/1871 1901/1905/1869 1841/1849/1813
f 1841/1849/1813 1843/1848/1812 1902/1907/1871
f 1902/1907/1871 1903/1908/1872 1900/1906/1870
f 1903/1908/1872 1902/1907/1871 1843/1848/1812
f 1843/1848/1812 1905/1854/1818 1904/1887/1851
f 1904/1887/1851 1903/1908/1872 1843/1848/1812
f 1844/1847/1811 1905/1854/1818 1843/1848/1812
f 1845/1851/1815 1905/1854/1818 1844/1847/1811
f 1886/1891/1855 1903/1908/1872 1904/1887/1851
f 1904/1887/1851 1885/1890/1854 1886/1891/1855
f 1900/1906/1870 1903/1908/1872 1886/1891/1855
f 1886/1891/1855 1887/1892/1856 1900/1906/1870
f 1900/1906/1870 1887/1892/1856 1888/1893/1857
f 1888/1893/1857 1893/1898/1862 1900/1906/1870
f 1905/1854/1818 1848/1856/1820 1904/1887/1851
f 1906/1909/1873 1882/1886/1850 1848/1856/1820
f 1875/1879/1843 1882/1886/1850 1906/1909/1873
f 1906/1909/1873 1847/1855/1819 1849/1858/1822
f 1848/1856/1820 1847/1855/1819 1906/1909/1873
f 1906/1909/1873 1874/1878/1842 1875/1879/1843
f 1849/1858/1822 1874/1878/1842 1906/1909/1873
f 1854/1853/1817 1845/1851/1815 1846/1852/1816
f 1806/1813/1777 1807/1812/1776 1825/1831/1795
f 1825/1831/1795 1807/1812/1776 1808/1815/1779
f 1808/1815/1779 1824/1830/1794 1825/1831/1795
f 1813/1819/1783 1824/1830/1794 1808/1815/1779
f 1808/1815/1779 1812/1818/1782 1813/1819/1783
f 1819/1825/1789 1820/1824/1788 1817/1823/1787
f 1907/1910/1874 1801/1808/1772 1800/1807/1771
f 1793/1801/1765 1801/1808/1772 1907/1910/1874
f 1907/1910/1874 1910/1911/1875 1908/1912/1876
f 1908/1912/1876 1909/1500/1470 1907/1910/1874
f 1907/1910/1874 1909/1500/1470 1498/1496/1466
f 1800/1807/1771 1910/1911/1875 1907/1910/1874
f 1907/1910/1874 1794/1802/1766 1793/1801/1765
f 1498/1496/1466 1794/1802/1766 1907/1910/1874
f 1909/1500/1470 1908/1912/1876 1503/1506/1476
f 1786/1796/1760 1524/1529/1497 1528/1531/1499
f 1762/1767/1731 1786/1796/1760 1528/1531/1499
f 1766/1770/1734 1783/1793/1757 1762/1767/1731
f 1766/1770/1734 1764/1769/1733 1768/1773/1737
f 1762/1767/1731 1763/1768/1732 1766/1770/1734
f 1753/1757/1722 1760/1766/1730 1527/1532/1500
f 1527/1532/1500 1529/1533/1501 1753/1757/1722
f 1753/1757/1722 1529/1533/1501 1747/1534/1502
f 1747/1534/1502 1748/1755/1720 1753/1757/1722
f 1750/1746/1711 1738/1747/1712 1752/1758/1723
f 1742/1751/1716 1744/1752/1717 1911/1913/1877
f 1911/1913/1877 1744/1752/1717 1749/1536/1504
f 1911/1913/1877 1749/1536/1504 1530/1535/1503
f 1911/1913/1877 1912/1914/1878 1742/1751/1716
f 1530/1535/1503 1913/1539/1507 1911/1913/1877
f 1911/1913/1877 1913/1539/1507 1912/1914/1878
f 1546/1552/1520 1558/1568/1536 1912/1914/1878
f 1912/1914/1878 1534/1542/1510 1546/1552/1520
f 1913/1539/1507 1534/1542/1510 1912/1914/1878
f 1547/1553/1521 1558/1568/1536 1546/1552/1520
f 1742/1751/1716 1912/1914/1878 1558/1568/1536
f 1915/1567/1535 1741/1749/1714 1558/1568/1536
f 1558/1568/1536 1741/1749/1714 1742/1751/1716
f 1914/1915/1879 1743/1750/1715 1741/1749/1714
f 1739/1743/1708 1743/1750/1715 1914/1915/1879
f 1741/1749/1714 1915/1567/1535 1914/1915/1879
f 1915/1567/1535 1916/1916/1880 1914/1915/1879
f 1914/1915/1879 1916/1916/1880 1732/1739/1704
f 1732/1739/1704 1735/1742/1707 1914/1915/1879
f 1914/1915/1879 1735/1742/1707 1739/1743/1708
f 1732/1739/1704 1916/1916/1880 1917/1917/1881
f 1917/1917/1881 1916/1916/1880 1915/1567/1535
f 1915/1567/1535 1560/1570/1538 1917/1917/1881
f 1917/1917/1881 1560/1570/1538 1561/1571/1539
f 1561/1571/1539 1731/1738/1703 1917/1917/1881
f 1917/1917/1881 1731/1738/1703 1732/1739/1704
f 1536/1543/1511 1532/1537/1505 1531/1524/1492
f 1536/1543/1511 1521/1527/1495 1517/1521/1490
f 1531/1524/1492 1521/1527/1495 1536/1543/1511
f 1913/1539/1507 1533/1538/1506 1534/1542/1510
f 1530/1535/1503 1532/1537/1505 1913/1539/1507
f 1519/1518/1488 1522/1528/1496 1523/1530/1498
f 1523/1530/1498 1510/1512/1482 1519/1518/1488
f 1790/1507/1477 1505/1505/1475 1507/1511/1481
f 1503/1506/1476 1499/1501/1471 1909/1500/1470
