# Blender 5.1.2
# www.blender.org
mtllib dpad_up.mtl
o dpad_up
v -0.559792 -0.264997 0.384463
v -0.558758 -0.297545 0.396782
v -0.559792 -0.298175 0.384463
v -0.558758 -0.264366 0.396782
v -0.558963 -0.263537 0.409915
v -0.558963 -0.296716 0.409915
v -0.561638 -0.295617 0.424761
v -0.561638 -0.262436 0.424761
v -0.568463 -0.261179 0.437909
v -0.568463 -0.294359 0.437909
v -0.581118 -0.293059 0.445945
v -0.581118 -0.259879 0.445945
v -0.598741 -0.258735 0.450055
v -0.598741 -0.291915 0.450055
v -0.620469 -0.291125 0.451425
v -0.620469 -0.257945 0.451425
v -0.642168 -0.257369 0.450110
v -0.642168 -0.290549 0.450110
v -0.659701 -0.290047 0.446164
v -0.659701 -0.256867 0.446164
v -0.672305 -0.256809 0.438354
v -0.672305 -0.289989 0.438354
v -0.679215 -0.290745 0.425449
v -0.679215 -0.257565 0.425449
v -0.682072 -0.258702 0.410673
v -0.682072 -0.291881 0.410673
v -0.682516 -0.292961 0.397251
v -0.682516 -0.259786 0.397251
v -0.681449 -0.261267 0.379148
v -0.681137 -0.294852 0.374065
v -0.680273 -0.262652 0.361894
v -0.680273 -0.295830 0.361894
v -0.679459 -0.296407 0.354868
v -0.679459 -0.263226 0.354868
v -0.678002 -0.263601 0.349956
v -0.678002 -0.296781 0.349956
v -0.675317 -0.297019 0.345848
v -0.675317 -0.263839 0.345848
v -0.670423 -0.264053 0.340726
v -0.670423 -0.297228 0.340726
v -0.658178 -0.264510 0.328727
v -0.642758 -0.298180 0.313801
v -0.662371 -0.297515 0.332799
v -0.642758 -0.265022 0.313801
v -0.633795 -0.265273 0.305984
v -0.626716 -0.298580 0.301720
v -0.633795 -0.298448 0.305984
v -0.626716 -0.265400 0.301720
v -0.620585 -0.265490 0.300493
v -0.614468 -0.298810 0.301789
v -0.620585 -0.298670 0.300493
v -0.614468 -0.265630 0.301789
v -0.607452 -0.265794 0.306117
v -0.598622 -0.299105 0.313991
v -0.607452 -0.298967 0.306117
v -0.598622 -0.265954 0.313991
v -0.588945 -0.266058 0.323576
v -0.588947 -0.299194 0.323574
v -0.571348 -0.266039 0.341077
v -0.566636 -0.299295 0.346000
v -0.571564 -0.299208 0.340850
v -0.566636 -0.266115 0.346000
v -0.564004 -0.266174 0.349923
v -0.562627 -0.299274 0.354583
v -0.564004 -0.299354 0.349923
v -0.562627 -0.266094 0.354583
v -0.561804 -0.265872 0.361467
v -0.560833 -0.298681 0.372061
v -0.561804 -0.299051 0.361464
v -0.560833 -0.265503 0.372059
v -0.559792 -0.264997 0.384463
v -0.559792 -0.298175 0.384463
v -0.597140 -0.314869 0.352090
v -0.606968 -0.312546 0.343869
v -0.604236 -0.314664 0.354429
v -0.596489 -0.312937 0.341067
v -0.590192 -0.315151 0.349488
v -0.592911 -0.317642 0.361073
v -0.577443 -0.318107 0.355210
v -0.584292 -0.318042 0.357942
v -0.584125 -0.315148 0.347036
v -0.591434 -0.312855 0.339160
v -0.587288 -0.312181 0.337522
v -0.579669 -0.314499 0.345146
v -0.575096 -0.316306 0.349834
v -0.576660 -0.312785 0.343820
v -0.572625 -0.317531 0.353431
v -0.572081 -0.314602 0.348521
v -0.569590 -0.315835 0.352168
v -0.566520 -0.313228 0.355832
v -0.567848 -0.312654 0.351442
v -0.568268 -0.316407 0.356545
v -0.571170 -0.318099 0.357992
v -0.567397 -0.316765 0.363512
v -0.576209 -0.318687 0.359683
v -0.583743 -0.318565 0.362441
v -0.564458 -0.318652 0.396211
v -0.573938 -0.320021 0.384243
v -0.567650 -0.320345 0.397049
v -0.562838 -0.310305 0.383694
v -0.562646 -0.315505 0.395636
v -0.565548 -0.313650 0.363708
v -0.563895 -0.309635 0.371988
v -0.564875 -0.309102 0.361993
v -0.565695 -0.308764 0.355495
v -0.567025 -0.308189 0.351100
v -0.569536 -0.306945 0.347412
v -0.574121 -0.305112 0.342701
v -0.570334 -0.311353 0.347757
v -0.581675 -0.302766 0.335236
v -0.593344 -0.308211 0.327363
v -0.588133 -0.305721 0.330043
v -0.590768 -0.300481 0.326345
v -0.584245 -0.310464 0.336282
v -0.600764 -0.303345 0.317729
v -0.599967 -0.298829 0.317359
v -0.608321 -0.297810 0.310011
v -0.608993 -0.302338 0.310497
v -0.614883 -0.297426 0.306031
v -0.615261 -0.301962 0.306723
v -0.620546 -0.305242 0.307217
v -0.620546 -0.301932 0.305704
v -0.616072 -0.305266 0.308048
v -0.610433 -0.305624 0.311500
v -0.620547 -0.297392 0.304887
v -0.625830 -0.301964 0.306733
v -0.626209 -0.297428 0.306043
v -0.632776 -0.297816 0.310048
v -0.640352 -0.303356 0.317803
v -0.641156 -0.298843 0.317451
v -0.632101 -0.302343 0.310528
v -0.630656 -0.305628 0.311517
v -0.625017 -0.305267 0.308055
v -0.638637 -0.306609 0.318554
v -0.623588 -0.307142 0.310179
v -0.628119 -0.307470 0.313204
v -0.635638 -0.308390 0.319869
v -0.621903 -0.308061 0.312747
v -0.644704 -0.309952 0.328553
v -0.632214 -0.309207 0.321726
v -0.647790 -0.308227 0.327446
v -0.640847 -0.310664 0.330002
v -0.629110 -0.309537 0.323993
v -0.636761 -0.310848 0.331664
v -0.644509 -0.312943 0.341080
v -0.649674 -0.312874 0.339203
v -0.653878 -0.312209 0.337637
v -0.661557 -0.314553 0.345447
v -0.656946 -0.310500 0.336474
v -0.664582 -0.312844 0.344161
v -0.657074 -0.315196 0.347287
v -0.656829 -0.318102 0.358434
v -0.650962 -0.315189 0.349689
v -0.663757 -0.318178 0.355772
v -0.666143 -0.316376 0.350309
v -0.671659 -0.315922 0.352875
v -0.668608 -0.317613 0.354097
v -0.669171 -0.314676 0.349029
v -0.670909 -0.311491 0.348294
v -0.673412 -0.312744 0.352174
v -0.663463 -0.308604 0.340500
v -0.667135 -0.305176 0.343075
v -0.671729 -0.307023 0.347948
v -0.674239 -0.308280 0.351843
v -0.674753 -0.313335 0.356814
v -0.675584 -0.308873 0.356492
v -0.676307 -0.309217 0.363134
v -0.675609 -0.313768 0.364988
v -0.676952 -0.309725 0.373005
v -0.677566 -0.310368 0.384634
v -0.678198 -0.311112 0.396546
v -0.677336 -0.315562 0.396875
v -0.675519 -0.318715 0.397481
v -0.672335 -0.320407 0.398296
v -0.666637 -0.320234 0.387595
v -0.671950 -0.321140 0.410164
v -0.675061 -0.319481 0.409641
v -0.667184 -0.321616 0.409741
v -0.657161 -0.322139 0.424168
v -0.664885 -0.322226 0.421506
v -0.669489 -0.321738 0.422151
v -0.659701 -0.322449 0.429783
v -0.672423 -0.320127 0.422638
v -0.663575 -0.322003 0.432046
v -0.666144 -0.320432 0.433696
v -0.674116 -0.317005 0.422922
v -0.667630 -0.317338 0.434652
v -0.655895 -0.317054 0.441667
v -0.654769 -0.320153 0.440255
v -0.652824 -0.321731 0.437812
v -0.637914 -0.321326 0.440555
v -0.650067 -0.322207 0.434578
v -0.638992 -0.319725 0.443452
v -0.636511 -0.321852 0.436835
v -0.646507 -0.321998 0.430789
v -0.634915 -0.321738 0.432689
v -0.619624 -0.321649 0.433227
v -0.619556 -0.321733 0.437497
v -0.619521 -0.321192 0.441378
v -0.619506 -0.319583 0.444422
v -0.600008 -0.319726 0.443141
v -0.602594 -0.321851 0.436549
v -0.601118 -0.321327 0.440260
v -0.586179 -0.321730 0.437179
v -0.584200 -0.320151 0.439588
v -0.575482 -0.321989 0.431035
v -0.589015 -0.322203 0.433974
v -0.572878 -0.320419 0.432654
v -0.579440 -0.322430 0.428806
v -0.592733 -0.321986 0.430194
v -0.582353 -0.322097 0.423165
v -0.574486 -0.322174 0.420077
v -0.569803 -0.321695 0.420726
v -0.566839 -0.320089 0.421232
v -0.564550 -0.319421 0.408098
v -0.572536 -0.321533 0.408026
v -0.567682 -0.321072 0.408561
v -0.562747 -0.316271 0.407832
v -0.561894 -0.311824 0.407707
v -0.561786 -0.311056 0.395324
v -0.565129 -0.316971 0.421528
v -0.564316 -0.312543 0.421670
v -0.570654 -0.312913 0.434039
v -0.582509 -0.312636 0.441643
v -0.571372 -0.317326 0.433591
v -0.583055 -0.317052 0.440980
v -0.599367 -0.316610 0.444805
v -0.599062 -0.312184 0.445597
v -0.619497 -0.316462 0.446179
v -0.619493 -0.312032 0.447013
v -0.639913 -0.312183 0.445919
v -0.639616 -0.316609 0.445124
v -0.656432 -0.312637 0.442339
v -0.668339 -0.312925 0.435108
v -0.674920 -0.312575 0.423059
v -0.677698 -0.311875 0.409202
v -0.676851 -0.316326 0.409342
v -0.581318 -0.319954 0.387730
v -0.589952 -0.319721 0.393414
v -0.597250 -0.321200 0.423086
v -0.609322 -0.318467 0.385888
v -0.607058 -0.320796 0.421999
v -0.592670 -0.318110 0.365422
v -0.599592 -0.318930 0.388807
v -0.600694 -0.317847 0.368084
v -0.609900 -0.317159 0.365372
v -0.600905 -0.317347 0.363609
v -0.609754 -0.317659 0.369867
v -0.620517 -0.317596 0.370458
v -0.620575 -0.317083 0.365892
v -0.631278 -0.317682 0.370063
v -0.620269 -0.318579 0.389435
v -0.631290 -0.318489 0.386146
v -0.648319 -0.318163 0.365978
v -0.640907 -0.318955 0.389050
v -0.650356 -0.319754 0.393831
v -0.650511 -0.321440 0.420368
v -0.642451 -0.321238 0.423764
v -0.632773 -0.320819 0.422359
v -0.619978 -0.320426 0.418562
v -0.604332 -0.321733 0.432398
v -0.589276 -0.321373 0.419243
v -0.659083 -0.319985 0.388087
v -0.657433 -0.318642 0.363113
v -0.665098 -0.318771 0.360486
v -0.648241 -0.317693 0.361444
v -0.640368 -0.317888 0.368449
v -0.640320 -0.317387 0.363843
v -0.636871 -0.314686 0.354542
v -0.631184 -0.317177 0.365513
v -0.629211 -0.314598 0.356407
v -0.643976 -0.314898 0.352244
v -0.633947 -0.312543 0.343875
v -0.630036 -0.310903 0.334914
v -0.620352 -0.310069 0.330160
v -0.620442 -0.311421 0.339577
v -0.614988 -0.312783 0.347424
v -0.622150 -0.313010 0.349393
v -0.611903 -0.314585 0.356341
v -0.620562 -0.314680 0.357662
v -0.610743 -0.310926 0.335002
v -0.611697 -0.309558 0.324099
v -0.604098 -0.310868 0.331782
v -0.600174 -0.310671 0.330107
v -0.608799 -0.309215 0.321821
v -0.605440 -0.308390 0.319905
v -0.596396 -0.309946 0.328571
v -0.612960 -0.307469 0.313212
v -0.602465 -0.306602 0.318520
v -0.619169 -0.308059 0.312743
v -0.620457 -0.308476 0.315008
v -0.617501 -0.307141 0.310178
v -0.620542 -0.307801 0.311580
v -0.620547 -0.307126 0.309576
v -0.619157 -0.308751 0.317571
v -0.669929 -0.318198 0.358685
v -0.673767 -0.316880 0.364730
v -0.670667 -0.318547 0.365603
v -0.672993 -0.316511 0.357497
v -0.659540 -0.302811 0.335492
v -0.650395 -0.300508 0.326512
v -0.649561 -0.305006 0.326811
v -0.608098 -0.251549 0.309849
v -0.614758 -0.251144 0.305801
v -0.599701 -0.252627 0.317236
v -0.590493 -0.254321 0.326236
v -0.581401 -0.256574 0.335124
v -0.573849 -0.258868 0.342582
v -0.569264 -0.260686 0.347294
v -0.566751 -0.261930 0.350986
v -0.565420 -0.262506 0.355383
v -0.564599 -0.262847 0.361886
v -0.563614 -0.263388 0.371892
v -0.562553 -0.264064 0.383611
v -0.562553 -0.304759 0.383611
v -0.565420 -0.303217 0.355383
v -0.564439 -0.303701 0.363247
v -0.569264 -0.301398 0.347294
v -0.590768 -0.300481 0.326345
v -0.575183 -0.298757 0.341224
v -0.581675 -0.302766 0.335236
v -0.574121 -0.305112 0.342701
v -0.569536 -0.306945 0.347412
v -0.567025 -0.308189 0.351100
v -0.566751 -0.302642 0.350986
v -0.565695 -0.308764 0.355495
v -0.564875 -0.309102 0.361993
v -0.563895 -0.309635 0.371988
v -0.562838 -0.310305 0.383694
v -0.599701 -0.293265 0.317236
v -0.614758 -0.291855 0.305801
v -0.608098 -0.292242 0.309849
v -0.626335 -0.251146 0.305813
v -0.633001 -0.292247 0.309888
v -0.626336 -0.291859 0.305813
v -0.641424 -0.293279 0.317334
v -0.650395 -0.300508 0.326512
v -0.641156 -0.298843 0.317451
v -0.632776 -0.297816 0.310048
v -0.626209 -0.297428 0.306043
v -0.620547 -0.297392 0.304887
v -0.620548 -0.291819 0.304615
v -0.614883 -0.297426 0.306031
v -0.608321 -0.297810 0.310011
v -0.599967 -0.298829 0.317359
v -0.659794 -0.297141 0.335363
v -0.672002 -0.301476 0.347832
v -0.667408 -0.299626 0.342959
v -0.672002 -0.260764 0.347832
v -0.667408 -0.258933 0.342959
v -0.674514 -0.262023 0.351732
v -0.675861 -0.262616 0.356384
v -0.676586 -0.262962 0.363031
v -0.676586 -0.303671 0.363031
v -0.675861 -0.303327 0.356384
v -0.677566 -0.310368 0.384634
v -0.677234 -0.304166 0.372893
v -0.676952 -0.309725 0.373005
v -0.676307 -0.309217 0.363134
v -0.675584 -0.308873 0.356492
v -0.674239 -0.308280 0.351843
v -0.674514 -0.302734 0.351732
v -0.671729 -0.307023 0.347948
v -0.667135 -0.305176 0.343075
v -0.659540 -0.302811 0.335492
v -0.678485 -0.305567 0.396469
v -0.675188 -0.307040 0.423104
v -0.677981 -0.306333 0.409155
v -0.675188 -0.266328 0.423104
v -0.677981 -0.265624 0.409155
v -0.668575 -0.266683 0.435260
v -0.656611 -0.266395 0.442564
v -0.640012 -0.265937 0.446184
v -0.619491 -0.265786 0.447292
v -0.598960 -0.265938 0.445860
v -0.582327 -0.266393 0.441864
v -0.570414 -0.266672 0.434188
v -0.564045 -0.266297 0.421717
v -0.561609 -0.265574 0.407666
v -0.561498 -0.264811 0.395251
v -0.562553 -0.264064 0.383611
v -0.562553 -0.304759 0.383611
v -0.561498 -0.305513 0.395250
v -0.561609 -0.306283 0.407666
v -0.564045 -0.307008 0.421717
v -0.570414 -0.307383 0.434188
v -0.582327 -0.307104 0.441864
v -0.598960 -0.306649 0.445860
v -0.619491 -0.306497 0.447292
v -0.656611 -0.307106 0.442564
v -0.639913 -0.312183 0.445919
v -0.640012 -0.306648 0.446184
v -0.656432 -0.312637 0.442339
v -0.668339 -0.312925 0.435108
v -0.668575 -0.307396 0.435260
v -0.674920 -0.312575 0.423059
v -0.677698 -0.311875 0.409202
v -0.678198 -0.311112 0.396546
v -0.619493 -0.312032 0.447013
v -0.599062 -0.312184 0.445597
v -0.582509 -0.312636 0.441643
v -0.570654 -0.312913 0.434039
v -0.564316 -0.312543 0.421670
v -0.561894 -0.311824 0.407707
v -0.561786 -0.311056 0.395324
v -0.562838 -0.310305 0.383694
v -0.678485 -0.264866 0.396469
v -0.677853 -0.264126 0.384554
v -0.677235 -0.263479 0.372913
v -0.659817 -0.256620 0.335387
v -0.650674 -0.254349 0.326412
v -0.641424 -0.252642 0.317334
v -0.633001 -0.251556 0.309888
v -0.620548 -0.251110 0.304615
v -0.620439 -0.305026 0.340691
v -0.606535 -0.306175 0.345033
v -0.614825 -0.306432 0.348783
v -0.610449 -0.304511 0.335945
v -0.619390 -0.303504 0.330046
v -0.622215 -0.306655 0.350742
v -0.629454 -0.308273 0.357961
v -0.644521 -0.308587 0.353759
v -0.634340 -0.306170 0.345048
v -0.630328 -0.304485 0.335846
v -0.637332 -0.308363 0.356040
v -0.648771 -0.311286 0.362644
v -0.631429 -0.310759 0.366774
v -0.640769 -0.310971 0.365059
v -0.640737 -0.311435 0.369232
v -0.631478 -0.311223 0.370871
v -0.641145 -0.312469 0.389315
v -0.620515 -0.311136 0.371282
v -0.620273 -0.312091 0.389729
v -0.609189 -0.311980 0.386173
v -0.631442 -0.312002 0.386432
v -0.609554 -0.311200 0.370675
v -0.600455 -0.311346 0.368569
v -0.589718 -0.313235 0.393730
v -0.598879 -0.312975 0.397494
v -0.592382 -0.311655 0.366258
v -0.577336 -0.312343 0.360875
v -0.592381 -0.311235 0.362285
v -0.578028 -0.311855 0.357035
v -0.573738 -0.312126 0.359337
v -0.574712 -0.311627 0.355719
v -0.573420 -0.310871 0.355071
v -0.572834 -0.309476 0.354516
v -0.575370 -0.309845 0.352197
v -0.576811 -0.310581 0.352719
v -0.584465 -0.309077 0.349333
v -0.581141 -0.308923 0.348354
v -0.579539 -0.308211 0.347958
v -0.574700 -0.308335 0.351708
v -0.587072 -0.305884 0.340467
v -0.588794 -0.306593 0.340676
v -0.600759 -0.304498 0.331992
v -0.596204 -0.303567 0.331465
v -0.598009 -0.304291 0.331551
v -0.593122 -0.306512 0.340504
v -0.596581 -0.308562 0.353617
v -0.603765 -0.308344 0.355935
v -0.600459 -0.310930 0.364829
v -0.611651 -0.308261 0.357899
v -0.609652 -0.310739 0.366636
v -0.620575 -0.310671 0.367222
v -0.620558 -0.308358 0.359256
v -0.610039 -0.302979 0.323317
v -0.622476 -0.303265 0.327828
v -0.616269 -0.302193 0.317413
v -0.607028 -0.302718 0.322847
v -0.605168 -0.301961 0.322694
v -0.614293 -0.301801 0.316241
v -0.612640 -0.301000 0.315877
v -0.616798 -0.299016 0.312322
v -0.611775 -0.299405 0.315641
v -0.617296 -0.300621 0.312735
v -0.604191 -0.300363 0.322534
v -0.618248 -0.301465 0.313412
v -0.620545 -0.301444 0.312943
v -0.619349 -0.301913 0.314840
v -0.620541 -0.300578 0.312086
v -0.620541 -0.298965 0.311558
v -0.624281 -0.299020 0.312331
v -0.623783 -0.300625 0.312744
v -0.622834 -0.301467 0.313416
v -0.628437 -0.301009 0.315897
v -0.626778 -0.301805 0.316238
v -0.634038 -0.302724 0.322814
v -0.635919 -0.301978 0.322729
v -0.644905 -0.303594 0.331541
v -0.643071 -0.304303 0.331530
v -0.652335 -0.306620 0.340773
v -0.656698 -0.309118 0.349561
v -0.661638 -0.308261 0.348251
v -0.654072 -0.305922 0.340633
v -0.660036 -0.308968 0.348620
v -0.664382 -0.310643 0.353148
v -0.665822 -0.309911 0.352640
v -0.667785 -0.310955 0.355699
v -0.666487 -0.311706 0.356330
v -0.663126 -0.311923 0.357578
v -0.647957 -0.306522 0.340496
v -0.640246 -0.304489 0.331872
v -0.630899 -0.302959 0.323161
v -0.620872 -0.301798 0.314139
v -0.663888 -0.312433 0.361649
v -0.667566 -0.312231 0.360351
v -0.668690 -0.311476 0.359327
v -0.669119 -0.311809 0.365143
v -0.669308 -0.310117 0.358728
v -0.669884 -0.310483 0.365825
v -0.669534 -0.314396 0.398427
v -0.665569 -0.313683 0.385383
v -0.670823 -0.313647 0.397644
v -0.671555 -0.312287 0.396798
v -0.666228 -0.315238 0.410276
v -0.669234 -0.315120 0.409967
v -0.670480 -0.314412 0.409057
v -0.668855 -0.313679 0.420395
v -0.671186 -0.313072 0.408488
v -0.668190 -0.314971 0.420634
v -0.667012 -0.315661 0.421073
v -0.662653 -0.315221 0.430254
v -0.659106 -0.316018 0.429236
v -0.661567 -0.315890 0.430067
v -0.651589 -0.315668 0.435325
v -0.652575 -0.315024 0.436023
v -0.638144 -0.314709 0.438872
v -0.637456 -0.315332 0.437834
v -0.648797 -0.315777 0.433689
v -0.650771 -0.314966 0.420831
v -0.636307 -0.315458 0.435720
v -0.642738 -0.314773 0.424321
v -0.632922 -0.314357 0.423013
v -0.663533 -0.315824 0.421681
v -0.650605 -0.313275 0.394248
v -0.648614 -0.311708 0.366796
v -0.658930 -0.313500 0.388889
v -0.596948 -0.314738 0.423672
v -0.619977 -0.313962 0.419228
v -0.581440 -0.313465 0.388445
v -0.574910 -0.313618 0.384492
v -0.573479 -0.315157 0.408637
v -0.580049 -0.315999 0.428285
v -0.588992 -0.314898 0.419670
v -0.575830 -0.315773 0.420318
v -0.590313 -0.315773 0.433115
v -0.606911 -0.314333 0.422642
v -0.602814 -0.315457 0.435437
v -0.619597 -0.315348 0.436043
v -0.619547 -0.315220 0.438581
v -0.600947 -0.314706 0.438585
v -0.619550 -0.314603 0.439731
v -0.601630 -0.315331 0.437552
v -0.587473 -0.315664 0.434731
v -0.577543 -0.315873 0.429123
v -0.586495 -0.315017 0.435419
v -0.576463 -0.315201 0.429317
v -0.585947 -0.313743 0.435857
v -0.575848 -0.313935 0.429483
v -0.570458 -0.313633 0.419161
v -0.571125 -0.314923 0.419366
v -0.572308 -0.315612 0.419735
v -0.569137 -0.314342 0.407672
v -0.570396 -0.315047 0.408465
v -0.570436 -0.314342 0.397214
v -0.571692 -0.313419 0.382885
v -0.569137 -0.313581 0.396562
v -0.571897 -0.310069 0.358049
v -0.572546 -0.311396 0.358525
v -0.568413 -0.312202 0.395890
v -0.568108 -0.310714 0.406895
v -0.568074 -0.309886 0.395461
v -0.568431 -0.313006 0.407167
v -0.569074 -0.309081 0.384249
v -0.570135 -0.308470 0.372744
v -0.571074 -0.308021 0.363101
v -0.571708 -0.307698 0.357479
v -0.572661 -0.307131 0.354133
v -0.574556 -0.305949 0.351319
v -0.578581 -0.304156 0.347194
v -0.585926 -0.301752 0.339913
v -0.594896 -0.299411 0.331108
v -0.603792 -0.297803 0.322410
v -0.591717 -0.302759 0.334765
v -0.611423 -0.296847 0.315512
v -0.616597 -0.296460 0.312111
v -0.620541 -0.296410 0.311287
v -0.624484 -0.296464 0.312120
v -0.629663 -0.296857 0.315544
v -0.629308 -0.299416 0.315671
v -0.636912 -0.300384 0.322604
v -0.637319 -0.297824 0.322494
v -0.646248 -0.299445 0.331260
v -0.648894 -0.302672 0.334391
v -0.655245 -0.301801 0.340131
v -0.662614 -0.304219 0.347502
v -0.666454 -0.308384 0.352087
v -0.666655 -0.306026 0.351768
v -0.668567 -0.307222 0.354772
v -0.668383 -0.309565 0.355153
v -0.669545 -0.307807 0.358358
v -0.670088 -0.308135 0.364101
v -0.670692 -0.308563 0.373578
v -0.671313 -0.309148 0.384971
v -0.671907 -0.309950 0.396462
v -0.671511 -0.310776 0.408189
v -0.669160 -0.311434 0.420291
v -0.663548 -0.311741 0.430542
v -0.663266 -0.313956 0.430423
v -0.653122 -0.313751 0.436473
v -0.653368 -0.311509 0.436717
v -0.638682 -0.311134 0.439784
v -0.638519 -0.313416 0.439485
v -0.619551 -0.313304 0.440396
v -0.619551 -0.311009 0.440712
v -0.600412 -0.311132 0.439486
v -0.585698 -0.311502 0.436092
v -0.600574 -0.313414 0.439191
v -0.575561 -0.311720 0.429597
v -0.570151 -0.311392 0.419069
v -0.620541 -0.251110 0.311261
v -0.616564 -0.251144 0.312078
v -0.624516 -0.251146 0.312086
v -0.629699 -0.251554 0.315487
v -0.637328 -0.252635 0.322411
v -0.646221 -0.254339 0.331139
v -0.655187 -0.256613 0.339941
v -0.662537 -0.258931 0.347250
v -0.666585 -0.260767 0.351506
v -0.668519 -0.262023 0.354520
v -0.669562 -0.262617 0.358154
v -0.670158 -0.262962 0.363934
v -0.670747 -0.263466 0.373205
v -0.671366 -0.264125 0.384810
v -0.670806 -0.305011 0.373465
v -0.671430 -0.305621 0.384863
v -0.669620 -0.304200 0.358229
v -0.670189 -0.304486 0.363968
v -0.668616 -0.303633 0.354629
v -0.666708 -0.302377 0.351634
v -0.662614 -0.304219 0.347502
v -0.662618 -0.300498 0.347316
v -0.666655 -0.306026 0.351768
v -0.668567 -0.307222 0.354772
v -0.669545 -0.307807 0.358358
v -0.670088 -0.308135 0.364101
v -0.670692 -0.308563 0.373578
v -0.671313 -0.309148 0.384971
v -0.654824 -0.298031 0.339534
v -0.646248 -0.299445 0.331260
v -0.655245 -0.301801 0.340131
v -0.637572 -0.294057 0.322567
v -0.624548 -0.292759 0.312052
v -0.629774 -0.293133 0.315498
v -0.616533 -0.292757 0.312044
v -0.611423 -0.296847 0.315512
v -0.611313 -0.293120 0.315465
v -0.616597 -0.296460 0.312111
v -0.620541 -0.296411 0.311231
v -0.624484 -0.296464 0.312120
v -0.629663 -0.296857 0.315544
v -0.637319 -0.297824 0.322494
v -0.594896 -0.299411 0.331108
v -0.603542 -0.294076 0.322479
v -0.603792 -0.297803 0.322410
v -0.585991 -0.256567 0.339717
v -0.603785 -0.252620 0.322323
v -0.594928 -0.254311 0.330979
v -0.578664 -0.258866 0.346939
v -0.574636 -0.260689 0.351054
v -0.572718 -0.261930 0.353880
v -0.571697 -0.262507 0.357272
v -0.571007 -0.262846 0.362931
v -0.570091 -0.263375 0.372371
v -0.569027 -0.264063 0.384091
v -0.568010 -0.264813 0.395348
v -0.568027 -0.265574 0.406768
v -0.570071 -0.266297 0.419012
v -0.575495 -0.266672 0.429621
v -0.585646 -0.266393 0.436157
v -0.600380 -0.265938 0.439567
v -0.619553 -0.265786 0.440798
v -0.638712 -0.265937 0.439866
v -0.653415 -0.266395 0.436784
v -0.663609 -0.266683 0.430567
v -0.669238 -0.266328 0.420229
v -0.671595 -0.265624 0.408054
v -0.671975 -0.264868 0.396345
v -0.671365 -0.264125 0.384810
v -0.671430 -0.305621 0.384863
v -0.672022 -0.306395 0.396346
v -0.671620 -0.307162 0.408074
v -0.669222 -0.311433 0.420255
v -0.653447 -0.307942 0.436797
v -0.653368 -0.311509 0.436717
v -0.638682 -0.311134 0.439784
v -0.638735 -0.307547 0.439882
v -0.663548 -0.311741 0.430542
v -0.663639 -0.308205 0.430581
v -0.671511 -0.310776 0.408189
v -0.671907 -0.309950 0.396462
v -0.671313 -0.309148 0.384971
v -0.619552 -0.307395 0.440816
v -0.619551 -0.311009 0.440712
v -0.600412 -0.311132 0.439486
v -0.600359 -0.307540 0.439584
v -0.585617 -0.307962 0.436170
v -0.585698 -0.311502 0.436092
v -0.575561 -0.311720 0.429597
v -0.575467 -0.308189 0.429635
v -0.570049 -0.307829 0.419036
v -0.570151 -0.311392 0.419069
v -0.568108 -0.310714 0.406895
v -0.568001 -0.307121 0.406790
v -0.567962 -0.306330 0.395352
v -0.568074 -0.309886 0.395461
v -0.569074 -0.309081 0.384249
v -0.569712 -0.305019 0.375873
v -0.570135 -0.308470 0.372744
v -0.571074 -0.308021 0.363101
v -0.570979 -0.304381 0.362935
v -0.571636 -0.304108 0.357348
v -0.571708 -0.307698 0.357479
v -0.572661 -0.307131 0.354133
v -0.572616 -0.303540 0.353990
v -0.574507 -0.302296 0.351185
v -0.574556 -0.305949 0.351319
v -0.578581 -0.304156 0.347194
v -0.579928 -0.299743 0.345643
v -0.585926 -0.301752 0.339913
v -0.611389 -0.251548 0.315454
v -0.611236 -0.250162 0.314824
v -0.603751 -0.251193 0.321522
v -0.616523 -0.249774 0.311480
v -0.611343 -0.250367 0.315368
v -0.594829 -0.253093 0.330867
v -0.603693 -0.251403 0.322204
v -0.603686 -0.251785 0.322418
v -0.594929 -0.254311 0.330979
v -0.603785 -0.252620 0.322323
v -0.611389 -0.251548 0.315453
v -0.616571 -0.250383 0.312076
v -0.616571 -0.251144 0.312075
v -0.620541 -0.251110 0.311261
v -0.620541 -0.249928 0.311168
v -0.624509 -0.250385 0.312084
v -0.624510 -0.251146 0.312083
v -0.629698 -0.251554 0.315486
v -0.629744 -0.250373 0.315400
v -0.637328 -0.251874 0.322412
v -0.637330 -0.252635 0.322412
v -0.646221 -0.254339 0.331139
v -0.650254 -0.254460 0.335079
v -0.655187 -0.256613 0.339941
v -0.662537 -0.258931 0.347250
v -0.666498 -0.259868 0.351361
v -0.666578 -0.260764 0.351498
v -0.668518 -0.262023 0.354519
v -0.668604 -0.260844 0.354477
v -0.669560 -0.261855 0.358144
v -0.669561 -0.262616 0.358146
v -0.670158 -0.262962 0.363929
v -0.670283 -0.262272 0.365327
v -0.670760 -0.263478 0.373419
v -0.671365 -0.264125 0.384810
v -0.671974 -0.264091 0.396330
v -0.671974 -0.264865 0.396297
v -0.671596 -0.265624 0.408048
v -0.671689 -0.264444 0.408066
v -0.669238 -0.265567 0.420229
v -0.669238 -0.266328 0.420230
v -0.663609 -0.266683 0.430567
v -0.663676 -0.265501 0.430632
v -0.653415 -0.265634 0.436784
v -0.653416 -0.266395 0.436784
v -0.638712 -0.265937 0.439866
v -0.619552 -0.265025 0.440798
v -0.619552 -0.265786 0.440798
v -0.600381 -0.265938 0.439567
v -0.585647 -0.265632 0.436157
v -0.585647 -0.266393 0.436157
v -0.575495 -0.266672 0.429621
v -0.570071 -0.265536 0.419012
v -0.570071 -0.266297 0.419012
v -0.568026 -0.265574 0.406762
v -0.568012 -0.264810 0.395303
v -0.569028 -0.264063 0.384091
v -0.568011 -0.264036 0.395336
v -0.570071 -0.263387 0.372584
v -0.571006 -0.262846 0.362926
v -0.571699 -0.261745 0.357264
v -0.570860 -0.262150 0.364210
v -0.571698 -0.262506 0.357265
v -0.572718 -0.261930 0.353879
v -0.574642 -0.259925 0.351046
v -0.574640 -0.260686 0.351048
v -0.578664 -0.258866 0.346939
v -0.580971 -0.257227 0.344639
v -0.585991 -0.256567 0.339717
v -0.578556 -0.257649 0.346833
v -0.585888 -0.255349 0.339606
v -0.574521 -0.259468 0.350958
v -0.578360 -0.257451 0.346395
v -0.574153 -0.259316 0.350699
v -0.572633 -0.260752 0.353835
v -0.571556 -0.261288 0.357220
v -0.571012 -0.261156 0.357269
v -0.570793 -0.261655 0.363423
v -0.566045 -0.261116 0.355296
v -0.564650 -0.261752 0.367134
v -0.567363 -0.260532 0.351112
v -0.572109 -0.260577 0.353673
v -0.571954 -0.259316 0.349169
v -0.574206 -0.257531 0.343108
v -0.569755 -0.259316 0.347640
v -0.566887 -0.260713 0.351051
v -0.573962 -0.257649 0.342684
v -0.569387 -0.259468 0.347380
v -0.569264 -0.259925 0.347294
v -0.569264 -0.260686 0.347294
v -0.566751 -0.261930 0.350986
v -0.566751 -0.261169 0.350986
v -0.573849 -0.258868 0.342582
v -0.573849 -0.258106 0.342582
v -0.581401 -0.256574 0.335124
v -0.590493 -0.254321 0.326236
v -0.584432 -0.254937 0.332151
v -0.590597 -0.253094 0.326347
v -0.581509 -0.255350 0.335231
v -0.590826 -0.252959 0.326758
v -0.600081 -0.251251 0.317708
v -0.594579 -0.252926 0.330470
v -0.581671 -0.255241 0.335720
v -0.608144 -0.250368 0.309935
v -0.608306 -0.250187 0.310436
v -0.599796 -0.251404 0.317354
v -0.599701 -0.251863 0.317236
v -0.599701 -0.252627 0.317236
v -0.608098 -0.251549 0.309849
v -0.614758 -0.250383 0.305801
v -0.620548 -0.251110 0.304615
v -0.614758 -0.251144 0.305801
v -0.614799 -0.249926 0.305940
v -0.620548 -0.249928 0.304710
v -0.626293 -0.249928 0.305952
v -0.626335 -0.250385 0.305813
v -0.632955 -0.250375 0.309974
v -0.633001 -0.251556 0.309888
v -0.626335 -0.251146 0.305813
v -0.641424 -0.251878 0.317334
v -0.641424 -0.252642 0.317334
v -0.650674 -0.254349 0.326412
v -0.657282 -0.255108 0.332885
v -0.659817 -0.256620 0.335387
v -0.667408 -0.258933 0.342959
v -0.667408 -0.258171 0.342959
v -0.672002 -0.260003 0.347832
v -0.672002 -0.260764 0.347832
v -0.674514 -0.262023 0.351732
v -0.675861 -0.261855 0.356384
v -0.675861 -0.262616 0.356384
v -0.676586 -0.262962 0.363031
v -0.676586 -0.262201 0.363031
v -0.677254 -0.262723 0.373248
v -0.677235 -0.263479 0.372914
v -0.677853 -0.264126 0.384554
v -0.678485 -0.264104 0.396469
v -0.678485 -0.264866 0.396469
v -0.677981 -0.265624 0.409155
v -0.677981 -0.264863 0.409155
v -0.675188 -0.265567 0.423104
v -0.675188 -0.266328 0.423104
v -0.668575 -0.266683 0.435260
v -0.656611 -0.265634 0.442564
v -0.656611 -0.266395 0.442564
v -0.640012 -0.265937 0.446184
v -0.619491 -0.265025 0.447292
v -0.619491 -0.265786 0.447292
v -0.639991 -0.264757 0.446091
v -0.619493 -0.264568 0.447142
v -0.656544 -0.265177 0.442436
v -0.668506 -0.265501 0.435195
v -0.675057 -0.265111 0.423044
v -0.677834 -0.264406 0.409131
v -0.668164 -0.265316 0.434866
v -0.674728 -0.264952 0.422690
v -0.677413 -0.264241 0.408855
v -0.669761 -0.264958 0.420470
v -0.664031 -0.265311 0.430970
v -0.672166 -0.264262 0.408261
v -0.677802 -0.263312 0.393732
v -0.672579 -0.263495 0.396312
v -0.669368 -0.265111 0.420289
v -0.638720 -0.264566 0.440454
v -0.638733 -0.264758 0.439959
v -0.653482 -0.265177 0.436911
v -0.653703 -0.265025 0.437289
v -0.639950 -0.264567 0.445594
v -0.656342 -0.265025 0.442054
v -0.619497 -0.264415 0.446688
v -0.599034 -0.264567 0.445273
v -0.582631 -0.265023 0.441372
v -0.598982 -0.264758 0.445767
v -0.582397 -0.265176 0.441738
v -0.582327 -0.265632 0.441864
v -0.598960 -0.265938 0.445860
v -0.582327 -0.266393 0.441864
v -0.570414 -0.266672 0.434188
v -0.564045 -0.265536 0.421717
v -0.564045 -0.266297 0.421717
v -0.570484 -0.265490 0.434125
v -0.564177 -0.265079 0.421660
v -0.570833 -0.265305 0.433802
v -0.564513 -0.264921 0.421308
v -0.575064 -0.265300 0.430013
v -0.585368 -0.265023 0.436660
v -0.569542 -0.264927 0.419237
v -0.567448 -0.264212 0.406952
v -0.567407 -0.263440 0.395296
v -0.567932 -0.264394 0.406777
v -0.569939 -0.265079 0.419068
v -0.575425 -0.265490 0.429684
v -0.585577 -0.265176 0.436283
v -0.600359 -0.264758 0.439660
v -0.619550 -0.264568 0.440948
v -0.600358 -0.264567 0.440154
v -0.619547 -0.264416 0.441398
v -0.567853 -0.263569 0.395401
v -0.568449 -0.262677 0.383779
v -0.562260 -0.263270 0.392823
v -0.562184 -0.264190 0.407364
v -0.561705 -0.264393 0.407652
v -0.563314 -0.262435 0.376830
v -0.561650 -0.263593 0.395251
v -0.561498 -0.264050 0.395250
v -0.561498 -0.264811 0.395250
v -0.561609 -0.265574 0.407666
v -0.562553 -0.264064 0.383611
v -0.563614 -0.263388 0.371892
v -0.564599 -0.262847 0.361885
v -0.564301 -0.262198 0.364525
v -0.564748 -0.261629 0.361909
v -0.565564 -0.261288 0.355426
v -0.565420 -0.261745 0.355383
v -0.565420 -0.262506 0.355383
v -0.672129 -0.263623 0.396399
v -0.670373 -0.261777 0.364560
v -0.669704 -0.261398 0.358104
v -0.666699 -0.259547 0.351410
v -0.662646 -0.257713 0.347146
v -0.655291 -0.255396 0.339831
v -0.646321 -0.253121 0.331027
v -0.637422 -0.251418 0.322293
v -0.624550 -0.249928 0.311945
v -0.616530 -0.249926 0.311936
v -0.620541 -0.249741 0.310681
v -0.624557 -0.249776 0.311488
v -0.629851 -0.250168 0.314855
v -0.632792 -0.250193 0.310474
v -0.626167 -0.249776 0.306371
v -0.620547 -0.249739 0.305200
v -0.614924 -0.249774 0.306359
v -0.641043 -0.251265 0.317805
v -0.650345 -0.252989 0.326938
v -0.641329 -0.251419 0.317452
v -0.650569 -0.253123 0.326523
v -0.659708 -0.255397 0.335493
v -0.667294 -0.257714 0.343059
v -0.671878 -0.259547 0.347917
v -0.674427 -0.260844 0.351775
v -0.675716 -0.261398 0.356424
v -0.676436 -0.261744 0.363052
v -0.677266 -0.262424 0.376243
v -0.678334 -0.263647 0.396465
v -0.675235 -0.261226 0.356279
v -0.676306 -0.261795 0.367010
v -0.673900 -0.260625 0.351847
v -0.669128 -0.260668 0.354325
v -0.669288 -0.259394 0.349663
v -0.671506 -0.259394 0.348171
v -0.667099 -0.257614 0.343539
v -0.659562 -0.255292 0.335999
v -0.662871 -0.257521 0.346727
v -0.655616 -0.255243 0.339511
v -0.667071 -0.259394 0.351157
v -0.670138 -0.261246 0.357984
v -0.670851 -0.261642 0.364840
v -0.671954 -0.262739 0.384506
v -0.646567 -0.252954 0.330627
v -0.637362 -0.251207 0.321609
v -0.585566 -0.255197 0.339283
v -0.596528 -0.307971 0.353760
v -0.606512 -0.305579 0.345158
v -0.603720 -0.307751 0.356076
v -0.593136 -0.305922 0.340639
v -0.584449 -0.308503 0.349521
v -0.592330 -0.310634 0.362398
v -0.578017 -0.311266 0.357180
v -0.576973 -0.310048 0.352989
v -0.573785 -0.310415 0.355340
v -0.581277 -0.308403 0.348654
v -0.579807 -0.307786 0.348345
v -0.574913 -0.311079 0.355932
v -0.575680 -0.309405 0.352540
v -0.573306 -0.309188 0.354800
v -0.575114 -0.308056 0.352073
v -0.573193 -0.306966 0.354412
v -0.578999 -0.303997 0.347615
v -0.575028 -0.305787 0.351683
v -0.586328 -0.301595 0.340352
v -0.595288 -0.299256 0.331556
v -0.604517 -0.300097 0.322987
v -0.592000 -0.302505 0.335262
v -0.604157 -0.297652 0.322883
v -0.611718 -0.296699 0.316029
v -0.616945 -0.298755 0.312857
v -0.612040 -0.299143 0.316128
v -0.616760 -0.296314 0.312685
v -0.620541 -0.296264 0.311894
v -0.624133 -0.298760 0.312866
v -0.624320 -0.296318 0.312694
v -0.620540 -0.298704 0.312120
v -0.620541 -0.300152 0.312559
v -0.617413 -0.300196 0.313188
v -0.623664 -0.300200 0.313197
v -0.618320 -0.300938 0.313724
v -0.620544 -0.300917 0.313270
v -0.622762 -0.300941 0.313728
v -0.624817 -0.301607 0.317568
v -0.626651 -0.301278 0.316526
v -0.620532 -0.301237 0.314338
v -0.628551 -0.300561 0.316514
v -0.629041 -0.299155 0.316158
v -0.636583 -0.300119 0.323057
v -0.633887 -0.302195 0.323090
v -0.642919 -0.303774 0.331808
v -0.644634 -0.303164 0.331926
v -0.640228 -0.303904 0.332023
v -0.630848 -0.302360 0.323232
v -0.647935 -0.305931 0.340636
v -0.652192 -0.306097 0.341066
v -0.656709 -0.308542 0.349748
v -0.659895 -0.308447 0.348917
v -0.653804 -0.305495 0.341023
v -0.661365 -0.307834 0.348634
v -0.666038 -0.308105 0.352448
v -0.665507 -0.309470 0.352977
v -0.664215 -0.310109 0.353413
v -0.667417 -0.310498 0.355961
v -0.666284 -0.311157 0.356538
v -0.668678 -0.311343 0.365174
v -0.667269 -0.311676 0.360390
v -0.668280 -0.311014 0.359494
v -0.663860 -0.311835 0.361745
v -0.665339 -0.313188 0.387196
v -0.669756 -0.312458 0.385892
v -0.668581 -0.312971 0.384590
v -0.669281 -0.313851 0.398397
v -0.668979 -0.314564 0.409950
v -0.670053 -0.313951 0.409005
v -0.666132 -0.314646 0.410364
v -0.670375 -0.313216 0.397429
v -0.671011 -0.311994 0.396799
v -0.670721 -0.308981 0.385001
v -0.670656 -0.312782 0.408410
v -0.671314 -0.309784 0.396453
v -0.670931 -0.310611 0.408094
v -0.668373 -0.313384 0.420172
v -0.668623 -0.311266 0.420035
v -0.663103 -0.311569 0.430120
v -0.652873 -0.313459 0.436002
v -0.653083 -0.311341 0.436194
v -0.662874 -0.313657 0.430049
v -0.662350 -0.314751 0.429963
v -0.667809 -0.314505 0.420465
v -0.652384 -0.314562 0.435648
v -0.666787 -0.315101 0.420982
v -0.661391 -0.315328 0.429898
v -0.651480 -0.315112 0.435103
v -0.636286 -0.314859 0.435671
v -0.637413 -0.314783 0.437580
v -0.648689 -0.315172 0.433688
v -0.659048 -0.315417 0.429182
v -0.638067 -0.314257 0.438449
v -0.638418 -0.313132 0.438960
v -0.619556 -0.313023 0.439854
v -0.619554 -0.314154 0.439292
v -0.619550 -0.314673 0.438318
v -0.601033 -0.314254 0.438164
v -0.602834 -0.314858 0.435391
v -0.601678 -0.314781 0.437300
v -0.619591 -0.314746 0.436006
v -0.650764 -0.314365 0.420995
v -0.663361 -0.315237 0.422091
v -0.650618 -0.312661 0.394186
v -0.648640 -0.311102 0.366866
v -0.641188 -0.311863 0.389347
v -0.631452 -0.311383 0.386261
v -0.620516 -0.310530 0.371358
v -0.631497 -0.310617 0.370946
v -0.620268 -0.311486 0.389819
v -0.640772 -0.310830 0.369305
v -0.640809 -0.310369 0.365172
v -0.648820 -0.310685 0.362756
v -0.620576 -0.310069 0.367345
v -0.631453 -0.310157 0.366891
v -0.644573 -0.307996 0.353901
v -0.637376 -0.307770 0.356180
v -0.629477 -0.307680 0.358107
v -0.663142 -0.311334 0.357721
v -0.622210 -0.306061 0.350881
v -0.620558 -0.307765 0.359406
v -0.634369 -0.305573 0.345163
v -0.620439 -0.304427 0.340795
v -0.630363 -0.303884 0.335932
v -0.619376 -0.302898 0.330104
v -0.610422 -0.303909 0.336032
v -0.622468 -0.302660 0.327903
v -0.616243 -0.301609 0.317583
v -0.610073 -0.302383 0.323418
v -0.600770 -0.303912 0.332139
v -0.607177 -0.302188 0.323123
v -0.614420 -0.301273 0.316529
v -0.612545 -0.300548 0.316478
v -0.596473 -0.303135 0.331850
v -0.598159 -0.303761 0.331829
v -0.588933 -0.306070 0.340970
v -0.587336 -0.305458 0.340859
v -0.614810 -0.305836 0.348911
v -0.611628 -0.307668 0.358045
v -0.609629 -0.310137 0.366753
v -0.600413 -0.310328 0.364942
v -0.609535 -0.310594 0.370751
v -0.599121 -0.312021 0.392048
v -0.600309 -0.310778 0.368866
v -0.592340 -0.311050 0.366331
v -0.577360 -0.311745 0.360971
v -0.573977 -0.311573 0.359474
v -0.572968 -0.310937 0.358670
v -0.572423 -0.309777 0.358186
v -0.571657 -0.307859 0.363199
v -0.572275 -0.307535 0.357658
v -0.570724 -0.308305 0.372810
v -0.569665 -0.308913 0.384300
v -0.568667 -0.309719 0.395473
v -0.568955 -0.311905 0.395908
v -0.569577 -0.313113 0.396592
v -0.569565 -0.313878 0.407636
v -0.568962 -0.312713 0.407107
v -0.568691 -0.310548 0.406819
v -0.570945 -0.313336 0.418953
v -0.570694 -0.311222 0.418829
v -0.576016 -0.311548 0.429187
v -0.576248 -0.313635 0.429120
v -0.586206 -0.313450 0.435392
v -0.585994 -0.311333 0.435576
v -0.600538 -0.310970 0.438914
v -0.600686 -0.313130 0.438669
v -0.619557 -0.310849 0.440121
v -0.638566 -0.310972 0.439209
v -0.586693 -0.314554 0.435049
v -0.576772 -0.314730 0.429036
v -0.571510 -0.314455 0.419210
v -0.587586 -0.315107 0.434512
v -0.577722 -0.315310 0.428961
v -0.572534 -0.315052 0.419652
v -0.573568 -0.314561 0.408682
v -0.580108 -0.315398 0.428234
v -0.570650 -0.314490 0.408457
v -0.575975 -0.315186 0.420700
v -0.589005 -0.314291 0.419762
v -0.606903 -0.313723 0.422661
v -0.596928 -0.314128 0.423672
v -0.590427 -0.315168 0.433131
v -0.609168 -0.311368 0.386129
v -0.589697 -0.312625 0.393705
v -0.575069 -0.313129 0.386368
v -0.570697 -0.313784 0.397247
v -0.571973 -0.312847 0.382742
v -0.632949 -0.313752 0.423095
v -0.619979 -0.313360 0.419349
v -0.642771 -0.314167 0.424366
v -0.670101 -0.308398 0.373628
v -0.669504 -0.307973 0.364186
v -0.669346 -0.310191 0.365955
v -0.668793 -0.309826 0.358902
v -0.668977 -0.307643 0.358527
v -0.668032 -0.307057 0.355043
v -0.666179 -0.305863 0.352124
v -0.667908 -0.309275 0.355428
v -0.662190 -0.304060 0.347917
v -0.654840 -0.301645 0.340567
v -0.645853 -0.299291 0.331706
v -0.636954 -0.297673 0.322967
v -0.648614 -0.302420 0.334893
v -0.629367 -0.296709 0.316060
v -0.611621 -0.292927 0.315990
v -0.616734 -0.250528 0.312667
v -0.616729 -0.296315 0.312651
v -0.611697 -0.250932 0.315979
v -0.604170 -0.252004 0.322797
v -0.611718 -0.296699 0.316029
v -0.604157 -0.297652 0.322883
v -0.595288 -0.299256 0.331556
v -0.586328 -0.301595 0.340352
v -0.578999 -0.303997 0.347615
v -0.575028 -0.305787 0.351683
v -0.573193 -0.306966 0.354412
v -0.571657 -0.307859 0.363199
v -0.570724 -0.308305 0.372810
v -0.569665 -0.308913 0.384300
v -0.568667 -0.309719 0.395473
v -0.600538 -0.310970 0.438914
v -0.619557 -0.310849 0.440121
v -0.638566 -0.310972 0.439209
v -0.638614 -0.307329 0.439291
v -0.619558 -0.307194 0.440208
v -0.638590 -0.265321 0.439273
v -0.653141 -0.311343 0.436225
v -0.668680 -0.265712 0.419960
v -0.668674 -0.311265 0.419996
v -0.670991 -0.310607 0.408019
v -0.671412 -0.306190 0.396334
v -0.671365 -0.264251 0.396325
v -0.670996 -0.265008 0.407949
v -0.663143 -0.266067 0.430127
v -0.653116 -0.265778 0.436242
v -0.619557 -0.265169 0.440190
v -0.585958 -0.265777 0.435622
v -0.600491 -0.307356 0.438995
v -0.585936 -0.311335 0.435605
v -0.575968 -0.311549 0.429202
v -0.600514 -0.265322 0.438977
v -0.575971 -0.266056 0.429193
v -0.568629 -0.264957 0.406683
v -0.570631 -0.311221 0.418790
v -0.570636 -0.265680 0.418758
v -0.568632 -0.310544 0.406749
v -0.568621 -0.264197 0.395350
v -0.568572 -0.306120 0.395361
v -0.570305 -0.304807 0.376066
v -0.570694 -0.262761 0.372468
v -0.569634 -0.263447 0.384136
v -0.572286 -0.261890 0.357447
v -0.571607 -0.262231 0.363038
v -0.575141 -0.260071 0.351404
v -0.573278 -0.261314 0.354149
v -0.579116 -0.258250 0.347347
v -0.586422 -0.255951 0.340147
v -0.595345 -0.253694 0.331424
v -0.670757 -0.263508 0.384834
v -0.670142 -0.262851 0.373283
v -0.670822 -0.305394 0.384891
v -0.669704 -0.304621 0.365370
v -0.669019 -0.307641 0.358488
v -0.668971 -0.262001 0.358317
v -0.669504 -0.307973 0.364186
v -0.670101 -0.308398 0.373628
v -0.670721 -0.308981 0.385001
v -0.668032 -0.307057 0.355043
v -0.666179 -0.305863 0.352124
v -0.662190 -0.304060 0.347917
v -0.654840 -0.301645 0.340567
v -0.645853 -0.299291 0.331706
v -0.636954 -0.297673 0.322967
v -0.629367 -0.296709 0.316060
v -0.629467 -0.292925 0.316022
v -0.624351 -0.296319 0.312659
v -0.624345 -0.250530 0.312675
v -0.636944 -0.252019 0.322886
v -0.637179 -0.293873 0.323034
v -0.661014 -0.299624 0.346529
v -0.666075 -0.260151 0.351848
v -0.666210 -0.302168 0.351989
v -0.668061 -0.303424 0.354897
v -0.667955 -0.261406 0.354780
v -0.669555 -0.262347 0.364022
v -0.662079 -0.258315 0.347651
v -0.654751 -0.255997 0.340367
v -0.645803 -0.253723 0.331582
v -0.629389 -0.250938 0.316011
v -0.620540 -0.250494 0.311884
v -0.620541 -0.296265 0.311841
v -0.603921 -0.293839 0.322957
v -0.580238 -0.299583 0.346192
v -0.575000 -0.302099 0.351547
v -0.573169 -0.303328 0.354266
v -0.572234 -0.307533 0.357622
v -0.571578 -0.304160 0.363036
v -0.670757 -0.263508 0.384834
v -0.670822 -0.305394 0.384891
v -0.670721 -0.308981 0.385001
v -0.671314 -0.309784 0.396453
v -0.663150 -0.311570 0.430136
v -0.638474 -0.263948 0.439875
v -0.659105 -0.264424 0.447080
v -0.619445 -0.263784 0.452365
v -0.663568 -0.264694 0.430539
v -0.653394 -0.264410 0.436746
v -0.663210 -0.264885 0.430192
v -0.653182 -0.264561 0.436369
v -0.653115 -0.265017 0.436242
v -0.638611 -0.264140 0.439366
v -0.663143 -0.266067 0.430127
v -0.653116 -0.265778 0.436242
v -0.638590 -0.265321 0.439273
v -0.668680 -0.264951 0.419960
v -0.670997 -0.265008 0.407944
v -0.671091 -0.263828 0.407961
v -0.668811 -0.264494 0.420020
v -0.668680 -0.265712 0.419960
v -0.670757 -0.263508 0.384834
v -0.671519 -0.263004 0.396374
v -0.671364 -0.264248 0.396281
v -0.671364 -0.263474 0.396320
v -0.669555 -0.262346 0.364012
v -0.669768 -0.261162 0.364614
v -0.670152 -0.262861 0.373465
v -0.669678 -0.261655 0.365388
v -0.668969 -0.261239 0.358308
v -0.667955 -0.261406 0.354779
v -0.668041 -0.260229 0.354739
v -0.669114 -0.260784 0.358270
v -0.668970 -0.262000 0.358309
v -0.662079 -0.258315 0.347651
v -0.662190 -0.257095 0.347549
v -0.666191 -0.258930 0.351755
v -0.666069 -0.260148 0.351841
v -0.665994 -0.259251 0.351712
v -0.645803 -0.253723 0.331582
v -0.645903 -0.252505 0.331470
v -0.654857 -0.254778 0.340259
v -0.654752 -0.255997 0.340367
v -0.649889 -0.253859 0.335574
v -0.636943 -0.251258 0.322887
v -0.629388 -0.250938 0.316010
v -0.629434 -0.249757 0.315926
v -0.637037 -0.250801 0.322769
v -0.636945 -0.252019 0.322888
v -0.624337 -0.249769 0.312672
v -0.620540 -0.249311 0.311792
v -0.620540 -0.250494 0.311885
v -0.624379 -0.249311 0.312533
v -0.624338 -0.250530 0.312671
v -0.624452 -0.249157 0.312099
v -0.620540 -0.249120 0.311305
v -0.629371 -0.249533 0.315244
v -0.645957 -0.252294 0.330877
v -0.637127 -0.250616 0.322227
v -0.655034 -0.254581 0.339792
v -0.666376 -0.258675 0.351253
v -0.662456 -0.256910 0.347171
v -0.671996 -0.260066 0.353031
v -0.665428 -0.256903 0.344807
v -0.668546 -0.260050 0.354577
v -0.669572 -0.260642 0.358215
v -0.670265 -0.261068 0.365434
v -0.671968 -0.262879 0.396319
v -0.669191 -0.264344 0.420245
v -0.671541 -0.263664 0.408458
v -0.679832 -0.264360 0.425357
v -0.683573 -0.262852 0.396617
v -0.671309 -0.262075 0.383746
v -0.682301 -0.261590 0.372626
v -0.681631 -0.261155 0.362481
v -0.682924 -0.262140 0.384382
v -0.682968 -0.263627 0.410032
v -0.672450 -0.264725 0.438930
v -0.641027 -0.263944 0.451121
v -0.597850 -0.263947 0.450778
v -0.579736 -0.264426 0.446324
v -0.600610 -0.263950 0.439580
v -0.585668 -0.264408 0.436121
v -0.619544 -0.263799 0.440788
v -0.619556 -0.263951 0.440339
v -0.619557 -0.264408 0.440189
v -0.600492 -0.264141 0.439070
v -0.619557 -0.265169 0.440190
v -0.600514 -0.265322 0.438977
v -0.585959 -0.265016 0.435622
v -0.585958 -0.265777 0.435622
v -0.575971 -0.266056 0.429193
v -0.570636 -0.264919 0.418758
v -0.570636 -0.265680 0.418758
v -0.575902 -0.264874 0.429256
v -0.585889 -0.264559 0.435748
v -0.570504 -0.264463 0.418814
v -0.568533 -0.263776 0.406692
v -0.568622 -0.263420 0.395341
v -0.568464 -0.262950 0.395395
v -0.568623 -0.264194 0.395307
v -0.568628 -0.264957 0.406677
v -0.569635 -0.263447 0.384136
v -0.570677 -0.262771 0.372647
v -0.571608 -0.262230 0.363022
v -0.572289 -0.261128 0.357438
v -0.572287 -0.261889 0.357439
v -0.571464 -0.261534 0.364283
v -0.571399 -0.261039 0.363482
v -0.572144 -0.260674 0.357398
v -0.573193 -0.260136 0.354108
v -0.575024 -0.258851 0.351312
v -0.575174 -0.259196 0.351341
v -0.579007 -0.257031 0.347243
v -0.575145 -0.260069 0.351399
v -0.573279 -0.261314 0.354149
v -0.579116 -0.258250 0.347346
v -0.586422 -0.255951 0.340147
v -0.595345 -0.253694 0.331424
v -0.604171 -0.251243 0.322798
v -0.604168 -0.252004 0.322799
v -0.590996 -0.253897 0.335665
v -0.595246 -0.252476 0.331311
v -0.586318 -0.254732 0.340037
v -0.604077 -0.250787 0.322680
v -0.616700 -0.249309 0.312525
v -0.616742 -0.249767 0.312664
v -0.611652 -0.249751 0.315893
v -0.611698 -0.250932 0.315978
v -0.616741 -0.250528 0.312664
v -0.616627 -0.249155 0.312091
v -0.603983 -0.250602 0.322143
v -0.586141 -0.254535 0.339572
v -0.578741 -0.256847 0.346867
v -0.574885 -0.258577 0.350773
v -0.572690 -0.259959 0.353938
v -0.571688 -0.260532 0.357332
v -0.568017 -0.262824 0.395319
v -0.570120 -0.264313 0.419029
v -0.575538 -0.264682 0.429596
v -0.559341 -0.264329 0.423838
v -0.568070 -0.263614 0.407170
v -0.556407 -0.262794 0.395222
v -0.569122 -0.262014 0.383059
v -0.558550 -0.261509 0.371548
v -0.570817 -0.260979 0.364880
v -0.560430 -0.260702 0.354189
v -0.569258 -0.259975 0.352344
v -0.568515 -0.258676 0.347035
v -0.575801 -0.256837 0.344460
v -0.577262 -0.254613 0.332079
v -0.595184 -0.252267 0.330723
v -0.596479 -0.250633 0.313288
v -0.611708 -0.249528 0.315218
v -0.613330 -0.249088 0.300897
v -0.620554 -0.249040 0.299411
v -0.605509 -0.249538 0.305482
v -0.627774 -0.249091 0.300912
v -0.635600 -0.249544 0.305527
v -0.644657 -0.250643 0.313395
v -0.654191 -0.252325 0.322755
v -0.663853 -0.254623 0.332244
v -0.671370 -0.256830 0.339793
v -0.672747 -0.258756 0.347567
v -0.676399 -0.258745 0.345244
v -0.679326 -0.260121 0.349872
v -0.680854 -0.260802 0.355257
v -0.586990 -0.252304 0.322565
v -0.569919 -0.256761 0.339376
v -0.564885 -0.258663 0.344662
v -0.561944 -0.260032 0.349074
v -0.559561 -0.261053 0.361241
v -0.557490 -0.262076 0.383266
v -0.556597 -0.263575 0.408386
v -0.566450 -0.264717 0.437760
vn -0.9994 -0.0000 0.0359
vn -0.9994 -0.0000 0.0340
vn -0.9965 -0.0000 0.0836
vn -0.9953 -0.0000 -0.0968
vn -0.9956 -0.0000 -0.0933
vn -0.9489 -0.0000 -0.3154
vn -0.9465 -0.0000 -0.3227
vn -0.7373 -0.0000 -0.6756
vn -0.7470 -0.0000 -0.6648
vn -0.3945 -0.0000 -0.9189
vn -0.3871 -0.0000 -0.9221
vn -0.1455 -0.0000 -0.9894
vn -0.1481 -0.0000 -0.9890
vn -0.0025 -0.0000 -1.0000
vn -0.0012 -0.0000 -1.0000
vn 0.1406 -0.0000 -0.9901
vn 0.1391 -0.0000 -0.9903
vn 0.3768 -0.0000 -0.9263
vn 0.3784 -0.0000 -0.9257
vn 0.7291 -0.0000 -0.6845
vn 0.7318 -0.0000 -0.6815
vn 0.9443 -0.0000 -0.3290
vn 0.9423 -0.0000 -0.3347
vn 0.9937 -0.0000 -0.1118
vn 0.9942 -0.0000 -0.1079
vn 0.9999 0.0001 0.0154
vn 0.9999 -0.0000 0.0129
vn 0.9980 -0.0004 0.0629
vn 0.9979 -0.0000 0.0655
vn 0.9958 -0.0004 0.0916
vn 0.9956 -0.0000 0.0941
vn 0.9788 -0.0000 0.2047
vn 0.9797 -0.0000 0.2004
vn 0.9075 -0.0000 0.4202
vn 0.9050 -0.0000 0.4253
vn 0.7819 -0.0000 0.6234
vn 0.7833 -0.0000 0.6216
vn 0.7117 -0.0003 0.7025
vn 0.6987 -0.0000 0.7154
vn 0.6975 -0.0003 0.7165
vn 0.7122 -0.0000 0.7020
vn 0.6764 0.0001 0.7365
vn 0.6769 -0.0000 0.7361
vn 0.5889 -0.0000 0.8082
vn 0.3599 -0.0000 0.9330
vn 0.3615 -0.0000 0.9324
vn 0.5880 -0.0000 0.8089
vn -0.0055 -0.0000 1.0000
vn -0.3738 -0.0000 0.9275
vn -0.3716 -0.0000 0.9284
vn -0.0080 -0.0000 1.0000
vn -0.5975 -0.0000 0.8019
vn -0.6850 -0.0000 0.7286
vn -0.6847 -0.0000 0.7288
vn -0.5983 -0.0000 0.8013
vn -0.7044 -0.0001 0.7098
vn -0.7138 -0.0001 0.7003
vn -0.7139 -0.0001 0.7003
vn -0.7043 -0.0000 0.7099
vn -0.7798 -0.0000 0.6260
vn -0.7794 -0.0000 0.6266
vn -0.9052 -0.0000 0.4250
vn -0.9792 -0.0000 0.2030
vn -0.9794 -0.0000 0.2018
vn -0.9050 -0.0000 0.4253
vn -0.9945 -0.0000 0.1051
vn -0.9962 -0.0000 0.0876
vn -0.9962 -0.0000 0.0874
vn -0.9944 -0.0000 0.1053
vn -0.1054 -0.9720 -0.2100
vn -0.0783 -0.9731 -0.2165
vn -0.0617 -0.9843 -0.1656
vn -0.0738 -0.9815 -0.1769
vn -0.0715 -0.9806 -0.1827
vn -0.0999 -0.9803 -0.1702
vn -0.0909 -0.9800 -0.1768
vn -0.1026 -0.9701 -0.2201
vn -0.0430 -0.9596 -0.2782
vn -0.0203 -0.9775 -0.2101
vn -0.0108 -0.9688 -0.2476
vn 0.1526 -0.9029 -0.4018
vn 0.1245 -0.8988 -0.4202
vn 0.1237 -0.8951 -0.4285
vn 0.4032 -0.6661 -0.6275
vn 0.4353 -0.6723 -0.5988
vn 0.1856 -0.9363 -0.2981
vn 0.5543 -0.7156 -0.4250
vn 0.9073 -0.3557 -0.2244
vn 0.6564 -0.7259 -0.2054
vn 0.8101 -0.3559 -0.4660
vn 0.6694 -0.3300 -0.6656
vn 0.2681 -0.9531 -0.1401
vn 0.0201 -0.9955 -0.0928
vn 0.6835 -0.7212 -0.1128
vn -0.0495 -0.9972 -0.0560
vn -0.0600 -0.9952 -0.0778
vn 0.0241 -0.9979 -0.0600
vn 0.6882 -0.7219 -0.0728
vn 0.2842 -0.9562 -0.0700
vn 0.9291 -0.3504 -0.1180
vn 0.9339 -0.3525 -0.0602
vn 0.9873 -0.1257 -0.0973
vn 0.9875 -0.1241 -0.0973
vn 0.9856 -0.1205 -0.1186
vn 0.9683 -0.1234 -0.2172
vn 0.8847 -0.1240 -0.4495
vn 0.7483 -0.1167 -0.6530
vn 0.6832 -0.1185 -0.7205
vn 0.6230 -0.3167 -0.7152
vn 0.6802 -0.1114 -0.7246
vn 0.4205 -0.6661 -0.6160
vn 0.4431 -0.6711 -0.5943
vn 0.6829 -0.1108 -0.7220
vn 0.6169 -0.3209 -0.7186
vn 0.6664 -0.1122 -0.7371
vn 0.5816 -0.1100 -0.8060
vn 0.5434 -0.3117 -0.7794
vn 0.3346 -0.2998 -0.8934
vn 0.3578 -0.1093 -0.9274
vn 0.2602 -0.6318 -0.7301
vn -0.0006 -0.6162 -0.7876
vn -0.0008 -0.2941 -0.9558
vn -0.0010 -0.1099 -0.9939
vn 0.4076 -0.6584 -0.6327
vn -0.3363 -0.2993 -0.8929
vn -0.3599 -0.1091 -0.9266
vn -0.5835 -0.1095 -0.8047
vn -0.6191 -0.3182 -0.7180
vn -0.6680 -0.1113 -0.7358
vn -0.5451 -0.3103 -0.7788
vn -0.4091 -0.6567 -0.6336
vn -0.2613 -0.6312 -0.7303
vn -0.1409 -0.8899 -0.4338
vn -0.4490 -0.6689 -0.5924
vn -0.1993 -0.9114 -0.3600
vn -0.2034 -0.9039 -0.3762
vn -0.0458 -0.9733 -0.2249
vn -0.0464 -0.9787 -0.2000
vn -0.1820 -0.9071 -0.3796
vn -0.4454 -0.6649 -0.5996
vn -0.0203 -0.9745 -0.2236
vn 0.0123 -0.9914 -0.1300
vn 0.0446 -0.9870 -0.1542
vn 0.0711 -0.9808 -0.1816
vn 0.0095 -0.9690 -0.2468
vn -0.1570 -0.9020 -0.4022
vn -0.4271 -0.6659 -0.6116
vn -0.1292 -0.8959 -0.4250
vn -0.4153 -0.6589 -0.6272
vn 0.0399 -0.9605 -0.2754
vn 0.0909 -0.9805 -0.1745
vn 0.0223 -0.9782 -0.2065
vn 0.1007 -0.9708 -0.2178
vn -0.1268 -0.9010 -0.4148
vn -0.1920 -0.9375 -0.2904
vn -0.5627 -0.7174 -0.4108
vn -0.4466 -0.6763 -0.5859
vn -0.6812 -0.3353 -0.6508
vn -0.8196 -0.3559 -0.4490
vn -0.8928 -0.1246 -0.4329
vn -0.6219 -0.3167 -0.7163
vn -0.6930 -0.1171 -0.7114
vn -0.7614 -0.1189 -0.6373
vn -0.9104 -0.3562 -0.2103
vn -0.9714 -0.1235 -0.2028
vn -0.9882 -0.1201 -0.0953
vn -0.9326 -0.3491 -0.0918
vn -0.9899 -0.1282 -0.0610
vn -0.9903 -0.1250 -0.0607
vn -0.9360 -0.3508 -0.0286
vn -0.9924 -0.1219 -0.0148
vn -0.6925 -0.7198 -0.0480
vn -0.6882 -0.7192 -0.0958
vn -0.2809 -0.9569 -0.0734
vn -0.2833 -0.9570 -0.0620
vn -0.0253 -0.9979 -0.0590
vn -0.0354 -0.9981 -0.0504
vn -0.2916 -0.9564 -0.0175
vn -0.6971 -0.7156 0.0438
vn 0.0458 -0.9975 -0.0540
vn -0.0362 -0.9990 -0.0261
vn 0.0497 -0.9972 -0.0560
vn -0.2819 -0.9569 0.0704
vn -0.0171 -0.9996 0.0213
vn -0.1990 -0.9579 0.2069
vn -0.4921 -0.7205 0.4885
vn -0.6653 -0.7128 0.2219
vn -0.8877 -0.3371 0.3136
vn -0.6746 -0.3436 0.6534
vn -0.3356 -0.3356 0.8802
vn -0.2338 -0.7082 0.6662
vn -0.0827 -0.9504 0.3000
vn -0.0211 -0.9491 0.3143
vn -0.0764 -0.7080 0.7021
vn 0.0095 -0.9982 0.0597
vn 0.0070 -0.9985 0.0543
vn 0.0387 -0.9979 -0.0519
vn 0.0191 -0.9983 -0.0542
vn -0.0003 -0.9985 -0.0541
vn 0.0005 -0.9983 0.0585
vn 0.0025 -0.9504 0.3110
vn 0.0894 -0.7083 0.7002
vn 0.0056 -0.7120 0.7021
vn 0.0270 -0.9493 0.3131
vn -0.0083 -0.9982 0.0590
vn 0.0899 -0.9511 0.2954
vn 0.5039 -0.7236 0.4717
vn 0.2495 -0.7094 0.6591
vn 0.2033 -0.9591 0.1968
vn 0.0175 -0.9997 0.0175
vn -0.0055 -0.9986 0.0522
vn -0.0395 -0.9979 -0.0517
vn -0.0435 -0.9974 -0.0570
vn 0.0347 -0.9990 -0.0298
vn 0.2799 -0.9582 0.0592
vn 0.6940 -0.7197 0.0219
vn 0.6676 -0.7172 0.1999
vn 0.0338 -0.9978 -0.0571
vn 0.2873 -0.9574 -0.0279
vn 0.9362 -0.3453 0.0652
vn 0.9894 -0.1189 0.0829
vn 0.9912 -0.1230 -0.0488
vn 0.8947 -0.3413 0.2883
vn 0.9432 -0.1173 0.3110
vn 0.7349 -0.1192 0.6676
vn 0.3858 -0.1159 0.9153
vn 0.3560 -0.3365 0.8718
vn 0.6911 -0.3462 0.6344
vn 0.1340 -0.3356 0.9324
vn 0.1479 -0.1155 0.9822
vn 0.0074 -0.3381 0.9411
vn 0.0078 -0.1164 0.9932
vn -0.1298 -0.1154 0.9848
vn -0.1169 -0.3355 0.9348
vn -0.3647 -0.1156 0.9239
vn -0.7176 -0.1182 0.6864
vn -0.9347 -0.1156 0.3360
vn -0.9869 -0.1172 0.1113
vn -0.9354 -0.3411 0.0929
vn -0.0603 -0.9960 -0.0666
vn -0.0596 -0.9965 -0.0586
vn -0.0425 -0.9975 -0.0566
vn -0.0411 -0.9964 -0.0742
vn -0.0210 -0.9970 -0.0746
vn -0.0195 -0.9983 -0.0556
vn -0.0669 -0.9949 -0.0761
vn -0.0480 -0.9958 -0.0780
vn -0.0231 -0.9965 -0.0799
vn -0.0382 -0.9817 -0.1863
vn -0.0004 -0.9968 -0.0804
vn -0.0019 -0.9812 -0.1927
vn 0.0341 -0.9822 -0.1846
vn 0.0204 -0.9982 -0.0560
vn 0.0237 -0.9965 -0.0798
vn 0.0003 -0.9983 -0.0586
vn 0.0599 -0.9964 -0.0595
vn 0.0669 -0.9949 -0.0759
vn 0.0430 -0.9974 -0.0571
vn 0.0206 -0.9970 -0.0748
vn 0.0600 -0.9959 -0.0677
vn 0.0427 -0.9962 -0.0763
vn -0.0002 -0.9974 -0.0716
vn -0.0197 -0.9983 -0.0542
vn 0.0588 -0.9952 -0.0780
vn -0.0235 -0.9957 -0.0899
vn 0.0978 -0.9805 -0.1703
vn 0.0479 -0.9958 -0.0781
vn 0.0733 -0.9817 -0.1757
vn 0.1038 -0.9728 -0.2073
vn 0.0778 -0.9734 -0.2157
vn 0.0440 -0.9729 -0.2269
vn 0.0599 -0.9845 -0.1649
vn 0.0410 -0.9888 -0.1436
vn -0.0006 -0.9922 -0.1244
vn 0.0002 -0.9881 -0.1540
vn -0.0269 -0.9840 -0.1763
vn -0.0427 -0.9887 -0.1438
vn 0.0091 -0.9844 -0.1758
vn -0.0438 -0.9729 -0.2269
vn 0.0011 -0.9728 -0.2315
vn -0.0135 -0.9911 -0.1322
vn -0.0441 -0.9870 -0.1547
vn 0.0202 -0.9744 -0.2238
vn 0.0473 -0.9785 -0.2006
vn 0.1977 -0.9125 -0.3581
vn 0.1787 -0.9086 -0.3775
vn 0.2029 -0.9046 -0.3749
vn 0.0463 -0.9737 -0.2230
vn 0.4462 -0.6724 -0.5906
vn 0.0138 -0.9925 -0.1218
vn 0.0134 -0.9887 -0.1492
vn 0.1554 -0.8875 -0.4337
vn -0.0000 -0.9625 -0.2712
vn -0.0001 -0.8802 -0.4745
vn -0.2576 -0.9569 -0.1342
vn -0.6574 -0.7284 -0.1928
vn -0.6831 -0.1113 -0.7217
vn -0.6837 -0.1111 -0.7213
vn -0.6281 -0.3169 -0.7107
vn 0.9956 0.0002 -0.0940
vn 0.9959 -0.0000 -0.0902
vn 0.9952 -0.0276 -0.0938
vn 0.9937 -0.0265 -0.1093
vn 0.9773 -0.0264 -0.2101
vn 0.9771 -0.0001 -0.2127
vn 0.9937 0.0001 -0.1124
vn 0.8996 -0.0277 -0.4358
vn 0.8942 -0.0000 -0.4477
vn 0.7649 -0.0001 -0.6441
vn 0.7698 -0.0253 -0.6378
vn 0.7036 -0.0234 -0.7102
vn 0.7089 0.0003 -0.7053
vn 0.7004 -0.0000 -0.7138
vn 0.6799 -0.1111 -0.7249
vn 0.6819 -0.1142 -0.7225
vn 0.6855 -0.1135 -0.7192
vn 0.7478 -0.1185 -0.6532
vn 0.8843 -0.1245 -0.4500
vn 0.9683 -0.1233 -0.2172
vn 0.9853 -0.1231 -0.1185
vn 0.9884 -0.1167 -0.0971
vn 0.9877 -0.1218 -0.0981
vn 0.6781 -0.0241 -0.7345
vn 0.6786 -0.0001 -0.7345
vn 0.6990 -0.0004 -0.7152
vn 0.5912 -0.0233 -0.8062
vn 0.5888 -0.0000 -0.8083
vn 0.3646 -0.0231 -0.9309
vn 0.3624 -0.0000 -0.9320
vn -0.0010 -0.0242 -0.9997
vn -0.0010 -0.0000 -1.0000
vn -0.3645 -0.0000 -0.9312
vn -0.3666 -0.0235 -0.9301
vn -0.5930 -0.0230 -0.8049
vn -0.5908 -0.0000 -0.8068
vn -0.6793 -0.0236 -0.7335
vn -0.6802 -0.0000 -0.7330
vn -0.6680 -0.1112 -0.7358
vn -0.6836 -0.1128 -0.7211
vn -0.7000 -0.0234 -0.7137
vn 0.3578 -0.1092 -0.9274
vn -0.7005 -0.0000 -0.7137
vn -0.7030 -0.0000 -0.7112
vn -0.7126 -0.0244 -0.7012
vn -0.7153 -0.0000 -0.6988
vn -0.7832 -0.0256 -0.6213
vn -0.7778 -0.0000 -0.6285
vn -0.9074 -0.0276 -0.4193
vn -0.9029 -0.0000 -0.4298
vn -0.9801 -0.0000 -0.1986
vn -0.9801 -0.0268 -0.1966
vn -0.9958 -0.0259 -0.0884
vn -0.9961 -0.0000 -0.0877
vn -0.9978 -0.0259 -0.0606
vn -0.9982 -0.0000 -0.0595
vn -0.9905 -0.1213 -0.0648
vn -0.9907 -0.1225 -0.0596
vn -0.9883 -0.1212 -0.0922
vn -0.8928 -0.1246 -0.4328
vn -0.6925 -0.1138 -0.7123
vn -0.6835 -0.1110 -0.7215
vn -0.9986 -0.0000 -0.0530
vn -0.9996 -0.0261 -0.0083
vn -1.0000 -0.0000 -0.0084
vn -0.9929 -0.0249 0.1166
vn -0.9933 -0.0000 0.1157
vn -0.9401 -0.0245 0.3399
vn -0.9413 -0.0000 0.3376
vn -0.7251 -0.0249 0.6882
vn -0.7248 -0.0000 0.6889
vn 0.9955 -0.0249 -0.0916
vn 0.9959 -0.0000 -0.0903
vn 0.9991 -0.0000 -0.0427
vn 0.9988 -0.0262 -0.0425
vn 0.9958 -0.0254 0.0884
vn 0.9498 -0.0000 0.3129
vn 0.9487 -0.0249 0.3153
vn 0.9962 -0.0000 0.0873
vn 0.7418 -0.0252 0.6702
vn 0.7420 -0.0000 0.6704
vn 0.3909 -0.0000 0.9204
vn 0.3925 -0.0244 0.9194
vn 0.1519 -0.0247 0.9881
vn 0.0078 -0.0000 1.0000
vn 0.0078 -0.0249 0.9997
vn 0.1512 -0.0000 0.9885
vn -0.1331 -0.0000 0.9911
vn -0.1339 -0.0246 0.9907
vn -0.3699 -0.0000 0.9291
vn -0.3717 -0.0247 0.9280
vn -0.3647 -0.1155 0.9239
vn -0.9869 -0.1172 0.1112
vn -0.9925 -0.1212 -0.0142
vn 0.9432 -0.1172 0.3110
vn 0.9894 -0.1190 0.0828
vn 0.9913 -0.1224 -0.0482
vn 0.9877 -0.1230 -0.0967
vn 0.0611 0.9844 0.1648
vn 0.0411 0.9884 0.1461
vn -0.0003 0.9882 0.1533
vn 0.0271 0.9840 0.1760
vn -0.0125 0.9845 0.1748
vn 0.0060 0.9926 0.1216
vn -0.0403 0.9887 0.1442
vn -0.0606 0.9844 0.1654
vn -0.0774 0.9737 0.2143
vn -0.0437 0.9733 0.2255
vn -0.1025 0.9728 0.2079
vn -0.0742 0.9814 0.1770
vn -0.0971 0.9804 0.1712
vn -0.0392 0.9820 0.1850
vn -0.0483 0.9956 0.0798
vn -0.0239 0.9964 0.0810
vn -0.0656 0.9949 0.0771
vn -0.0202 0.9982 0.0559
vn -0.0430 0.9974 0.0571
vn -0.0007 0.9966 0.0821
vn -0.0003 0.9983 0.0586
vn 0.0208 0.9982 0.0559
vn 0.0222 0.9965 0.0808
vn 0.0484 0.9955 0.0811
vn 0.0412 0.9973 0.0600
vn 0.0586 0.9966 0.0576
vn 0.0661 0.9948 0.0776
vn 0.0602 0.9966 0.0555
vn 0.0242 0.9960 0.0862
vn 0.0596 0.9784 0.1978
vn 0.0980 0.9802 0.1723
vn 0.0121 0.9983 0.0579
vn -0.2328 0.9694 0.0774
vn -0.2443 0.9602 0.1353
vn -0.5564 0.7144 0.4244
vn -0.1574 0.9434 0.2919
vn -0.6711 0.7163 0.1913
vn -0.9275 0.3119 0.2061
vn -0.8264 0.3250 0.4598
vn -0.6756 0.3194 0.6645
vn -0.4278 0.6734 0.6029
vn -0.0958 0.9069 0.4103
vn 0.0737 0.9653 0.2505
vn -0.3946 0.6755 0.6229
vn -0.1056 0.9046 0.4130
vn -0.6357 0.2848 0.7175
vn -0.4293 0.6537 0.6233
vn -0.1366 0.9104 0.3905
vn -0.4534 0.6569 0.6024
vn -0.1667 0.9152 0.3668
vn 0.0134 0.9816 0.1907
vn 0.0476 0.9779 0.2034
vn 0.1034 0.9726 0.2082
vn 0.0782 0.9734 0.2153
vn 0.0749 0.9812 0.1781
vn 0.0436 0.9733 0.2256
vn 0.0373 0.9816 0.1874
vn -0.0009 0.9817 0.1902
vn 0.0012 0.9732 0.2299
vn -0.0117 0.9874 0.1580
vn -0.0309 0.9866 0.1604
vn -0.0123 0.9933 0.1150
vn -0.1820 0.9223 0.3411
vn -0.4636 0.6546 0.5972
vn -0.4366 0.6325 0.6398
vn -0.1907 0.9147 0.3563
vn -0.3638 0.2267 0.9035
vn -0.2901 0.5686 0.7698
vn -0.5755 0.2629 0.7744
vn -0.6341 0.2848 0.7189
vn -0.1430 0.8852 0.4427
vn 0.0009 0.5232 0.8522
vn -0.0028 0.8625 0.5060
vn 0.0135 0.9763 0.2159
vn -0.0296 0.9829 0.1820
vn 0.0011 0.2059 0.9786
vn 0.3658 0.2267 0.9027
vn 0.2918 0.5675 0.7699
vn 0.1440 0.8846 0.4436
vn 0.4388 0.6295 0.6413
vn 0.1935 0.9119 0.3619
vn 0.1846 0.9206 0.3441
vn 0.4680 0.6485 0.6004
vn 0.4613 0.6476 0.6064
vn 0.1719 0.9128 0.3705
vn -0.0145 0.9808 0.1947
vn 0.0105 0.9878 0.1552
vn 0.1426 0.9088 0.3921
vn 0.1112 0.9052 0.4102
vn -0.0729 0.9655 0.2500
vn -0.0468 0.9781 0.2030
vn 0.4396 0.6453 0.6247
vn 0.4074 0.6684 0.6224
vn 0.1022 0.9098 0.4022
vn 0.4394 0.6785 0.5887
vn -0.0563 0.9796 0.1928
vn 0.5638 0.7166 0.4105
vn 0.1618 0.9454 0.2828
vn -0.0232 0.9962 0.0839
vn 0.2572 0.9599 0.1119
vn 0.6795 0.7106 0.1828
vn 0.7092 0.6999 0.0850
vn 0.9321 0.3081 0.1905
vn 0.9477 0.3090 0.0805
vn -0.0215 0.9982 0.0554
vn 0.7037 0.7089 0.0475
vn 0.2596 0.9638 0.0613
vn 0.9444 0.3268 0.0358
vn 0.7263 0.6859 -0.0447
vn -0.0075 0.9983 0.0573
vn 0.2792 0.9599 0.0251
vn 0.9078 0.2672 -0.3232
vn 0.7201 0.6476 -0.2491
vn 0.9521 0.2918 -0.0911
vn 0.2929 0.9528 -0.0800
vn 0.5452 0.6361 -0.5460
vn 0.2256 0.9451 -0.2363
vn -0.0065 1.0000 0.0050
vn -0.0043 0.9992 0.0393
vn 0.0930 0.9445 -0.3150
vn 0.2572 0.6455 -0.7191
vn 0.0801 0.6758 -0.7327
vn 0.0210 0.9542 -0.2984
vn -0.0272 0.9996 -0.0056
vn -0.0148 0.9999 0.0060
vn -0.0207 0.9971 0.0736
vn -0.0391 0.9965 0.0733
vn -0.0580 0.9961 0.0668
vn -0.0596 0.9964 0.0595
vn -0.0603 0.9966 0.0562
vn -0.0002 0.9975 0.0711
vn 0.0207 0.9971 0.0735
vn 0.0400 0.9964 0.0744
vn 0.0585 0.9961 0.0657
vn 0.0083 0.9982 0.0586
vn 0.0041 0.9991 0.0422
vn -0.0038 1.0000 0.0092
vn 0.0260 0.9996 -0.0049
vn 0.0157 0.9999 0.0062
vn 0.0002 0.9999 0.0172
vn -0.0022 0.9604 -0.2785
vn -0.0056 0.6901 -0.7237
vn -0.0266 0.9544 -0.2973
vn -0.0935 0.6758 -0.7311
vn -0.1006 0.9456 -0.3095
vn -0.2278 0.9479 -0.2229
vn -0.2739 0.6474 -0.7112
vn -0.5556 0.6444 -0.5254
vn -0.3621 0.2804 -0.8890
vn -0.7068 0.2760 -0.6514
vn -0.9140 0.2761 -0.2972
vn -0.7173 0.6600 -0.2233
vn -0.2870 0.9557 -0.0656
vn -0.2717 0.9618 0.0340
vn -0.7188 0.6948 -0.0218
vn -0.2572 0.9635 0.0746
vn -0.7021 0.7081 0.0752
vn -0.9432 0.3263 0.0632
vn -0.9520 0.2997 -0.0628
vn -0.9935 0.0812 -0.0793
vn -0.9943 0.0941 0.0511
vn -0.9904 0.0991 0.0965
vn -0.9900 0.1029 0.0966
vn -0.9909 0.0823 0.1066
vn -0.9759 0.0779 0.2037
vn -0.8955 0.0857 0.4368
vn -0.7527 0.0932 0.6517
vn -0.6868 0.1011 0.7198
vn -0.6853 0.0903 0.7227
vn -0.6882 0.0869 0.7203
vn -0.6757 0.0854 0.7322
vn -0.6054 0.0760 0.7923
vn -0.3801 0.0665 0.9226
vn 0.0011 0.0624 0.9981
vn 0.3822 0.0668 0.9216
vn 0.6072 0.0760 0.7909
vn 0.5771 0.2616 0.7736
vn 0.6364 0.2809 0.7184
vn 0.6773 0.0846 0.7308
vn 0.6897 0.0857 0.7190
vn 0.6380 0.2805 0.7171
vn 0.6882 0.0919 0.7197
vn 0.6897 0.1125 0.7153
vn 0.7684 0.0899 0.6337
vn 0.6846 0.3205 0.6546
vn 0.9033 0.0861 0.4204
vn 0.8342 0.3273 0.4437
vn 0.9795 0.0794 0.1851
vn 0.9926 0.0868 0.0848
vn 0.9934 0.0984 0.0593
vn 0.9937 0.0953 0.0592
vn 0.9957 0.0916 0.0155
vn 0.9910 0.0793 -0.1074
vn 0.9388 0.0720 -0.3367
vn 0.7198 0.0769 -0.6899
vn 0.3414 0.2803 -0.8972
vn 0.6901 0.2713 -0.6709
vn 0.3632 0.0811 -0.9282
vn 0.1249 0.0818 -0.9888
vn -0.0074 0.2948 -0.9555
vn 0.1153 0.2904 -0.9499
vn -0.0077 0.0817 -0.9966
vn -0.1429 0.0813 -0.9864
vn -0.1326 0.2898 -0.9479
vn -0.3844 0.0807 -0.9197
vn -0.7372 0.0781 -0.6712
vn -0.9472 0.0745 -0.3119
vn 0.9983 -0.0011 0.0587
vn 0.9986 -0.0015 0.0531
vn 0.9984 0.0173 0.0540
vn 0.9980 0.0162 0.0603
vn 0.9964 0.0146 0.0830
vn 0.9826 0.0131 0.1851
vn 0.9807 -0.0011 0.1954
vn 0.9965 -0.0007 0.0837
vn 0.7744 -0.0004 0.6327
vn 0.9016 -0.0014 0.4325
vn 0.9107 0.0147 0.4129
vn 0.7845 0.0169 0.6199
vn 0.7661 0.0958 0.6356
vn 0.6952 0.0965 0.7123
vn 0.7130 0.0174 0.7009
vn 0.9028 0.0868 0.4213
vn 0.9930 0.0849 0.0816
vn 0.9936 0.0936 0.0628
vn 0.9936 0.0967 0.0586
vn 0.7014 0.0170 0.7125
vn 0.7135 -0.0005 0.7007
vn 0.6881 0.0931 0.7197
vn 0.6885 0.0897 0.7197
vn 0.6855 0.0148 0.7279
vn 0.7007 -0.0012 0.7134
vn 0.6853 -0.0012 0.7283
vn 0.7027 -0.0008 0.7115
vn 0.3784 -0.0007 0.9256
vn 0.6088 -0.0009 0.7933
vn 0.6123 0.0133 0.7905
vn 0.3848 0.0087 0.9230
vn 0.0128 0.0165 0.9998
vn -0.3828 0.0081 0.9238
vn -0.3763 -0.0007 0.9265
vn 0.0010 -0.0006 1.0000
vn -0.3862 0.0667 0.9200
vn -0.6056 0.0759 0.7922
vn -0.6103 0.0133 0.7920
vn 0.3883 0.0670 0.9191
vn 0.6074 0.0759 0.7908
vn 0.6769 0.0845 0.7312
vn -0.6841 0.0151 0.7292
vn -0.6068 -0.0009 0.7949
vn -0.6753 0.0853 0.7326
vn -0.6874 0.0889 0.7208
vn -0.6994 -0.0009 0.7147
vn -0.7044 0.0171 0.7096
vn -0.6837 -0.0013 0.7297
vn -0.7002 -0.0003 0.7139
vn 0.9984 0.0161 0.0541
vn 0.9986 -0.0019 0.0532
vn 0.9999 -0.0011 0.0116
vn 0.9998 0.0158 0.0103
vn 0.9937 0.0121 -0.1110
vn 0.9425 -0.0006 -0.3341
vn 0.9396 0.0050 -0.3422
vn 0.9941 -0.0007 -0.1086
vn 0.7245 0.0124 -0.6892
vn 0.7245 -0.0008 -0.6892
vn 0.3654 -0.0006 -0.9308
vn 0.3682 0.0138 -0.9297
vn 0.1263 -0.0005 -0.9920
vn 0.1273 0.0141 -0.9918
vn 0.7180 0.0782 -0.6917
vn 0.9913 0.0792 -0.1054
vn 0.9936 0.0967 0.0587
vn -0.0077 0.0141 -0.9999
vn -0.1455 0.0143 -0.9893
vn -0.1443 -0.0005 -0.9895
vn -0.0077 -0.0004 -1.0000
vn -0.3864 -0.0006 -0.9223
vn -0.7418 -0.0007 -0.6706
vn -0.7416 0.0132 -0.6707
vn -0.3890 0.0141 -0.9211
vn -0.3844 0.0806 -0.9197
vn -0.7372 0.0780 -0.6712
vn -0.9497 0.0123 -0.3129
vn -0.9935 0.0812 -0.0792
vn -0.9472 0.0744 -0.3120
vn -0.9965 0.0134 -0.0825
vn -0.9509 -0.0007 -0.3095
vn -0.9968 -0.0006 -0.0802
vn -0.9989 -0.0010 0.0459
vn -0.9959 -0.0014 0.0901
vn -0.9954 0.0168 0.0940
vn -0.9989 0.0155 0.0447
vn -0.9908 0.0961 0.0954
vn -0.9945 0.0928 0.0496
vn -0.9906 0.0943 0.0994
vn -0.9906 0.0850 0.1069
vn -0.9940 0.0149 0.1082
vn -0.9956 -0.0010 0.0938
vn -0.9940 -0.0006 0.1092
vn -0.9776 -0.0012 0.2106
vn -0.8925 -0.0010 0.4510
vn -0.9030 0.0152 0.4293
vn -0.9798 0.0129 0.1996
vn -0.9768 0.0784 0.1993
vn -0.8947 0.0859 0.4383
vn -0.7715 0.0165 0.6360
vn -0.6891 0.0952 0.7184
vn -0.7528 0.0948 0.6514
vn -0.7619 -0.0003 0.6477
vn -0.7075 -0.0005 0.7067
vn -0.6847 0.0912 0.7231
vn -0.0197 0.9821 0.1872
vn -0.0328 0.9842 0.1738
vn -0.4405 0.6078 0.6607
vn -0.3888 0.7326 0.5586
vn -0.4446 0.6571 0.6088
vn -0.0000 0.9763 0.2164
vn -0.6562 0.1933 0.7294
vn -0.6835 -0.0021 0.7300
vn -0.7003 -0.0087 0.7138
vn -0.6030 0.0750 0.7942
vn -0.3702 0.1515 0.9165
vn -0.3803 -0.0011 0.9249
vn 0.0010 0.0695 0.9976
vn 0.0061 0.6168 0.7871
vn 0.3723 0.1515 0.9156
vn 0.3824 -0.0011 0.9240
vn 0.6046 0.0750 0.7930
vn 0.4429 0.6082 0.6587
vn 0.6634 0.1569 0.7316
vn 0.6866 -0.0012 0.7270
vn 0.6985 0.0133 0.7155
vn 0.6568 0.2071 0.7250
vn 0.7115 -0.0482 0.7011
vn 0.7252 -0.2248 0.6508
vn 0.7236 0.1742 0.6678
vn 0.7887 0.0199 0.6145
vn 0.9027 0.0706 0.4245
vn 0.6479 0.6050 0.4628
vn 0.9661 0.1561 0.2056
vn 0.9817 -0.0011 0.1902
vn 0.9955 -0.0090 0.0944
vn 0.9836 0.1642 0.0744
vn 0.9970 -0.0593 0.0499
vn 0.9982 -0.0267 0.0528
vn 0.9875 0.1562 0.0217
vn 0.9999 -0.0001 0.0114
vn 0.9913 0.0773 -0.1062
vn 0.7974 0.6011 -0.0523
vn 0.9325 0.1511 -0.3282
vn 0.9411 -0.0008 -0.3382
vn 0.7220 0.0755 -0.6878
vn 0.5529 0.6579 -0.5113
vn 0.3605 0.1510 -0.9205
vn 0.3683 -0.0006 -0.9297
vn 0.1256 0.0784 -0.9890
vn -0.0076 0.1550 -0.9879
vn -0.0078 -0.0000 -1.0000
vn 0.0777 0.6229 -0.7785
vn -0.1436 0.0780 -0.9865
vn -0.3813 0.1509 -0.9121
vn -0.3892 -0.0006 -0.9212
vn -0.1082 0.6011 -0.7918
vn -0.7394 0.0753 -0.6690
vn -0.9407 0.1510 -0.3037
vn -0.9495 -0.0007 -0.3137
vn -0.5946 0.6240 -0.5071
vn -0.9940 0.0774 -0.0778
vn -0.9860 0.1576 0.0536
vn -0.9989 -0.0003 0.0458
vn -0.7956 0.6057 -0.0110
vn -0.9958 -0.0173 0.0901
vn -0.9810 0.1619 0.1067
vn -0.9954 -0.0383 0.0881
vn -0.9932 -0.0040 0.1161
vn -0.9626 0.1560 0.2213
vn -0.9787 -0.0011 0.2055
vn -0.8943 0.0700 0.4420
vn -0.7323 0.1542 0.6633
vn -0.7741 -0.0004 0.6331
vn -0.6271 0.5960 0.5014
vn -0.7163 -0.0317 0.6971
vn -0.6509 0.2161 0.7278
vn -0.7007 -0.0147 0.7133
vn -0.3659 0.6812 0.6341
vn -0.4056 0.6770 0.6142
vn 0.0283 0.9676 0.2511
vn 0.0481 0.9560 0.2894
vn 0.0585 0.9338 0.3530
vn -0.4046 0.6712 0.6211
vn -0.0378 0.9598 0.2780
vn -0.1049 0.9871 0.1210
vn -0.6547 0.7200 0.2303
vn -0.7041 0.6999 0.1199
vn 0.1974 0.9790 0.0509
vn 0.1871 0.9816 0.0374
vn 0.2519 0.9602 0.1207
vn 0.1645 0.9562 0.2422
vn 0.2748 0.9582 0.0794
vn 0.2758 0.9538 0.1195
vn 0.6949 0.6970 -0.1768
vn 0.6117 0.6989 -0.3707
vn 0.6596 0.6939 -0.2888
vn 0.7918 0.1588 -0.5898
vn 0.9023 -0.0000 -0.4311
vn 0.7746 -0.0000 -0.6324
vn 0.7095 0.0003 -0.7047
vn 0.9042 0.1588 -0.3966
vn 0.7272 0.1591 -0.6677
vn 0.7095 0.2111 -0.6723
vn 0.7048 0.0181 -0.7092
vn 0.6981 -0.0066 -0.7160
vn 0.5842 0.6738 -0.4525
vn 0.5975 0.6840 -0.4185
vn 0.2484 0.9683 0.0252
vn 0.2242 0.9745 -0.0101
vn 0.1981 0.9789 -0.0498
vn 0.5430 0.6973 -0.4679
vn 0.5029 0.5977 -0.6244
vn 0.1797 0.9775 -0.1107
vn 0.6851 0.1562 -0.7115
vn 0.6800 -0.0000 -0.7332
vn 0.5953 0.0768 -0.7998
vn 0.3655 0.1530 -0.9182
vn -0.0011 0.0733 -0.9973
vn -0.0007 0.6003 -0.7998
vn 0.3655 -0.0000 -0.9308
vn 0.2796 0.7029 -0.6541
vn 0.0840 0.9843 -0.1552
vn -0.0059 0.9777 -0.2098
vn -0.1077 0.9827 -0.1504
vn -0.2811 0.7028 -0.6535
vn -0.3689 0.1496 -0.9174
vn -0.5112 0.5968 -0.6185
vn -0.5973 0.0767 -0.7984
vn -0.3676 -0.0000 -0.9300
vn -0.6867 0.1564 -0.7099
vn -0.6816 -0.0000 -0.7317
vn -0.6993 -0.0086 -0.7148
vn -0.7111 0.2108 -0.6707
vn -0.7091 0.0228 -0.7047
vn -0.7167 0.0004 -0.6973
vn -0.7339 0.1589 -0.6604
vn -0.8022 0.1576 -0.5759
vn -0.7875 -0.0000 -0.6164
vn -0.9127 0.0737 -0.4020
vn -0.7728 0.5907 -0.2321
vn -0.9718 0.1563 -0.1766
vn -0.9810 -0.0000 -0.1940
vn -0.9962 0.0001 -0.0868
vn -0.9843 0.1586 -0.0778
vn -0.9820 0.1824 -0.0495
vn -0.9982 0.0015 -0.0606
vn -0.9986 -0.0004 -0.0530
vn -0.9873 0.1588 0.0030
vn -1.0000 -0.0000 -0.0065
vn -0.9930 -0.0000 0.1184
vn -0.9799 0.1552 0.1255
vn -0.9273 0.1526 0.3417
vn -0.9401 -0.0000 0.3409
vn -0.7220 0.0768 0.6877
vn -0.6013 0.5172 0.6091
vn -0.3710 0.1518 0.9161
vn -0.3723 -0.0000 0.9281
vn -0.1351 0.0785 0.9877
vn 0.0077 0.1558 0.9878
vn -0.1104 0.5966 0.7949
vn 0.0013 0.9862 0.1654
vn -0.0479 0.9813 0.1865
vn 0.0056 0.7023 0.7118
vn -0.0993 0.9827 0.1565
vn -0.2813 0.6990 0.6574
vn -0.1420 0.9782 0.1515
vn -0.1540 0.9839 0.0912
vn -0.6601 0.7005 0.2712
vn -0.1609 0.9842 0.0737
vn -0.7010 0.7023 0.1241
vn 0.1828 0.9826 0.0319
vn 0.1039 0.9895 -0.1006
vn 0.1683 0.9857 -0.0063
vn -0.2026 0.9781 0.0485
vn 0.1344 0.9886 0.0681
vn 0.6836 0.6976 -0.2145
vn 0.0365 0.9864 -0.1601
vn 0.2460 0.6977 -0.6728
vn 0.0089 0.9845 -0.1753
vn 0.0482 0.9803 0.1913
vn -0.0041 0.9848 -0.1735
vn 0.1014 0.9820 0.1596
vn 0.1239 0.5957 0.7936
vn 0.2943 0.6994 0.6514
vn 0.3917 0.1517 0.9075
vn 0.1531 0.0787 0.9851
vn 0.3932 -0.0000 0.9194
vn 0.7389 0.0766 0.6694
vn 0.9358 0.1520 0.3181
vn 0.5945 0.5952 0.5407
vn 0.9486 -0.0000 0.3164
vn 0.1653 0.9830 0.0802
vn 0.1685 0.9764 0.1352
vn 0.6720 0.6999 0.2422
vn -0.1079 0.9888 -0.1030
vn -0.1666 0.9859 -0.0171
vn -0.0472 0.9864 -0.1577
vn -0.1828 0.9823 0.0403
vn 0.2052 0.9777 0.0459
vn -0.1321 0.9886 0.0724
vn -0.6788 0.7307 0.0731
vn -0.6896 0.6973 -0.1958
vn -0.2627 0.6975 -0.6667
vn 0.0018 0.9868 -0.1622
vn -0.0056 0.7016 -0.7125
vn -0.1928 0.9783 0.0755
vn 0.1836 0.9810 0.0623
vn 0.7936 0.5981 0.1119
vn 0.6933 0.7205 0.0128
vn 0.7012 0.7126 -0.0223
vn 0.9869 0.1584 -0.0310
vn 0.9924 0.0785 0.0946
vn 0.9992 -0.0000 -0.0406
vn 0.9959 0.0095 -0.0903
vn 0.9783 0.1883 -0.0864
vn 0.9957 0.0239 -0.0890
vn 0.9926 0.0237 -0.1189
vn 0.7097 0.7029 -0.0481
vn 0.7086 0.6983 -0.1013
vn 0.9687 0.1576 -0.1918
vn 0.9781 -0.0000 -0.2083
vn 0.6812 0.7300 0.0559
vn 0.1527 0.9860 0.0668
vn 0.2032 0.9768 0.0670
vn 0.6947 0.7115 0.1058
vn 0.1279 0.9833 0.1292
vn 0.6751 0.7075 0.2091
vn -0.0511 0.9390 0.3400
vn 0.0394 0.9646 0.2609
vn 0.4220 0.6808 0.5987
vn 0.3801 0.6779 0.6293
vn -0.0244 0.9676 0.2514
vn -0.0541 0.9572 0.2842
vn 0.4028 0.6850 0.6071
vn 0.4298 0.6816 0.5922
vn 0.0230 0.9817 0.1891
vn 0.0003 0.9762 0.2169
vn 0.4121 0.7069 0.5748
vn 0.0289 0.9898 0.1395
vn 0.0354 0.9830 0.1803
vn 0.2393 0.7036 0.6691
vn -0.0201 0.9904 0.1366
vn -0.0001 0.9852 0.1712
vn -0.2379 0.7036 0.6696
vn -0.1807 0.9772 -0.1110
vn -0.1983 0.9789 -0.0504
vn -0.5442 0.6972 -0.4666
vn -0.5862 0.6719 -0.4527
vn -0.2250 0.9743 -0.0094
vn -0.2491 0.9681 0.0275
vn -0.6004 0.6839 -0.4145
vn -0.6140 0.6997 -0.3652
vn -0.2810 0.9517 0.1240
vn -0.2756 0.9579 0.0806
vn -0.6626 0.6953 -0.2784
vn -0.1910 0.9802 0.0520
vn -0.2544 0.9617 0.1023
vn -0.7088 0.6996 -0.0901
vn -0.6998 0.7139 -0.0253
vn -0.1930 0.9804 0.0402
vn -0.6837 0.7298 0.0053
vn -0.6939 0.7192 0.0356
vn -0.1573 0.9579 0.2400
vn -0.1042 -0.9723 -0.2090
vn -0.0778 -0.9735 -0.2149
vn -0.0616 -0.9843 -0.1654
vn -0.0746 -0.9812 -0.1779
vn -0.0512 -0.9786 -0.1992
vn -0.0993 -0.9803 -0.1707
vn -0.0620 -0.9790 -0.1942
vn -0.0773 -0.9661 -0.2463
vn 0.1002 -0.9084 -0.4060
vn 0.1023 -0.9062 -0.4103
vn 0.4257 -0.6747 -0.6030
vn 0.5555 -0.7150 -0.4244
vn 0.1511 -0.9449 -0.2905
vn 0.3919 -0.6784 -0.6215
vn 0.6748 -0.3123 -0.6687
vn 0.8302 -0.3167 -0.4588
vn 0.8977 -0.0757 -0.4341
vn 0.7548 -0.0854 -0.6503
vn 0.6880 -0.0953 -0.7194
vn 0.6368 -0.2715 -0.7217
vn 0.6867 -0.0837 -0.7221
vn 0.6894 -0.0800 -0.7200
vn 0.6328 -0.2925 -0.7169
vn 0.6772 -0.0785 -0.7316
vn 0.6084 -0.0688 -0.7907
vn 0.3674 -0.2127 -0.9054
vn 0.3826 -0.0585 -0.9220
vn 0.5781 -0.2459 -0.7780
vn -0.0011 -0.0538 -0.9985
vn -0.0010 -0.1889 -0.9820
vn -0.3694 -0.2128 -0.9046
vn -0.3848 -0.0588 -0.9211
vn -0.0010 -0.5003 -0.8659
vn 0.2954 -0.5552 -0.7775
vn 0.1440 -0.8851 -0.4426
vn -0.2972 -0.5539 -0.7777
vn -0.1443 -0.8847 -0.4433
vn -0.0004 -0.8540 -0.5203
vn 0.0033 -0.9775 -0.2108
vn -0.4522 -0.6176 -0.6435
vn -0.0242 -0.9878 -0.1537
vn -0.1933 -0.9122 -0.3613
vn -0.5796 -0.2440 -0.7775
vn -0.6349 -0.2893 -0.7164
vn -0.1738 -0.9259 -0.3354
vn -0.4642 -0.6438 -0.6083
vn -0.0061 -0.9883 -0.1523
vn -0.1705 -0.9135 -0.3695
vn 0.0188 -0.9820 -0.1880
vn 0.0509 -0.9789 -0.1979
vn -0.1409 -0.9096 -0.3909
vn 0.0755 -0.9672 -0.2424
vn -0.1079 -0.9067 -0.4077
vn -0.4422 -0.6416 -0.6268
vn -0.4053 -0.6705 -0.6214
vn -0.4372 -0.6802 -0.5884
vn -0.6923 -0.3168 -0.6483
vn -0.0974 -0.9114 -0.3998
vn -0.6409 -0.2717 -0.7179
vn 0.0620 -0.9793 -0.1929
vn -0.1559 -0.9467 -0.2818
vn -0.5630 -0.7175 -0.4102
vn -0.2405 -0.9631 -0.1206
vn -0.6820 -0.7086 -0.1809
vn -0.7074 -0.7021 -0.0819
vn 0.0296 -0.9960 -0.0838
vn 0.0224 -0.9980 -0.0585
vn -0.2502 -0.9659 -0.0671
vn -0.6854 -0.7237 -0.0808
vn -0.2445 -0.9675 -0.0642
vn -0.7008 -0.7113 -0.0543
vn 0.0120 -0.9984 -0.0556
vn -0.2713 -0.9623 -0.0212
vn -0.7328 -0.6789 0.0455
vn -0.9497 -0.3117 -0.0311
vn -0.9517 -0.2977 -0.0751
vn -0.9945 -0.0869 -0.0587
vn -0.9565 -0.2772 0.0912
vn -0.9965 -0.0827 -0.0154
vn -0.9919 -0.0684 0.1071
vn -0.9137 -0.2434 0.3254
vn -0.9397 -0.0581 0.3370
vn -0.7204 -0.0614 0.6908
vn -0.3432 -0.2584 0.9030
vn -0.3632 -0.0679 0.9292
vn -0.6952 -0.2433 0.6764
vn -0.5588 -0.6114 0.5603
vn -0.7338 -0.6298 0.2548
vn -0.2951 -0.9520 0.0811
vn -0.2625 -0.6277 0.7328
vn -0.0946 -0.9437 0.3170
vn -0.2306 -0.9426 0.2413
vn 0.0254 -0.9997 0.0014
vn 0.0169 -0.9997 -0.0157
vn -0.0205 -0.9562 0.2921
vn 0.0118 -0.9999 -0.0112
vn -0.0806 -0.6679 0.7398
vn -0.1153 -0.2748 0.9546
vn 0.0074 -0.2810 0.9597
vn 0.0056 -0.6854 0.7282
vn 0.0021 -0.9630 0.2694
vn -0.0001 -0.9996 -0.0273
vn 0.0942 -0.6679 0.7382
vn 0.0260 -0.9564 0.2910
vn -0.0167 -0.9997 -0.0162
vn -0.0001 -0.9974 -0.0714
vn -0.0209 -0.9971 -0.0738
vn 0.0205 -0.9970 -0.0741
vn 0.0399 -0.9964 -0.0753
vn 0.0064 -0.9992 -0.0399
vn 0.0583 -0.9960 -0.0671
vn 0.0588 -0.9965 -0.0593
vn 0.0656 -0.9949 -0.0770
vn 0.0427 -0.9975 -0.0571
vn 0.0202 -0.9982 -0.0559
vn 0.0240 -0.9964 -0.0812
vn 0.0002 -0.9966 -0.0823
vn 0.0484 -0.9956 -0.0801
vn 0.0003 -0.9983 -0.0587
vn 0.0379 -0.9817 -0.1867
vn 0.0745 -0.9813 -0.1776
vn 0.0976 -0.9804 -0.1712
vn -0.0020 -0.9816 -0.1909
vn 0.1026 -0.9730 -0.2067
vn 0.0774 -0.9738 -0.2140
vn 0.0436 -0.9733 -0.2253
vn 0.0087 -0.9845 -0.1753
vn -0.0012 -0.9732 -0.2298
vn 0.0598 -0.9844 -0.1653
vn 0.0409 -0.9885 -0.1457
vn 0.0005 -0.9881 -0.1536
vn -0.0064 -0.9925 -0.1218
vn -0.0428 -0.9885 -0.1453
vn 0.0116 -0.9934 -0.1138
vn 0.0269 -0.9869 -0.1588
vn 0.0086 -0.9882 -0.1531
vn -0.0164 -0.9823 -0.1867
vn 0.1682 -0.9289 -0.3300
vn 0.1926 -0.9129 -0.3598
vn 0.4489 -0.6211 -0.6424
vn 0.1650 -0.9161 -0.3655
vn 0.4554 -0.6541 -0.6039
vn 0.1345 -0.9114 -0.3890
vn 0.4311 -0.6509 -0.6249
vn -0.0251 -0.9844 -0.1740
vn -0.0433 -0.9732 -0.2259
vn -0.0396 -0.9817 -0.1864
vn -0.0479 -0.9956 -0.0806
vn -0.0231 -0.9964 -0.0812
vn -0.0197 -0.9983 -0.0555
vn -0.0419 -0.9974 -0.0579
vn -0.0657 -0.9948 -0.0774
vn -0.0303 -0.9960 -0.0835
vn -0.0227 -0.9980 -0.0591
vn 0.2234 -0.9718 -0.0754
vn 0.2386 -0.9619 -0.1335
vn 0.6708 -0.7167 -0.1909
vn 0.9321 -0.3029 -0.1987
vn 0.9773 -0.0686 -0.2004
vn 0.9917 -0.0723 -0.1062
vn 0.9911 -0.0920 -0.0960
vn 0.9913 -0.0899 -0.0959
vn 0.9951 -0.0850 -0.0511
vn 0.9454 -0.3196 -0.0634
vn 0.7238 -0.6897 0.0215
vn 0.7050 -0.7055 -0.0728
vn 0.9562 -0.2859 0.0627
vn 0.9944 -0.0702 0.0790
vn 0.9200 -0.2531 0.2993
vn 0.9481 -0.0603 0.3122
vn 0.7379 -0.0623 0.6721
vn 0.7121 -0.2482 0.6568
vn 0.3641 -0.2581 0.8949
vn 0.3843 -0.0672 0.9208
vn 0.1423 -0.0704 0.9873
vn 0.1326 -0.2740 0.9525
vn 0.0077 -0.0716 0.9974
vn -0.1244 -0.0710 0.9897
vn 0.5688 -0.6215 0.5387
vn 0.2795 -0.6299 0.7246
vn 0.1016 -0.9449 0.3111
vn 0.7297 -0.6446 0.2280
vn 0.2879 -0.9554 0.0661
vn 0.2319 -0.9459 0.2269
vn -0.0105 -0.9993 -0.0371
vn -0.0115 -0.9983 -0.0577
vn 0.2637 -0.9641 -0.0313
vn -0.0121 -0.9998 -0.0137
vn -0.0396 -0.9965 -0.0743
vn -0.0289 -0.9996 -0.0024
vn -0.0587 -0.9961 -0.0661
vn -0.0586 -0.9966 -0.0580
vn 0.2530 -0.9650 -0.0686
vn -0.9942 -0.0898 -0.0589
vn -0.9935 -0.0783 -0.0832
vn -0.9365 -0.2962 -0.1878
vn -0.9808 -0.0688 -0.1826
vn -0.9054 -0.0761 -0.4177
vn -0.7704 -0.0820 -0.6323
vn -0.8379 -0.3194 -0.4426
vn -0.6909 -0.1071 -0.7150
vn -0.6895 -0.0857 -0.7192
vn -0.6908 -0.0787 -0.7187
vn -0.6788 -0.0777 -0.7302
vn -0.6102 -0.0688 -0.7893
vn 0.3780 0.0008 -0.9258
vn 0.6088 0.0009 -0.7933
vn 0.6125 -0.0094 -0.7904
vn 0.3902 -0.0038 -0.9207
vn 0.6842 0.0012 -0.7293
vn 0.6848 -0.0129 -0.7286
vn 0.6116 -0.0689 -0.7881
vn 0.6768 -0.0785 -0.7319
vn 0.6887 -0.0817 -0.7204
vn 0.7048 -0.0151 -0.7093
vn 0.6861 -0.0844 -0.7226
vn 0.6905 -0.0887 -0.7178
vn 0.7720 -0.0143 -0.6354
vn 0.7548 -0.0872 -0.6501
vn 0.8943 -0.0739 -0.4414
vn 0.9046 -0.0099 -0.4262
vn 0.9815 -0.0091 -0.1912
vn 0.9955 -0.0146 -0.0938
vn 0.9914 -0.0860 -0.0989
vn 0.9920 -0.0767 -0.1005
vn 0.9942 -0.0103 -0.1067
vn 0.9916 -0.0879 -0.0950
vn 0.9989 -0.0118 -0.0448
vn 0.9951 -0.0837 -0.0523
vn 0.9971 -0.0056 0.0755
vn 0.0077 -0.0116 0.9999
vn 0.0077 -0.0715 0.9974
vn 0.1406 -0.0706 0.9876
vn 0.1444 -0.0109 0.9895
vn 0.3911 -0.0020 0.9204
vn -0.1226 -0.0711 0.9899
vn -0.1264 -0.0109 0.9919
vn -0.3702 -0.0020 0.9290
vn -0.1256 0.0005 0.9921
vn -0.3651 0.0003 0.9310
vn -0.7234 0.0001 0.6904
vn -0.9427 0.0002 0.3337
vn -0.9397 0.0001 0.3420
vn -0.7245 0.0002 0.6892
vn -0.9923 -0.0057 0.1239
vn -0.9942 -0.0000 0.1077
vn -0.9999 0.0008 -0.0118
vn -0.9999 -0.0121 -0.0101
vn 0.3861 0.0003 0.9225
vn 0.1435 0.0005 0.9896
vn 0.7401 0.0001 0.6725
vn 0.7418 0.0003 0.6706
vn 0.9482 0.0002 0.3177
vn 0.9969 0.0001 0.0792
vn 0.9511 0.0003 0.3090
vn 0.9989 0.0007 -0.0461
vn 0.9959 0.0014 -0.0901
vn 0.9956 0.0011 -0.0937
vn 0.7002 0.0003 -0.7140
vn 0.7073 0.0005 -0.7069
vn 0.7616 0.0003 -0.6481
vn 0.6994 0.0009 -0.7147
vn -0.9983 -0.0149 -0.0561
vn -0.9986 0.0016 -0.0527
vn -0.9983 0.0013 -0.0583
vn -0.9970 -0.0132 -0.0761
vn -0.9808 0.0010 -0.1951
vn -0.9844 -0.0085 -0.1759
vn -0.9965 0.0008 -0.0836
vn -0.9936 -0.0825 -0.0775
vn -0.9955 -0.0747 -0.0588
vn -0.9944 -0.0869 -0.0599
vn -0.7848 -0.0144 -0.6196
vn -0.7681 -0.0881 -0.6343
vn -0.9024 -0.0750 -0.4243
vn -0.9125 -0.0114 -0.4090
vn -0.6979 -0.0894 -0.7106
vn -0.7104 -0.0155 -0.7037
vn -0.6883 -0.0819 -0.7208
vn -0.6908 -0.0796 -0.7186
vn -0.6864 -0.0128 -0.7271
vn -0.6785 -0.0777 -0.7305
vn -0.6135 -0.0689 -0.7867
vn -0.6144 -0.0095 -0.7889
vn -0.3926 -0.0037 -0.9197
vn -0.3801 0.0008 -0.9250
vn -0.6108 0.0009 -0.7918
vn -0.6858 0.0012 -0.7278
vn -0.7009 0.0008 -0.7132
vn -0.7739 0.0003 -0.6333
vn -0.7134 0.0006 -0.7008
vn -0.9018 0.0010 -0.4322
vn -0.7023 0.0002 -0.7119
vn -0.0011 0.0004 -1.0000
vn -0.0009 0.0009 -1.0000
vn 0.8923 0.0011 -0.4514
vn 0.9776 0.0012 -0.2105
vn 0.9941 0.0007 -0.1089
vn 0.0077 0.0004 1.0000
vn -0.9986 0.0017 -0.0532
vn -0.9985 -0.0137 -0.0539
vn -0.9944 -0.0883 -0.0583
vn -0.9964 -0.0826 -0.0181
vn 0.0226 -0.9997 0.0110
vn -0.0423 -0.9865 0.1580
vn -0.0039 -0.9836 0.1802
vn -0.0040 -0.9871 0.1603
vn -0.0000 -1.0000 0.0016
vn -0.2455 -0.6978 0.6729
vn -0.0937 -0.6015 0.7933
vn -0.1175 -0.9874 0.1060
vn -0.5806 -0.6305 0.5152
vn -0.3600 -0.1509 0.9207
vn -0.1247 -0.0775 0.9892
vn -0.7219 -0.0756 0.6878
vn -0.3679 0.0006 0.9299
vn -0.9326 -0.1511 0.3279
vn -0.7941 -0.6053 0.0539
vn -0.9914 -0.0768 0.1055
vn -0.9412 0.0008 0.3378
vn -0.6847 -0.6975 0.2113
vn -0.9875 -0.1560 -0.0212
vn -0.9983 0.0258 -0.0529
vn -0.9999 0.0004 -0.0121
vn -0.6814 -0.7302 -0.0496
vn -0.9836 -0.1643 -0.0748
vn -0.9955 0.0083 -0.0939
vn -0.9971 0.0571 -0.0503
vn -0.6950 -0.7112 -0.1055
vn -0.9660 -0.1566 -0.2058
vn -0.6536 -0.5934 -0.4697
vn -0.9024 -0.0710 -0.4249
vn -0.9818 0.0011 -0.1899
vn -0.6690 -0.7118 -0.2139
vn -0.7259 -0.1747 -0.6652
vn -0.7253 0.2229 -0.6513
vn -0.7881 -0.0197 -0.6152
vn -0.4164 -0.6911 -0.5908
vn -0.3866 -0.6693 -0.6345
vn -0.6581 -0.2065 -0.7240
vn -0.6986 -0.0124 -0.7154
vn -0.7114 0.0455 -0.7013
vn -0.4026 -0.6885 -0.6033
vn -0.4255 -0.6838 -0.5927
vn -0.6639 -0.1567 -0.7313
vn -0.4513 -0.6151 -0.6465
vn -0.6065 -0.0750 -0.7916
vn -0.6871 0.0012 -0.7266
vn -0.4197 -0.7046 -0.5722
vn -0.3743 -0.1512 -0.9149
vn -0.2482 -0.7021 -0.6674
vn -0.0015 -0.6145 -0.7889
vn -0.0010 -0.0690 -0.9976
vn -0.3841 0.0011 -0.9233
vn -0.0330 -0.9863 -0.1617
vn -0.0056 -0.9865 -0.1639
vn -0.0336 -0.9831 -0.1799
vn 0.0531 -0.9514 -0.3033
vn 0.0159 -0.9669 -0.2545
vn -0.0069 -0.9762 -0.2166
vn 0.0534 -0.9391 -0.3396
vn -0.0482 -0.9572 -0.2853
vn 0.1499 -0.9685 -0.1989
vn 0.0968 -0.9763 -0.1936
vn -0.1075 -0.9859 -0.1284
vn -0.2102 -0.9755 -0.0653
vn -0.1420 -0.9878 -0.0635
vn -0.1307 -0.9894 -0.0626
vn -0.1747 -0.9842 -0.0274
vn -0.1574 -0.9873 0.0229
vn -0.0143 -0.9992 -0.0362
vn -0.0039 -0.9981 -0.0613
vn 0.0111 -0.9988 -0.0483
vn 0.0030 -0.9987 -0.0518
vn 0.0184 -0.9989 -0.0436
vn -0.0110 -0.9987 -0.0504
vn 0.0015 -1.0000 -0.0044
vn 0.0158 -0.9999 0.0049
vn -0.0157 -0.9999 0.0049
vn 0.0049 -0.9838 0.1794
vn -0.0215 -0.9997 0.0109
vn 0.0263 -0.9873 0.1567
vn 0.0058 -0.7013 0.7128
vn 0.1083 -0.6015 0.7915
vn 0.0077 -0.1550 0.9879
vn 0.1427 -0.0778 0.9867
vn 0.0077 0.0007 1.0000
vn 0.3808 -0.1510 0.9122
vn 0.3888 0.0006 0.9213
vn 0.7393 -0.0755 0.6692
vn 0.9409 -0.1508 0.3033
vn 0.5795 -0.6195 0.5295
vn 0.9496 0.0008 0.3133
vn 0.1702 -0.9854 0.0047
vn 0.1166 -0.9875 0.1058
vn 0.6893 -0.6978 0.1948
vn 0.2612 -0.6979 0.6669
vn 0.7982 -0.6023 0.0064
vn 0.1273 -0.9889 -0.0765
vn 0.1697 -0.9849 -0.0336
vn 0.6739 -0.7347 -0.0777
vn 0.9860 -0.1569 -0.0561
vn 0.9941 -0.0767 0.0771
vn 0.9989 0.0003 -0.0462
vn 0.9958 0.0169 -0.0901
vn 0.9809 -0.1627 -0.1065
vn 0.9954 0.0367 -0.0884
vn 0.9933 0.0034 -0.1157
vn 0.9625 -0.1568 -0.2216
vn 0.9787 0.0012 -0.2053
vn 0.6958 -0.7078 -0.1221
vn 0.1106 -0.9851 -0.1319
vn 0.1422 -0.9875 -0.0680
vn 0.6644 -0.7124 -0.2259
vn 0.6407 -0.5902 -0.4911
vn -0.0688 -0.9335 -0.3520
vn 0.0336 -0.9584 -0.2836
vn 0.3782 -0.6793 -0.6289
vn 0.7113 -0.1817 -0.6790
vn 0.3917 -0.6556 -0.6456
vn 0.8941 -0.0702 -0.4423
vn 0.7728 -0.0155 -0.6344
vn 0.7201 0.1502 -0.6774
vn 0.6558 -0.2089 -0.7254
vn 0.7054 0.0263 -0.7083
vn 0.6980 -0.0067 -0.7161
vn 0.6623 -0.1568 -0.7327
vn 0.6854 0.0012 -0.7281
vn 0.4239 -0.6849 -0.5927
vn 0.0187 -0.9813 -0.1914
vn 0.0049 -0.9766 -0.2151
vn 0.4149 -0.7046 -0.5756
vn -0.0175 -0.9668 -0.2549
vn 0.4033 -0.6841 -0.6078
vn 0.4469 -0.6095 -0.6547
vn 0.0075 -0.9867 -0.1622
vn 0.0351 -0.9835 -0.1775
vn 0.2427 -0.7021 -0.6695
vn 0.3718 -0.1513 -0.9159
vn 0.6046 -0.0750 -0.7930
vn 0.3818 0.0011 -0.9242
vn -0.0556 -0.9508 -0.3047
vn 0.2146 -0.9737 -0.0764
vn 0.0136 -0.9992 -0.0366
vn 0.0024 -0.9980 -0.0629
vn -0.0130 -0.9987 -0.0494
vn -0.0415 -0.9954 -0.0867
vn -0.1024 -0.9748 -0.1984
vn -0.1468 -0.9617 -0.2316
vn -0.1528 -0.9681 -0.1985
vn -0.1288 -0.9813 -0.1428
vn -0.0883 -0.9936 -0.0706
vn -0.0263 -0.9995 -0.0151
vn 0.0002 -1.0000 -0.0068
vn -0.0592 -0.9975 -0.0375
vn 0.0253 -0.9996 -0.0148
vn 0.0590 -0.9975 -0.0379
vn 0.0880 -0.9936 -0.0712
vn 0.1040 -0.9894 -0.1018
vn 0.1271 -0.9814 -0.1439
vn 0.1380 -0.9729 -0.1855
vn 0.1409 -0.9634 -0.2280
vn 0.1353 -0.9663 -0.2192
vn 0.0879 -0.9819 -0.1679
vn 0.0386 -0.9956 -0.0852
vn -0.0208 -0.9814 -0.1909
vn -0.1047 -0.9894 -0.1010
vn -0.1407 -0.9726 -0.1853
vn -0.1404 -0.9650 -0.2216
vn -0.0928 -0.9808 -0.1714
vn -0.0202 -0.9988 -0.0443
vn -0.0048 -0.9986 -0.0533
vn 0.0097 -0.9986 -0.0520
vn -0.0010 -1.0000 -0.0052
vt 0.926247 0.993750
vt 0.913338 0.993787
vt 0.915141 0.996977
vt 0.924822 0.996950
vt 0.913038 0.989193
vt 0.925947 0.989156
vt 0.925552 0.983895
vt 0.912643 0.983932
vt 0.912192 0.978308
vt 0.925102 0.978272
vt 0.924636 0.972592
vt 0.911726 0.972629
vt 0.911312 0.966293
vt 0.924222 0.966256
vt 0.923927 0.958661
vt 0.911018 0.958698
vt 0.910797 0.951119
vt 0.923706 0.951082
vt 0.923515 0.944793
vt 0.910605 0.944830
vt 0.910569 0.939215
vt 0.923479 0.939178
vt 0.923725 0.933622
vt 0.910815 0.933658
vt 0.911193 0.928409
vt 0.924102 0.928372
vt 0.924462 0.923678
vt 0.911555 0.923715
vt 0.912049 0.917442
vt 0.925092 0.915644
vt 0.912511 0.911457
vt 0.925420 0.911421
vt 0.925613 0.908971
vt 0.912703 0.909008
vt 0.912827 0.907183
vt 0.925737 0.907146
vt 0.925814 0.905394
vt 0.912905 0.905430
vt 0.912972 0.902978
vt 0.925965 0.899034
vt 0.913111 0.897048
vt 0.925879 0.902942
vt 0.926168 0.889589
vt 0.913269 0.889626
vt 0.913344 0.885476
vt 0.926289 0.882529
vt 0.913380 0.882566
vt 0.926251 0.885440
vt 0.913404 0.880276
vt 0.926356 0.877948
vt 0.913446 0.877985
vt 0.926314 0.880239
vt 0.913495 0.875082
vt 0.926434 0.870918
vt 0.913538 0.870954
vt 0.926401 0.875045
vt 0.913561 0.866244
vt 0.926435 0.857732
vt 0.913529 0.857660
vt 0.926450 0.866207
vt 0.926459 0.855266
vt 0.913550 0.855303
vt 0.913565 0.853612
vt 0.926442 0.851840
vt 0.913532 0.851876
vt 0.926474 0.853576
vt 0.913449 0.849478
vt 0.926219 0.845762
vt 0.913311 0.845799
vt 0.926358 0.849441
vt 0.914800 0.842555
vt 0.924481 0.842527
vt 0.339531 0.686492
vt 0.343448 0.687535
vt 0.344596 0.682008
vt 0.341976 0.692808
vt 0.338873 0.680468
vt 0.337525 0.691706
vt 0.332991 0.690433
vt 0.335688 0.685328
vt 0.332317 0.684200
vt 0.329107 0.689161
vt 0.336049 0.679552
vt 0.333711 0.678688
vt 0.327604 0.686159
vt 0.329818 0.683262
vt 0.327863 0.682264
vt 0.325682 0.685240
vt 0.326466 0.688321
vt 0.324550 0.687491
vt 0.321866 0.689059
vt 0.323823 0.689907
vt 0.322719 0.686483
vt 0.323918 0.684059
vt 0.325789 0.690808
vt 0.328489 0.691585
vt 0.323302 0.693657
vt 0.331875 0.706400
vt 0.332559 0.692793
vt 0.327648 0.704801
vt 0.322421 0.711615
vt 0.324609 0.711918
vt 0.321166 0.693474
vt 0.320233 0.711413
vt 0.318549 0.697807
vt 0.318170 0.704550
vt 0.319144 0.692027
vt 0.319921 0.688180
vt 0.320930 0.685385
vt 0.322225 0.682762
vt 0.324490 0.679493
vt 0.333024 0.673007
vt 0.328412 0.674760
vt 0.331739 0.677673
vt 0.336535 0.672422
vt 0.333304 0.669399
vt 0.339910 0.665942
vt 0.338479 0.664242
vt 0.343382 0.660135
vt 0.344549 0.661980
vt 0.348138 0.659972
vt 0.347456 0.657920
vt 0.348890 0.661867
vt 0.351299 0.661420
vt 0.351221 0.659397
vt 0.351137 0.657215
vt 0.345840 0.663668
vt 0.354338 0.659733
vt 0.354861 0.657635
vt 0.359102 0.659536
vt 0.363028 0.665067
vt 0.364333 0.663272
vt 0.358077 0.661462
vt 0.356916 0.663239
vt 0.353733 0.661679
vt 0.352969 0.663324
vt 0.361570 0.666693
vt 0.359807 0.667981
vt 0.355484 0.664717
vt 0.352176 0.664766
vt 0.358006 0.669188
vt 0.365025 0.672412
vt 0.366905 0.671265
vt 0.362938 0.673396
vt 0.356425 0.670577
vt 0.360730 0.674421
vt 0.365126 0.679435
vt 0.367929 0.678312
vt 0.370225 0.677304
vt 0.372129 0.676179
vt 0.374500 0.681650
vt 0.376382 0.680526
vt 0.372067 0.682756
vt 0.371867 0.689130
vt 0.375658 0.687602
vt 0.368773 0.684122
vt 0.376945 0.684446
vt 0.378250 0.686603
vt 0.380112 0.685647
vt 0.378802 0.683398
vt 0.380488 0.682106
vt 0.381879 0.684524
vt 0.383599 0.683317
vt 0.376395 0.677421
vt 0.379555 0.677532
vt 0.382089 0.680694
vt 0.382940 0.687166
vt 0.384832 0.686177
vt 0.385852 0.690050
vt 0.383923 0.691689
vt 0.386726 0.695712
vt 0.387408 0.702368
vt 0.385673 0.709481
vt 0.387853 0.709221
vt 0.383502 0.709838
vt 0.381802 0.691974
vt 0.379761 0.692676
vt 0.381344 0.710290
vt 0.378111 0.704570
vt 0.378400 0.716424
vt 0.381119 0.716643
vt 0.383214 0.716427
vt 0.372660 0.723930
vt 0.377275 0.722659
vt 0.373871 0.704896
vt 0.379764 0.722964
vt 0.374562 0.727127
vt 0.376649 0.728272
vt 0.378313 0.729362
vt 0.381699 0.723355
vt 0.383625 0.723929
vt 0.379928 0.730572
vt 0.373590 0.735001
vt 0.372422 0.733302
vt 0.371152 0.731686
vt 0.363440 0.733624
vt 0.364183 0.735577
vt 0.362593 0.731597
vt 0.369622 0.729981
vt 0.367676 0.728014
vt 0.361646 0.729363
vt 0.353554 0.730002
vt 0.353613 0.732349
vt 0.353681 0.734504
vt 0.343268 0.736252
vt 0.353755 0.736591
vt 0.343873 0.734247
vt 0.344591 0.732162
vt 0.336011 0.732772
vt 0.328680 0.730829
vt 0.334851 0.734470
vt 0.330275 0.729628
vt 0.332306 0.728328
vt 0.337439 0.730960
vt 0.339302 0.728840
vt 0.334145 0.724984
vt 0.329341 0.723849
vt 0.326845 0.724361
vt 0.323035 0.718033
vt 0.324931 0.724910
vt 0.327886 0.717561
vt 0.325148 0.718059
vt 0.320927 0.718188
vt 0.318823 0.718434
vt 0.318044 0.711288
vt 0.323040 0.725616
vt 0.321160 0.726400
vt 0.325625 0.733504
vt 0.332789 0.738064
vt 0.333794 0.736247
vt 0.327139 0.732139
vt 0.342769 0.738320
vt 0.342323 0.740420
vt 0.353828 0.738735
vt 0.353901 0.740909
vt 0.365403 0.739645
vt 0.364819 0.737595
vt 0.374706 0.736742
vt 0.381519 0.731844
vt 0.385546 0.724595
vt 0.387440 0.716540
vt 0.385324 0.716429
vt 0.337265 0.722988
vt 0.336731 0.709142
vt 0.341707 0.706387
vt 0.341262 0.724852
vt 0.346592 0.724133
vt 0.346905 0.704562
vt 0.337258 0.694057
vt 0.341831 0.695230
vt 0.346793 0.695936
vt 0.346830 0.693487
vt 0.352648 0.696003
vt 0.352560 0.693512
vt 0.358274 0.693107
vt 0.358841 0.704218
vt 0.358488 0.695577
vt 0.352919 0.706215
vt 0.369201 0.708052
vt 0.367888 0.693131
vt 0.364124 0.705613
vt 0.360288 0.723784
vt 0.369476 0.722282
vt 0.365605 0.724256
vt 0.353412 0.721991
vt 0.345429 0.729853
vt 0.372495 0.691557
vt 0.376481 0.690097
vt 0.367437 0.690715
vt 0.363396 0.694567
vt 0.363071 0.692107
vt 0.365014 0.685562
vt 0.361188 0.686891
vt 0.357058 0.688024
vt 0.359503 0.681429
vt 0.356972 0.676002
vt 0.351684 0.673975
vt 0.351934 0.679042
vt 0.349137 0.683421
vt 0.346614 0.676452
vt 0.353201 0.684507
vt 0.347660 0.688362
vt 0.352389 0.688877
vt 0.346764 0.670996
vt 0.342788 0.675195
vt 0.340594 0.674336
vt 0.345178 0.669746
vt 0.343323 0.668653
vt 0.338479 0.673473
vt 0.347378 0.665041
vt 0.350678 0.664824
vt 0.341478 0.667470
vt 0.350001 0.667999
vt 0.351428 0.666049
vt 0.349781 0.663449
vt 0.351406 0.664220
vt 0.351366 0.663127
vt 0.379106 0.689035
vt 0.381035 0.688128
vt 0.375249 0.673058
vt 0.369925 0.668046
vt 0.368489 0.669748
vt 0.355555 0.293521
vt 0.356031 0.298284
vt 0.377964 0.299628
vt 0.377254 0.288601
vt 0.376985 0.284332
vt 0.354979 0.284579
vt 0.355203 0.288108
vt 0.376646 0.281780
vt 0.354641 0.282027
vt 0.353943 0.279546
vt 0.375948 0.279299
vt 0.374672 0.274701
vt 0.352924 0.276016
vt 0.351625 0.270313
vt 0.376868 0.270030
vt 0.375558 0.263197
vt 0.378198 0.275732
vt 0.379227 0.279263
vt 0.379925 0.281743
vt 0.380263 0.284295
vt 0.380485 0.287824
vt 0.380833 0.293237
vt 0.380321 0.298012
vt 0.371310 0.256310
vt 0.349345 0.256557
vt 0.350335 0.263480
vt 0.370691 0.250240
vt 0.348696 0.250487
vt 0.370435 0.245970
vt 0.348430 0.246217
vt 0.370378 0.242599
vt 0.348373 0.242846
vt 0.348355 0.239474
vt 0.370361 0.239227
vt 0.370523 0.234941
vt 0.348528 0.235188
vt 0.371009 0.228827
vt 0.349045 0.229074
vt 0.374288 0.228791
vt 0.375109 0.221801
vt 0.372991 0.214952
vt 0.373801 0.234904
vt 0.373639 0.239190
vt 0.373657 0.242562
vt 0.373713 0.245933
vt 0.373970 0.250204
vt 0.374589 0.256273
vt 0.349886 0.222084
vt 0.351031 0.215172
vt 0.374206 0.209135
vt 0.352211 0.209382
vt 0.375162 0.205515
vt 0.353157 0.205762
vt 0.375811 0.202928
vt 0.353805 0.203176
vt 0.354095 0.200486
vt 0.376100 0.200239
vt 0.376245 0.196632
vt 0.354241 0.196879
vt 0.376459 0.191304
vt 0.354459 0.191540
vt 0.379737 0.191256
vt 0.380013 0.184975
vt 0.379523 0.196596
vt 0.379379 0.200202
vt 0.379089 0.202892
vt 0.378441 0.205478
vt 0.377485 0.209098
vt 0.376275 0.214888
vt 0.354737 0.185259
vt 0.377063 0.178582
vt 0.355063 0.178829
vt 0.377398 0.171669
vt 0.355394 0.171916
vt 0.377692 0.163940
vt 0.355687 0.164187
vt 0.377791 0.155760
vt 0.355786 0.156007
vt 0.375378 0.069164
vt 0.353672 0.070976
vt 0.353876 0.075678
vt 0.375876 0.075431
vt 0.376367 0.082189
vt 0.354839 0.090178
vt 0.376844 0.089931
vt 0.354363 0.082436
vt 0.377139 0.098208
vt 0.355134 0.098455
vt 0.355078 0.106819
vt 0.377083 0.106572
vt 0.376943 0.115903
vt 0.354981 0.127331
vt 0.376986 0.127084
vt 0.354938 0.116150
vt 0.355188 0.138487
vt 0.377193 0.138240
vt 0.355538 0.147743
vt 0.377543 0.147496
vt 0.380822 0.147460
vt 0.380472 0.138204
vt 0.381070 0.155723
vt 0.380971 0.163903
vt 0.380677 0.171632
vt 0.380342 0.178545
vt 0.380265 0.127048
vt 0.380221 0.115866
vt 0.380362 0.106535
vt 0.380418 0.098171
vt 0.380123 0.089894
vt 0.379645 0.082152
vt 0.379154 0.075394
vt 0.377962 0.070703
vt 0.672683 0.060593
vt 0.670588 0.054847
vt 0.665111 0.057500
vt 0.667980 0.062034
vt 0.663765 0.063125
vt 0.666011 0.051925
vt 0.659935 0.054352
vt 0.657303 0.059950
vt 0.655553 0.065540
vt 0.659804 0.066718
vt 0.651678 0.064212
vt 0.653652 0.070595
vt 0.649247 0.069190
vt 0.658573 0.071634
vt 0.653380 0.072825
vt 0.658389 0.073861
vt 0.648867 0.071397
vt 0.658059 0.082234
vt 0.652703 0.083618
vt 0.664351 0.074317
vt 0.664059 0.084255
vt 0.670164 0.082624
vt 0.670331 0.074267
vt 0.675401 0.073410
vt 0.675427 0.089028
vt 0.680367 0.087316
vt 0.680002 0.072447
vt 0.685069 0.084813
vt 0.688027 0.070140
vt 0.687650 0.068055
vt 0.679803 0.070305
vt 0.688784 0.082974
vt 0.690597 0.082238
vt 0.689977 0.069446
vt 0.690321 0.067037
vt 0.689500 0.067455
vt 0.690786 0.068963
vt 0.691572 0.068534
vt 0.691033 0.066466
vt 0.690148 0.064630
vt 0.689424 0.065266
vt 0.688517 0.065645
vt 0.684524 0.063380
vt 0.687385 0.062621
vt 0.686374 0.062962
vt 0.681446 0.054242
vt 0.683500 0.058107
vt 0.682420 0.058373
vt 0.678704 0.052818
vt 0.677588 0.053042
vt 0.676071 0.053249
vt 0.680189 0.058760
vt 0.677808 0.065254
vt 0.673835 0.066266
vt 0.675306 0.071385
vt 0.669492 0.067099
vt 0.670322 0.072063
vt 0.664437 0.072099
vt 0.664615 0.067612
vt 0.671351 0.048634
vt 0.667880 0.045134
vt 0.663536 0.049640
vt 0.672810 0.048132
vt 0.673935 0.047848
vt 0.669936 0.044072
vt 0.668950 0.044486
vt 0.667898 0.041523
vt 0.667448 0.042361
vt 0.670699 0.043364
vt 0.674822 0.047208
vt 0.666871 0.042948
vt 0.665705 0.041987
vt 0.665674 0.042681
vt 0.665458 0.043308
vt 0.666170 0.043665
vt 0.665743 0.041059
vt 0.663558 0.041347
vt 0.663938 0.042219
vt 0.664463 0.042849
vt 0.661317 0.043720
vt 0.662269 0.044203
vt 0.658124 0.047493
vt 0.657012 0.047152
vt 0.651832 0.051719
vt 0.652945 0.051985
vt 0.654482 0.052275
vt 0.659590 0.048092
vt 0.647653 0.056944
vt 0.643295 0.061261
vt 0.645111 0.061815
vt 0.649875 0.057480
vt 0.646588 0.056624
vt 0.642315 0.060852
vt 0.640921 0.063830
vt 0.640046 0.063384
vt 0.641605 0.066370
vt 0.638989 0.065165
vt 0.639781 0.065641
vt 0.641018 0.068544
vt 0.639111 0.067799
vt 0.638353 0.067137
vt 0.637881 0.070255
vt 0.637609 0.066583
vt 0.636969 0.070477
vt 0.639541 0.081311
vt 0.636342 0.087912
vt 0.637221 0.088339
vt 0.635427 0.087440
vt 0.636488 0.094081
vt 0.639060 0.094701
vt 0.637334 0.094540
vt 0.636894 0.100343
vt 0.637682 0.100285
vt 0.635609 0.093842
vt 0.638467 0.100446
vt 0.640573 0.105500
vt 0.641276 0.105283
vt 0.642607 0.104846
vt 0.640401 0.100678
vt 0.646420 0.108305
vt 0.645802 0.108824
vt 0.653357 0.110708
vt 0.653786 0.109986
vt 0.647743 0.107221
vt 0.654443 0.108845
vt 0.656535 0.102008
vt 0.651148 0.102448
vt 0.647295 0.100454
vt 0.647636 0.086164
vt 0.643127 0.083223
vt 0.663510 0.100240
vt 0.670415 0.102402
vt 0.675816 0.103154
vt 0.679802 0.101260
vt 0.688531 0.095999
vt 0.686829 0.101989
vt 0.684358 0.106178
vt 0.679041 0.108282
vt 0.672212 0.109468
vt 0.663312 0.109410
vt 0.663265 0.110802
vt 0.663230 0.111606
vt 0.672790 0.110662
vt 0.673154 0.111416
vt 0.680294 0.109474
vt 0.685668 0.106737
vt 0.680864 0.110039
vt 0.686349 0.107018
vt 0.681329 0.110727
vt 0.686984 0.107468
vt 0.690385 0.102028
vt 0.689601 0.101894
vt 0.688805 0.101950
vt 0.690303 0.096065
vt 0.691187 0.095742
vt 0.690761 0.090035
vt 0.691677 0.089751
vt 0.692623 0.089434
vt 0.692081 0.095600
vt 0.692979 0.095548
vt 0.693585 0.089183
vt 0.693488 0.082924
vt 0.693197 0.076530
vt 0.692784 0.071145
vt 0.692322 0.067913
vt 0.691691 0.065817
vt 0.690766 0.063845
vt 0.688803 0.061075
vt 0.685055 0.056584
vt 0.680369 0.051360
vt 0.675591 0.046389
vt 0.671352 0.042509
vt 0.668285 0.040559
vt 0.665785 0.040015
vt 0.663251 0.040354
vt 0.660028 0.042052
vt 0.660611 0.042957
vt 0.656169 0.046457
vt 0.655462 0.045585
vt 0.650263 0.050167
vt 0.649262 0.052660
vt 0.645142 0.055011
vt 0.641017 0.059214
vt 0.638806 0.061876
vt 0.639400 0.062664
vt 0.637698 0.063859
vt 0.638314 0.064547
vt 0.636879 0.066026
vt 0.636201 0.069282
vt 0.635511 0.074527
vt 0.634904 0.080810
vt 0.634475 0.087175
vt 0.634712 0.093713
vt 0.636103 0.100510
vt 0.639267 0.106396
vt 0.645287 0.109476
vt 0.639910 0.105902
vt 0.644823 0.110196
vt 0.652783 0.112370
vt 0.663195 0.112476
vt 0.653042 0.111517
vt 0.663161 0.113381
vt 0.673599 0.113119
vt 0.673405 0.112248
vt 0.681742 0.111475
vt 0.687595 0.108004
vt 0.691161 0.102258
vt 0.199653 0.292572
vt 0.200115 0.297156
vt 0.222456 0.298484
vt 0.222109 0.292363
vt 0.221772 0.287245
vt 0.221586 0.284132
vt 0.199110 0.284319
vt 0.199329 0.287452
vt 0.198070 0.280242
vt 0.198768 0.282231
vt 0.221259 0.282066
vt 0.220560 0.280092
vt 0.222854 0.280076
vt 0.221830 0.276932
vt 0.219512 0.276947
vt 0.223531 0.282049
vt 0.223874 0.284113
vt 0.224081 0.287225
vt 0.224351 0.292343
vt 0.224025 0.296939
vt 0.218120 0.271370
vt 0.197046 0.277093
vt 0.220447 0.271355
vt 0.219092 0.264585
vt 0.215905 0.257967
vt 0.194434 0.264772
vt 0.193442 0.258074
vt 0.195735 0.271524
vt 0.192539 0.249091
vt 0.192797 0.252492
vt 0.215270 0.252277
vt 0.215030 0.248847
vt 0.217274 0.246477
vt 0.214971 0.244161
vt 0.192481 0.244467
vt 0.192492 0.246779
vt 0.217273 0.244130
vt 0.217433 0.240703
vt 0.215122 0.240736
vt 0.217332 0.248822
vt 0.217580 0.252255
vt 0.218151 0.257864
vt 0.215621 0.235075
vt 0.192654 0.241071
vt 0.217862 0.235113
vt 0.218630 0.228410
vt 0.193980 0.228827
vt 0.218514 0.217066
vt 0.193158 0.235507
vt 0.195106 0.222080
vt 0.219640 0.090827
vt 0.197528 0.092700
vt 0.197758 0.097362
vt 0.220201 0.097034
vt 0.220715 0.103414
vt 0.198752 0.110485
vt 0.223472 0.110106
vt 0.198266 0.103750
vt 0.221492 0.117087
vt 0.199051 0.117438
vt 0.199003 0.124480
vt 0.221457 0.124127
vt 0.198880 0.132673
vt 0.221367 0.132326
vt 0.223652 0.132291
vt 0.223731 0.124092
vt 0.223748 0.117052
vt 0.223007 0.103380
vt 0.222444 0.097001
vt 0.221437 0.092354
vt 0.221441 0.142748
vt 0.223741 0.142714
vt 0.223962 0.153155
vt 0.221674 0.153188
vt 0.199190 0.153510
vt 0.198953 0.143083
vt 0.199557 0.161758
vt 0.199811 0.168878
vt 0.222249 0.168559
vt 0.222023 0.161440
vt 0.224282 0.161408
vt 0.224502 0.168527
vt 0.222155 0.175599
vt 0.224149 0.182312
vt 0.224425 0.175566
vt 0.221869 0.182346
vt 0.199709 0.175926
vt 0.199415 0.182682
vt 0.199093 0.188926
vt 0.198773 0.194993
vt 0.221012 0.199140
vt 0.221531 0.188583
vt 0.223414 0.194615
vt 0.223774 0.188549
vt 0.223182 0.200845
vt 0.223028 0.206071
vt 0.220725 0.206106
vt 0.198489 0.201221
vt 0.198278 0.206450
vt 0.198137 0.209525
vt 0.197855 0.211496
vt 0.220342 0.211110
vt 0.220621 0.209163
vt 0.222900 0.209126
vt 0.222615 0.211071
vt 0.219697 0.213011
vt 0.221051 0.216077
vt 0.221992 0.212970
vt 0.197211 0.213412
vt 0.196271 0.216523
vt 0.219812 0.221644
vt 0.410402 0.152387
vt 0.414776 0.156008
vt 0.414957 0.155684
vt 0.410613 0.152107
vt 0.405636 0.147461
vt 0.405418 0.147709
vt 0.410747 0.151788
vt 0.410978 0.151559
vt 0.406018 0.146927
vt 0.415247 0.155142
vt 0.417960 0.157182
vt 0.418050 0.156880
vt 0.420126 0.157317
vt 0.420110 0.157911
vt 0.422288 0.157304
vt 0.422214 0.156998
vt 0.425082 0.155395
vt 0.425349 0.155947
vt 0.429666 0.152257
vt 0.429497 0.151974
vt 0.434651 0.147521
vt 0.437100 0.145695
vt 0.439738 0.142817
vt 0.443842 0.138795
vt 0.446189 0.136699
vt 0.446049 0.136388
vt 0.447111 0.134693
vt 0.447585 0.135044
vt 0.448062 0.132940
vt 0.447778 0.132808
vt 0.448280 0.129814
vt 0.448678 0.129147
vt 0.448846 0.124793
vt 0.449301 0.118735
vt 0.449794 0.112613
vt 0.449468 0.112633
vt 0.448941 0.106455
vt 0.449533 0.106350
vt 0.447591 0.100040
vt 0.447314 0.100172
vt 0.444103 0.094789
vt 0.444521 0.094386
vt 0.438966 0.091042
vt 0.438826 0.091315
vt 0.431268 0.089371
vt 0.421222 0.088251
vt 0.421216 0.088575
vt 0.431386 0.088783
vt 0.411124 0.088996
vt 0.403319 0.090423
vt 0.403449 0.090701
vt 0.411029 0.088403
vt 0.398011 0.094058
vt 0.394357 0.099300
vt 0.394631 0.099438
vt 0.397606 0.093643
vt 0.392852 0.105708
vt 0.391894 0.111709
vt 0.392219 0.111735
vt 0.392263 0.105592
vt 0.392306 0.117727
vt 0.392794 0.128428
vt 0.392687 0.123893
vt 0.393175 0.129046
vt 0.393297 0.132128
vt 0.393583 0.132002
vt 0.394153 0.133792
vt 0.394916 0.135678
vt 0.395129 0.135445
vt 0.393672 0.134132
vt 0.397221 0.137887
vt 0.398286 0.139480
vt 0.401141 0.142042
vt 0.396828 0.138398
vt 0.400759 0.142572
vt 0.400534 0.142807
vt 0.396597 0.138613
vt 0.394425 0.136087
vt 0.394687 0.135897
vt 0.393335 0.134309
vt 0.392681 0.132242
vt 0.393003 0.132245
vt 0.392516 0.128902
vt 0.389886 0.133163
vt 0.389130 0.126887
vt 0.390659 0.135528
vt 0.393193 0.136866
vt 0.394386 0.140414
vt 0.391966 0.137646
vt 0.390356 0.135650
vt 0.394118 0.140611
vt 0.391684 0.137807
vt 0.391385 0.137936
vt 0.389722 0.135820
vt 0.391077 0.138050
vt 0.393540 0.140921
vt 0.390042 0.135742
vt 0.393834 0.140774
vt 0.399621 0.146849
vt 0.397652 0.145325
vt 0.402700 0.150411
vt 0.403217 0.150003
vt 0.398204 0.144963
vt 0.398455 0.144749
vt 0.403453 0.149775
vt 0.408643 0.154624
vt 0.408433 0.154874
vt 0.413183 0.158798
vt 0.413372 0.158489
vt 0.408205 0.155107
vt 0.407970 0.155333
vt 0.412835 0.159287
vt 0.416774 0.161181
vt 0.420004 0.162163
vt 0.420019 0.161575
vt 0.416668 0.161471
vt 0.416876 0.160888
vt 0.416970 0.160588
vt 0.420027 0.161228
vt 0.423117 0.160748
vt 0.423197 0.161051
vt 0.423285 0.161347
vt 0.426991 0.159130
vt 0.427319 0.159631
vt 0.423378 0.161641
vt 0.432132 0.155624
vt 0.432359 0.155859
vt 0.437843 0.151121
vt 0.441373 0.147396
vt 0.443117 0.146215
vt 0.447426 0.141945
vt 0.447137 0.141787
vt 0.449713 0.138987
vt 0.450017 0.139110
vt 0.451475 0.136842
vt 0.450882 0.136664
vt 0.452058 0.134215
vt 0.452382 0.134272
vt 0.453014 0.130655
vt 0.452686 0.130625
vt 0.453329 0.125060
vt 0.453645 0.125252
vt 0.454118 0.118864
vt 0.453951 0.112338
vt 0.454276 0.112294
vt 0.453603 0.105370
vt 0.453293 0.105461
vt 0.451309 0.098077
vt 0.451585 0.097923
vt 0.447635 0.091365
vt 0.447215 0.091783
vt 0.441022 0.087386
vt 0.441169 0.087112
vt 0.432342 0.084726
vt 0.421302 0.084096
vt 0.432209 0.085315
vt 0.421309 0.083773
vt 0.421290 0.084747
vt 0.432131 0.085660
vt 0.421296 0.084420
vt 0.440726 0.087935
vt 0.440874 0.087661
vt 0.446972 0.092019
vt 0.450746 0.098377
vt 0.451033 0.098228
vt 0.452660 0.105624
vt 0.452982 0.105546
vt 0.449883 0.106277
vt 0.444770 0.094145
vt 0.448148 0.099767
vt 0.453249 0.113917
vt 0.450445 0.112604
vt 0.447869 0.099906
vt 0.439258 0.090493
vt 0.439108 0.090769
vt 0.431461 0.088443
vt 0.410401 0.085257
vt 0.410966 0.088061
vt 0.401665 0.087264
vt 0.410336 0.084910
vt 0.401525 0.086983
vt 0.401387 0.086705
vt 0.410227 0.084318
vt 0.401250 0.086426
vt 0.394581 0.090537
vt 0.390689 0.097252
vt 0.394987 0.090966
vt 0.390418 0.097091
vt 0.391244 0.097566
vt 0.395222 0.091210
vt 0.390961 0.097410
vt 0.397363 0.093396
vt 0.393808 0.099015
vt 0.403048 0.089867
vt 0.391913 0.105512
vt 0.388419 0.112807
vt 0.391242 0.111692
vt 0.391567 0.111661
vt 0.394083 0.099160
vt 0.403186 0.090146
vt 0.421234 0.087602
vt 0.421228 0.087926
vt 0.391328 0.117780
vt 0.389150 0.104808
vt 0.388797 0.104715
vt 0.388066 0.111415
vt 0.388373 0.121542
vt 0.387741 0.111370
vt 0.388213 0.104536
vt 0.387417 0.111319
vt 0.387486 0.117780
vt 0.388610 0.128297
vt 0.387880 0.124257
vt 0.388421 0.129770
vt 0.389077 0.129719
vt 0.389585 0.133237
vt 0.389262 0.133295
vt 0.388936 0.133342
vt 0.450120 0.112570
vt 0.449286 0.129516
vt 0.450277 0.118802
vt 0.448949 0.129616
vt 0.448658 0.133171
vt 0.448353 0.133064
vt 0.446735 0.137048
vt 0.447916 0.135229
vt 0.446479 0.136851
vt 0.444218 0.139318
vt 0.440319 0.143602
vt 0.444444 0.139542
vt 0.440101 0.143359
vt 0.435014 0.148068
vt 0.430041 0.152822
vt 0.435223 0.148323
vt 0.429841 0.152535
vt 0.422439 0.157920
vt 0.425517 0.156277
vt 0.422363 0.157611
vt 0.417779 0.157791
vt 0.420100 0.158259
vt 0.417870 0.157485
vt 0.426814 0.158813
vt 0.431712 0.155125
vt 0.431913 0.155382
vt 0.437341 0.150694
vt 0.437113 0.150457
vt 0.442334 0.145612
vt 0.442578 0.145834
vt 0.446859 0.141614
vt 0.449141 0.138678
vt 0.446599 0.141409
vt 0.449418 0.138848
vt 0.451436 0.134065
vt 0.450547 0.136522
vt 0.451737 0.134148
vt 0.452360 0.130588
vt 0.452285 0.128414
vt 0.453121 0.123419
vt 0.453625 0.112377
vt 0.447940 0.137863
vt 0.943795 0.529751
vt 0.947775 0.530758
vt 0.948938 0.525072
vt 0.946306 0.535863
vt 0.941449 0.523280
vt 0.941803 0.534788
vt 0.933969 0.532566
vt 0.937096 0.527915
vt 0.933200 0.530221
vt 0.935332 0.527556
vt 0.932387 0.529894
vt 0.931517 0.531621
vt 0.932235 0.532000
vt 0.934408 0.527278
vt 0.931759 0.529310
vt 0.930908 0.531092
vt 0.930353 0.530488
vt 0.931236 0.528579
vt 0.933169 0.525854
vt 0.940397 0.519010
vt 0.936909 0.521384
vt 0.941586 0.516168
vt 0.947030 0.511941
vt 0.946329 0.511208
vt 0.950504 0.507344
vt 0.953830 0.506279
vt 0.953474 0.505417
vt 0.951104 0.508105
vt 0.955858 0.504889
vt 0.955896 0.505826
vt 0.957992 0.506109
vt 0.958277 0.505221
vt 0.955930 0.506648
vt 0.954250 0.507016
vt 0.954796 0.507505
vt 0.957634 0.506878
vt 0.957132 0.507408
vt 0.955957 0.507243
vt 0.955983 0.507840
vt 0.960360 0.508500
vt 0.958314 0.509388
vt 0.959297 0.508759
vt 0.960863 0.507708
vt 0.965258 0.511200
vt 0.963428 0.512053
vt 0.969646 0.516371
vt 0.962029 0.512562
vt 0.968605 0.516552
vt 0.967140 0.516767
vt 0.971752 0.521985
vt 0.973909 0.521519
vt 0.976542 0.526326
vt 0.978276 0.525835
vt 0.974896 0.521277
vt 0.979174 0.525495
vt 0.981426 0.527997
vt 0.981981 0.527337
vt 0.980642 0.528385
vt 0.972185 0.517432
vt 0.980054 0.530851
vt 0.981764 0.530165
vt 0.982455 0.529735
vt 0.982407 0.532236
vt 0.983062 0.531658
vt 0.983506 0.534707
vt 0.980619 0.532994
vt 0.981591 0.546011
vt 0.983738 0.545285
vt 0.984579 0.545961
vt 0.984269 0.552749
vt 0.985020 0.552223
vt 0.982532 0.559170
vt 0.984166 0.558955
vt 0.984896 0.558476
vt 0.985826 0.551870
vt 0.984306 0.535005
vt 0.986228 0.545279
vt 0.985660 0.558217
vt 0.986658 0.551602
vt 0.986442 0.558067
vt 0.984420 0.564627
vt 0.985104 0.564746
vt 0.982026 0.570501
vt 0.976188 0.573573
vt 0.976592 0.574194
vt 0.981473 0.570085
vt 0.980897 0.569759
vt 0.983737 0.564617
vt 0.983056 0.564822
vt 0.975731 0.573017
vt 0.975170 0.572594
vt 0.980278 0.569614
vt 0.973885 0.571587
vt 0.967209 0.573213
vt 0.967839 0.574247
vt 0.979012 0.569233
vt 0.968241 0.574857
vt 0.968528 0.575556
vt 0.958457 0.576498
vt 0.958425 0.575743
vt 0.958394 0.575058
vt 0.958350 0.573793
vt 0.948559 0.575575
vt 0.948903 0.574934
vt 0.949457 0.573850
vt 0.958147 0.564710
vt 0.951243 0.566823
vt 0.965130 0.566454
vt 0.970516 0.566876
vt 0.981083 0.565126
vt 0.974352 0.564949
vt 0.974016 0.550538
vt 0.972799 0.535838
vt 0.968955 0.548038
vt 0.963590 0.546544
vt 0.963263 0.538303
vt 0.957289 0.538762
vt 0.968283 0.537266
vt 0.957587 0.548708
vt 0.963083 0.536100
vt 0.968015 0.535056
vt 0.972425 0.533653
vt 0.957203 0.536570
vt 0.969993 0.528692
vt 0.966112 0.530019
vt 0.961849 0.531200
vt 0.957869 0.527605
vt 0.957023 0.532099
vt 0.964351 0.524419
vt 0.961714 0.518800
vt 0.956521 0.521961
vt 0.955608 0.516364
vt 0.951028 0.519305
vt 0.958089 0.514074
vt 0.953762 0.509598
vt 0.950289 0.513108
vt 0.945567 0.517750
vt 0.948903 0.512691
vt 0.952746 0.509038
vt 0.951679 0.508848
vt 0.944130 0.517614
vt 0.943094 0.517470
vt 0.939291 0.522961
vt 0.938295 0.522767
vt 0.953646 0.526511
vt 0.952131 0.531588
vt 0.951303 0.536537
vt 0.946216 0.537988
vt 0.951297 0.538718
vt 0.951473 0.547011
vt 0.946205 0.550506
vt 0.941611 0.536910
vt 0.933612 0.534619
vt 0.933400 0.547710
vt 0.931200 0.546603
vt 0.931778 0.533954
vt 0.931081 0.533482
vt 0.930407 0.533074
vt 0.929763 0.532510
vt 0.929337 0.535680
vt 0.928948 0.541032
vt 0.928669 0.547401
vt 0.928576 0.553621
vt 0.929420 0.553880
vt 0.930731 0.560160
vt 0.930247 0.554206
vt 0.929951 0.559992
vt 0.929166 0.559915
vt 0.931608 0.566331
vt 0.930935 0.566506
vt 0.934416 0.572121
vt 0.934942 0.571668
vt 0.940503 0.574836
vt 0.940145 0.575483
vt 0.948156 0.577053
vt 0.948329 0.576294
vt 0.958488 0.577288
vt 0.968759 0.576299
vt 0.935493 0.571298
vt 0.940916 0.574249
vt 0.941435 0.573783
vt 0.932288 0.566249
vt 0.932985 0.566355
vt 0.936095 0.571094
vt 0.934989 0.566456
vt 0.933183 0.560475
vt 0.931502 0.560510
vt 0.937344 0.570593
vt 0.945844 0.567575
vt 0.942651 0.572670
vt 0.941859 0.565739
vt 0.941272 0.551731
vt 0.931044 0.554500
vt 0.985629 0.539025
vt 0.984960 0.533816
vt 0.983697 0.531141
vt 0.984319 0.530624
vt 0.983545 0.528528
vt 0.982481 0.526608
vt 0.983029 0.529166
vt 0.980301 0.523993
vt 0.976184 0.519815
vt 0.971071 0.514986
vt 0.965905 0.510418
vt 0.961402 0.506901
vt 0.889615 0.636884
vt 0.889788 0.640197
vt 0.912484 0.640539
vt 0.914703 0.637228
vt 0.890293 0.645712
vt 0.912972 0.646164
vt 0.914864 0.640575
vt 0.915290 0.646118
vt 0.916056 0.652798
vt 0.915888 0.664187
vt 0.917235 0.659556
vt 0.918472 0.665109
vt 0.917056 0.668129
vt 0.919412 0.668172
vt 0.920036 0.670014
vt 0.917692 0.669972
vt 0.920321 0.671901
vt 0.918370 0.681900
vt 0.920604 0.680120
vt 0.920452 0.674910
vt 0.918073 0.674873
vt 0.920833 0.686341
vt 0.918881 0.692349
vt 0.921193 0.692385
vt 0.921563 0.698573
vt 0.918794 0.737639
vt 0.921160 0.737675
vt 0.921382 0.727303
vt 0.919039 0.727269
vt 0.921699 0.719151
vt 0.921069 0.748029
vt 0.918710 0.747992
vt 0.921144 0.756128
vt 0.896008 0.747635
vt 0.896131 0.755728
vt 0.921159 0.763053
vt 0.895879 0.769493
vt 0.920884 0.769884
vt 0.896179 0.762654
vt 0.920416 0.776518
vt 0.895392 0.776136
vt 0.894883 0.782475
vt 0.917547 0.782813
vt 0.896689 0.718792
vt 0.896322 0.726938
vt 0.921917 0.712147
vt 0.896943 0.711787
vt 0.921840 0.705224
vt 0.896546 0.698193
vt 0.896841 0.704855
vt 0.896225 0.691998
vt 0.895906 0.685952
vt 0.895624 0.679735
vt 0.892239 0.659104
vt 0.893404 0.664644
vt 0.894344 0.667714
vt 0.891114 0.652368
vt 0.919792 0.583478
vt 0.897243 0.584804
vt 0.896782 0.589383
vt 0.919169 0.593964
vt 0.896238 0.597572
vt 0.921289 0.597778
vt 0.896457 0.594483
vt 0.921499 0.594712
vt 0.921767 0.589613
vt 0.921423 0.585022
vt 0.917909 0.601683
vt 0.920271 0.601698
vt 0.920948 0.599782
vt 0.918606 0.599766
vt 0.919248 0.604798
vt 0.916651 0.605660
vt 0.917867 0.610359
vt 0.916514 0.617120
vt 0.913265 0.623723
vt 0.915576 0.623817
vt 0.915007 0.629379
vt 0.912620 0.629357
vt 0.914761 0.632732
vt 0.889670 0.632460
vt 0.889928 0.629141
vt 0.890572 0.623608
vt 0.891564 0.616935
vt 0.895200 0.601539
vt 0.894176 0.604645
vt 0.895897 0.599605
vt 0.892865 0.610196
vt 0.914704 0.634979
vt 0.889624 0.634672
vt 0.894988 0.669575
vt 0.895271 0.671490
vt 0.895413 0.674523
vt 0.896083 0.737295
vt 0.894652 0.787118
vt 0.916971 0.788993
vt 0.918830 0.787474
vt 0.919857 0.782848
vt 0.062522 0.477243
vt 0.065897 0.482666
vt 0.073627 0.480487
vt 0.083818 0.479368
vt 0.083517 0.473148
vt 0.066054 0.482933
vt 0.073709 0.480814
vt 0.060578 0.486382
vt 0.060840 0.486612
vt 0.066206 0.483198
vt 0.073844 0.481396
vt 0.061273 0.486992
vt 0.066354 0.483464
vt 0.058198 0.492321
vt 0.056756 0.498688
vt 0.057351 0.498752
vt 0.058480 0.492434
vt 0.057914 0.492205
vt 0.056940 0.504907
vt 0.057779 0.510970
vt 0.057266 0.504910
vt 0.056613 0.504893
vt 0.058708 0.521338
vt 0.059118 0.521983
vt 0.058445 0.516995
vt 0.058449 0.521819
vt 0.059372 0.525073
vt 0.059848 0.527125
vt 0.060313 0.526766
vt 0.059652 0.524934
vt 0.059084 0.525202
vt 0.061234 0.528707
vt 0.063584 0.530716
vt 0.061368 0.528396
vt 0.060951 0.528867
vt 0.063221 0.531246
vt 0.070339 0.537405
vt 0.072824 0.539212
vt 0.067724 0.534615
vt 0.067372 0.535163
vt 0.072469 0.539762
vt 0.077749 0.543909
vt 0.081963 0.547582
vt 0.082225 0.547030
vt 0.077916 0.543625
vt 0.077577 0.544188
vt 0.084907 0.548907
vt 0.084836 0.549213
vt 0.086962 0.549466
vt 0.086930 0.548877
vt 0.084976 0.548602
vt 0.084765 0.549520
vt 0.086981 0.549812
vt 0.081793 0.547923
vt 0.062996 0.531473
vt 0.067160 0.535405
vt 0.072264 0.540019
vt 0.060709 0.529057
vt 0.059524 0.527309
vt 0.061464 0.532824
vt 0.057661 0.528207
vt 0.058776 0.525312
vt 0.056850 0.511084
vt 0.058147 0.521741
vt 0.056291 0.504943
vt 0.056396 0.498637
vt 0.057625 0.492081
vt 0.051818 0.489420
vt 0.050048 0.504904
vt 0.051296 0.517939
vt 0.050592 0.511555
vt 0.052051 0.523386
vt 0.050258 0.497641
vt 0.055612 0.482026
vt 0.072004 0.474480
vt 0.095127 0.473372
vt 0.094085 0.479501
vt 0.104905 0.475276
vt 0.102039 0.480975
vt 0.083833 0.479691
vt 0.094034 0.479835
vt 0.083849 0.480014
vt 0.093955 0.480428
vt 0.083864 0.480337
vt 0.101780 0.481535
vt 0.101657 0.481812
vt 0.107083 0.484921
vt 0.110620 0.490053
vt 0.107481 0.484506
vt 0.110348 0.490188
vt 0.111169 0.489769
vt 0.107723 0.484255
vt 0.110892 0.489915
vt 0.101906 0.481256
vt 0.112570 0.496305
vt 0.113487 0.502366
vt 0.112925 0.496228
vt 0.113163 0.502338
vt 0.112837 0.502379
vt 0.111982 0.496414
vt 0.112513 0.502402
vt 0.112412 0.508367
vt 0.112189 0.519055
vt 0.112150 0.514523
vt 0.111829 0.519670
vt 0.111842 0.522724
vt 0.111552 0.522608
vt 0.112481 0.519530
vt 0.112455 0.522915
vt 0.112802 0.519072
vt 0.112139 0.522830
vt 0.111583 0.524700
vt 0.110927 0.526622
vt 0.111923 0.524854
vt 0.110674 0.526458
vt 0.110407 0.526287
vt 0.108672 0.528999
vt 0.111091 0.524379
vt 0.110217 0.526026
vt 0.108261 0.528506
vt 0.102391 0.535649
vt 0.104556 0.532776
vt 0.099968 0.537848
vt 0.095556 0.542994
vt 0.095363 0.542728
vt 0.100374 0.538361
vt 0.095973 0.543514
vt 0.100605 0.538597
vt 0.095756 0.543255
vt 0.105193 0.533508
vt 0.104959 0.533287
vt 0.091744 0.547060
vt 0.089155 0.549278
vt 0.091947 0.547381
vt 0.089052 0.548980
vt 0.088950 0.548683
vt 0.091427 0.546536
vt 0.088849 0.548386
vt 0.108916 0.529203
vt 0.113348 0.508416
vt 0.116740 0.486654
vt 0.119714 0.501886
vt 0.119349 0.514921
vt 0.118648 0.524291
vt 0.113865 0.525579
vt 0.114435 0.528555
vt 0.110568 0.530408
vt 0.109955 0.537528
vt 0.100115 0.548199
vt 0.091179 0.555264
vt 0.087317 0.556248
vt 0.095322 0.552617
vt 0.083369 0.555677
vt 0.078965 0.553469
vt 0.073731 0.549537
vt 0.068174 0.544722
vt 0.062799 0.539861
vt 0.058329 0.535601
vt 0.057405 0.531298
vt 0.055467 0.532614
vt 0.053758 0.530091
vt 0.052745 0.527226
vt 0.077385 0.544467
vt 0.105133 0.542878
vt 0.113944 0.532880
vt 0.116490 0.529689
vt 0.117941 0.527107
vt 0.118990 0.520482
vt 0.119623 0.508444
vt 0.118971 0.494779
vt 0.112294 0.479492
s 1
usemtl 1011
f 2/1/1 4/2/2 1/3/3
f 1/3/3 3/4/3 2/1/1
f 5/5/4 4/2/2 2/1/1
f 2/1/1 6/6/5 5/5/4
f 5/5/4 6/6/5 7/7/6
f 7/7/6 8/8/7 5/5/4
f 9/9/8 8/8/7 7/7/6
f 7/7/6 10/10/9 9/9/8
f 9/9/8 10/10/9 11/11/10
f 11/11/10 12/12/11 9/9/8
f 13/13/12 12/12/11 11/11/10
f 11/11/10 14/14/13 13/13/12
f 13/13/12 14/14/13 15/15/14
f 15/15/14 16/16/15 13/13/12
f 17/17/16 16/16/15 15/15/14
f 15/15/14 18/18/17 17/17/16
f 17/17/16 18/18/17 19/19/18
f 19/19/18 20/20/19 17/17/16
f 21/21/20 20/20/19 19/19/18
f 19/19/18 22/22/21 21/21/20
f 21/21/20 22/22/21 23/23/22
f 23/23/22 24/24/23 21/21/20
f 25/25/24 24/24/23 23/23/22
f 23/23/22 26/26/25 25/25/24
f 25/25/24 26/26/25 27/27/26
f 27/27/26 28/28/27 25/25/24
f 29/29/28 28/28/27 27/27/26
f 27/27/26 30/30/29 29/29/28
f 31/31/30 29/29/28 30/30/29
f 30/30/29 32/32/31 31/31/30
f 31/31/30 32/32/31 33/33/32
f 33/33/32 34/34/33 31/31/30
f 35/35/34 34/34/33 33/33/32
f 33/33/32 36/36/35 35/35/34
f 35/35/34 36/36/35 37/37/36
f 37/37/36 38/38/37 35/35/34
f 39/39/38 38/38/37 37/37/36
f 43/40/39 41/41/40 39/39/38
f 39/39/38 40/42/41 43/40/39
f 37/37/36 40/42/41 39/39/38
f 42/43/42 44/44/43 41/41/40
f 41/41/40 43/40/39 42/43/42
f 45/45/44 44/44/43 42/43/42
f 46/46/45 48/47/46 45/45/44
f 45/45/44 47/48/47 46/46/45
f 42/43/42 47/48/47 45/45/44
f 49/49/48 48/47/46 46/46/45
f 50/50/49 52/51/50 49/49/48
f 49/49/48 51/52/51 50/50/49
f 46/46/45 51/52/51 49/49/48
f 53/53/52 52/51/50 50/50/49
f 54/54/53 56/55/54 53/53/52
f 53/53/52 55/56/55 54/54/53
f 50/50/49 55/56/55 53/53/52
f 57/57/56 56/55/54 54/54/53
f 61/58/57 59/59/58 57/57/56
f 57/57/56 58/60/59 61/58/57
f 54/54/53 58/60/59 57/57/56
f 60/61/60 62/62/61 59/59/58
f 59/59/58 61/58/57 60/61/60
f 63/63/62 62/62/61 60/61/60
f 64/64/63 66/65/64 63/63/62
f 63/63/62 65/66/65 64/64/63
f 60/61/60 65/66/65 63/63/62
f 67/67/66 66/65/64 64/64/63
f 68/68/67 70/69/68 67/67/66
f 67/67/66 69/70/69 68/68/67
f 64/64/63 69/70/69 67/67/66
f 71/71/3 70/69/68 68/68/67
f 68/68/67 72/72/3 71/71/3
usemtl 1001
f 73/73/70 75/74/71 74/75/72
f 247/76/73 75/74/71 73/73/70
f 73/73/70 74/75/72 76/77/74
f 73/73/70 78/78/75 247/76/73
f 80/79/76 78/78/75 73/73/70
f 76/77/74 77/80/77 73/73/70
f 73/73/70 77/80/77 80/79/76
f 81/81/78 79/82/79 80/79/76
f 80/79/76 77/80/77 81/81/78
f 76/77/74 82/83/80 81/81/78
f 81/81/78 77/80/77 76/77/74
f 81/81/78 82/83/80 83/84/81
f 85/85/82 79/82/79 81/81/78
f 83/84/81 84/86/83 81/81/78
f 81/81/78 84/86/83 85/85/82
f 85/85/82 84/86/83 86/87/84
f 86/87/84 88/88/85 85/85/82
f 85/85/82 87/89/86 79/82/79
f 89/90/87 87/89/86 85/85/82
f 85/85/82 88/88/85 89/90/87
f 90/91/88 92/92/89 89/90/87
f 89/90/87 91/93/90 90/91/88
f 109/94/91 91/93/90 89/90/87
f 89/90/87 92/92/89 93/95/92
f 89/90/87 88/88/85 109/94/91
f 93/95/92 87/89/86 89/90/87
f 93/95/92 95/96/93 79/82/79
f 93/95/92 92/92/89 94/97/94
f 79/82/79 87/89/86 93/95/92
f 238/98/95 96/99/96 95/96/93
f 95/96/93 98/100/97 238/98/95
f 93/95/92 98/100/97 95/96/93
f 93/95/92 94/97/94 97/101/98
f 97/101/98 99/102/99 93/95/92
f 93/95/92 99/102/99 98/100/97
f 97/101/98 94/97/94 102/103/100
f 102/103/100 101/104/101 97/101/98
f 102/103/100 103/105/102 100/106/103
f 100/106/103 101/104/101 102/103/100
f 104/107/104 103/105/102 102/103/100
f 104/107/104 102/103/100 90/91/88
f 90/91/88 105/108/105 104/107/104
f 106/109/106 105/108/105 90/91/88
f 90/91/88 91/93/90 106/109/106
f 109/94/91 107/110/107 106/109/106
f 106/109/106 91/93/90 109/94/91
f 108/111/108 107/110/107 109/94/91
f 108/111/108 109/94/91 112/112/109
f 112/112/109 110/113/110 108/111/108
f 112/112/109 114/114/111 111/115/112
f 113/116/113 110/113/110 112/112/109
f 86/87/84 114/114/111 112/112/109
f 112/112/109 109/94/91 86/87/84
f 83/84/81 114/114/111 86/87/84
f 111/115/112 114/114/111 83/84/81
f 115/117/114 116/118/115 113/116/113
f 113/116/113 112/112/109 115/117/114
f 117/119/116 116/118/115 115/117/114
f 115/117/114 118/120/117 117/119/116
f 117/119/116 118/120/117 120/121/118
f 120/121/118 119/122/119 117/119/116
f 120/121/118 123/123/120 121/124/121
f 121/124/121 122/125/122 120/121/118
f 120/121/118 122/125/122 125/126/123
f 124/127/124 123/123/120 120/121/118
f 120/121/118 118/120/117 124/127/124
f 125/126/123 119/122/119 120/121/118
f 126/128/125 127/129/126 125/126/123
f 125/126/123 122/125/122 126/128/125
f 128/130/127 127/129/126 126/128/125
f 129/131/128 130/132/129 128/130/127
f 128/130/127 131/133/130 129/131/128
f 126/128/125 131/133/130 128/130/127
f 129/131/128 131/133/130 132/134/131
f 132/134/131 131/133/130 126/128/125
f 126/128/125 133/135/132 132/134/131
f 132/134/131 133/135/132 135/136/133
f 132/134/131 134/137/134 129/131/128
f 137/138/135 134/137/134 132/134/131
f 135/136/133 136/139/136 132/134/131
f 132/134/131 136/139/136 137/138/135
f 137/138/135 136/139/136 138/140/137
f 138/140/137 140/141/138 137/138/135
f 137/138/135 139/142/139 141/143/140
f 142/144/141 139/142/139 137/138/135
f 137/138/135 140/141/138 142/144/141
f 141/143/140 134/137/134 137/138/135
f 143/145/142 144/146/143 142/144/141
f 142/144/141 140/141/138 143/145/142
f 142/144/141 144/146/143 145/147/144
f 145/147/144 146/148/145 142/144/141
f 142/144/141 146/148/145 147/149/146
f 147/149/146 139/142/139 142/144/141
f 141/143/140 139/142/139 147/149/146
f 147/149/146 149/150/147 141/143/140
f 147/149/146 148/151/148 150/152/149
f 151/153/150 148/151/148 147/149/146
f 150/152/149 149/150/147 147/149/146
f 147/149/146 146/148/145 151/153/150
f 152/154/151 154/155/152 151/153/150
f 151/153/150 153/156/153 152/154/151
f 145/147/144 153/156/153 151/153/150
f 151/153/150 154/155/152 155/157/154
f 151/153/150 146/148/145 145/147/144
f 155/157/154 148/151/148 151/153/150
f 155/157/154 157/158/155 156/159/156
f 156/159/156 158/160/157 155/157/154
f 154/155/152 157/158/155 155/157/154
f 150/152/149 148/151/148 155/157/154
f 155/157/154 158/160/157 150/152/149
f 159/161/158 158/160/157 156/159/156
f 150/152/149 158/160/157 159/161/158
f 156/159/156 160/162/159 159/161/158
f 159/161/158 160/162/159 164/163/160
f 159/161/158 161/164/161 150/152/149
f 162/165/162 161/164/161 159/161/158
f 159/161/158 163/166/163 162/165/162
f 164/163/160 163/166/163 159/161/158
f 165/167/164 166/168/165 164/163/160
f 164/163/160 160/162/159 165/167/164
f 167/169/166 166/168/165 165/167/164
f 165/167/164 168/170/167 167/169/166
f 168/170/167 169/171/168 167/169/166
f 170/172/169 169/171/168 168/170/167
f 168/170/167 172/173/170 170/172/169
f 172/173/170 171/174/171 170/172/169
f 173/175/172 172/173/170 168/170/167
f 168/170/167 297/176/173 173/175/172
f 173/175/172 297/176/173 298/177/174
f 298/177/174 174/178/175 173/175/172
f 175/179/176 178/180/177 174/178/175
f 174/178/175 176/181/178 177/182/179
f 178/180/177 176/181/178 174/178/175
f 177/182/179 173/175/172 174/178/175
f 179/183/180 180/184/181 178/180/177
f 263/185/182 179/183/180 178/180/177
f 178/180/177 180/184/181 181/186/183
f 181/186/183 176/181/178 178/180/177
f 181/186/183 180/184/181 182/187/184
f 182/187/184 184/188/185 181/186/183
f 177/182/179 176/181/178 181/186/183
f 185/189/186 183/190/187 181/186/183
f 181/186/183 183/190/187 177/182/179
f 181/186/183 184/188/185 185/189/186
f 186/191/188 183/190/187 185/189/186
f 185/189/186 187/192/189 186/191/188
f 188/193/190 187/192/189 185/189/186
f 185/189/186 189/194/191 188/193/190
f 190/195/192 189/194/191 185/189/186
f 185/189/186 184/188/185 190/195/192
f 190/195/192 191/196/193 193/197/194
f 194/198/195 191/196/193 190/195/192
f 182/187/184 192/199/196 190/195/192
f 190/195/192 192/199/196 194/198/195
f 190/195/192 184/188/185 182/187/184
f 193/197/194 189/194/191 190/195/192
f 195/200/197 196/201/198 194/198/195
f 194/198/195 192/199/196 195/200/197
f 194/198/195 196/201/198 197/202/199
f 197/202/199 198/203/200 194/198/195
f 194/198/195 198/203/200 199/204/201
f 199/204/201 191/196/193 194/198/195
f 193/197/194 191/196/193 199/204/201
f 201/205/202 200/206/203 199/204/201
f 199/204/201 200/206/203 193/197/194
f 199/204/201 203/207/204 201/205/202
f 199/204/201 198/203/200 202/208/205
f 202/208/205 203/207/204 199/204/201
f 201/205/202 203/207/204 204/209/206
f 204/209/206 203/207/204 202/208/205
f 208/210/207 205/211/208 204/209/206
f 204/209/206 205/211/208 201/205/202
f 204/209/206 206/212/209 208/210/207
f 209/213/210 206/212/209 204/209/206
f 202/208/205 207/214/211 204/209/206
f 204/209/206 207/214/211 209/213/210
f 210/215/212 211/216/213 209/213/210
f 209/213/210 207/214/211 210/215/212
f 211/216/213 212/217/214 209/213/210
f 209/213/210 212/217/214 213/218/215
f 213/218/215 206/212/209 209/213/210
f 215/219/216 214/220/217 213/218/215
f 213/218/215 214/220/217 208/210/207
f 208/210/207 206/212/209 213/218/215
f 213/218/215 212/217/214 216/221/218
f 213/218/215 217/222/219 215/219/216
f 216/221/218 217/222/219 213/218/215
f 215/219/216 217/222/219 99/102/99
f 99/102/99 217/222/219 216/221/218
f 99/102/99 216/221/218 98/100/97
f 99/102/99 97/101/98 215/219/216
f 215/219/216 97/101/98 101/104/101
f 101/104/101 218/223/220 215/219/216
f 219/224/221 218/223/220 101/104/101
f 101/104/101 220/225/222 219/224/221
f 100/106/103 220/225/222 101/104/101
f 221/226/223 218/223/220 219/224/221
f 219/224/221 222/227/224 221/226/223
f 221/226/223 222/227/224 223/228/225
f 223/228/225 224/229/226 226/230/227
f 223/228/225 225/231/228 221/226/223
f 226/230/227 225/231/228 223/228/225
f 226/230/227 205/211/208 208/210/207
f 208/210/207 225/231/228 226/230/227
f 201/205/202 205/211/208 226/230/227
f 226/230/227 227/232/229 201/205/202
f 228/233/230 227/232/229 226/230/227
f 226/230/227 224/229/226 228/233/230
f 229/234/231 227/232/229 228/233/230
f 228/233/230 230/235/232 229/234/231
f 229/234/231 230/235/232 231/236/233
f 231/236/233 232/237/234 229/234/231
f 188/193/190 232/237/234 231/236/233
f 231/236/233 233/238/235 188/193/190
f 188/193/190 233/238/235 234/239/236
f 234/239/236 187/192/189 188/193/190
f 186/191/188 187/192/189 234/239/236
f 234/239/236 235/240/237 186/191/188
f 186/191/188 235/240/237 236/241/238
f 236/241/238 237/242/239 186/191/188
f 172/173/170 237/242/239 236/241/238
f 236/241/238 171/174/171 172/173/170
f 186/191/188 237/242/239 177/182/179
f 177/182/179 237/242/239 172/173/170
f 229/234/231 232/237/234 193/197/194
f 193/197/194 232/237/234 188/193/190
f 193/197/194 200/206/203 229/234/231
f 229/234/231 200/206/203 201/205/202
f 201/205/202 227/232/229 229/234/231
f 221/226/223 225/231/228 208/210/207
f 221/226/223 214/220/217 215/219/216
f 215/219/216 218/223/220 221/226/223
f 208/210/207 214/220/217 221/226/223
f 98/100/97 216/221/218 238/98/95
f 262/243/240 239/244/241 238/98/95
f 238/98/95 211/216/213 262/243/240
f 216/221/218 211/216/213 238/98/95
f 244/245/242 239/244/241 262/243/240
f 262/243/240 240/246/243 244/245/242
f 244/245/242 242/247/244 241/248/245
f 244/245/242 240/246/243 242/247/244
f 244/245/242 243/249/246 239/244/241
f 243/249/246 244/245/242 245/250/247
f 245/250/247 244/245/242 241/248/245
f 245/250/247 248/251/248 246/252/249
f 246/252/249 247/76/73 245/250/247
f 78/78/75 243/249/246 245/250/247
f 245/250/247 247/76/73 78/78/75
f 241/248/245 248/251/248 245/250/247
f 246/252/249 248/251/248 249/253/250
f 249/253/250 248/251/248 241/248/245
f 249/253/250 250/254/251 246/252/249
f 270/255/252 250/254/251 249/253/250
f 253/256/253 251/257/254 249/253/250
f 249/253/250 251/257/254 270/255/252
f 253/256/253 249/253/250 252/258/255
f 252/258/255 249/253/250 241/248/245
f 256/259/256 254/260/257 255/261/258
f 253/256/253 259/262/259 255/261/258
f 257/263/260 256/259/256 255/261/258
f 255/261/258 258/264/261 257/263/260
f 259/262/259 258/264/261 255/261/258
f 260/265/262 259/262/259 253/256/253
f 253/256/253 252/258/255 260/265/262
f 260/265/262 252/258/255 241/248/245
f 241/248/245 242/247/244 260/265/262
f 257/263/260 258/264/261 195/200/197
f 195/200/197 258/264/261 259/262/259
f 195/200/197 179/183/180 257/263/260
f 182/187/184 179/183/180 195/200/197
f 242/247/244 240/246/243 210/215/212
f 197/202/199 260/265/262 242/247/244
f 210/215/212 261/266/263 242/247/244
f 242/247/244 261/266/263 197/202/199
f 197/202/199 261/266/263 202/208/205
f 202/208/205 261/266/263 210/215/212
f 210/215/212 240/246/243 262/243/240
f 262/243/240 211/216/213 210/215/212
f 259/262/259 260/265/262 197/202/199
f 259/262/259 196/201/198 195/200/197
f 197/202/199 196/201/198 259/262/259
f 257/263/260 179/183/180 263/185/182
f 263/185/182 256/259/256 257/263/260
f 263/185/182 254/260/257 256/259/256
f 263/185/182 264/267/264 254/260/257
f 265/268/265 264/267/264 263/185/182
f 175/179/176 265/268/265 263/185/182
f 298/177/174 265/268/265 175/179/176
f 266/269/266 254/260/257 264/267/264
f 264/267/264 265/268/265 154/155/152
f 154/155/152 152/154/151 264/267/264
f 264/267/264 152/154/151 266/269/266
f 267/270/267 254/260/257 266/269/266
f 266/269/266 268/271/268 267/270/267
f 272/272/269 269/273/270 268/271/268
f 268/271/268 269/273/270 271/274/271
f 271/274/271 270/255/252 268/271/268
f 268/271/268 266/269/266 272/272/269
f 152/154/151 153/156/153 272/272/269
f 272/272/269 266/269/266 152/154/151
f 273/275/272 269/273/270 272/272/269
f 145/147/144 273/275/272 272/272/269
f 272/272/269 153/156/153 145/147/144
f 274/276/273 273/275/272 145/147/144
f 274/276/273 144/146/143 143/145/142
f 145/147/144 144/146/143 274/276/273
f 274/276/273 143/145/142 275/277/274
f 276/278/275 274/276/273 275/277/274
f 273/275/272 274/276/273 276/278/275
f 74/75/72 277/279/276 276/278/275
f 276/278/275 281/280/277 74/75/72
f 275/277/274 281/280/277 276/278/275
f 276/278/275 277/279/276 278/281/278
f 276/278/275 278/281/278 273/275/272
f 273/275/272 278/281/278 271/274/271
f 278/281/278 277/279/276 279/282/279
f 279/282/279 280/283/280 278/281/278
f 278/281/278 280/283/280 271/274/271
f 250/254/251 280/283/280 279/282/279
f 271/274/271 280/283/280 250/254/251
f 279/282/279 246/252/249 250/254/251
f 250/254/251 270/255/252 271/274/271
f 247/76/73 246/252/249 279/282/279
f 279/282/279 75/74/71 247/76/73
f 74/75/72 75/74/71 279/282/279
f 279/282/279 277/279/276 74/75/72
f 76/77/74 74/75/72 281/280/277
f 275/277/274 282/284/281 281/280/277
f 282/284/281 283/285/282 281/280/277
f 281/280/277 283/285/282 76/77/74
f 76/77/74 283/285/282 284/286/283
f 284/286/283 283/285/282 282/284/281
f 282/284/281 285/287/284 284/286/283
f 284/286/283 285/287/284 286/288/285
f 284/286/283 82/83/80 76/77/74
f 83/84/81 82/83/80 284/286/283
f 286/288/285 287/289/286 284/286/283
f 284/286/283 287/289/286 83/84/81
f 83/84/81 287/289/286 111/115/112
f 111/115/112 287/289/286 286/288/285
f 286/288/285 288/290/287 124/127/124
f 290/291/288 288/290/287 286/288/285
f 124/127/124 289/292/289 286/288/285
f 286/288/285 289/292/289 111/115/112
f 286/288/285 285/287/284 290/291/288
f 290/291/288 295/293/290 291/294/291
f 282/284/281 295/293/290 290/291/288
f 290/291/288 285/287/284 282/284/281
f 292/295/292 288/290/287 290/291/288
f 292/295/292 290/291/288 293/296/293
f 292/295/292 123/123/120 124/127/124
f 124/127/124 288/290/287 292/295/292
f 293/296/293 294/297/294 292/295/292
f 292/295/292 294/297/294 121/124/121
f 121/124/121 123/123/120 292/295/292
f 135/136/133 294/297/294 293/296/293
f 121/124/121 294/297/294 135/136/133
f 293/296/293 290/291/288 291/294/291
f 293/296/293 138/140/137 135/136/133
f 291/294/291 138/140/137 293/296/293
f 143/145/142 291/294/291 295/293/290
f 275/277/274 143/145/142 295/293/290
f 295/293/290 282/284/281 275/277/274
f 138/140/137 291/294/291 143/145/142
f 115/117/114 289/292/289 124/127/124
f 111/115/112 289/292/289 115/117/114
f 271/274/271 269/273/270 273/275/272
f 267/270/267 268/271/268 270/255/252
f 267/270/267 255/261/258 254/260/257
f 267/270/267 251/257/254 253/256/253
f 253/256/253 255/261/258 267/270/267
f 270/255/252 251/257/254 267/270/267
f 154/155/152 265/268/265 296/298/295
f 296/298/295 299/299/296 156/159/156
f 156/159/156 157/158/155 296/298/295
f 296/298/295 298/177/174 297/176/173
f 297/176/173 299/299/296 296/298/295
f 265/268/265 298/177/174 296/298/295
f 296/298/295 157/158/155 154/155/152
f 165/167/164 299/299/296 297/176/173
f 156/159/156 299/299/296 165/167/164
f 297/176/173 168/170/167 165/167/164
f 96/99/96 243/249/246 78/78/75
f 243/249/246 96/99/96 238/98/95
f 239/244/241 243/249/246 238/98/95
f 216/221/218 212/217/214 211/216/213
f 210/215/212 207/214/211 202/208/205
f 202/208/205 198/203/200 197/202/199
f 195/200/197 192/199/196 182/187/184
f 188/193/190 189/194/191 193/197/194
f 177/182/179 183/190/187 186/191/188
f 182/187/184 180/184/181 179/183/180
f 263/185/182 178/180/177 175/179/176
f 172/173/170 173/175/172 177/182/179
f 175/179/176 174/178/175 298/177/174
f 165/167/164 160/162/159 156/159/156
f 162/165/162 300/300/297 161/164/161
f 161/164/161 300/300/297 301/301/298
f 301/301/298 302/302/299 161/164/161
f 129/131/128 302/302/299 301/301/298
f 301/301/298 130/132/129 129/131/128
f 161/164/161 302/302/299 141/143/140
f 141/143/140 302/302/299 129/131/128
f 141/143/140 149/150/147 161/164/161
f 161/164/161 149/150/147 150/152/149
f 143/145/142 140/141/138 138/140/137
f 129/131/128 134/137/134 141/143/140
f 138/140/137 136/139/136 135/136/133
f 135/136/133 133/135/132 121/124/121
f 121/124/121 133/135/132 126/128/125
f 126/128/125 122/125/122 121/124/121
f 124/127/124 118/120/117 115/117/114
f 115/117/114 112/112/109 111/115/112
f 90/91/88 102/103/100 94/97/94
f 79/82/79 95/96/93 96/99/96
f 96/99/96 80/79/76 79/82/79
f 78/78/75 80/79/76 96/99/96
f 94/97/94 92/92/89 90/91/88
f 109/94/91 88/88/85 86/87/84
f 86/87/84 84/86/83 83/84/81
f 313/303/300 314/304/301 315/305/302
f 315/305/302 317/306/303 313/303/300
f 317/306/303 316/307/304 311/308/305
f 317/306/303 312/309/306 313/303/300
f 311/308/305 312/309/306 317/306/303
f 311/308/305 316/307/304 325/310/307
f 325/310/307 310/311/308 311/308/305
f 309/312/309 310/311/308 325/310/307
f 325/310/307 318/313/310 309/312/309
f 309/312/309 318/313/310 320/314/311
f 320/314/311 308/315/312 309/312/309
f 307/316/313 308/315/312 320/314/311
f 320/314/311 321/317/314 319/318/315
f 322/319/316 321/317/314 320/314/311
f 322/319/316 320/314/311 318/313/310
f 318/313/310 323/320/317 322/319/316
f 324/321/318 323/320/317 318/313/310
f 318/313/310 325/310/307 324/321/318
f 324/321/318 325/310/307 316/307/304
f 316/307/304 326/322/319 324/321/318
f 327/323/320 326/322/319 316/307/304
f 316/307/304 317/306/303 327/323/320
f 317/306/303 328/324/321 327/323/320
f 329/325/322 328/324/321 317/306/303
f 317/306/303 315/305/302 329/325/322
f 320/314/311 330/326/323 305/327/324
f 320/314/311 306/328/325 307/316/313
f 305/327/324 306/328/325 320/314/311
f 305/327/324 330/326/323 332/329/326
f 332/329/326 303/330/327 305/327/324
f 332/329/326 331/331/328 304/332/329
f 304/332/329 303/330/327 332/329/326
f 304/332/329 331/331/328 342/333/330
f 342/333/330 414/334/331 304/332/329
f 333/335/332 414/334/331 342/333/330
f 342/333/330 335/336/333 333/335/332
f 333/335/332 335/336/333 334/337/334
f 334/337/334 413/338/335 333/335/332
f 334/337/334 336/339/336 412/340/337
f 412/340/337 413/338/335 334/337/334
f 336/339/336 338/341/338 337/342/339
f 337/342/339 346/343/340 336/339/336
f 339/344/127 338/341/338 336/339/336
f 336/339/336 334/337/334 339/344/127
f 339/344/127 334/337/334 335/336/333
f 335/336/333 340/345/126 339/344/127
f 341/346/123 340/345/126 335/336/333
f 335/336/333 342/333/330 341/346/123
f 341/346/123 342/333/330 331/331/328
f 331/331/328 343/347/341 341/346/123
f 344/348/116 343/347/341 331/331/328
f 331/331/328 332/329/326 344/348/116
f 344/348/116 332/329/326 330/326/323
f 330/326/323 345/349/115 344/348/116
f 319/318/315 345/349/115 330/326/323
f 412/340/337 336/339/336 346/343/340
f 346/343/340 411/350/342 412/340/337
f 410/351/343 411/350/342 346/343/340
f 410/351/343 346/343/340 348/352/344
f 348/352/344 350/353/345 410/351/343
f 348/352/344 347/354/346 349/355/347
f 349/355/347 350/353/345 348/352/344
f 349/355/347 347/354/346 362/356/348
f 362/356/348 351/357/349 349/355/347
f 352/358/350 351/357/349 362/356/348
f 362/356/348 355/359/351 352/358/350
f 352/358/350 355/359/351 354/360/352
f 354/360/352 353/361/353 352/358/350
f 354/360/352 357/362/354 409/363/355
f 409/363/355 353/361/353 354/360/352
f 357/362/354 358/364/356 356/365/357
f 359/366/358 358/364/356 357/362/354
f 357/362/354 354/360/352 359/366/358
f 359/366/358 354/360/352 355/359/351
f 355/359/351 360/367/165 359/366/358
f 361/368/359 360/367/165 355/359/351
f 355/359/351 362/356/348 361/368/359
f 361/368/359 362/356/348 347/354/346
f 347/354/346 363/369/163 361/368/359
f 364/370/360 363/369/163 347/354/346
f 347/354/346 348/352/344 364/370/360
f 364/370/360 348/352/344 346/343/340
f 346/343/340 365/371/361 364/370/360
f 337/342/339 365/371/361 346/343/340
f 408/372/362 357/362/354 366/373/363
f 408/372/362 366/373/363 407/374/364
f 409/363/355 357/362/354 408/372/362
f 407/374/364 366/373/363 368/375/365
f 368/375/365 370/376/366 407/374/364
f 368/375/365 367/377/367 369/378/368
f 369/378/368 370/376/366 368/375/365
f 369/378/368 367/377/367 395/379/369
f 395/379/369 371/380/370 369/378/368
f 382/381/371 381/382/372 380/383/373
f 380/383/373 383/384/374 382/381/371
f 384/385/375 383/384/374 380/383/373
f 378/386/376 385/387/377 384/385/375
f 384/385/375 379/388/378 378/386/376
f 380/383/373 379/388/378 384/385/375
f 386/389/379 377/390/380 376/391/381
f 378/386/376 377/390/380 386/389/379
f 386/389/379 385/387/377 378/386/376
f 376/391/381 387/392/382 386/389/379
f 388/393/383 387/392/382 376/391/381
f 374/394/384 389/395/385 388/393/383
f 376/391/381 375/396/386 388/393/383
f 388/393/383 375/396/386 374/394/384
f 374/394/384 373/397/387 392/398/388
f 392/398/388 389/395/385 374/394/384
f 392/398/388 373/397/387 372/399/389
f 372/399/389 371/380/370 395/379/369
f 395/379/369 390/400/390 372/399/389
f 372/399/389 390/400/390 392/398/388
f 390/400/390 393/401/391 391/402/233
f 391/402/233 392/398/388 390/400/390
f 394/403/236 393/401/391 390/400/390
f 390/400/390 395/379/369 394/403/236
f 394/403/236 395/379/369 367/377/367
f 367/377/367 396/404/237 394/403/236
f 397/405/392 396/404/237 367/377/367
f 367/377/367 368/375/365 397/405/392
f 397/405/392 368/375/365 366/373/363
f 366/373/363 398/406/393 397/405/392
f 356/365/357 398/406/393 366/373/363
f 389/395/385 392/398/388 391/402/233
f 391/402/233 399/407/232 389/395/385
f 389/395/385 399/407/232 400/408/230
f 400/408/230 388/393/383 389/395/385
f 387/392/382 388/393/383 400/408/230
f 400/408/230 401/409/226 387/392/382
f 387/392/382 401/409/226 402/410/225
f 385/387/377 386/389/379 402/410/225
f 402/410/225 403/411/394 385/387/377
f 402/410/225 386/389/379 387/392/382
f 385/387/377 403/411/394 404/412/395
f 383/384/374 384/385/375 404/412/395
f 404/412/395 405/413/396 383/384/374
f 404/412/395 384/385/375 385/387/377
f 383/384/374 405/413/396 406/414/397
f 406/414/397 382/381/371 383/384/374
f 366/373/363 357/362/354 356/365/357
f 330/326/323 320/314/311 319/318/315
f 416/415/398 418/416/399 415/417/400
f 415/417/400 417/418/401 416/415/398
f 420/419/402 417/418/401 415/417/400
f 415/417/400 418/416/399 419/420/403
f 419/420/403 424/421/404 415/417/400
f 415/417/400 424/421/404 423/422/405
f 423/422/405 420/419/402 415/417/400
f 423/422/405 425/423/406 421/424/407
f 421/424/407 420/419/402 423/422/405
f 422/425/408 425/423/406 423/422/405
f 421/424/407 425/423/406 428/426/409
f 428/426/409 425/423/406 422/425/408
f 422/425/408 426/427/410 428/426/409
f 428/426/409 427/428/411 421/424/407
f 427/428/411 428/426/409 429/429/412
f 429/429/412 428/426/409 426/427/410
f 429/429/412 430/430/413 427/428/411
f 426/427/410 537/431/414 429/429/412
f 435/432/415 430/430/413 429/429/412
f 537/431/414 431/433/416 429/429/412
f 429/429/412 431/433/416 435/432/415
f 432/434/417 430/430/413 435/432/415
f 433/435/418 432/434/417 435/432/415
f 434/436/419 432/434/417 433/435/418
f 434/436/419 436/437/420 432/434/417
f 437/438/421 436/437/420 434/436/419
f 437/438/421 439/439/422 438/440/423
f 438/440/423 440/441/424 437/438/421
f 434/436/419 439/439/422 437/438/421
f 541/442/425 441/443/426 440/441/424
f 441/443/426 443/444/427 442/445/428
f 442/445/428 440/441/424 441/443/426
f 541/442/425 542/446/429 441/443/426
f 441/443/426 542/446/429 567/447/430
f 567/447/430 444/448/431 441/443/426
f 446/449/432 445/450/433 444/448/431
f 444/448/431 445/450/433 443/444/427
f 444/448/431 570/451/434 446/449/432
f 443/444/427 441/443/426 444/448/431
f 569/452/435 447/453/436 446/449/432
f 446/449/432 570/451/434 569/452/435
f 446/449/432 447/453/436 453/454/437
f 453/454/437 448/455/438 446/449/432
f 446/449/432 448/455/438 449/456/439
f 449/456/439 445/450/433 446/449/432
f 443/444/427 445/450/433 449/456/439
f 450/457/440 443/444/427 449/456/439
f 449/456/439 448/455/438 452/458/441
f 449/456/439 451/459/442 450/457/440
f 452/458/441 451/459/442 449/456/439
f 585/460/443 454/461/444 452/458/441
f 452/458/441 453/454/437 585/460/443
f 452/458/441 454/461/444 455/462/445
f 452/458/441 448/455/438 453/454/437
f 455/462/445 451/459/442 452/458/441
f 455/462/445 454/461/444 457/463/446
f 455/462/445 458/464/447 456/465/448
f 456/465/448 459/466/449 455/462/445
f 457/463/446 458/464/447 455/462/445
f 450/457/440 451/459/442 455/462/445
f 455/462/445 459/466/449 450/457/440
f 459/466/449 456/465/448 418/416/399
f 418/416/399 416/415/398 459/466/449
f 459/466/449 416/415/398 460/467/450
f 460/467/450 450/457/440 459/466/449
f 460/467/450 461/468/451 462/469/452
f 416/415/398 461/468/451 460/467/450
f 462/469/452 442/445/428 460/467/450
f 460/467/450 442/445/428 443/444/427
f 443/444/427 450/457/440 460/467/450
f 462/469/452 461/468/451 463/470/453
f 463/470/453 464/471/454 462/469/452
f 464/471/454 465/472/455 432/434/417
f 437/438/421 462/469/452 464/471/454
f 464/471/454 436/437/420 437/438/421
f 432/434/417 436/437/420 464/471/454
f 432/434/417 465/472/455 427/428/411
f 463/470/453 466/473/456 465/472/455
f 465/472/455 466/473/456 421/424/407
f 421/424/407 427/428/411 465/472/455
f 465/472/455 464/471/454 463/470/453
f 421/424/407 466/473/456 420/419/402
f 420/419/402 466/473/456 463/470/453
f 463/470/453 461/468/451 416/415/398
f 463/470/453 417/418/401 420/419/402
f 416/415/398 417/418/401 463/470/453
f 442/445/428 462/469/452 437/438/421
f 418/416/399 456/465/448 467/474/457
f 467/474/457 469/475/458 468/476/459
f 467/474/457 419/420/403 418/416/399
f 468/476/459 419/420/403 467/474/457
f 469/475/458 467/474/457 470/477/460
f 470/477/460 467/474/457 456/465/448
f 456/465/448 458/464/447 470/477/460
f 470/477/460 458/464/447 457/463/446
f 457/463/446 471/478/461 470/477/460
f 470/477/460 471/478/461 473/479/462
f 473/479/462 472/480/463 470/477/460
f 470/477/460 472/480/463 469/475/458
f 474/481/464 476/482/465 473/479/462
f 473/479/462 475/483/466 474/481/464
f 477/484/467 475/483/466 473/479/462
f 473/479/462 476/482/465 478/485/468
f 473/479/462 471/478/461 477/484/467
f 478/485/468 472/480/463 473/479/462
f 469/475/458 472/480/463 478/485/468
f 481/486/469 479/487/470 478/485/468
f 478/485/468 479/487/470 505/488/471
f 478/485/468 476/482/465 481/486/469
f 478/485/468 480/489/472 469/475/458
f 505/488/471 480/489/472 478/485/468
f 474/481/464 482/490/473 481/486/469
f 481/486/469 476/482/465 474/481/464
f 481/486/469 482/490/473 483/491/474
f 483/491/474 484/492/475 481/486/469
f 481/486/469 484/492/475 485/493/476
f 485/493/476 479/487/470 481/486/469
f 485/493/476 484/492/475 486/494/477
f 485/493/476 487/495/478 505/488/471
f 505/488/471 479/487/470 485/493/476
f 486/494/477 487/495/478 485/493/476
f 505/488/471 487/495/478 488/496/479
f 488/496/479 487/495/478 486/494/477
f 488/496/479 489/497/480 490/498/481
f 486/494/477 489/497/480 488/496/479
f 488/496/479 491/499/482 503/500/483
f 503/500/483 504/501/484 488/496/479
f 490/498/481 491/499/482 488/496/479
f 488/496/479 504/501/484 505/488/471
f 503/500/483 491/499/482 492/502/485
f 492/502/485 491/499/482 490/498/481
f 492/502/485 496/503/486 493/504/487
f 493/504/487 502/505/488 492/502/485
f 492/502/485 495/506/489 494/507/490
f 494/507/490 496/503/486 492/502/485
f 490/498/481 495/506/489 492/502/485
f 492/502/485 502/505/488 503/500/483
f 497/508/491 496/503/486 494/507/490
f 493/504/487 496/503/486 497/508/491
f 494/507/490 498/509/492 497/508/491
f 497/508/491 501/510/493 493/504/487
f 497/508/491 498/509/492 499/511/494
f 499/511/494 500/512/495 497/508/491
f 497/508/491 500/512/495 501/510/493
f 501/510/493 426/427/410 422/425/408
f 422/425/408 493/504/487 501/510/493
f 502/505/488 493/504/487 422/425/408
f 424/421/404 503/500/483 502/505/488
f 422/425/408 423/422/405 502/505/488
f 502/505/488 423/422/405 424/421/404
f 504/501/484 503/500/483 424/421/404
f 468/476/459 505/488/471 504/501/484
f 424/421/404 468/476/459 504/501/484
f 419/420/403 468/476/459 424/421/404
f 480/489/472 505/488/471 468/476/459
f 468/476/459 469/475/458 480/489/472
f 426/427/410 501/510/493 506/513/496
f 506/513/496 537/431/414 426/427/410
f 507/514/497 506/513/496 501/510/493
f 501/510/493 500/512/495 507/514/497
f 507/514/497 500/512/495 499/511/494
f 499/511/494 508/515/498 507/514/497
f 507/514/497 508/515/498 509/516/499
f 510/517/500 511/518/501 509/516/499
f 509/516/499 508/515/498 510/517/500
f 507/514/497 513/519/502 506/513/496
f 514/520/503 512/521/504 507/514/497
f 507/514/497 512/521/504 513/519/502
f 507/514/497 509/516/499 514/520/503
f 514/520/503 509/516/499 511/518/501
f 514/520/503 511/518/501 515/522/505
f 512/521/504 514/520/503 518/523/506
f 512/521/504 516/524/507 513/519/502
f 512/521/504 517/525/508 516/524/507
f 518/523/506 517/525/508 512/521/504
f 519/526/509 521/527/510 518/523/506
f 518/523/506 520/528/511 519/526/509
f 515/522/505 520/528/511 518/523/506
f 518/523/506 521/527/510 522/529/512
f 518/523/506 514/520/503 515/522/505
f 522/529/512 517/525/508 518/523/506
f 522/529/512 521/527/510 523/530/513
f 523/530/513 525/531/514 522/529/512
f 522/529/512 525/531/514 524/532/515
f 524/532/515 535/533/516 522/529/512
f 516/524/507 517/525/508 522/529/512
f 522/529/512 535/533/516 516/524/507
f 526/534/517 525/531/514 523/530/513
f 524/532/515 525/531/514 526/534/517
f 526/534/517 527/535/518 528/536/519
f 523/530/513 527/535/518 526/534/517
f 528/536/519 529/537/520 526/534/517
f 526/534/517 530/538/521 524/532/515
f 526/534/517 529/537/520 532/539/522
f 532/539/522 530/538/521 526/534/517
f 530/538/521 532/539/522 534/540/523
f 534/540/523 533/541/524 530/538/521
f 530/538/521 535/533/516 524/532/515
f 531/542/525 535/533/516 530/538/521
f 530/538/521 533/541/524 531/542/525
f 431/433/416 536/543/526 531/542/525
f 531/542/525 533/541/524 431/433/416
f 531/542/525 536/543/526 538/544/527
f 538/544/527 535/533/516 531/542/525
f 516/524/507 535/533/516 538/544/527
f 513/519/502 516/524/507 538/544/527
f 431/433/416 537/431/414 536/543/526
f 536/543/526 537/431/414 538/544/527
f 506/513/496 513/519/502 538/544/527
f 537/431/414 506/513/496 538/544/527
f 431/433/416 533/541/524 534/540/523
f 431/433/416 534/540/523 435/432/415
f 435/432/415 534/540/523 540/545/528
f 540/545/528 548/546/529 434/436/419
f 434/436/419 433/435/418 540/545/528
f 540/545/528 433/435/418 435/432/415
f 548/546/529 539/547/530 439/439/422
f 434/436/419 548/546/529 439/439/422
f 439/439/422 539/547/530 545/548/531
f 545/548/531 438/440/423 439/439/422
f 541/442/425 438/440/423 545/548/531
f 541/442/425 543/549/532 542/446/429
f 541/442/425 546/550/533 543/549/532
f 545/548/531 546/550/533 541/442/425
f 544/551/534 546/550/533 547/552/535
f 547/552/535 546/550/533 545/548/531
f 547/552/535 539/547/530 548/546/529
f 545/548/531 539/547/530 547/552/535
f 548/546/529 549/553/536 547/552/535
f 550/554/537 549/553/536 548/546/529
f 550/554/537 540/545/528 534/540/523
f 534/540/523 532/539/522 550/554/537
f 548/546/529 540/545/528 550/554/537
f 549/553/536 550/554/537 551/555/538
f 551/555/538 550/554/537 532/539/522
f 551/555/538 529/537/520 528/536/519
f 528/536/519 553/556/539 551/555/538
f 551/555/538 554/557/540 549/553/536
f 532/539/522 529/537/520 551/555/538
f 551/555/538 553/556/539 552/558/541
f 552/558/541 554/557/540 551/555/538
f 549/553/536 554/557/540 555/559/542
f 555/559/542 554/557/540 552/558/541
f 555/559/542 556/560/543 544/551/534
f 544/551/534 547/552/535 555/559/542
f 555/559/542 547/552/535 549/553/536
f 552/558/541 557/561/544 555/559/542
f 558/562/545 556/560/543 555/559/542
f 555/559/542 557/561/544 558/562/545
f 559/563/546 560/564/547 558/562/545
f 558/562/545 557/561/544 559/563/546
f 558/562/545 560/564/547 561/565/548
f 561/565/548 562/566/549 558/562/545
f 558/562/545 562/566/549 563/567/550
f 563/567/550 556/560/543 558/562/545
f 563/567/550 546/550/533 544/551/534
f 544/551/534 556/560/543 563/567/550
f 563/567/550 565/568/551 543/549/532
f 543/549/532 546/550/533 563/567/550
f 563/567/550 562/566/549 564/569/552
f 564/569/552 565/568/551 563/567/550
f 543/549/532 565/568/551 566/570/553
f 566/570/553 565/568/551 564/569/552
f 564/569/552 568/571/554 566/570/553
f 568/571/554 567/447/430 566/570/553
f 566/570/553 567/447/430 542/446/429
f 542/446/429 543/549/532 566/570/553
f 568/571/554 571/572/555 569/452/435
f 569/452/435 570/451/434 568/571/554
f 568/571/554 570/451/434 567/447/430
f 571/572/555 574/573/556 572/574/557
f 572/574/557 573/575/558 571/572/555
f 571/572/555 573/575/558 575/576/559
f 564/569/552 574/573/556 571/572/555
f 571/572/555 568/571/554 564/569/552
f 569/452/435 571/572/555 575/576/559
f 575/576/559 576/577/560 569/452/435
f 569/452/435 576/577/560 577/578/561
f 577/578/561 578/579/562 569/452/435
f 569/452/435 578/579/562 579/580/563
f 579/580/563 447/453/436 569/452/435
f 453/454/437 447/453/436 579/580/563
f 579/580/563 580/581/564 453/454/437
f 453/454/437 580/581/564 581/582/565
f 585/460/443 453/454/437 581/582/565
f 581/582/565 582/583/566 585/460/443
f 585/460/443 582/583/566 583/584/567
f 477/484/467 585/460/443 583/584/567
f 583/584/567 584/585/568 477/484/467
f 457/463/446 585/460/443 477/484/467
f 477/484/467 584/585/568 586/586/569
f 474/481/464 475/483/466 586/586/569
f 586/586/569 587/587/570 474/481/464
f 586/586/569 475/483/466 477/484/467
f 474/481/464 587/587/570 588/588/571
f 483/491/474 482/490/473 588/588/571
f 588/588/571 589/589/572 483/491/474
f 588/588/571 482/490/473 474/481/464
f 483/491/474 589/589/572 590/590/573
f 590/590/573 591/591/574 483/491/474
f 592/592/575 591/591/574 590/590/573
f 590/590/573 593/593/576 592/592/575
f 592/592/575 593/593/576 594/594/577
f 594/594/577 595/595/578 592/592/575
f 594/594/577 596/596/579 595/595/578
f 595/595/578 596/596/579 597/597/580
f 597/597/580 599/598/581 598/599/582
f 597/597/580 598/599/582 595/595/578
f 595/595/578 598/599/582 494/507/490
f 598/599/582 599/598/581 600/600/583
f 510/517/500 601/601/584 600/600/583
f 600/600/583 601/601/584 598/599/582
f 600/600/583 602/602/585 510/517/500
f 510/517/500 602/602/585 603/603/586
f 603/603/586 511/518/501 510/517/500
f 603/603/586 604/604/587 511/518/501
f 511/518/501 604/604/587 605/605/588
f 515/522/505 511/518/501 605/605/588
f 605/605/588 606/606/589 515/522/505
f 515/522/505 606/606/589 607/607/590
f 519/526/509 520/528/511 607/607/590
f 607/607/590 608/608/591 519/526/509
f 607/607/590 520/528/511 515/522/505
f 519/526/509 608/608/591 609/609/592
f 611/610/593 610/611/594 609/609/592
f 609/609/592 610/611/594 519/526/509
f 609/609/592 612/612/595 611/610/593
f 611/610/593 612/612/595 613/613/596
f 615/614/597 614/615/598 613/613/596
f 613/613/596 614/615/598 611/610/593
f 613/613/596 616/616/599 615/614/597
f 615/614/597 616/616/599 617/617/600
f 559/563/546 619/618/601 617/617/600
f 617/617/600 618/619/602 559/563/546
f 617/617/600 619/618/601 615/614/597
f 552/558/541 619/618/601 559/563/546
f 615/614/597 619/618/601 552/558/541
f 559/563/546 618/619/602 620/620/603
f 561/565/548 560/564/547 620/620/603
f 620/620/603 560/564/547 559/563/546
f 620/620/603 621/621/604 561/565/548
f 561/565/548 621/621/604 572/574/557
f 615/614/597 553/556/539 528/536/519
f 528/536/519 614/615/598 615/614/597
f 552/558/541 553/556/539 615/614/597
f 611/610/593 614/615/598 528/536/519
f 611/610/593 527/535/518 523/530/513
f 523/530/513 610/611/594 611/610/593
f 528/536/519 527/535/518 611/610/593
f 519/526/509 610/611/594 523/530/513
f 499/511/494 601/601/584 510/517/500
f 598/599/582 601/601/584 499/511/494
f 598/599/582 498/509/492 494/507/490
f 499/511/494 498/509/492 598/599/582
f 494/507/490 495/506/489 595/595/578
f 595/595/578 495/506/489 490/498/481
f 592/592/575 595/595/578 490/498/481
f 490/498/481 489/497/480 592/592/575
f 592/592/575 489/497/480 486/494/477
f 486/494/477 591/591/574 592/592/575
f 483/491/474 591/591/574 486/494/477
f 561/565/548 574/573/556 564/569/552
f 572/574/557 574/573/556 561/565/548
f 564/569/552 562/566/549 561/565/548
f 559/563/546 557/561/544 552/558/541
f 523/530/513 521/527/510 519/526/509
f 510/517/500 508/515/498 499/511/494
f 486/494/477 484/492/475 483/491/474
f 477/484/467 471/478/461 457/463/446
f 457/463/446 454/461/444 585/460/443
f 570/451/434 444/448/431 567/447/430
f 437/438/421 440/441/424 442/445/428
f 541/442/425 440/441/424 438/440/423
f 427/428/411 430/430/413 432/434/417
f 634/622/605 635/623/606 637/624/607
f 637/624/607 636/625/608 634/622/605
f 634/622/605 636/625/608 639/626/609
f 639/626/609 638/627/610 632/628/611
f 632/628/611 633/629/612 639/626/609
f 639/626/609 633/629/612 634/622/605
f 630/630/613 631/631/614 640/632/615
f 640/632/615 631/631/614 632/628/611
f 640/632/615 641/633/616 630/630/613
f 632/628/611 638/627/610 640/632/615
f 641/633/616 644/634/617 642/635/618
f 642/635/618 643/636/619 641/633/616
f 645/637/620 644/634/617 641/633/616
f 641/633/616 640/632/615 645/637/620
f 645/637/620 640/632/615 638/627/610
f 638/627/610 646/638/585 645/637/620
f 647/639/621 646/638/585 638/627/610
f 638/627/610 639/626/609 647/639/621
f 647/639/621 639/626/609 636/625/608
f 636/625/608 648/640/622 647/639/621
f 649/641/623 648/640/622 636/625/608
f 636/625/608 637/624/607 649/641/623
f 630/630/613 641/633/616 643/636/619
f 650/642/624 629/643/625 643/636/619
f 643/636/619 629/643/625 630/630/613
f 650/642/624 652/644/626 651/645/627
f 651/645/627 653/646/628 650/642/624
f 642/635/618 652/644/626 650/642/624
f 650/642/624 643/636/619 642/635/618
f 650/642/624 653/646/628 627/647/629
f 627/647/629 653/646/628 626/648/630
f 627/647/629 628/649/631 650/642/624
f 650/642/624 628/649/631 629/643/625
f 624/650/632 625/651/633 655/652/634
f 655/652/634 625/651/633 626/648/630
f 655/652/634 654/653/635 624/650/632
f 626/648/630 653/646/628 655/652/634
f 624/650/632 654/653/635 660/654/636
f 660/654/636 656/655/637 623/656/638
f 623/656/638 622/657/639 660/654/636
f 660/654/636 622/657/639 624/650/632
f 656/655/637 659/658/640 657/659/641
f 657/659/641 658/660/642 656/655/637
f 660/654/636 659/658/640 656/655/637
f 654/653/635 661/661/643 660/654/636
f 662/662/644 661/661/643 654/653/635
f 654/653/635 655/652/634 662/662/644
f 662/662/644 655/652/634 653/646/628
f 653/646/628 663/663/645 662/662/644
f 651/645/627 663/663/645 653/646/628
f 623/656/638 656/655/637 658/660/642
f 665/664/646 732/665/647 658/660/642
f 658/660/642 732/665/647 623/656/638
f 665/664/646 666/666/648 664/667/649
f 657/659/641 666/666/648 665/664/646
f 665/664/646 658/660/642 657/659/641
f 669/668/650 665/664/646 730/669/651
f 669/668/650 668/670/652 665/664/646
f 730/669/651 667/671/653 669/668/650
f 691/672/654 690/673/655 689/674/656
f 689/674/656 692/675/657 691/672/654
f 693/676/658 692/675/657 689/674/656
f 687/677/659 694/678/660 693/676/658
f 689/674/656 688/679/661 693/676/658
f 693/676/658 688/679/661 687/677/659
f 700/680/662 694/678/660 687/677/659
f 687/677/659 686/681/663 700/680/662
f 686/681/663 685/682/664 695/683/665
f 700/680/662 686/681/663 695/683/665
f 695/683/665 685/682/664 684/684/666
f 695/683/665 684/684/666 698/685/667
f 697/686/596 696/687/595 695/683/665
f 695/683/665 696/687/595 699/688/668
f 695/683/665 698/685/667 697/686/596
f 699/688/668 700/680/662 695/683/665
f 694/678/660 700/680/662 699/688/668
f 692/675/657 693/676/658 701/689/669
f 701/689/669 702/690/589 692/675/657
f 701/689/669 693/676/658 694/678/660
f 692/675/657 702/690/589 703/691/670
f 703/691/670 691/672/654 692/675/657
f 697/686/596 698/685/667 704/692/671
f 704/692/671 705/693/599 697/686/596
f 706/694/600 705/693/599 704/692/671
f 704/692/671 707/695/672 706/694/600
f 704/692/671 682/696/673 707/695/672
f 684/684/666 683/697/674 704/692/671
f 698/685/667 684/684/666 704/692/671
f 704/692/671 683/697/674 682/696/673
f 681/698/675 680/699/676 711/700/677
f 711/700/677 708/701/678 681/698/675
f 681/698/675 708/701/678 707/695/672
f 707/695/672 682/696/673 681/698/675
f 708/701/678 709/702/679 706/694/600
f 706/694/600 707/695/672 708/701/678
f 710/703/680 709/702/679 708/701/678
f 708/701/678 711/700/677 710/703/680
f 710/703/680 711/700/677 712/704/681
f 714/705/682 713/706/683 712/704/681
f 712/704/681 713/706/683 710/703/680
f 712/704/681 715/707/684 714/705/682
f 680/699/676 679/708/685 712/704/681
f 711/700/677 680/699/676 712/704/681
f 712/704/681 679/708/685 678/709/686
f 712/704/681 678/709/686 715/707/684
f 715/707/684 678/709/686 677/710/687
f 677/710/687 676/711/688 719/712/689
f 719/712/689 716/713/690 677/710/687
f 677/710/687 716/713/690 715/707/684
f 718/714/691 717/715/692 716/713/690
f 716/713/690 717/715/692 714/705/682
f 716/713/690 719/712/689 718/714/691
f 714/705/682 715/707/684 716/713/690
f 719/712/689 720/716/693 718/714/691
f 721/717/694 720/716/693 719/712/689
f 719/712/689 722/718/695 721/717/694
f 722/718/695 719/712/689 675/719/696
f 675/719/696 674/720/697 722/718/695
f 719/712/689 676/711/688 675/719/696
f 722/718/695 674/720/697 673/721/698
f 673/721/698 672/722/699 726/723/700
f 726/723/700 723/724/701 673/721/698
f 673/721/698 723/724/701 722/718/695
f 723/724/701 724/725/702 721/717/694
f 721/717/694 722/718/695 723/724/701
f 725/726/703 724/725/702 723/724/701
f 723/724/701 726/723/700 725/726/703
f 725/726/703 726/723/700 727/727/704
f 729/728/705 728/729/706 727/727/704
f 727/727/704 728/729/706 725/726/703
f 727/727/704 730/669/651 729/728/705
f 730/669/651 727/727/704 671/730/707
f 671/730/707 727/727/704 726/723/700
f 726/723/700 672/722/699 671/730/707
f 671/730/707 670/731/708 730/669/651
f 670/731/708 667/671/653 730/669/651
f 730/669/651 731/732/709 729/728/705
f 664/667/649 731/732/709 730/669/651
f 665/664/646 668/670/652 732/665/647
f 730/669/651 665/664/646 664/667/649
f 734/733/710 733/734/711 736/735/712
f 736/735/712 738/736/713 734/733/710
f 737/737/714 833/738/715 734/733/710
f 734/733/710 738/736/713 737/737/714
f 739/739/716 738/736/713 736/735/712
f 737/737/714 738/736/713 739/739/716
f 739/739/716 741/740/717 740/741/718
f 742/742/719 741/740/717 739/739/716
f 739/739/716 736/735/712 742/742/719
f 743/743/720 744/744/721 742/742/719
f 742/742/719 736/735/712 743/743/720
f 745/745/722 744/744/721 743/743/720
f 745/745/722 746/746/723 747/747/724
f 743/743/720 746/746/723 745/745/722
f 747/747/724 748/748/725 745/745/722
f 749/749/726 748/748/725 747/747/724
f 749/749/726 750/750/727 751/751/728
f 747/747/724 750/750/727 749/749/726
f 751/751/728 752/752/729 749/749/726
f 753/753/730 752/752/729 751/751/728
f 751/751/728 754/754/731 753/753/730
f 754/754/731 755/755/732 753/753/730
f 756/756/733 755/755/732 754/754/731
f 754/754/731 757/757/734 756/756/733
f 757/757/734 758/758/735 756/756/733
f 759/759/736 758/758/735 757/757/734
f 759/759/736 760/760/737 761/761/738
f 757/757/734 760/760/737 759/759/736
f 761/761/738 762/762/739 759/759/736
f 763/763/740 762/762/739 761/761/738
f 761/761/738 764/764/741 763/763/740
f 764/764/741 765/765/742 763/763/740
f 766/766/743 765/765/742 764/764/741
f 764/764/741 767/767/744 766/766/743
f 767/767/744 768/768/745 766/766/743
f 769/769/746 768/768/745 767/767/744
f 769/769/746 770/770/747 771/771/748
f 767/767/744 770/770/747 769/769/746
f 771/771/748 772/772/749 769/769/746
f 773/773/750 772/772/749 771/771/748
f 773/773/750 774/774/751 775/775/752
f 771/771/748 774/774/751 773/773/750
f 775/775/752 776/776/753 773/773/750
f 777/777/754 776/776/753 775/775/752
f 778/778/755 779/779/756 777/777/754
f 777/777/754 896/780/757 778/778/755
f 775/775/752 896/780/757 777/777/754
f 780/781/758 779/779/756 778/778/755
f 781/782/759 782/783/760 780/781/758
f 780/781/758 925/784/761 781/782/759
f 778/778/755 925/784/761 780/781/758
f 783/785/762 782/783/760 781/782/759
f 784/786/763 785/787/764 783/785/762
f 783/785/762 923/788/765 784/786/763
f 781/782/759 923/788/765 783/785/762
f 786/789/766 785/787/764 784/786/763
f 789/790/767 787/791/768 786/789/766
f 786/789/766 921/792/769 789/790/767
f 784/786/763 921/792/769 786/789/766
f 788/793/770 787/791/768 789/790/767
f 793/794/771 790/795/772 788/793/770
f 788/793/770 789/790/767 793/794/771
f 791/796/773 790/795/772 793/794/771
f 792/797/774 794/798/775 791/796/773
f 791/796/773 793/794/771 792/797/774
f 795/799/776 794/798/775 792/797/774
f 796/800/777 797/801/778 795/799/776
f 795/799/776 806/802/779 796/800/777
f 792/797/774 806/802/779 795/799/776
f 798/803/780 797/801/778 796/800/777
f 799/804/781 800/805/782 798/803/780
f 796/800/777 799/804/781 798/803/780
f 740/741/718 800/805/782 799/804/781
f 801/806/783 799/804/781 796/800/777
f 801/806/783 802/807/784 799/804/781
f 992/808/785 802/807/784 801/806/783
f 801/806/783 804/809/786 992/808/785
f 805/810/787 804/809/786 801/806/783
f 796/800/777 803/811/788 801/806/783
f 801/806/783 803/811/788 805/810/787
f 806/802/779 813/812/789 805/810/787
f 805/810/787 803/811/788 806/802/779
f 806/802/779 803/811/788 796/800/777
f 808/813/790 813/812/789 806/802/779
f 792/797/774 807/814/791 806/802/779
f 806/802/779 807/814/791 808/813/790
f 808/813/790 807/814/791 809/815/792
f 813/812/789 808/813/790 810/816/793
f 810/816/793 808/813/790 811/817/794
f 812/818/795 813/812/789 810/816/793
f 814/819/796 813/812/789 812/818/795
f 814/819/796 815/820/797 804/809/786
f 804/809/786 805/810/787 814/819/796
f 814/819/796 805/810/787 813/812/789
f 814/819/796 816/821/798 815/820/797
f 812/818/795 816/821/798 814/819/796
f 816/821/798 812/818/795 817/822/799
f 818/823/800 815/820/797 816/821/798
f 817/822/799 819/824/801 816/821/798
f 816/821/798 819/824/801 818/823/800
f 820/825/802 819/824/801 817/822/799
f 818/823/800 819/824/801 820/825/802
f 822/826/803 821/827/804 820/825/802
f 820/825/802 821/827/804 824/828/805
f 820/825/802 823/829/806 822/826/803
f 817/822/799 823/829/806 820/825/802
f 824/828/805 825/830/807 820/825/802
f 820/825/802 825/830/807 818/823/800
f 818/823/800 825/830/807 828/831/808
f 828/831/808 825/830/807 824/828/805
f 824/828/805 826/832/809 828/831/808
f 828/831/808 826/832/809 827/833/810
f 829/834/811 830/835/812 828/831/808
f 828/831/808 830/835/812 818/823/800
f 818/823/800 830/835/812 834/836/813
f 834/836/813 830/835/812 829/834/811
f 834/836/813 815/820/797 818/823/800
f 829/834/811 831/837/814 834/836/813
f 734/733/710 833/738/715 831/837/814
f 831/837/814 832/838/815 734/733/710
f 831/837/814 833/738/715 834/836/813
f 832/838/815 831/837/814 829/834/811
f 832/838/815 837/839/816 835/840/817
f 835/840/817 836/841/818 832/838/815
f 829/834/811 837/839/816 832/838/815
f 835/840/817 837/839/816 838/842/819
f 838/842/819 837/839/816 829/834/811
f 827/833/810 839/843/820 838/842/819
f 838/842/819 839/843/820 840/844/821
f 838/842/819 828/831/808 827/833/810
f 829/834/811 828/831/808 838/842/819
f 840/844/821 835/840/817 838/842/819
f 841/845/822 835/840/817 840/844/821
f 842/846/823 845/847/824 841/845/822
f 841/845/822 843/848/825 842/846/823
f 840/844/821 843/848/825 841/845/822
f 841/845/822 844/849/826 835/840/817
f 845/847/824 844/849/826 841/845/822
f 963/850/827 844/849/826 845/847/824
f 845/847/824 962/851/828 963/850/827
f 961/852/829 962/851/828 845/847/824
f 845/847/824 846/853/830 961/852/829
f 847/854/831 846/853/830 845/847/824
f 848/855/832 846/853/830 847/854/831
f 847/854/831 845/847/824 842/846/823
f 849/856/833 848/855/832 847/854/831
f 847/854/831 850/857/834 849/856/833
f 842/846/823 850/857/834 847/854/831
f 851/858/835 848/855/832 849/856/833
f 849/856/833 852/859/836 851/858/835
f 851/858/835 852/859/836 853/860/837
f 853/860/837 854/861/838 851/858/835
f 853/860/837 855/862/839 854/861/838
f 854/861/838 855/862/839 856/863/840
f 856/863/840 857/864/841 854/861/838
f 858/865/842 857/864/841 856/863/840
f 856/863/840 859/866/843 858/865/842
f 858/865/842 859/866/843 860/867/844
f 860/867/844 971/868/845 858/865/842
f 861/869/846 971/868/845 860/867/844
f 860/867/844 862/870/847 861/869/846
f 861/869/846 862/870/847 863/871/848
f 863/871/848 864/872/849 861/869/846
f 865/873/850 864/872/849 863/871/848
f 863/871/848 866/874/851 865/873/850
f 865/873/850 866/874/851 867/875/852
f 868/876/853 865/873/850 867/875/852
f 867/875/852 869/877/854 868/876/853
f 868/876/853 869/877/854 870/878/855
f 870/878/855 871/879/856 868/876/853
f 872/880/857 871/879/856 870/878/855
f 870/878/855 873/881/858 872/880/857
f 872/880/857 873/881/858 874/882/859
f 874/882/859 883/883/860 872/880/857
f 875/884/861 883/883/860 874/882/859
f 874/882/859 876/885/862 875/884/861
f 875/884/861 876/885/862 877/886/863
f 878/887/864 880/888/865 877/886/863
f 877/886/863 879/889/384 878/887/864
f 877/886/863 880/888/865 875/884/861
f 901/890/866 899/891/867 880/888/865
f 880/888/865 881/892/868 901/890/866
f 878/887/864 881/892/868 880/888/865
f 880/888/865 899/891/867 900/893/869
f 900/893/869 882/894/870 880/888/865
f 880/888/865 882/894/870 875/884/861
f 875/884/861 882/894/870 883/883/860
f 883/883/860 882/894/870 900/893/869
f 900/893/869 886/895/871 883/883/860
f 883/883/860 886/895/871 887/896/872
f 883/883/860 884/897/873 872/880/857
f 887/896/872 884/897/873 883/883/860
f 887/896/872 888/898/874 885/899/875
f 885/899/875 884/897/873 887/896/872
f 891/900/876 888/898/874 887/896/872
f 886/895/871 890/901/877 887/896/872
f 887/896/872 889/902/878 891/900/876
f 890/901/877 889/902/878 887/896/872
f 892/903/879 888/898/874 891/900/876
f 891/900/876 893/904/880 892/903/879
f 889/902/878 890/901/877 774/774/751
f 774/774/751 894/905/881 889/902/878
f 889/902/878 894/905/881 770/770/747
f 770/770/747 891/900/876 889/902/878
f 770/770/747 894/905/881 771/771/748
f 771/771/748 894/905/881 774/774/751
f 774/774/751 890/901/877 898/906/882
f 898/906/882 897/907/883 774/774/751
f 898/906/882 895/908/884 896/780/757
f 896/780/757 897/907/883 898/906/882
f 899/891/867 895/908/884 898/906/882
f 898/906/882 900/893/869 899/891/867
f 886/895/871 900/893/869 898/906/882
f 898/906/882 890/901/877 886/895/871
f 901/890/866 895/908/884 899/891/867
f 902/909/885 927/910/886 901/890/866
f 903/911/887 927/910/886 902/909/885
f 903/911/887 902/909/885 904/912/888
f 904/912/888 902/909/885 901/890/866
f 904/912/888 905/913/889 903/911/887
f 906/914/890 905/913/889 904/912/888
f 901/890/866 881/892/868 904/912/888
f 904/912/888 881/892/868 878/887/864
f 906/914/890 904/912/888 907/915/891
f 907/915/891 904/912/888 878/887/864
f 907/915/891 908/916/892 906/914/890
f 878/887/864 879/889/384 907/915/891
f 906/914/890 908/916/892 909/917/893
f 910/918/894 912/919/895 909/917/893
f 909/917/893 911/920/896 910/918/894
f 909/917/893 912/919/895 906/914/890
f 915/921/897 914/922/898 912/919/895
f 912/919/895 913/923/899 915/921/897
f 910/918/894 913/923/899 912/919/895
f 912/919/895 914/922/898 903/911/887
f 903/911/887 905/913/889 912/919/895
f 912/919/895 905/913/889 906/914/890
f 915/921/897 916/924/900 914/922/898
f 914/922/898 916/924/900 903/911/887
f 915/921/897 918/925/901 916/924/900
f 916/924/900 917/926/902 903/911/887
f 919/927/903 918/925/901 915/921/897
f 931/928/904 920/929/905 919/927/903
f 921/792/769 919/927/903 920/929/905
f 918/925/901 919/927/903 921/792/769
f 921/792/769 929/930/906 789/790/767
f 920/929/905 929/930/906 921/792/769
f 784/786/763 922/931/907 921/792/769
f 921/792/769 922/931/907 918/925/901
f 918/925/901 922/931/907 923/788/765
f 923/788/765 922/931/907 784/786/763
f 923/788/765 916/924/900 918/925/901
f 917/926/902 916/924/900 923/788/765
f 781/782/759 924/932/908 923/788/765
f 923/788/765 924/932/908 917/926/902
f 917/926/902 924/932/908 925/784/761
f 925/784/761 924/932/908 781/782/759
f 925/784/761 927/910/886 917/926/902
f 928/933/909 927/910/886 925/784/761
f 778/778/755 926/934/910 925/784/761
f 925/784/761 926/934/910 928/933/909
f 896/780/757 895/908/884 928/933/909
f 928/933/909 926/934/910 896/780/757
f 901/890/866 928/933/909 895/908/884
f 927/910/886 928/933/909 901/890/866
f 903/911/887 917/926/902 927/910/886
f 896/780/757 926/934/910 778/778/755
f 793/794/771 789/790/767 929/930/906
f 929/930/906 809/815/792 793/794/771
f 808/813/790 809/815/792 929/930/906
f 929/930/906 930/935/911 808/813/790
f 920/929/905 930/935/911 929/930/906
f 930/935/911 931/928/904 808/813/790
f 930/935/911 920/929/905 931/928/904
f 931/928/904 811/817/794 808/813/790
f 931/928/904 932/936/912 933/937/913
f 933/937/913 935/938/914 931/928/904
f 931/928/904 935/938/914 934/939/915
f 936/940/916 935/938/914 933/937/913
f 934/939/915 935/938/914 936/940/916
f 938/941/917 937/942/918 936/940/916
f 936/940/916 937/942/918 939/943/919
f 936/940/916 933/937/913 938/941/917
f 939/943/919 942/944/920 936/940/916
f 936/940/916 942/944/920 934/939/915
f 939/943/919 940/945/921 942/944/920
f 942/944/920 940/945/921 941/946/922
f 943/947/923 934/939/915 942/944/920
f 811/817/794 934/939/915 943/947/923
f 810/816/793 811/817/794 943/947/923
f 943/947/923 944/948/924 810/816/793
f 945/949/925 944/948/924 943/947/923
f 943/947/923 942/944/920 945/949/925
f 941/946/922 946/950/926 945/949/925
f 945/949/925 946/950/926 822/826/803
f 945/949/925 942/944/920 941/946/922
f 822/826/803 823/829/806 945/949/925
f 945/949/925 823/829/806 817/822/799
f 817/822/799 944/948/924 945/949/925
f 810/816/793 944/948/924 817/822/799
f 817/822/799 812/818/795 810/816/793
f 938/941/917 933/937/913 910/918/894
f 910/918/894 911/920/896 938/941/917
f 811/817/794 931/928/904 934/939/915
f 933/937/913 932/936/912 915/921/897
f 915/921/897 913/923/899 933/937/913
f 933/937/913 913/923/899 910/918/894
f 932/936/912 919/927/903 915/921/897
f 931/928/904 919/927/903 932/936/912
f 774/774/751 897/907/883 775/775/752
f 775/775/752 897/907/883 896/780/757
f 893/904/880 891/900/876 770/770/747
f 770/770/747 947/951/927 893/904/880
f 767/767/744 947/951/927 770/770/747
f 947/951/927 767/767/744 764/764/741
f 988/952/928 989/953/929 947/951/927
f 947/951/927 948/954/930 988/952/928
f 947/951/927 989/953/929 893/904/880
f 764/764/741 948/954/930 947/951/927
f 948/954/930 764/764/741 761/761/738
f 987/955/931 988/952/928 948/954/930
f 948/954/930 949/956/932 987/955/931
f 761/761/738 949/956/932 948/954/930
f 987/955/931 949/956/932 760/760/737
f 760/760/737 949/956/932 761/761/738
f 986/957/933 979/958/934 760/760/737
f 760/760/737 950/959/935 986/957/933
f 760/760/737 979/958/934 987/955/931
f 757/757/734 950/959/935 760/760/737
f 986/957/933 950/959/935 951/960/936
f 951/960/936 950/959/935 757/757/734
f 951/960/936 757/757/734 754/754/731
f 985/961/937 984/962/938 951/960/936
f 951/960/936 952/963/939 985/961/937
f 951/960/936 984/962/938 986/957/933
f 754/754/731 952/963/939 951/960/936
f 985/961/937 952/963/939 953/964/940
f 953/964/940 952/963/939 754/754/731
f 953/964/940 754/754/731 751/751/728
f 991/965/941 990/966/942 953/964/940
f 953/964/940 954/967/943 991/965/941
f 953/964/940 990/966/942 985/961/937
f 751/751/728 954/967/943 953/964/940
f 991/965/941 954/967/943 750/750/727
f 750/750/727 954/967/943 751/751/728
f 958/968/944 959/969/945 750/750/727
f 750/750/727 955/970/946 958/968/944
f 750/750/727 959/969/945 991/965/941
f 747/747/724 955/970/946 750/750/727
f 958/968/944 955/970/946 746/746/723
f 746/746/723 955/970/946 747/747/724
f 735/971/947 957/972/948 746/746/723
f 746/746/723 956/973/949 735/971/947
f 746/746/723 957/972/948 958/968/944
f 743/743/720 956/973/949 746/746/723
f 735/971/947 956/973/949 736/735/712
f 736/735/712 956/973/949 743/743/720
f 960/974/950 959/969/945 958/968/944
f 958/968/944 961/852/829 960/974/950
f 962/851/828 961/852/829 958/968/944
f 958/968/944 957/972/948 962/851/828
f 962/851/828 957/972/948 735/971/947
f 735/971/947 963/850/827 962/851/828
f 836/841/818 963/850/827 735/971/947
f 991/965/941 959/969/945 960/974/950
f 960/974/950 964/975/951 991/965/941
f 964/975/951 960/974/950 848/855/832
f 848/855/832 966/976/952 964/975/951
f 964/975/951 966/976/952 967/977/953
f 967/977/953 965/978/954 964/975/951
f 983/979/955 965/978/954 967/977/953
f 851/858/835 854/861/838 967/977/953
f 967/977/953 966/976/952 851/858/835
f 967/977/953 968/980/956 983/979/955
f 854/861/838 968/980/956 967/977/953
f 983/979/955 968/980/956 969/981/957
f 969/981/957 968/980/956 854/861/838
f 981/982/958 982/983/959 969/981/957
f 969/981/957 982/983/959 983/979/955
f 854/861/838 857/864/841 969/981/957
f 969/981/957 857/864/841 858/865/842
f 969/981/957 970/984/960 981/982/958
f 858/865/842 970/984/960 969/981/957
f 981/982/958 970/984/960 971/868/845
f 971/868/845 970/984/960 858/865/842
f 976/985/961 978/986/962 971/868/845
f 971/868/845 978/986/962 981/982/958
f 971/868/845 972/987/963 976/985/961
f 861/869/846 972/987/963 971/868/845
f 976/985/961 972/987/963 973/988/964
f 973/988/964 972/987/963 861/869/846
f 973/988/964 977/989/965 976/985/961
f 861/869/846 864/872/849 973/988/964
f 973/988/964 864/872/849 865/873/850
f 973/988/964 974/990/966 977/989/965
f 865/873/850 974/990/966 973/988/964
f 974/990/966 892/903/879 977/989/965
f 974/990/966 865/873/850 868/876/853
f 974/990/966 975/991/967 892/903/879
f 868/876/853 975/991/967 974/990/966
f 892/903/879 975/991/967 885/899/875
f 885/899/875 975/991/967 868/876/853
f 885/899/875 888/898/874 892/903/879
f 988/952/928 977/989/965 892/903/879
f 976/985/961 979/958/934 978/986/962
f 978/986/962 979/958/934 980/992/968
f 980/992/968 981/982/958 978/986/962
f 982/983/959 981/982/958 980/992/968
f 982/983/959 984/962/938 983/979/955
f 980/992/968 984/962/938 982/983/959
f 984/962/938 985/961/937 983/979/955
f 980/992/968 986/957/933 984/962/938
f 979/958/934 986/957/933 980/992/968
f 976/985/961 987/955/931 979/958/934
f 988/952/928 987/955/931 976/985/961
f 976/985/961 977/989/965 988/952/928
f 988/952/928 892/903/879 989/953/929
f 892/903/879 893/904/880 989/953/929
f 983/979/955 985/961/937 990/966/942
f 983/979/955 990/966/942 965/978/954
f 965/978/954 990/966/942 991/965/941
f 851/858/835 966/976/952 848/855/832
f 991/965/941 964/975/951 965/978/954
f 848/855/832 960/974/950 961/852/829
f 868/876/853 871/879/856 885/899/875
f 885/899/875 871/879/856 872/880/857
f 872/880/857 884/897/873 885/899/875
f 961/852/829 846/853/830 848/855/832
f 963/850/827 836/841/818 835/840/817
f 835/840/817 844/849/826 963/850/827
f 734/733/710 832/838/815 836/841/818
f 836/841/818 733/734/711 734/733/710
f 735/971/947 733/734/711 836/841/818
f 833/738/715 992/808/785 834/836/813
f 804/809/786 815/820/797 834/836/813
f 834/836/813 992/808/785 804/809/786
f 792/797/774 793/794/771 809/815/792
f 809/815/792 807/814/791 792/797/774
f 992/808/785 833/738/715 737/737/714
f 737/737/714 802/807/784 992/808/785
f 799/804/781 802/807/784 737/737/714
f 737/737/714 739/739/716 799/804/781
f 799/804/781 739/739/716 740/741/718
f 736/735/712 733/734/711 735/971/947
f 993/993/969 995/994/970 994/995/971
f 1133/996/972 995/994/970 993/993/969
f 993/993/969 994/995/971 996/997/973
f 993/993/969 998/998/974 1133/996/972
f 999/999/975 998/998/974 993/993/969
f 996/997/973 997/1000/976 993/993/969
f 993/993/969 997/1000/976 999/999/975
f 1000/1001/977 999/999/975 997/1000/976
f 997/1000/976 1002/1002/978 1000/1001/977
f 1000/1001/977 1005/1003/979 1001/1004/980
f 1001/1004/980 1004/1005/981 1000/1001/977
f 1000/1001/977 1002/1002/978 1003/1006/982
f 1003/1006/982 1005/1003/979 1000/1001/977
f 1000/1001/977 1004/1005/981 999/999/975
f 1001/1004/980 1005/1003/979 1007/1007/983
f 1007/1007/983 1005/1003/979 1003/1006/982
f 1007/1007/983 1006/1008/984 1001/1004/980
f 1008/1009/985 1006/1008/984 1007/1007/983
f 1007/1007/983 1010/1010/986 1008/1009/985
f 1009/1011/987 1010/1010/986 1007/1007/983
f 1014/1012/988 1011/1013/989 1009/1011/987
f 1009/1011/987 1007/1007/983 1014/1012/988
f 1012/1014/990 1011/1013/989 1014/1012/988
f 1013/1015/991 1015/1016/992 1012/1014/990
f 1012/1014/990 1014/1012/988 1013/1015/991
f 1016/1017/993 1015/1016/992 1013/1015/991
f 1017/1018/994 1019/1019/995 1016/1017/993
f 1016/1017/993 1018/1020/996 1017/1018/994
f 1013/1015/991 1018/1020/996 1016/1017/993
f 1020/1021/997 1019/1019/995 1017/1018/994
f 1017/1018/994 1023/1022/998 1020/1021/997
f 1021/1023/999 1022/1024/1000 1020/1021/997
f 1020/1021/997 1023/1022/998 1021/1023/999
f 1021/1023/999 1023/1022/998 1024/1025/1001
f 1024/1025/1001 1023/1022/998 1017/1018/994
f 1017/1018/994 1025/1026/1002 1024/1025/1001
f 1024/1025/1001 1025/1026/1002 1027/1027/1003
f 1024/1025/1001 1026/1028/1004 1021/1023/999
f 1029/1029/1005 1026/1028/1004 1024/1025/1001
f 1027/1027/1003 1028/1030/1006 1024/1025/1001
f 1024/1025/1001 1028/1030/1006 1029/1029/1005
f 1029/1029/1005 1028/1030/1006 1032/1031/1007
f 1033/1032/1008 1026/1028/1004 1029/1029/1005
f 1029/1029/1005 1032/1031/1007 1030/1033/1009
f 1030/1033/1009 1031/1034/1010 1029/1029/1005
f 1029/1029/1005 1031/1034/1010 1033/1032/1008
f 1021/1023/999 1026/1028/1004 1033/1032/1008
f 1033/1032/1008 1034/1035/1011 1021/1023/999
f 1035/1036/1012 1034/1035/1011 1033/1032/1008
f 1033/1032/1008 1031/1034/1010 1036/1037/1013
f 1038/1038/1014 1033/1032/1008 1036/1037/1013
f 1036/1037/1013 1031/1034/1010 1030/1033/1009
f 1030/1033/1009 1040/1039/1015 1036/1037/1013
f 1036/1037/1013 1037/1040/1016 1038/1038/1014
f 1039/1041/1017 1037/1040/1016 1036/1037/1013
f 1036/1037/1013 1040/1039/1015 1039/1041/1017
f 1039/1041/1017 1041/1042/1018 1042/1043/1019
f 1042/1043/1019 1037/1040/1016 1039/1041/1017
f 1042/1043/1019 1041/1042/1018 1043/1044/1020
f 1043/1044/1020 1044/1045/1021 1042/1043/1019
f 1038/1038/1014 1037/1040/1016 1042/1043/1019
f 1042/1043/1019 1045/1046/1022 1038/1038/1014
f 1042/1043/1019 1044/1045/1021 1046/1047/1023
f 1046/1047/1023 1045/1046/1022 1042/1043/1019
f 1046/1047/1023 1048/1048/1024 1047/1049/1025
f 1049/1050/1026 1048/1048/1024 1046/1047/1023
f 1046/1047/1023 1047/1049/1025 1196/1051/1027
f 1196/1051/1027 1045/1046/1022 1046/1047/1023
f 1046/1047/1023 1044/1045/1021 1049/1050/1026
f 1049/1050/1026 1044/1045/1021 1043/1044/1020
f 1043/1044/1020 1111/1052/1028 1049/1050/1026
f 1049/1050/1026 1051/1053/1029 1050/1054/1030
f 1050/1054/1030 1048/1048/1024 1049/1050/1026
f 1111/1052/1028 1051/1053/1029 1049/1050/1026
f 1050/1054/1030 1051/1053/1029 1053/1055/1031
f 1053/1055/1031 1051/1053/1029 1111/1052/1028
f 1053/1055/1031 1054/1056/1032 1050/1054/1030
f 1052/1057/1033 1054/1056/1032 1053/1055/1031
f 1111/1052/1028 1055/1058/1034 1053/1055/1031
f 1055/1058/1034 1056/1059/1035 1058/1060/1036
f 1058/1060/1036 1053/1055/1031 1055/1058/1034
f 1057/1061/1037 1052/1057/1033 1058/1060/1036
f 1052/1057/1033 1053/1055/1031 1058/1060/1036
f 1057/1061/1037 1058/1060/1036 1059/1062/1038
f 1059/1062/1038 1058/1060/1036 1056/1059/1035
f 1059/1062/1038 1063/1063/1039 1057/1061/1037
f 1056/1059/1035 1062/1064/1040 1059/1062/1038
f 1059/1062/1038 1060/1065/1041 1061/1066/1042
f 1062/1064/1040 1060/1065/1041 1059/1062/1038
f 1061/1066/1042 1063/1063/1039 1059/1062/1038
f 1057/1061/1037 1063/1063/1039 1064/1067/1043
f 1064/1067/1043 1063/1063/1039 1061/1066/1042
f 1064/1067/1043 1186/1068/1044 1057/1061/1037
f 1065/1069/1045 1186/1068/1044 1064/1067/1043
f 1061/1066/1042 1066/1070/1046 1064/1067/1043
f 1064/1067/1043 1067/1071/1047 1065/1069/1045
f 1064/1067/1043 1066/1070/1046 1068/1072/1048
f 1068/1072/1048 1067/1071/1047 1064/1067/1043
f 1069/1073/1049 1070/1074/1050 1068/1072/1048
f 1068/1072/1048 1066/1070/1046 1069/1073/1049
f 1071/1075/1051 1070/1074/1050 1069/1073/1049
f 1072/1076/1052 1073/1077/1053 1071/1075/1051
f 1071/1075/1051 1074/1078/1054 1072/1076/1052
f 1069/1073/1049 1074/1078/1054 1071/1075/1051
f 1072/1076/1052 1074/1078/1054 1075/1079/1055
f 1075/1079/1055 1074/1078/1054 1069/1073/1049
f 1069/1073/1049 1076/1080/1056 1075/1079/1055
f 1075/1079/1055 1076/1080/1056 1078/1081/1057
f 1075/1079/1055 1077/1082/1058 1072/1076/1052
f 1080/1083/1059 1077/1082/1058 1075/1079/1055
f 1078/1081/1057 1079/1084/1060 1075/1079/1055
f 1075/1079/1055 1079/1084/1060 1080/1083/1059
f 1080/1083/1059 1083/1085/1061 1081/1086/1062
f 1081/1086/1062 1082/1087/1063 1080/1083/1059
f 1080/1083/1059 1079/1084/1060 1084/1088/1064
f 1080/1083/1059 1082/1087/1063 1085/1089/1065
f 1084/1088/1064 1083/1085/1061 1080/1083/1059
f 1085/1089/1065 1077/1082/1058 1080/1083/1059
f 1072/1076/1052 1077/1082/1058 1085/1089/1065
f 1085/1089/1065 1086/1090/1066 1072/1076/1052
f 1087/1091/1067 1086/1090/1066 1085/1089/1065
f 1085/1089/1065 1088/1092/1068 1087/1091/1067
f 1089/1093/1069 1088/1092/1068 1085/1089/1065
f 1085/1089/1065 1082/1087/1063 1089/1093/1069
f 1089/1093/1069 1082/1087/1063 1081/1086/1062
f 1081/1086/1062 1093/1094/1070 1089/1093/1069
f 1090/1095/1071 1088/1092/1068 1089/1093/1069
f 1089/1093/1069 1092/1096/1072 1090/1095/1071
f 1089/1093/1069 1093/1094/1070 1091/1097/1073
f 1091/1097/1073 1092/1096/1072 1089/1093/1069
f 1093/1094/1070 1182/1098/1074 1173/1099/1075
f 1173/1099/1075 1091/1097/1073 1093/1094/1070
f 1093/1094/1070 1081/1086/1062 1181/1100/1076
f 1181/1100/1076 1182/1098/1074 1093/1094/1070
f 1083/1085/1061 1183/1101/1077 1181/1100/1076
f 1181/1100/1076 1081/1086/1062 1083/1085/1061
f 1084/1088/1064 1095/1102/1078 1083/1085/1061
f 1083/1085/1061 1095/1102/1078 1094/1103/1079
f 1094/1103/1079 1183/1101/1077 1083/1085/1061
f 1094/1103/1079 1095/1102/1078 1056/1059/1035
f 1056/1059/1035 1095/1102/1078 1062/1064/1040
f 1056/1059/1035 1096/1104/1080 1094/1103/1079
f 1056/1059/1035 1097/1105/1081 1096/1104/1080
f 1096/1104/1080 1097/1105/1081 1098/1106/1082
f 1099/1107/1083 1101/1108/1084 1100/1109/1085
f 1103/1110/1086 1101/1108/1084 1099/1107/1083
f 1099/1107/1083 1100/1109/1085 1102/1111/1087
f 1099/1107/1083 1098/1106/1082 1103/1110/1086
f 1107/1112/1088 1101/1108/1084 1103/1110/1086
f 1103/1110/1086 1104/1113/1089 1107/1112/1088
f 1105/1114/1090 1104/1113/1089 1103/1110/1086
f 1103/1110/1086 1097/1105/1081 1105/1114/1090
f 1103/1110/1086 1098/1106/1082 1097/1105/1081
f 1107/1112/1088 1106/1115/1091 1100/1109/1085
f 1100/1109/1085 1101/1108/1084 1107/1112/1088
f 1104/1113/1089 1105/1114/1090 1108/1116/1092
f 1108/1116/1092 1109/1117/1093 1104/1113/1089
f 1104/1113/1089 1109/1117/1093 1110/1118/1094
f 1110/1118/1094 1107/1112/1088 1104/1113/1089
f 1108/1116/1092 1105/1114/1090 1111/1052/1028
f 1111/1052/1028 1043/1044/1020 1108/1116/1092
f 1055/1058/1034 1111/1052/1028 1105/1114/1090
f 1108/1116/1092 1043/1044/1020 1041/1042/1018
f 1112/1119/1095 1113/1120/1096 1110/1118/1094
f 1114/1121/1097 1112/1119/1095 1110/1118/1094
f 1110/1118/1094 1113/1120/1096 1106/1115/1091
f 1106/1115/1091 1107/1112/1088 1110/1118/1094
f 1110/1118/1094 1109/1117/1093 1114/1121/1097
f 1114/1121/1097 1116/1122/1098 1115/1123/1099
f 1115/1123/1099 1112/1119/1095 1114/1121/1097
f 1114/1121/1097 1109/1117/1093 1108/1116/1092
f 1116/1122/1098 1114/1121/1097 1041/1042/1018
f 1041/1042/1018 1114/1121/1097 1108/1116/1092
f 1115/1123/1099 1116/1122/1098 1117/1124/1100
f 1117/1124/1100 1118/1125/1101 1115/1123/1099
f 1116/1122/1098 1119/1126/1102 1117/1124/1100
f 1032/1031/1007 1120/1127/1103 1119/1126/1102
f 1119/1126/1102 1030/1033/1009 1032/1031/1007
f 1040/1039/1015 1030/1033/1009 1119/1126/1102
f 1119/1126/1102 1120/1127/1103 1121/1128/1104
f 1121/1128/1104 1117/1124/1100 1119/1126/1102
f 1118/1125/1101 1117/1124/1100 1121/1128/1104
f 1121/1128/1104 1122/1129/1105 1118/1125/1101
f 1123/1130/1106 1121/1128/1104 1120/1127/1103
f 1122/1129/1105 1121/1128/1104 1123/1130/1106
f 1120/1127/1103 1124/1131/1107 1123/1130/1106
f 1123/1130/1106 1124/1131/1107 1125/1132/1108
f 1123/1130/1106 1127/1133/1109 1122/1129/1105
f 1123/1130/1106 1125/1132/1108 1126/1134/1110
f 1126/1134/1110 1127/1133/1109 1123/1130/1106
f 1128/1135/1111 1127/1133/1109 1126/1134/1110
f 1122/1129/1105 1127/1133/1109 1128/1135/1111
f 1128/1135/1111 1002/1002/978 997/1000/976
f 997/1000/976 996/997/973 1128/1135/1111
f 1003/1006/982 1002/1002/978 1128/1135/1111
f 1126/1134/1110 1129/1136/1112 1128/1135/1111
f 1128/1135/1111 1129/1136/1112 1003/1006/982
f 1128/1135/1111 996/997/973 1122/1129/1105
f 1003/1006/982 1129/1136/1112 1014/1012/988
f 1014/1012/988 1129/1136/1112 1126/1134/1110
f 1013/1015/991 1014/1012/988 1126/1134/1110
f 1126/1134/1110 1125/1132/1108 1013/1015/991
f 1017/1018/994 1018/1020/996 1125/1132/1108
f 1125/1132/1108 1025/1026/1002 1017/1018/994
f 1027/1027/1003 1025/1026/1002 1125/1132/1108
f 1125/1132/1108 1018/1020/996 1013/1015/991
f 1125/1132/1108 1124/1131/1107 1027/1027/1003
f 1027/1027/1003 1124/1131/1107 1120/1127/1103
f 1118/1125/1101 1122/1129/1105 996/997/973
f 1120/1127/1103 1032/1031/1007 1027/1027/1003
f 1115/1123/1099 1118/1125/1101 994/995/971
f 996/997/973 994/995/971 1118/1125/1101
f 1040/1039/1015 1119/1126/1102 1116/1122/1098
f 1041/1042/1018 1039/1041/1017 1116/1122/1098
f 1116/1122/1098 1039/1041/1017 1040/1039/1015
f 1115/1123/1099 1130/1137/1113 1112/1119/1095
f 994/995/971 1130/1137/1113 1115/1123/1099
f 1112/1119/1095 1130/1137/1113 1131/1138/1114
f 1131/1138/1114 1130/1137/1113 994/995/971
f 1131/1138/1114 1113/1120/1096 1112/1119/1095
f 1106/1115/1091 1113/1120/1096 1131/1138/1114
f 1131/1138/1114 1132/1139/1115 1106/1115/1091
f 1133/996/972 1132/1139/1115 1131/1138/1114
f 1131/1138/1114 995/994/970 1133/996/972
f 994/995/971 995/994/970 1131/1138/1114
f 1100/1109/1085 1106/1115/1091 1132/1139/1115
f 1136/1140/1116 1134/1141/1117 1132/1139/1115
f 1132/1139/1115 1133/996/972 1136/1140/1116
f 1132/1139/1115 1134/1141/1117 1100/1109/1085
f 1176/1142/1118 1134/1141/1117 1136/1140/1116
f 1100/1109/1085 1134/1141/1117 1176/1142/1118
f 1102/1111/1087 1100/1109/1085 1176/1142/1118
f 1176/1142/1118 1136/1140/1116 1135/1143/1119
f 1135/1143/1119 1136/1140/1116 1137/1144/1120
f 1137/1144/1120 1138/1145/1121 1178/1146/1122
f 1138/1145/1121 1137/1144/1120 998/998/974
f 998/998/974 999/999/975 1138/1145/1121
f 1180/1147/1123 1178/1146/1122 1138/1145/1121
f 1138/1145/1121 1139/1148/1124 1180/1147/1123
f 1139/1148/1124 1004/1005/981 1001/1004/980
f 1001/1004/980 1140/1149/1125 1139/1148/1124
f 1139/1148/1124 1138/1145/1121 999/999/975
f 999/999/975 1004/1005/981 1139/1148/1124
f 1180/1147/1123 1139/1148/1124 1140/1149/1125
f 1141/1150/1126 1140/1149/1125 1001/1004/980
f 1001/1004/980 1006/1008/984 1141/1150/1126
f 1141/1150/1126 1006/1008/984 1008/1009/985
f 1141/1150/1126 1143/1151/1127 1142/1152/1128
f 1008/1009/985 1143/1151/1127 1141/1150/1126
f 1142/1152/1128 1144/1153/1129 1141/1150/1126
f 1141/1150/1126 1144/1153/1129 1145/1154/1130
f 1145/1154/1130 1146/1155/1131 1147/1156/1132
f 1145/1154/1130 1147/1156/1132 1141/1150/1126
f 1149/1157/1133 1148/1158/1134 1147/1156/1132
f 1147/1156/1132 1150/1159/1135 1149/1157/1133
f 1151/1160/1136 1150/1159/1135 1147/1156/1132
f 1147/1156/1132 1146/1155/1131 1151/1160/1136
f 1152/1161/1137 1150/1159/1135 1151/1160/1136
f 1151/1160/1136 1153/1162/1138 1152/1161/1137
f 1152/1161/1137 1153/1162/1138 1154/1163/1139
f 1154/1163/1139 1155/1164/1140 1152/1161/1137
f 1156/1165/1141 1155/1164/1140 1154/1163/1139
f 1154/1163/1139 1157/1166/1142 1156/1165/1141
f 1156/1165/1141 1157/1166/1142 1158/1167/1143
f 1158/1167/1143 1159/1168/1144 1156/1165/1141
f 1087/1091/1067 1159/1168/1144 1158/1167/1143
f 1158/1167/1143 1160/1169/1145 1087/1091/1067
f 1087/1091/1067 1160/1169/1145 1161/1170/1146
f 1161/1170/1146 1073/1077/1053 1072/1076/1052
f 1161/1170/1146 1086/1090/1066 1087/1091/1067
f 1072/1076/1052 1086/1090/1066 1161/1170/1146
f 1156/1165/1141 1159/1168/1144 1090/1095/1071
f 1090/1095/1071 1159/1168/1144 1087/1091/1067
f 1163/1171/1147 1155/1164/1140 1156/1165/1141
f 1090/1095/1071 1162/1172/1148 1156/1165/1141
f 1156/1165/1141 1162/1172/1148 1163/1171/1147
f 1152/1161/1137 1155/1164/1140 1163/1171/1147
f 1163/1171/1147 1162/1172/1148 1165/1173/1149
f 1163/1171/1147 1164/1174/1150 1152/1161/1137
f 1167/1175/1151 1164/1174/1150 1163/1171/1147
f 1165/1173/1149 1166/1176/1152 1163/1171/1147
f 1163/1171/1147 1166/1176/1152 1167/1175/1151
f 1167/1175/1151 1171/1177/1153 1168/1178/1154
f 1168/1178/1154 1170/1179/1155 1167/1175/1151
f 1167/1175/1151 1166/1176/1152 1169/1180/1156
f 1169/1180/1156 1171/1177/1153 1167/1175/1151
f 1167/1175/1151 1170/1179/1155 1149/1157/1133
f 1149/1157/1133 1164/1174/1150 1167/1175/1151
f 1173/1099/1075 1174/1181/1157 1175/1182/1158
f 1175/1182/1158 1174/1181/1157 1172/1183/1159
f 1175/1182/1158 1091/1097/1073 1173/1099/1075
f 1172/1183/1159 1171/1177/1153 1175/1182/1158
f 1175/1182/1158 1171/1177/1153 1169/1180/1156
f 1091/1097/1073 1175/1182/1158 1165/1173/1149
f 1165/1173/1149 1175/1182/1158 1169/1180/1156
f 1172/1183/1159 1174/1181/1157 1135/1143/1119
f 1135/1143/1119 1174/1181/1157 1173/1099/1075
f 1135/1143/1119 1177/1184/1160 1172/1183/1159
f 1135/1143/1119 1173/1099/1075 1176/1142/1118
f 1172/1183/1159 1177/1184/1160 1178/1146/1122
f 1168/1178/1154 1171/1177/1153 1178/1146/1122
f 1178/1146/1122 1171/1177/1153 1172/1183/1159
f 1179/1185/1161 1168/1178/1154 1178/1146/1122
f 1178/1146/1122 1180/1147/1123 1179/1185/1161
f 1179/1185/1161 1180/1147/1123 1148/1158/1134
f 1179/1185/1161 1170/1179/1155 1168/1178/1154
f 1149/1157/1133 1170/1179/1155 1179/1185/1161
f 1179/1185/1161 1148/1158/1134 1149/1157/1133
f 1176/1142/1118 1173/1099/1075 1182/1098/1074
f 1182/1098/1074 1181/1100/1076 1099/1107/1083
f 1099/1107/1083 1102/1111/1087 1182/1098/1074
f 1182/1098/1074 1102/1111/1087 1176/1142/1118
f 1099/1107/1083 1181/1100/1076 1098/1106/1082
f 1181/1100/1076 1183/1101/1077 1098/1106/1082
f 1098/1106/1082 1183/1101/1077 1094/1103/1079
f 1177/1184/1160 1137/1144/1120 1178/1146/1122
f 1135/1143/1119 1137/1144/1120 1177/1184/1160
f 1169/1180/1156 1166/1176/1152 1165/1173/1149
f 1165/1173/1149 1162/1172/1148 1090/1095/1071
f 1090/1095/1071 1092/1096/1072 1165/1173/1149
f 1165/1173/1149 1092/1096/1072 1091/1097/1073
f 1152/1161/1137 1164/1174/1150 1149/1157/1133
f 1149/1157/1133 1150/1159/1135 1152/1161/1137
f 1141/1150/1126 1147/1156/1132 1148/1158/1134
f 1148/1158/1134 1140/1149/1125 1141/1150/1126
f 1180/1147/1123 1140/1149/1125 1148/1158/1134
f 998/998/974 1137/1144/1120 1136/1140/1116
f 1136/1140/1116 1133/996/972 998/998/974
f 1105/1114/1090 1097/1105/1081 1055/1058/1034
f 1056/1059/1035 1055/1058/1034 1097/1105/1081
f 1094/1103/1079 1096/1104/1080 1098/1106/1082
f 1078/1081/1057 1095/1102/1078 1084/1088/1064
f 1062/1064/1040 1095/1102/1078 1078/1081/1057
f 1087/1091/1067 1088/1092/1068 1090/1095/1071
f 1084/1088/1064 1079/1084/1060 1078/1081/1057
f 1061/1066/1042 1060/1065/1041 1078/1081/1057
f 1078/1081/1057 1060/1065/1041 1062/1064/1040
f 1078/1081/1057 1076/1080/1056 1061/1066/1042
f 1061/1066/1042 1076/1080/1056 1069/1073/1049
f 1069/1073/1049 1066/1070/1046 1061/1066/1042
f 1065/1069/1045 1184/1186/1162 1186/1068/1044
f 1186/1068/1044 1184/1186/1162 1185/1187/1163
f 1187/1188/1164 1186/1068/1044 1185/1187/1163
f 1185/1187/1163 1188/1189/1165 1187/1188/1164
f 1187/1188/1164 1188/1189/1165 1189/1190/1166
f 1189/1190/1166 1190/1191/1167 1047/1049/1025
f 1189/1190/1166 1191/1192/1168 1187/1188/1164
f 1047/1049/1025 1191/1192/1168 1189/1190/1166
f 1187/1188/1164 1191/1192/1168 1050/1054/1030
f 1050/1054/1030 1191/1192/1168 1047/1049/1025
f 1047/1049/1025 1190/1191/1167 1192/1193/1169
f 1196/1051/1027 1047/1049/1025 1192/1193/1169
f 1192/1193/1169 1193/1194/1170 1196/1051/1027
f 1196/1051/1027 1193/1194/1170 1194/1195/1171
f 1194/1195/1171 1195/1196/1172 1035/1036/1012
f 1035/1036/1012 1196/1051/1027 1194/1195/1171
f 1038/1038/1014 1196/1051/1027 1035/1036/1012
f 1035/1036/1012 1195/1196/1172 1197/1197/1173
f 1197/1197/1173 1034/1035/1011 1035/1036/1012
f 1021/1023/999 1034/1035/1011 1197/1197/1173
f 1197/1197/1173 1022/1024/1000 1021/1023/999
f 1187/1188/1164 1054/1056/1032 1052/1057/1033
f 1052/1057/1033 1186/1068/1044 1187/1188/1164
f 1050/1054/1030 1054/1056/1032 1187/1188/1164
f 1186/1068/1044 1052/1057/1033 1057/1061/1037
f 1047/1049/1025 1048/1048/1024 1050/1054/1030
f 1038/1038/1014 1045/1046/1022 1196/1051/1027
f 1035/1036/1012 1033/1032/1008 1038/1038/1014
f 1032/1031/1007 1028/1030/1006 1027/1027/1003
f 1014/1012/988 1007/1007/983 1003/1006/982
f 1199/1198/1174 1201/1199/1175 1198/1200/1176
f 1198/1200/1176 1200/1201/1177 1199/1198/1174
f 1198/1200/1176 1201/1199/1175 1202/1202/1178
f 1202/1202/1178 1285/1203/1179 1198/1200/1176
f 1200/1201/1177 1198/1200/1176 1203/1204/1180
f 1285/1203/1179 1204/1205/1181 1203/1204/1180
f 1203/1204/1180 1198/1200/1176 1285/1203/1179
f 1205/1206/1182 1204/1205/1181 1285/1203/1179
f 1286/1207/1183 1206/1208/1184 1205/1206/1182
f 1205/1206/1182 1285/1203/1179 1286/1207/1183
f 1207/1209/1185 1206/1208/1184 1286/1207/1183
f 1287/1210/1186 1208/1211/1187 1207/1209/1185
f 1207/1209/1185 1286/1207/1183 1287/1210/1186
f 1209/1212/1188 1208/1211/1187 1287/1210/1186
f 1209/1212/1188 1288/1213/1189 1289/1214/1190
f 1287/1210/1186 1288/1213/1189 1209/1212/1188
f 1242/1215/1191 1211/1216/1192 1210/1217/1193
f 1210/1217/1193 1290/1218/1194 1242/1215/1191
f 1289/1214/1190 1290/1218/1194 1210/1217/1193
f 1212/1219/1195 1211/1216/1192 1242/1215/1191
f 1241/1220/1196 1213/1221/1197 1212/1219/1195
f 1212/1219/1195 1242/1215/1191 1241/1220/1196
f 1239/1222/1198 1213/1221/1197 1241/1220/1196
f 1218/1223/1199 1215/1224/1200 1214/1225/1201
f 1214/1225/1201 1231/1226/1202 1218/1223/1199
f 1232/1227/1203 1231/1226/1202 1214/1225/1201
f 1216/1228/1204 1215/1224/1200 1218/1223/1199
f 1218/1223/1199 1217/1229/1205 1216/1228/1204
f 1216/1228/1204 1217/1229/1205 1220/1230/1206
f 1218/1223/1199 1219/1231/1207 1217/1229/1205
f 1217/1229/1205 1219/1231/1207 1228/1232/1208
f 1228/1232/1208 1220/1230/1206 1217/1229/1205
f 1295/1233/1209 1220/1230/1206 1228/1232/1208
f 1221/1234/1210 1222/1235/1211 1295/1233/1209
f 1295/1233/1209 1227/1236/1212 1221/1234/1210
f 1228/1232/1208 1227/1236/1212 1295/1233/1209
f 1223/1237/1213 1222/1235/1211 1221/1234/1210
f 1221/1234/1210 1226/1238/1214 1223/1237/1213
f 1225/1239/1215 1224/1240/1216 1223/1237/1213
f 1223/1237/1213 1226/1238/1214 1225/1239/1215
f 1230/1241/1217 1234/1242/1218 1231/1226/1202
f 1231/1226/1202 1232/1227/1203 1230/1241/1217
f 1230/1241/1217 1232/1227/1203 1233/1243/1219
f 1233/1243/1219 1235/1244/1220 1230/1241/1217
f 1237/1245/1221 1235/1244/1220 1233/1243/1219
f 1239/1222/1198 1236/1246/1222 1237/1245/1221
f 1236/1246/1222 1238/1247/1223 1237/1245/1221
f 1237/1245/1221 1238/1247/1223 1235/1244/1220
f 1240/1248/1224 1236/1246/1222 1239/1222/1198
f 1239/1222/1198 1241/1220/1196 1240/1248/1224
f 1240/1248/1224 1241/1220/1196 1242/1215/1191
f 1244/1249/1225 1242/1215/1191 1243/1250/1226
f 1240/1248/1224 1242/1215/1191 1244/1249/1225
f 1286/1207/1183 1250/1251/1227 1249/1252/1228
f 1247/1253/1229 1286/1207/1183 1249/1252/1228
f 1251/1254/1230 1250/1251/1227 1286/1207/1183
f 1254/1255/1231 1252/1256/1232 1253/1257/1233
f 1253/1257/1233 1255/1258/1234 1254/1255/1231
f 1257/1259/1235 1256/1260/1236 1255/1258/1234
f 1255/1258/1234 1278/1261/1237 1257/1259/1235
f 1253/1257/1233 1278/1261/1237 1255/1258/1234
f 1258/1262/1238 1255/1258/1234 1256/1260/1236
f 1258/1262/1238 1259/1263/1239 1255/1258/1234
f 1255/1258/1234 1259/1263/1239 1260/1264/1240
f 1260/1264/1240 1254/1255/1231 1255/1258/1234
f 1275/1265/1241 1262/1266/1242 1261/1267/1243
f 1261/1267/1243 1276/1268/1244 1275/1265/1241
f 1256/1260/1236 1276/1268/1244 1261/1267/1243
f 1263/1269/1245 1262/1266/1242 1275/1265/1241
f 1273/1270/1246 1264/1271/1247 1263/1269/1245
f 1275/1265/1241 1273/1270/1246 1263/1269/1245
f 1265/1272/1248 1264/1271/1247 1273/1270/1246
f 1272/1273/1249 1266/1274/1250 1265/1272/1248
f 1273/1270/1246 1272/1273/1249 1265/1272/1248
f 1267/1275/1251 1266/1274/1250 1272/1273/1249
f 1267/1275/1251 1268/1276/1252 1269/1277/1253
f 1272/1273/1249 1268/1276/1252 1267/1275/1251
f 1270/1278/1254 1269/1277/1253 1268/1276/1252
f 1268/1276/1252 1282/1279/1255 1270/1278/1254
f 1271/1280/1256 1282/1279/1255 1268/1276/1252
f 1268/1276/1252 1272/1273/1249 1271/1280/1256
f 1273/1270/1246 1281/1281/1257 1272/1273/1249
f 1272/1273/1249 1281/1281/1257 1271/1280/1256
f 1274/1282/1258 1279/1283/1259 1273/1270/1246
f 1273/1270/1246 1275/1265/1241 1274/1282/1258
f 1274/1282/1258 1275/1265/1241 1276/1268/1244
f 1257/1259/1235 1277/1284/1260 1276/1268/1244
f 1276/1268/1244 1277/1284/1260 1274/1282/1258
f 1276/1268/1244 1256/1260/1236 1257/1259/1235
f 1279/1283/1259 1280/1285/1261 1273/1270/1246
f 1273/1270/1246 1280/1285/1261 1281/1281/1257
f 1199/1198/1174 1284/1286/1262 1283/1287/1263
f 1283/1287/1263 1284/1286/1262 1270/1278/1254
f 1284/1286/1262 1269/1277/1253 1270/1278/1254
f 1285/1203/1179 1251/1254/1230 1286/1207/1183
f 1202/1202/1178 1251/1254/1230 1285/1203/1179
f 1247/1253/1229 1287/1210/1186 1286/1207/1183
f 1288/1213/1189 1287/1210/1186 1247/1253/1229
f 1247/1253/1229 1248/1288/1264 1288/1213/1189
f 1288/1213/1189 1248/1288/1264 1245/1289/1265
f 1245/1289/1265 1289/1214/1190 1288/1213/1189
f 1290/1218/1194 1289/1214/1190 1245/1289/1265
f 1245/1289/1265 1246/1290/1266 1290/1218/1194
f 1290/1218/1194 1246/1290/1266 1243/1250/1226
f 1243/1250/1226 1242/1215/1191 1290/1218/1194
f 1231/1226/1202 1234/1242/1218 1218/1223/1199
f 1234/1242/1218 1229/1291/1267 1218/1223/1199
f 1218/1223/1199 1229/1291/1267 1219/1231/1207
f 1225/1239/1215 1291/1292/1268 1292/1293/1269
f 1292/1293/1269 1224/1240/1216 1225/1239/1215
f 1224/1240/1216 1292/1293/1269 1293/1294/1270
f 1293/1294/1270 1294/1295/1271 1224/1240/1216
f 1224/1240/1216 1294/1295/1271 1223/1237/1213
f 1199/1198/1174 1200/1201/1177 1284/1286/1262
f 1297/1296/1272 1300/1297/1273 1296/1298/1274
f 1296/1298/1274 1375/1299/1275 1298/1300/1276
f 1300/1297/1273 1302/1301/1277 1304/1302/1278
f 1304/1302/1278 1296/1298/1274 1300/1297/1273
f 1300/1297/1273 1299/1303/1279 1301/1304/1280
f 1301/1304/1280 1302/1301/1277 1300/1297/1273
f 1304/1302/1278 1302/1301/1277 1303/1305/1281
f 1303/1305/1281 1302/1301/1277 1301/1304/1280
f 1307/1306/1282 1304/1302/1278 1303/1305/1281
f 1303/1305/1281 1301/1304/1280 1305/1307/1283
f 1305/1307/1283 1306/1308/1284 1303/1305/1281
f 1303/1305/1281 1306/1308/1284 1307/1306/1282
f 1305/1307/1283 1301/1304/1280 1308/1309/1285
f 1308/1309/1285 1310/1310/1286 1309/1311/1287
f 1309/1311/1287 1312/1312/1288 1308/1309/1285
f 1301/1304/1280 1311/1313/1289 1308/1309/1285
f 1308/1309/1285 1311/1313/1289 1310/1310/1286
f 1308/1309/1285 1312/1312/1288 1305/1307/1283
f 1309/1311/1287 1310/1310/1286 1316/1314/1290
f 1313/1315/1291 1315/1316/1292 1316/1314/1290
f 1310/1310/1286 1314/1317/1293 1316/1314/1290
f 1316/1314/1290 1315/1316/1292 1309/1311/1287
f 1320/1318/1294 1316/1314/1290 1314/1317/1293
f 1313/1315/1291 1316/1314/1290 1320/1318/1294
f 1317/1319/1295 1319/1320/1296 1320/1318/1294
f 1314/1317/1293 1318/1321/1297 1320/1318/1294
f 1320/1318/1294 1319/1320/1296 1313/1315/1291
f 1321/1322/1298 1320/1318/1294 1318/1321/1297
f 1317/1319/1295 1320/1318/1294 1321/1322/1298
f 1321/1322/1298 1323/1323/1299 1322/1324/1300
f 1322/1324/1300 1325/1325/1301 1321/1322/1298
f 1318/1321/1297 1324/1326/1302 1321/1322/1298
f 1321/1322/1298 1324/1326/1302 1323/1323/1299
f 1321/1322/1298 1325/1325/1301 1317/1319/1295
f 1322/1324/1300 1323/1323/1299 1330/1327/1303
f 1326/1328/1304 1329/1329/1305 1330/1327/1303
f 1323/1323/1299 1328/1330/1306 1330/1327/1303
f 1330/1327/1303 1328/1330/1306 1327/1331/1307
f 1330/1327/1303 1329/1329/1305 1322/1324/1300
f 1335/1332/1308 1330/1327/1303 1327/1331/1307
f 1326/1328/1304 1330/1327/1303 1335/1332/1308
f 1331/1333/1309 1334/1334/1310 1335/1332/1308
f 1327/1331/1307 1333/1335/1311 1335/1332/1308
f 1335/1332/1308 1333/1335/1311 1332/1336/1312
f 1335/1332/1308 1334/1334/1310 1326/1328/1304
f 1336/1337/1313 1335/1332/1308 1332/1336/1312
f 1331/1333/1309 1335/1332/1308 1336/1337/1313
f 1336/1337/1313 1338/1338/1314 1337/1339/1315
f 1337/1339/1315 1340/1340/1316 1336/1337/1313
f 1332/1336/1312 1339/1341/1317 1336/1337/1313
f 1336/1337/1313 1339/1341/1317 1338/1338/1314
f 1336/1337/1313 1340/1340/1316 1331/1333/1309
f 1337/1339/1315 1338/1338/1314 1341/1342/1318
f 1341/1342/1318 1344/1343/1319 1342/1344/1320
f 1341/1342/1318 1342/1344/1320 1343/1345/1321
f 1338/1338/1314 1344/1343/1319 1341/1342/1318
f 1343/1345/1321 1345/1346/1322 1341/1342/1318
f 1341/1342/1318 1345/1346/1322 1337/1339/1315
f 1342/1344/1320 1344/1343/1319 1346/1347/1323
f 1346/1347/1323 1344/1343/1319 1338/1338/1314
f 1346/1347/1323 1347/1348/1324 1342/1344/1320
f 1338/1338/1314 1348/1349/1325 1346/1347/1323
f 1327/1331/1307 1353/1350/1326 1351/1351/1327
f 1351/1351/1327 1349/1352/1328 1332/1336/1312
f 1332/1336/1312 1333/1335/1311 1351/1351/1327
f 1351/1351/1327 1333/1335/1311 1327/1331/1307
f 1352/1353/1329 1353/1350/1326 1327/1331/1307
f 1323/1323/1299 1356/1354/1330 1352/1353/1329
f 1327/1331/1307 1328/1330/1306 1352/1353/1329
f 1352/1353/1329 1328/1330/1306 1323/1323/1299
f 1355/1355/1331 1353/1350/1326 1352/1353/1329
f 1352/1353/1329 1356/1354/1330 1354/1356/1332
f 1354/1356/1332 1356/1354/1330 1357/1357/1333
f 1314/1317/1293 1364/1358/1334 1358/1359/1335
f 1358/1359/1335 1318/1321/1297 1314/1317/1293
f 1359/1360/1336 1364/1358/1334 1314/1317/1293
f 1310/1310/1286 1361/1361/1337 1359/1360/1336
f 1359/1360/1336 1314/1317/1293 1310/1310/1286
f 1301/1304/1280 1299/1303/1279 1360/1362/1338
f 1360/1362/1338 1361/1361/1337 1310/1310/1286
f 1310/1310/1286 1311/1313/1289 1360/1362/1338
f 1360/1362/1338 1311/1313/1289 1301/1304/1280
f 1361/1361/1337 1360/1362/1338 1362/1363/1339
f 1363/1364/1340 1359/1360/1336 1361/1361/1337
f 1364/1358/1334 1359/1360/1336 1363/1364/1340
f 1365/1365/1341 1358/1359/1335 1364/1358/1334
f 1365/1365/1341 1364/1358/1334 1367/1366/1342
f 1366/1367/1343 1358/1359/1335 1365/1365/1341
f 1367/1366/1342 1364/1358/1334 1363/1364/1340
f 1368/1368/1344 1361/1361/1337 1362/1363/1339
f 1363/1364/1340 1361/1361/1337 1368/1368/1344
f 1362/1363/1339 1299/1303/1279 1369/1369/1345
f 1369/1369/1345 1299/1303/1279 1297/1296/1272
f 1370/1370/1346 1296/1298/1274 1298/1300/1276
f 1297/1296/1272 1296/1298/1274 1370/1370/1346
f 1371/1371/1347 1373/1372/1348 1372/1373/1349
f 1298/1300/1276 1373/1372/1348 1371/1371/1347
f 1298/1300/1276 1375/1299/1275 1373/1372/1348
f 1373/1372/1348 1374/1374/1350 1372/1373/1349
f 1375/1299/1275 1296/1298/1274 1304/1302/1278
f 1304/1302/1278 1376/1375/1351 1375/1299/1275
f 1375/1299/1275 1376/1375/1351 1378/1376/1352
f 1378/1376/1352 1373/1372/1348 1375/1299/1275
f 1378/1376/1352 1376/1375/1351 1377/1377/1353
f 1377/1377/1353 1376/1375/1351 1304/1302/1278
f 1380/1378/1354 1378/1376/1352 1377/1377/1353
f 1307/1306/1282 1379/1379/1355 1377/1377/1353
f 1377/1377/1353 1379/1379/1355 1380/1378/1354
f 1377/1377/1353 1304/1302/1278 1307/1306/1282
f 1381/1380/1356 1378/1376/1352 1380/1378/1354
f 1380/1378/1354 1382/1381/1357 1381/1380/1356
f 1381/1380/1356 1382/1381/1357 1383/1382/1358
f 1384/1383/1359 1386/1384/1360 1383/1382/1358
f 1383/1382/1358 1385/1385/1361 1384/1383/1359
f 1383/1382/1358 1386/1384/1360 1381/1380/1356
f 1430/1386/1362 1431/1387/1363 1386/1384/1360
f 1386/1384/1360 1388/1388/1364 1430/1386/1362
f 1386/1384/1360 1431/1387/1363 1374/1374/1350
f 1386/1384/1360 1387/1389/1365 1381/1380/1356
f 1374/1374/1350 1387/1389/1365 1386/1384/1360
f 1384/1383/1359 1388/1388/1364 1386/1384/1360
f 1430/1386/1362 1388/1388/1364 1389/1390/1366
f 1389/1390/1366 1388/1388/1364 1384/1383/1359
f 1429/1391/1367 1433/1392/1368 1389/1390/1366
f 1389/1390/1366 1391/1393/1369 1429/1391/1367
f 1389/1390/1366 1433/1392/1368 1430/1386/1362
f 1390/1394/1370 1391/1393/1369 1389/1390/1366
f 1393/1395/1371 1392/1396/1372 1390/1394/1370
f 1390/1394/1370 1392/1396/1372 1394/1397/1373
f 1390/1394/1370 1389/1390/1366 1393/1395/1371
f 1399/1398/1374 1390/1394/1370 1394/1397/1373
f 1394/1397/1373 1395/1399/1375 1399/1398/1374
f 1399/1398/1374 1395/1399/1375 1396/1400/1376
f 1397/1401/1377 1399/1398/1374 1396/1400/1376
f 1396/1400/1376 1398/1402/1378 1397/1401/1377
f 1400/1403/1379 1399/1398/1374 1397/1401/1377
f 1428/1404/1380 1437/1405/1381 1400/1403/1379
f 1400/1403/1379 1401/1406/1382 1428/1404/1380
f 1397/1401/1377 1401/1406/1382 1400/1403/1379
f 1428/1404/1380 1401/1406/1382 1402/1407/1383
f 1402/1407/1383 1401/1406/1382 1397/1401/1377
f 1426/1408/1384 1427/1409/1385 1402/1407/1383
f 1402/1407/1383 1403/1410/1386 1426/1408/1384
f 1402/1407/1383 1427/1409/1385 1428/1404/1380
f 1404/1411/1387 1403/1410/1386 1402/1407/1383
f 1405/1412/1388 1403/1410/1386 1404/1411/1387
f 1407/1413/1389 1406/1414/1390 1404/1411/1387
f 1404/1411/1387 1406/1414/1390 1408/1415/1391
f 1404/1411/1387 1402/1407/1383 1407/1413/1389
f 1413/1416/1392 1404/1411/1387 1408/1415/1391
f 1408/1415/1391 1409/1417/1393 1413/1416/1392
f 1413/1416/1392 1409/1417/1393 1410/1418/1394
f 1411/1419/1395 1413/1416/1392 1410/1418/1394
f 1410/1418/1394 1412/1420/1396 1411/1419/1395
f 1414/1421/1397 1413/1416/1392 1411/1419/1395
f 1423/1422/1398 1443/1423/1399 1414/1421/1397
f 1414/1421/1397 1416/1424/1400 1423/1422/1398
f 1414/1421/1397 1443/1423/1399 1424/1425/1401
f 1414/1421/1397 1415/1426/1402 1413/1416/1392
f 1424/1425/1401 1415/1426/1402 1414/1421/1397
f 1411/1419/1395 1416/1424/1400 1414/1421/1397
f 1423/1422/1398 1416/1424/1400 1419/1427/1403
f 1419/1427/1403 1416/1424/1400 1411/1419/1395
f 1422/1428/1404 1445/1429/1405 1419/1427/1403
f 1419/1427/1403 1417/1430/1406 1422/1428/1404
f 1419/1427/1403 1445/1429/1405 1423/1422/1398
f 1418/1431/1407 1417/1430/1406 1419/1427/1403
f 1418/1431/1407 1419/1427/1403 1420/1432/1408
f 1420/1432/1408 1419/1427/1403 1411/1419/1395
f 1420/1432/1408 1421/1433/1409 1418/1431/1407
f 1411/1419/1395 1412/1420/1396 1420/1432/1408
f 1418/1431/1407 1421/1433/1409 1343/1345/1321
f 1342/1344/1320 1417/1430/1406 1418/1431/1407
f 1343/1345/1321 1342/1344/1320 1418/1431/1407
f 1422/1428/1404 1417/1430/1406 1342/1344/1320
f 1405/1412/1388 1425/1434/1410 1426/1408/1384
f 1424/1425/1401 1425/1434/1410 1405/1412/1388
f 1391/1393/1369 1435/1435/1411 1429/1391/1367
f 1437/1405/1381 1435/1435/1411 1391/1393/1369
f 1372/1373/1349 1374/1374/1350 1431/1387/1363
f 1431/1387/1363 1430/1386/1362 1432/1436/1412
f 1432/1436/1412 1430/1386/1362 1433/1392/1368
f 1433/1392/1368 1429/1391/1367 1434/1437/1413
f 1434/1437/1413 1429/1391/1367 1435/1435/1411
f 1435/1435/1411 1437/1405/1381 1436/1438/1414
f 1437/1405/1381 1428/1404/1380 1438/1439/1415
f 1438/1439/1415 1428/1404/1380 1439/1440/1416
f 1439/1440/1416 1426/1408/1384 1440/1441/1417
f 1439/1440/1416 1427/1409/1385 1426/1408/1384
f 1428/1404/1380 1427/1409/1385 1439/1440/1416
f 1440/1441/1417 1426/1408/1384 1441/1442/1418
f 1441/1442/1418 1424/1425/1401 1442/1443/1419
f 1441/1442/1418 1425/1434/1410 1424/1425/1401
f 1426/1408/1384 1425/1434/1410 1441/1442/1418
f 1442/1443/1419 1424/1425/1401 1443/1423/1399
f 1443/1423/1399 1423/1422/1398 1444/1444/1420
f 1444/1444/1420 1423/1422/1398 1445/1429/1405
f 1445/1429/1405 1422/1428/1404 1446/1445/1421
f 1446/1445/1421 1422/1428/1404 1347/1348/1324
f 1347/1348/1324 1447/1446/1422 1446/1445/1421
f 1448/1447/1423 1445/1429/1405 1446/1445/1421
f 1449/1448/1424 1346/1347/1323 1348/1349/1325
f 1449/1448/1424 1348/1349/1325 1450/1449/1425
f 1347/1348/1324 1346/1347/1323 1449/1448/1424
f 1449/1448/1424 1447/1446/1422 1347/1348/1324
f 1450/1449/1425 1348/1349/1325 1451/1450/1426
f 1451/1450/1426 1349/1352/1328 1452/1451/1427
f 1452/1451/1427 1349/1352/1328 1453/1452/1428
f 1453/1452/1428 1351/1351/1327 1355/1355/1331
f 1453/1452/1428 1355/1355/1331 1454/1453/1429
f 1349/1352/1328 1351/1351/1327 1453/1452/1428
f 1455/1454/1430 1456/1455/1431 1454/1453/1429
f 1454/1453/1429 1355/1355/1331 1455/1454/1430
f 1457/1456/1432 1456/1455/1431 1455/1454/1430
f 1455/1454/1430 1354/1356/1332 1457/1456/1432
f 1457/1456/1432 1354/1356/1332 1458/1457/1433
f 1458/1457/1433 1357/1357/1333 1358/1359/1335
f 1458/1457/1433 1358/1359/1335 1366/1367/1343
f 1354/1356/1332 1357/1357/1333 1458/1457/1433
f 1455/1454/1430 1352/1353/1329 1354/1356/1332
f 1355/1355/1331 1352/1353/1329 1455/1454/1430
f 1451/1450/1426 1350/1458/1434 1349/1352/1328
f 1348/1349/1325 1350/1458/1434 1451/1450/1426
f 1444/1444/1420 1445/1429/1405 1448/1447/1423
f 1459/1459/1435 1443/1423/1399 1444/1444/1420
f 1442/1443/1419 1443/1423/1399 1459/1459/1435
f 1460/1460/1436 1461/1461/1437 1440/1441/1417
f 1460/1460/1436 1441/1442/1418 1442/1443/1419
f 1440/1441/1417 1441/1442/1418 1460/1460/1436
f 1440/1441/1417 1461/1461/1437 1462/1462/1438
f 1462/1462/1438 1439/1440/1416 1440/1441/1417
f 1438/1439/1415 1439/1440/1416 1462/1462/1438
f 1463/1463/1439 1437/1405/1381 1438/1439/1415
f 1436/1438/1414 1437/1405/1381 1463/1463/1439
f 1464/1464/1440 1435/1435/1411 1436/1438/1414
f 1434/1437/1413 1435/1435/1411 1464/1464/1440
f 1465/1465/1441 1433/1392/1368 1434/1437/1413
f 1432/1436/1412 1433/1392/1368 1465/1465/1441
f 1466/1466/1442 1431/1387/1363 1432/1436/1412
f 1372/1373/1349 1431/1387/1363 1466/1466/1442
f 1342/1344/1320 1347/1348/1324 1422/1428/1404
f 1405/1412/1388 1415/1426/1402 1424/1425/1401
f 1413/1416/1392 1415/1426/1402 1405/1412/1388
f 1405/1412/1388 1404/1411/1387 1413/1416/1392
f 1407/1413/1389 1402/1407/1383 1397/1401/1377
f 1397/1401/1377 1398/1402/1378 1407/1413/1389
f 1426/1408/1384 1403/1410/1386 1405/1412/1388
f 1391/1393/1369 1400/1403/1379 1437/1405/1381
f 1399/1398/1374 1400/1403/1379 1391/1393/1369
f 1391/1393/1369 1390/1394/1370 1399/1398/1374
f 1393/1395/1371 1389/1390/1366 1384/1383/1359
f 1384/1383/1359 1385/1385/1361 1393/1395/1371
f 1381/1380/1356 1387/1389/1365 1378/1376/1352
f 1378/1376/1352 1387/1389/1365 1374/1374/1350
f 1374/1374/1350 1373/1372/1348 1378/1376/1352
f 1362/1363/1339 1360/1362/1338 1299/1303/1279
f 1318/1321/1297 1358/1359/1335 1357/1357/1333
f 1357/1357/1333 1356/1354/1330 1323/1323/1299
f 1323/1323/1299 1324/1326/1302 1357/1357/1333
f 1357/1357/1333 1324/1326/1302 1318/1321/1297
f 1351/1351/1327 1353/1350/1326 1355/1355/1331
f 1332/1336/1312 1349/1352/1328 1350/1458/1434
f 1350/1458/1434 1348/1349/1325 1338/1338/1314
f 1338/1338/1314 1339/1341/1317 1350/1458/1434
f 1350/1458/1434 1339/1341/1317 1332/1336/1312
f 1299/1303/1279 1300/1297/1273 1297/1296/1272
