# Blender 5.1.2
# www.blender.org
mtllib dpad_left.mtl
o dpad_left
v -0.797050 -0.242301 0.258188
v -0.793104 -0.277209 0.240655
v -0.797050 -0.275481 0.258188
v -0.793104 -0.244029 0.240655
v -0.798366 -0.274742 0.279887
v -0.798366 -0.241562 0.279887
v -0.796995 -0.241783 0.301615
v -0.796995 -0.274963 0.301615
v -0.792885 -0.276110 0.319238
v -0.792885 -0.242930 0.319238
v -0.784849 -0.245661 0.331893
v -0.784849 -0.278841 0.331893
v -0.771701 -0.283812 0.338718
v -0.771701 -0.250632 0.338718
v -0.756855 -0.255658 0.341393
v -0.756855 -0.288834 0.341393
v -0.743722 -0.291717 0.341598
v -0.743722 -0.258553 0.341598
v -0.731403 -0.260188 0.340564
v -0.731403 -0.293343 0.340564
v -0.785294 -0.279648 0.228051
v -0.772389 -0.282515 0.221141
v -0.757701 -0.285333 0.218279
v -0.744539 -0.287625 0.217819
v -0.732114 -0.289414 0.218561
v -0.719633 -0.290725 0.219307
v -0.708921 -0.291639 0.220078
v -0.701808 -0.292237 0.220897
v -0.696896 -0.292655 0.222354
v -0.692788 -0.293030 0.225039
v -0.687659 -0.293510 0.229940
v -0.675124 -0.294666 0.242729
v -0.660714 -0.296031 0.257626
v -0.652918 -0.296808 0.266568
v -0.648660 -0.297292 0.273640
v -0.647433 -0.297573 0.279771
v -0.648729 -0.297743 0.285887
v -0.653171 -0.297783 0.293017
v -0.661384 -0.297676 0.302186
v -0.671442 -0.264272 0.312316
v -0.671440 -0.297452 0.312314
v -0.653171 -0.264603 0.293017
v -0.661384 -0.264496 0.302186
v -0.681424 -0.297140 0.322327
v -0.689519 -0.296840 0.330375
v -0.693928 -0.296652 0.334626
v -0.697110 -0.263265 0.336578
v -0.697110 -0.296446 0.336578
v -0.689518 -0.263660 0.330374
v -0.693928 -0.263472 0.334626
v -0.701523 -0.296088 0.337729
v -0.708407 -0.295497 0.338552
v -0.718999 -0.294593 0.339523
v -0.708407 -0.262321 0.338552
v -0.718999 -0.261429 0.339523
v -0.731403 -0.260188 0.340564
v -0.731403 -0.293343 0.340564
v -0.701523 -0.262908 0.337729
v -0.681422 -0.263960 0.322324
v -0.648729 -0.264563 0.285887
v -0.647433 -0.264393 0.279771
v -0.648660 -0.264111 0.273640
v -0.652918 -0.263631 0.266568
v -0.660714 -0.262865 0.257626
v -0.676834 -0.261345 0.240977
v -0.687659 -0.260334 0.229940
v -0.692788 -0.259850 0.225039
v -0.696896 -0.259475 0.222354
v -0.701808 -0.259057 0.220897
v -0.708921 -0.258462 0.220078
v -0.719632 -0.257558 0.219307
v -0.732114 -0.256254 0.218561
v -0.744540 -0.254458 0.217819
v -0.757701 -0.252156 0.218279
v -0.772389 -0.249334 0.221141
v -0.785294 -0.246467 0.228051
v -0.698704 -0.314869 0.302407
v -0.690620 -0.312546 0.292467
v -0.701141 -0.314664 0.295344
v -0.687673 -0.312937 0.302905
v -0.696006 -0.315151 0.309318
v -0.707627 -0.317642 0.306760
v -0.701551 -0.318107 0.322144
v -0.704377 -0.318042 0.315334
v -0.693471 -0.315148 0.315351
v -0.685697 -0.312855 0.307934
v -0.684001 -0.312181 0.312057
v -0.691519 -0.314499 0.319780
v -0.696143 -0.316306 0.324418
v -0.690152 -0.312785 0.322770
v -0.699706 -0.317531 0.326938
v -0.694788 -0.314602 0.327414
v -0.698400 -0.315835 0.329955
v -0.702021 -0.313228 0.333076
v -0.697651 -0.312654 0.331687
v -0.702759 -0.316407 0.331338
v -0.704246 -0.318099 0.328456
v -0.709698 -0.316764 0.332303
v -0.706007 -0.318687 0.323440
v -0.708867 -0.318565 0.315946
v -0.742368 -0.318652 0.335696
v -0.730525 -0.320021 0.326050
v -0.743250 -0.320345 0.332516
v -0.729829 -0.310305 0.337143
v -0.741766 -0.315505 0.337500
v -0.709891 -0.313650 0.334157
v -0.718139 -0.309635 0.335924
v -0.708159 -0.309102 0.334806
v -0.701674 -0.308764 0.333896
v -0.697297 -0.308189 0.332505
v -0.693645 -0.306945 0.329944
v -0.688998 -0.305112 0.325294
v -0.693999 -0.311352 0.329149
v -0.681637 -0.302766 0.317636
v -0.673927 -0.308211 0.305860
v -0.676519 -0.305717 0.311092
v -0.672873 -0.300481 0.308421
v -0.682719 -0.310464 0.315082
v -0.664397 -0.303345 0.298307
v -0.664016 -0.298829 0.299099
v -0.656784 -0.297810 0.290644
v -0.657279 -0.302338 0.289979
v -0.652896 -0.297426 0.284027
v -0.653593 -0.301962 0.283659
v -0.654159 -0.305242 0.278381
v -0.652647 -0.301932 0.278360
v -0.654929 -0.305266 0.282866
v -0.658302 -0.305624 0.288553
v -0.651830 -0.297392 0.278348
v -0.653749 -0.301964 0.273091
v -0.653064 -0.297428 0.272703
v -0.657160 -0.297816 0.266192
v -0.665018 -0.303356 0.258724
v -0.664678 -0.298843 0.257915
v -0.657630 -0.302343 0.266873
v -0.658599 -0.305628 0.268332
v -0.655060 -0.305267 0.273923
v -0.665746 -0.306609 0.260450
v -0.657164 -0.307142 0.275381
v -0.660251 -0.307470 0.270892
v -0.667019 -0.308390 0.263466
v -0.659709 -0.308061 0.277101
v -0.675828 -0.309952 0.254521
v -0.668829 -0.309207 0.266916
v -0.674764 -0.308227 0.251420
v -0.677224 -0.310664 0.258398
v -0.671052 -0.309537 0.270050
v -0.678829 -0.310848 0.262507
v -0.688352 -0.312943 0.254890
v -0.686546 -0.312874 0.249699
v -0.685038 -0.312209 0.245474
v -0.692954 -0.314553 0.237904
v -0.683918 -0.310500 0.242390
v -0.691710 -0.312844 0.234862
v -0.694732 -0.315196 0.242412
v -0.705874 -0.318102 0.242813
v -0.697049 -0.315189 0.248557
v -0.703309 -0.318178 0.235847
v -0.697879 -0.316376 0.233386
v -0.700521 -0.315922 0.227906
v -0.701701 -0.317613 0.230973
v -0.696641 -0.314676 0.230340
v -0.695931 -0.311491 0.228592
v -0.699844 -0.312744 0.226144
v -0.688065 -0.308614 0.235900
v -0.690660 -0.305176 0.232294
v -0.695596 -0.307023 0.227768
v -0.699525 -0.308280 0.225312
v -0.704503 -0.313335 0.224867
v -0.704192 -0.308873 0.224032
v -0.710843 -0.309217 0.223400
v -0.712698 -0.313769 0.224123
v -0.720723 -0.309725 0.222892
v -0.732359 -0.310368 0.222439
v -0.744279 -0.311112 0.221973
v -0.744599 -0.315562 0.222839
v -0.745180 -0.318715 0.224664
v -0.745949 -0.320407 0.227858
v -0.735169 -0.320234 0.233409
v -0.757808 -0.321140 0.228409
v -0.757329 -0.319481 0.225290
v -0.757315 -0.321615 0.233167
v -0.771608 -0.322139 0.243390
v -0.769052 -0.322226 0.235630
v -0.769761 -0.321738 0.231035
v -0.777256 -0.322449 0.240928
v -0.770288 -0.320127 0.228108
v -0.779572 -0.322003 0.237086
v -0.781258 -0.320432 0.234540
v -0.770595 -0.317005 0.226420
v -0.782234 -0.317338 0.233067
v -0.789086 -0.317054 0.244898
v -0.787659 -0.320153 0.246004
v -0.785190 -0.321731 0.247915
v -0.787726 -0.321326 0.262862
v -0.781917 -0.322207 0.250627
v -0.790637 -0.319725 0.261824
v -0.783986 -0.321852 0.264214
v -0.778079 -0.321998 0.254134
v -0.779818 -0.321738 0.265752
v -0.780145 -0.321649 0.281048
v -0.784413 -0.321733 0.281176
v -0.788294 -0.321192 0.281265
v -0.791337 -0.319583 0.281322
v -0.789787 -0.319726 0.300800
v -0.783230 -0.321851 0.298124
v -0.786920 -0.321327 0.299650
v -0.783633 -0.321730 0.314545
v -0.786014 -0.320151 0.316557
v -0.777341 -0.321989 0.325157
v -0.780468 -0.322203 0.311665
v -0.778924 -0.320419 0.327782
v -0.775167 -0.322430 0.321168
v -0.776739 -0.321986 0.307895
v -0.769568 -0.322097 0.318176
v -0.766371 -0.322174 0.326001
v -0.766955 -0.321695 0.330692
v -0.767420 -0.320089 0.333662
v -0.754255 -0.319421 0.335769
v -0.754293 -0.321532 0.327783
v -0.754761 -0.321072 0.332644
v -0.753965 -0.316271 0.337568
v -0.753828 -0.311824 0.338420
v -0.741445 -0.311056 0.338356
v -0.767692 -0.316971 0.335377
v -0.767822 -0.312543 0.336192
v -0.780278 -0.312913 0.330026
v -0.788046 -0.312636 0.318277
v -0.779841 -0.317326 0.329301
v -0.787391 -0.317052 0.317722
v -0.791442 -0.316610 0.301464
v -0.792228 -0.312184 0.301780
v -0.793093 -0.316462 0.281355
v -0.793928 -0.312032 0.281371
v -0.793117 -0.312183 0.260938
v -0.792318 -0.316609 0.261224
v -0.789766 -0.312637 0.244370
v -0.782700 -0.312925 0.232365
v -0.770743 -0.312575 0.225618
v -0.756926 -0.311875 0.222647
v -0.757055 -0.316326 0.223496
v -0.734129 -0.319954 0.318721
v -0.739912 -0.319720 0.310165
v -0.769702 -0.321200 0.303282
v -0.732661 -0.318467 0.290695
v -0.768748 -0.320796 0.293459
v -0.711972 -0.318110 0.307062
v -0.735441 -0.318929 0.300462
v -0.714746 -0.317847 0.299074
v -0.712162 -0.317159 0.289832
v -0.710275 -0.317347 0.298799
v -0.716654 -0.317659 0.290040
v -0.717394 -0.317596 0.279287
v -0.712829 -0.317083 0.279166
v -0.717148 -0.317682 0.268521
v -0.736358 -0.318578 0.279797
v -0.733229 -0.318489 0.268732
v -0.713300 -0.318163 0.251425
v -0.736279 -0.318956 0.259156
v -0.741172 -0.319753 0.249775
v -0.767718 -0.321441 0.249986
v -0.771000 -0.321239 0.258092
v -0.769464 -0.320819 0.267750
v -0.765487 -0.320426 0.280492
v -0.779104 -0.321733 0.296328
v -0.765740 -0.321373 0.311198
v -0.735563 -0.319986 0.240968
v -0.710561 -0.318642 0.242272
v -0.708041 -0.318771 0.234572
v -0.708765 -0.317693 0.251439
v -0.715660 -0.317888 0.259409
v -0.711055 -0.317387 0.259397
v -0.701706 -0.314686 0.262714
v -0.712598 -0.317177 0.268552
v -0.703465 -0.314598 0.270399
v -0.699507 -0.314898 0.255578
v -0.690999 -0.312543 0.265488
v -0.681987 -0.310903 0.269280
v -0.677098 -0.310069 0.278893
v -0.686515 -0.311421 0.278933
v -0.694286 -0.312783 0.284496
v -0.696355 -0.313011 0.277364
v -0.703159 -0.314585 0.287704
v -0.704600 -0.314680 0.279064
v -0.681804 -0.310925 0.288572
v -0.670918 -0.309558 0.287463
v -0.678495 -0.310868 0.295168
v -0.676765 -0.310671 0.299069
v -0.668599 -0.309215 0.290330
v -0.666637 -0.308390 0.293662
v -0.675177 -0.309946 0.302825
v -0.660049 -0.307469 0.286049
v -0.665211 -0.306602 0.296618
v -0.659665 -0.308059 0.279835
v -0.661949 -0.308476 0.278578
v -0.657078 -0.307141 0.281468
v -0.658522 -0.307801 0.278446
v -0.656519 -0.307126 0.278413
v -0.664492 -0.308751 0.279914
v -0.706307 -0.318198 0.229717
v -0.712398 -0.316879 0.225962
v -0.713205 -0.318545 0.229075
v -0.705161 -0.316511 0.226636
v -0.682972 -0.302811 0.239783
v -0.673866 -0.300508 0.248802
v -0.674154 -0.305006 0.249641
v -0.656619 -0.251549 0.290865
v -0.652663 -0.251144 0.284150
v -0.663889 -0.252627 0.299364
v -0.672761 -0.254321 0.308695
v -0.681522 -0.256574 0.317909
v -0.688874 -0.258868 0.325563
v -0.693523 -0.260686 0.330214
v -0.697179 -0.261930 0.332777
v -0.701558 -0.262506 0.334169
v -0.708049 -0.262847 0.335081
v -0.718039 -0.263388 0.336204
v -0.729743 -0.264064 0.337428
v -0.729743 -0.304758 0.337428
v -0.701558 -0.303217 0.334169
v -0.709374 -0.303701 0.335255
v -0.693523 -0.301397 0.330214
v -0.672873 -0.300481 0.308421
v -0.687550 -0.298764 0.324226
v -0.681637 -0.302766 0.317636
v -0.688998 -0.305112 0.325294
v -0.693645 -0.306945 0.329944
v -0.697297 -0.308189 0.332505
v -0.697179 -0.302643 0.332777
v -0.701674 -0.308764 0.333896
v -0.708159 -0.309102 0.334806
v -0.718139 -0.309635 0.335924
v -0.729829 -0.310305 0.337143
v -0.663889 -0.293265 0.299364
v -0.652663 -0.291855 0.284150
v -0.656619 -0.292241 0.290865
v -0.652836 -0.251146 0.272573
v -0.657003 -0.292248 0.265965
v -0.652836 -0.291857 0.272573
v -0.664567 -0.293278 0.257643
v -0.673866 -0.300508 0.248802
v -0.664678 -0.298843 0.257915
v -0.657160 -0.297816 0.266192
v -0.653064 -0.297428 0.272703
v -0.651830 -0.297392 0.278348
v -0.651557 -0.291820 0.278344
v -0.652896 -0.297426 0.284027
v -0.656784 -0.297810 0.290644
v -0.664016 -0.298829 0.299099
v -0.682867 -0.297145 0.239508
v -0.695484 -0.301475 0.227493
v -0.690547 -0.299625 0.232019
v -0.695484 -0.260764 0.227493
v -0.690547 -0.258933 0.232019
v -0.699418 -0.262023 0.225035
v -0.704089 -0.262616 0.223753
v -0.710745 -0.262962 0.223120
v -0.710745 -0.303671 0.223120
v -0.704089 -0.303327 0.223753
v -0.732359 -0.310368 0.222439
v -0.720582 -0.304164 0.222611
v -0.720723 -0.309725 0.222892
v -0.710843 -0.309217 0.223400
v -0.704192 -0.308873 0.224032
v -0.699525 -0.308280 0.225312
v -0.699418 -0.302734 0.225035
v -0.695596 -0.307023 0.227768
v -0.690660 -0.305176 0.232294
v -0.682972 -0.302811 0.239783
v -0.744206 -0.305567 0.221684
v -0.770793 -0.307039 0.225350
v -0.756883 -0.306333 0.222364
v -0.770793 -0.266328 0.225350
v -0.756883 -0.265624 0.222364
v -0.782856 -0.266683 0.232131
v -0.789993 -0.266395 0.244194
v -0.793383 -0.265937 0.260843
v -0.794206 -0.265786 0.281377
v -0.792491 -0.265938 0.301886
v -0.788264 -0.266393 0.318462
v -0.780424 -0.266672 0.330267
v -0.767866 -0.266297 0.336463
v -0.753782 -0.265574 0.338704
v -0.741366 -0.264811 0.338643
v -0.729743 -0.264064 0.337428
v -0.729743 -0.304758 0.337428
v -0.741366 -0.305512 0.338643
v -0.753782 -0.306282 0.338704
v -0.767866 -0.307008 0.336463
v -0.780424 -0.307383 0.330267
v -0.788264 -0.307104 0.318462
v -0.792491 -0.306648 0.301886
v -0.794206 -0.306497 0.281376
v -0.789993 -0.307105 0.244194
v -0.793117 -0.312183 0.260938
v -0.793383 -0.306649 0.260843
v -0.789766 -0.312637 0.244370
v -0.782700 -0.312925 0.232365
v -0.782856 -0.307395 0.232131
v -0.770743 -0.312575 0.225618
v -0.756926 -0.311875 0.222647
v -0.744279 -0.311112 0.221973
v -0.793928 -0.312032 0.281371
v -0.792228 -0.312184 0.301780
v -0.788046 -0.312636 0.318277
v -0.780278 -0.312913 0.330026
v -0.767822 -0.312543 0.336192
v -0.753828 -0.311824 0.338420
v -0.741445 -0.311056 0.338356
v -0.729829 -0.310305 0.337143
v -0.744205 -0.264866 0.221684
v -0.732283 -0.264126 0.222151
v -0.720639 -0.263479 0.222608
v -0.682871 -0.256620 0.239505
v -0.673771 -0.254349 0.248523
v -0.664565 -0.252642 0.257645
v -0.657003 -0.251556 0.265965
v -0.651557 -0.251110 0.278344
v -0.687629 -0.305026 0.278952
v -0.691778 -0.306175 0.292915
v -0.695643 -0.306432 0.284678
v -0.682745 -0.304511 0.288875
v -0.697703 -0.306654 0.277312
v -0.705022 -0.308273 0.270177
v -0.701029 -0.308587 0.255053
v -0.692176 -0.306170 0.265109
v -0.682919 -0.304485 0.268995
v -0.703210 -0.308363 0.262273
v -0.709972 -0.311286 0.250926
v -0.713862 -0.310759 0.268324
v -0.712276 -0.310971 0.258963
v -0.716448 -0.311435 0.259051
v -0.717959 -0.311223 0.268332
v -0.736534 -0.312469 0.258922
v -0.718218 -0.311136 0.279300
v -0.736670 -0.312091 0.279797
v -0.732947 -0.311980 0.290831
v -0.733518 -0.312002 0.268585
v -0.717459 -0.311200 0.290251
v -0.715228 -0.311346 0.299320
v -0.740239 -0.313235 0.310405
v -0.744121 -0.312975 0.301297
v -0.712804 -0.311654 0.307360
v -0.707214 -0.312343 0.322330
v -0.708833 -0.311235 0.307307
v -0.703384 -0.311856 0.321585
v -0.705627 -0.312126 0.325906
v -0.702022 -0.311627 0.324883
v -0.701356 -0.310871 0.326166
v -0.700794 -0.309476 0.326744
v -0.698510 -0.309845 0.324176
v -0.699051 -0.310581 0.322743
v -0.695773 -0.309077 0.315042
v -0.694747 -0.308923 0.318353
v -0.694329 -0.308211 0.319949
v -0.698012 -0.308335 0.324839
v -0.686943 -0.305884 0.312313
v -0.687175 -0.306593 0.310594
v -0.678658 -0.304498 0.298510
v -0.678068 -0.303567 0.303057
v -0.678179 -0.304291 0.301253
v -0.687062 -0.306512 0.306264
v -0.700223 -0.308562 0.302987
v -0.702640 -0.308344 0.295836
v -0.711488 -0.310930 0.299266
v -0.704714 -0.308261 0.287977
v -0.713421 -0.310739 0.290098
v -0.714160 -0.310671 0.279183
v -0.706194 -0.308358 0.279090
v -0.676535 -0.303454 0.278827
v -0.672726 -0.303206 0.286731
v -0.664295 -0.302193 0.282799
v -0.670312 -0.302999 0.289803
v -0.669601 -0.302718 0.292115
v -0.669422 -0.301961 0.293973
v -0.663096 -0.301801 0.284759
v -0.662709 -0.301000 0.286407
v -0.659212 -0.299016 0.282200
v -0.662461 -0.299405 0.287269
v -0.659632 -0.300621 0.281708
v -0.669248 -0.300363 0.294948
v -0.660322 -0.301465 0.280765
v -0.659885 -0.301444 0.278462
v -0.661766 -0.301913 0.279685
v -0.659028 -0.300578 0.278454
v -0.658500 -0.298965 0.278447
v -0.659325 -0.299020 0.274718
v -0.659731 -0.300625 0.275221
v -0.660390 -0.301467 0.276180
v -0.662948 -0.301009 0.270611
v -0.663266 -0.301805 0.272275
v -0.669942 -0.302724 0.265107
v -0.669883 -0.301978 0.263225
v -0.678819 -0.303594 0.254361
v -0.678782 -0.304303 0.256195
v -0.688153 -0.306620 0.247060
v -0.697000 -0.309118 0.242819
v -0.695759 -0.308261 0.237861
v -0.688037 -0.305922 0.245321
v -0.696105 -0.308968 0.239469
v -0.700693 -0.310643 0.235186
v -0.700205 -0.309911 0.233739
v -0.703291 -0.310955 0.231818
v -0.703904 -0.311706 0.233125
v -0.705106 -0.311923 0.236504
v -0.687817 -0.306522 0.251434
v -0.679085 -0.304489 0.259024
v -0.670246 -0.302959 0.268250
v -0.661085 -0.301799 0.278152
v -0.674779 -0.303320 0.273535
v -0.709187 -0.312433 0.235798
v -0.707940 -0.312231 0.232102
v -0.706931 -0.311476 0.230964
v -0.712757 -0.311809 0.230615
v -0.706341 -0.310117 0.230337
v -0.713432 -0.310481 0.229861
v -0.746040 -0.314396 0.230661
v -0.732941 -0.313683 0.234446
v -0.745273 -0.313647 0.229362
v -0.744439 -0.312287 0.228618
v -0.757843 -0.315238 0.234132
v -0.757575 -0.315120 0.231121
v -0.756681 -0.314412 0.229862
v -0.767996 -0.313679 0.231645
v -0.756122 -0.313072 0.229149
v -0.768225 -0.314971 0.232313
v -0.768648 -0.315661 0.233497
v -0.777768 -0.315221 0.237983
v -0.776701 -0.316018 0.241515
v -0.777566 -0.315890 0.239066
v -0.782685 -0.315668 0.249116
v -0.783397 -0.315024 0.248140
v -0.786046 -0.314709 0.262608
v -0.784998 -0.315332 0.263282
v -0.781011 -0.315777 0.251886
v -0.768179 -0.314966 0.249732
v -0.782869 -0.315458 0.264403
v -0.771561 -0.314773 0.257813
v -0.770117 -0.314357 0.267611
v -0.769207 -0.315824 0.236984
v -0.741591 -0.313275 0.249532
v -0.714122 -0.311708 0.251143
v -0.736335 -0.313499 0.241131
v -0.770276 -0.314738 0.303590
v -0.766151 -0.313962 0.280503
v -0.734839 -0.313465 0.318609
v -0.730788 -0.313618 0.325083
v -0.754918 -0.315157 0.326849
v -0.774655 -0.315999 0.320551
v -0.766171 -0.314898 0.311490
v -0.766629 -0.315773 0.324661
v -0.779627 -0.315773 0.310355
v -0.769380 -0.314332 0.293613
v -0.782121 -0.315457 0.297887
v -0.782960 -0.315348 0.281115
v -0.785497 -0.315220 0.281200
v -0.785243 -0.314706 0.299798
v -0.786647 -0.314603 0.281213
v -0.784220 -0.315331 0.299100
v -0.781203 -0.315664 0.313217
v -0.775458 -0.315873 0.323069
v -0.781877 -0.315017 0.314205
v -0.775638 -0.315201 0.324151
v -0.782308 -0.313743 0.314759
v -0.775795 -0.313935 0.324769
v -0.765400 -0.313633 0.330015
v -0.765613 -0.314923 0.329351
v -0.765998 -0.315612 0.328174
v -0.753893 -0.314342 0.331177
v -0.754703 -0.315047 0.329929
v -0.743454 -0.314342 0.329733
v -0.729152 -0.313419 0.328280
v -0.742791 -0.313581 0.331024
v -0.704310 -0.310068 0.327730
v -0.704799 -0.311396 0.327087
v -0.742101 -0.312201 0.331738
v -0.753102 -0.310714 0.332195
v -0.741668 -0.309886 0.332071
v -0.753379 -0.313006 0.331876
v -0.730471 -0.309081 0.330915
v -0.718982 -0.308470 0.329695
v -0.709353 -0.308021 0.328623
v -0.703740 -0.307698 0.327911
v -0.700408 -0.307131 0.326911
v -0.697620 -0.305949 0.324978
v -0.693551 -0.304156 0.320896
v -0.686373 -0.301752 0.313451
v -0.677693 -0.299411 0.304360
v -0.669119 -0.297803 0.295344
v -0.681322 -0.302764 0.307607
v -0.662328 -0.296847 0.287618
v -0.658999 -0.296460 0.282398
v -0.658230 -0.296410 0.278443
v -0.659117 -0.296464 0.274512
v -0.662612 -0.296857 0.269380
v -0.662734 -0.299416 0.269737
v -0.669772 -0.300384 0.262231
v -0.669668 -0.297824 0.261821
v -0.678557 -0.299445 0.253015
v -0.681713 -0.302669 0.250422
v -0.687551 -0.301801 0.244141
v -0.695024 -0.304219 0.236876
v -0.699661 -0.308384 0.233099
v -0.699345 -0.306026 0.232894
v -0.702375 -0.307222 0.231024
v -0.702753 -0.309565 0.231213
v -0.705974 -0.307807 0.230095
v -0.711725 -0.308135 0.229632
v -0.721209 -0.308563 0.229160
v -0.732609 -0.309148 0.228697
v -0.744107 -0.309950 0.228261
v -0.755827 -0.310776 0.228820
v -0.767896 -0.311434 0.231338
v -0.778069 -0.311741 0.237092
v -0.777945 -0.313956 0.237372
v -0.783855 -0.313751 0.247598
v -0.784102 -0.311509 0.247357
v -0.786965 -0.311134 0.262084
v -0.786664 -0.313416 0.262242
v -0.787312 -0.313304 0.281221
v -0.787628 -0.311009 0.281225
v -0.786137 -0.311132 0.300346
v -0.782540 -0.311502 0.315011
v -0.785845 -0.313414 0.300179
v -0.775905 -0.311720 0.325057
v -0.765303 -0.311392 0.330321
v -0.658203 -0.251110 0.278443
v -0.658965 -0.251144 0.282431
v -0.659083 -0.251146 0.274479
v -0.662556 -0.251554 0.269344
v -0.669586 -0.252635 0.261810
v -0.678434 -0.254339 0.253041
v -0.687360 -0.256613 0.244197
v -0.694771 -0.258931 0.236949
v -0.699082 -0.260767 0.232961
v -0.702123 -0.262023 0.231069
v -0.705771 -0.262617 0.230076
v -0.711558 -0.262962 0.229560
v -0.720833 -0.263466 0.229100
v -0.732449 -0.264125 0.228641
v -0.732503 -0.305622 0.228578
v -0.705846 -0.304213 0.230018
v -0.712968 -0.304804 0.229428
v -0.702234 -0.303642 0.230972
v -0.699212 -0.302374 0.232839
v -0.695024 -0.304219 0.236876
v -0.699345 -0.306026 0.232894
v -0.702375 -0.307222 0.231024
v -0.705974 -0.307807 0.230095
v -0.711725 -0.308135 0.229632
v -0.721209 -0.308563 0.229160
v -0.732609 -0.309148 0.228697
v -0.693598 -0.299835 0.238033
v -0.678557 -0.299445 0.253015
v -0.687551 -0.301801 0.244141
v -0.669734 -0.294087 0.261582
v -0.659049 -0.292778 0.274446
v -0.662566 -0.293131 0.269270
v -0.658144 -0.292777 0.278441
v -0.658930 -0.292763 0.282461
v -0.662328 -0.296847 0.287618
v -0.662279 -0.293136 0.287727
v -0.658999 -0.296460 0.282398
v -0.658230 -0.296410 0.278443
v -0.659117 -0.296464 0.274512
v -0.662612 -0.296857 0.269380
v -0.669668 -0.297824 0.261821
v -0.677693 -0.299411 0.304360
v -0.669181 -0.294044 0.295593
v -0.669119 -0.297803 0.295344
v -0.686178 -0.256567 0.313383
v -0.669029 -0.252620 0.295348
v -0.677565 -0.254311 0.304326
v -0.693298 -0.258866 0.320809
v -0.697357 -0.260689 0.324895
v -0.700155 -0.261930 0.326852
v -0.703534 -0.262507 0.327920
v -0.709186 -0.262847 0.328689
v -0.718620 -0.263375 0.329735
v -0.730313 -0.264063 0.330960
v -0.741553 -0.264813 0.332133
v -0.752974 -0.265574 0.332274
v -0.765246 -0.266297 0.330399
v -0.775928 -0.266672 0.325124
v -0.782604 -0.266393 0.315064
v -0.786218 -0.265938 0.300378
v -0.787714 -0.265786 0.281227
v -0.787047 -0.265937 0.262054
v -0.784169 -0.266395 0.247310
v -0.778094 -0.266683 0.237031
v -0.767836 -0.266328 0.231260
v -0.755693 -0.265624 0.228734
v -0.743990 -0.264868 0.228192
v -0.732449 -0.264125 0.228641
v -0.732503 -0.305622 0.228578
v -0.743993 -0.306394 0.228145
v -0.755715 -0.307157 0.228709
v -0.767862 -0.311433 0.231276
v -0.784183 -0.307953 0.247278
v -0.784102 -0.311509 0.247357
v -0.786965 -0.311134 0.262084
v -0.787064 -0.307543 0.262033
v -0.778069 -0.311741 0.237092
v -0.778109 -0.308216 0.237001
v -0.755827 -0.310776 0.228820
v -0.744107 -0.309950 0.228261
v -0.732609 -0.309148 0.228697
v -0.787732 -0.307396 0.281227
v -0.787628 -0.311009 0.281225
v -0.786137 -0.311132 0.300346
v -0.786234 -0.307549 0.300399
v -0.782616 -0.307951 0.315093
v -0.782540 -0.311502 0.315011
v -0.775905 -0.311720 0.325057
v -0.775941 -0.308196 0.325151
v -0.765270 -0.307847 0.330422
v -0.765303 -0.311392 0.330321
v -0.753102 -0.310714 0.332195
v -0.752996 -0.307119 0.332301
v -0.741558 -0.306330 0.332181
v -0.741668 -0.309886 0.332071
v -0.730471 -0.309081 0.330915
v -0.722016 -0.305031 0.330151
v -0.718982 -0.308470 0.329695
v -0.709353 -0.308021 0.328623
v -0.709197 -0.304378 0.328716
v -0.703608 -0.304106 0.327981
v -0.703740 -0.307698 0.327911
v -0.700408 -0.307131 0.326911
v -0.700264 -0.303540 0.326955
v -0.697485 -0.302305 0.325026
v -0.697620 -0.305949 0.324978
v -0.693551 -0.304156 0.320896
v -0.692137 -0.299808 0.319648
v -0.686373 -0.301752 0.313451
v -0.662269 -0.251548 0.287653
v -0.661635 -0.250162 0.287796
v -0.668229 -0.251193 0.295373
v -0.658367 -0.249774 0.282464
v -0.662183 -0.250367 0.287697
v -0.677451 -0.253093 0.304423
v -0.668911 -0.251403 0.295440
v -0.669031 -0.251859 0.295348
v -0.681725 -0.254505 0.308711
v -0.677565 -0.254311 0.304325
v -0.669032 -0.252620 0.295351
v -0.662268 -0.251548 0.287652
v -0.658963 -0.250383 0.282423
v -0.658962 -0.251144 0.282424
v -0.658203 -0.251110 0.278443
v -0.658110 -0.249928 0.278442
v -0.659081 -0.250385 0.274487
v -0.659080 -0.251146 0.274486
v -0.662554 -0.251554 0.269344
v -0.662470 -0.250373 0.269298
v -0.669585 -0.251874 0.261812
v -0.669586 -0.252635 0.261810
v -0.678435 -0.254339 0.253041
v -0.682431 -0.254460 0.249061
v -0.687360 -0.256613 0.244197
v -0.694770 -0.258931 0.236949
v -0.698937 -0.259868 0.233044
v -0.699074 -0.260764 0.232967
v -0.702122 -0.262023 0.231069
v -0.702081 -0.260844 0.230983
v -0.705761 -0.261855 0.230078
v -0.705763 -0.262616 0.230077
v -0.711553 -0.262962 0.229560
v -0.712930 -0.262271 0.229456
v -0.721051 -0.263478 0.229090
v -0.732449 -0.264125 0.228642
v -0.743975 -0.264091 0.228192
v -0.743944 -0.264865 0.228192
v -0.755688 -0.265624 0.228733
v -0.755707 -0.264444 0.228640
v -0.767836 -0.265567 0.231260
v -0.767836 -0.266328 0.231259
v -0.778094 -0.266683 0.237031
v -0.778160 -0.265501 0.236965
v -0.784169 -0.265634 0.247310
v -0.784169 -0.266395 0.247310
v -0.787047 -0.265937 0.262054
v -0.787714 -0.265025 0.281226
v -0.787714 -0.265786 0.281226
v -0.786218 -0.265938 0.300378
v -0.782604 -0.265632 0.315063
v -0.782604 -0.266393 0.315063
v -0.775928 -0.266672 0.325124
v -0.765244 -0.265536 0.330400
v -0.765245 -0.266297 0.330400
v -0.752967 -0.265574 0.332275
v -0.741509 -0.264810 0.332130
v -0.730313 -0.264063 0.330960
v -0.741543 -0.264036 0.332132
v -0.718821 -0.263387 0.329757
v -0.709177 -0.262846 0.328688
v -0.703525 -0.261745 0.327917
v -0.710475 -0.262151 0.328854
v -0.703526 -0.262506 0.327918
v -0.700155 -0.261930 0.326851
v -0.697351 -0.260686 0.324890
v -0.693298 -0.258866 0.320809
v -0.697291 -0.259815 0.324859
v -0.686178 -0.256567 0.313383
v -0.693191 -0.257649 0.320916
v -0.686066 -0.255349 0.313485
v -0.697259 -0.259468 0.325008
v -0.692775 -0.257460 0.321137
v -0.696995 -0.259316 0.325373
v -0.700110 -0.260752 0.326935
v -0.703479 -0.261288 0.328060
v -0.703511 -0.261154 0.328606
v -0.709681 -0.261655 0.328909
v -0.701480 -0.261116 0.333544
v -0.713215 -0.261750 0.335099
v -0.697315 -0.260532 0.332167
v -0.699940 -0.260577 0.327457
v -0.695435 -0.259316 0.327550
v -0.689458 -0.257547 0.325262
v -0.693876 -0.259316 0.329727
v -0.697225 -0.260752 0.332691
v -0.688978 -0.257649 0.325453
v -0.693611 -0.259468 0.330092
v -0.693523 -0.259925 0.330214
v -0.693523 -0.260686 0.330214
v -0.697179 -0.261930 0.332777
v -0.688874 -0.258868 0.325563
v -0.688874 -0.258106 0.325563
v -0.681522 -0.256574 0.317909
v -0.672761 -0.254321 0.308695
v -0.678599 -0.254939 0.314846
v -0.672873 -0.253094 0.308593
v -0.681631 -0.255350 0.317803
v -0.673287 -0.252960 0.308370
v -0.664366 -0.251251 0.298990
v -0.677051 -0.252927 0.304668
v -0.682123 -0.255241 0.317648
v -0.656705 -0.250368 0.290821
v -0.657208 -0.250187 0.290665
v -0.664008 -0.251404 0.299270
v -0.663889 -0.251863 0.299364
v -0.663889 -0.252627 0.299364
v -0.656619 -0.251549 0.290865
v -0.652663 -0.250383 0.284150
v -0.651557 -0.251110 0.278344
v -0.652663 -0.251144 0.284150
v -0.652803 -0.249926 0.284110
v -0.651652 -0.249928 0.278345
v -0.652975 -0.249928 0.272617
v -0.652836 -0.250385 0.272573
v -0.657088 -0.250375 0.266012
v -0.657003 -0.251556 0.265965
v -0.652836 -0.251146 0.272573
v -0.664565 -0.251878 0.257645
v -0.664565 -0.252642 0.257645
v -0.673770 -0.254349 0.248523
v -0.680384 -0.255121 0.241956
v -0.682871 -0.256620 0.239505
v -0.690547 -0.258933 0.232019
v -0.690547 -0.258171 0.232019
v -0.695484 -0.260003 0.227493
v -0.695484 -0.260764 0.227493
v -0.699418 -0.262023 0.225035
v -0.704089 -0.261855 0.223753
v -0.704089 -0.262616 0.223753
v -0.710745 -0.262962 0.223120
v -0.710745 -0.262201 0.223120
v -0.720925 -0.262721 0.222596
v -0.720636 -0.263479 0.222608
v -0.732283 -0.264126 0.222151
v -0.744206 -0.264104 0.221684
v -0.744206 -0.264866 0.221684
v -0.756883 -0.265624 0.222364
v -0.770793 -0.265567 0.225350
v -0.770793 -0.266328 0.225350
v -0.782856 -0.266683 0.232131
v -0.789993 -0.265634 0.244194
v -0.789993 -0.266395 0.244194
v -0.793383 -0.265937 0.260843
v -0.794206 -0.265025 0.281376
v -0.794206 -0.265786 0.281376
v -0.793289 -0.264757 0.260862
v -0.794056 -0.264568 0.281373
v -0.789865 -0.265177 0.244260
v -0.782790 -0.265501 0.232198
v -0.770731 -0.265111 0.225480
v -0.756865 -0.264443 0.222459
v -0.782455 -0.265316 0.232536
v -0.770373 -0.264952 0.225805
v -0.756575 -0.264241 0.222927
v -0.768083 -0.264958 0.230739
v -0.778503 -0.265311 0.236614
v -0.755909 -0.264262 0.228165
v -0.741858 -0.263338 0.222319
v -0.743966 -0.263495 0.227587
v -0.767897 -0.265111 0.231130
v -0.787637 -0.264566 0.262081
v -0.787141 -0.264757 0.262036
v -0.784297 -0.265177 0.247245
v -0.784678 -0.265025 0.247029
v -0.792795 -0.264567 0.260901
v -0.789480 -0.265025 0.244457
v -0.793603 -0.264415 0.281362
v -0.791906 -0.264568 0.301798
v -0.787776 -0.265023 0.318150
v -0.792398 -0.264758 0.301862
v -0.788140 -0.265176 0.318391
v -0.788264 -0.265632 0.318462
v -0.792491 -0.265938 0.301886
v -0.788264 -0.266393 0.318462
v -0.780424 -0.266672 0.330267
v -0.767866 -0.265536 0.336463
v -0.767866 -0.266297 0.336463
v -0.780362 -0.265490 0.330196
v -0.767811 -0.265079 0.336330
v -0.780044 -0.265304 0.329840
v -0.767464 -0.264921 0.335989
v -0.776316 -0.265299 0.325562
v -0.783103 -0.265023 0.315349
v -0.765462 -0.264927 0.330933
v -0.753149 -0.264212 0.332856
v -0.741494 -0.263440 0.332735
v -0.752982 -0.264394 0.332369
v -0.765299 -0.265079 0.330533
v -0.775990 -0.265490 0.325194
v -0.782729 -0.265176 0.315134
v -0.786311 -0.264758 0.300402
v -0.787864 -0.264568 0.281230
v -0.786807 -0.264567 0.300385
v -0.788314 -0.264416 0.281239
v -0.741605 -0.263569 0.332290
v -0.730052 -0.262681 0.331540
v -0.739312 -0.263295 0.337879
v -0.753488 -0.264190 0.338125
v -0.753770 -0.264393 0.338608
v -0.722971 -0.262435 0.336572
v -0.741369 -0.263593 0.338492
v -0.741366 -0.264050 0.338643
v -0.741366 -0.264811 0.338643
v -0.753782 -0.265574 0.338704
v -0.729743 -0.264064 0.337428
v -0.718040 -0.263388 0.336204
v -0.708048 -0.262847 0.335081
v -0.710664 -0.262197 0.335413
v -0.708074 -0.261629 0.334932
v -0.701602 -0.261288 0.334026
v -0.701558 -0.261745 0.334169
v -0.701558 -0.262506 0.334169
v -0.744046 -0.263623 0.228039
v -0.712182 -0.261777 0.229354
v -0.705722 -0.261398 0.229933
v -0.698988 -0.259547 0.232845
v -0.694668 -0.257713 0.236839
v -0.687252 -0.255396 0.244092
v -0.678324 -0.253121 0.252939
v -0.669468 -0.251418 0.261716
v -0.658942 -0.249928 0.274443
v -0.658823 -0.249926 0.282463
v -0.657624 -0.249741 0.278434
v -0.658486 -0.249776 0.274429
v -0.661875 -0.250161 0.269249
v -0.657574 -0.250192 0.266198
v -0.653392 -0.249776 0.272749
v -0.652142 -0.249740 0.278352
v -0.653224 -0.249774 0.283991
v -0.665030 -0.251265 0.258033
v -0.674292 -0.252989 0.248859
v -0.664681 -0.251419 0.257742
v -0.673879 -0.253123 0.248628
v -0.682976 -0.255397 0.239615
v -0.690646 -0.257714 0.232134
v -0.695566 -0.259547 0.227619
v -0.699460 -0.260844 0.225123
v -0.704126 -0.261398 0.223898
v -0.710763 -0.261744 0.223270
v -0.723986 -0.262425 0.222622
v -0.744200 -0.263647 0.221836
v -0.732218 -0.262742 0.228046
v -0.703974 -0.261226 0.224377
v -0.714705 -0.261794 0.223456
v -0.699573 -0.260633 0.225636
v -0.697277 -0.259394 0.230232
v -0.695816 -0.259394 0.227995
v -0.691124 -0.257614 0.232336
v -0.683480 -0.255293 0.239768
v -0.694253 -0.257521 0.236609
v -0.686936 -0.255243 0.243762
v -0.698740 -0.259394 0.232469
v -0.701952 -0.260672 0.230446
v -0.705608 -0.261246 0.229498
v -0.712472 -0.261642 0.228880
v -0.677928 -0.252954 0.252687
v -0.668783 -0.251207 0.261766
v -0.685738 -0.255197 0.313803
v -0.700366 -0.307971 0.303042
v -0.691900 -0.305579 0.292942
v -0.702781 -0.307751 0.295882
v -0.687200 -0.305922 0.306250
v -0.695960 -0.308503 0.315059
v -0.708944 -0.310634 0.307360
v -0.703530 -0.311266 0.321597
v -0.699323 -0.310048 0.322584
v -0.701630 -0.310415 0.325805
v -0.695049 -0.308403 0.318220
v -0.694719 -0.307786 0.319687
v -0.702238 -0.311079 0.324685
v -0.698857 -0.309405 0.323871
v -0.701084 -0.309188 0.326276
v -0.698381 -0.308055 0.324429
v -0.700695 -0.306966 0.326384
v -0.693978 -0.303997 0.320484
v -0.697991 -0.305787 0.324511
v -0.686818 -0.301595 0.313056
v -0.678146 -0.299256 0.303974
v -0.669706 -0.300097 0.294627
v -0.681799 -0.302503 0.307305
v -0.669597 -0.297652 0.294986
v -0.662848 -0.296699 0.287331
v -0.659749 -0.298755 0.282060
v -0.662952 -0.299143 0.287010
v -0.659575 -0.296314 0.282243
v -0.658836 -0.296264 0.278452
v -0.659858 -0.298760 0.274874
v -0.659688 -0.296318 0.274684
v -0.659062 -0.298704 0.278455
v -0.659501 -0.300152 0.278461
v -0.660087 -0.300196 0.281597
v -0.660183 -0.300200 0.275346
v -0.660635 -0.300938 0.280698
v -0.660212 -0.300917 0.278467
v -0.660701 -0.300941 0.276256
v -0.664569 -0.301607 0.274254
v -0.663553 -0.301278 0.272407
v -0.661280 -0.301237 0.278493
v -0.663566 -0.300561 0.270506
v -0.663217 -0.299155 0.270011
v -0.670220 -0.300119 0.262565
v -0.670216 -0.302195 0.265261
v -0.679058 -0.303774 0.256351
v -0.679200 -0.303164 0.254639
v -0.679235 -0.303903 0.259044
v -0.670316 -0.302360 0.268302
v -0.687956 -0.305932 0.251457
v -0.688444 -0.306097 0.247207
v -0.697187 -0.308542 0.242810
v -0.696400 -0.308447 0.239614
v -0.688423 -0.305495 0.245595
v -0.696138 -0.307834 0.238141
v -0.700016 -0.308105 0.233520
v -0.700538 -0.309470 0.234058
v -0.700956 -0.310109 0.235356
v -0.703548 -0.310498 0.232190
v -0.704110 -0.311157 0.233331
v -0.712778 -0.311343 0.231057
v -0.707975 -0.311676 0.232399
v -0.707092 -0.311014 0.231377
v -0.709283 -0.311835 0.235827
v -0.734760 -0.313188 0.234701
v -0.733509 -0.312458 0.230266
v -0.732190 -0.312971 0.231423
v -0.746006 -0.313851 0.230915
v -0.757553 -0.314564 0.231376
v -0.756623 -0.313951 0.230289
v -0.757927 -0.314646 0.234228
v -0.745053 -0.313216 0.229807
v -0.744432 -0.311994 0.229162
v -0.732631 -0.308981 0.229289
v -0.756037 -0.312782 0.229678
v -0.744090 -0.309784 0.228854
v -0.755725 -0.310611 0.229398
v -0.767766 -0.313384 0.232124
v -0.767633 -0.311266 0.231872
v -0.777641 -0.311569 0.237531
v -0.783380 -0.313459 0.247841
v -0.783575 -0.311341 0.247634
v -0.777566 -0.313657 0.237759
v -0.777473 -0.314751 0.238282
v -0.768052 -0.314505 0.232692
v -0.783020 -0.314562 0.248325
v -0.768554 -0.315101 0.233721
v -0.777395 -0.315328 0.239239
v -0.782461 -0.315112 0.249222
v -0.782819 -0.314859 0.264423
v -0.784744 -0.314783 0.263322
v -0.781008 -0.315172 0.251992
v -0.776647 -0.315417 0.241573
v -0.785622 -0.314257 0.262680
v -0.786138 -0.313132 0.262336
v -0.786771 -0.313023 0.281209
v -0.786209 -0.314154 0.281203
v -0.785234 -0.314673 0.281193
v -0.784823 -0.314254 0.299706
v -0.782076 -0.314858 0.297867
v -0.783969 -0.314781 0.299049
v -0.782924 -0.314746 0.281120
v -0.768348 -0.314365 0.249742
v -0.769620 -0.315237 0.237163
v -0.741534 -0.312661 0.249517
v -0.714191 -0.311102 0.251115
v -0.736571 -0.311863 0.258879
v -0.733352 -0.311384 0.268571
v -0.718294 -0.310530 0.279300
v -0.718035 -0.310617 0.268314
v -0.736746 -0.311486 0.279803
v -0.716522 -0.310830 0.259017
v -0.712388 -0.310369 0.258923
v -0.710086 -0.310685 0.250879
v -0.714282 -0.310069 0.279185
v -0.713979 -0.310157 0.268303
v -0.701172 -0.307996 0.255004
v -0.703351 -0.307770 0.262232
v -0.705168 -0.307680 0.270156
v -0.705249 -0.311334 0.236492
v -0.697843 -0.306061 0.277321
v -0.706343 -0.307765 0.279093
v -0.692295 -0.305573 0.265088
v -0.687733 -0.304427 0.278954
v -0.683007 -0.303884 0.268962
v -0.677030 -0.302898 0.279867
v -0.682831 -0.303909 0.288903
v -0.674868 -0.302660 0.276741
v -0.664465 -0.301609 0.282829
v -0.670211 -0.302383 0.289078
v -0.678806 -0.303912 0.298500
v -0.669879 -0.302188 0.291969
v -0.663386 -0.301273 0.284636
v -0.663308 -0.300548 0.286510
v -0.678457 -0.303135 0.302793
v -0.678460 -0.303761 0.301107
v -0.687472 -0.306070 0.310459
v -0.687338 -0.305458 0.312054
v -0.695770 -0.305836 0.284695
v -0.704859 -0.307668 0.288003
v -0.713538 -0.310137 0.290122
v -0.711602 -0.310328 0.299309
v -0.717535 -0.310594 0.290271
v -0.738680 -0.312021 0.300978
v -0.715522 -0.310778 0.299470
v -0.712877 -0.311050 0.307403
v -0.707311 -0.311745 0.322308
v -0.705767 -0.311573 0.325670
v -0.704946 -0.310937 0.326667
v -0.704457 -0.309777 0.327206
v -0.709459 -0.307859 0.328042
v -0.703928 -0.307535 0.327347
v -0.719057 -0.308305 0.329108
v -0.730530 -0.308913 0.330326
v -0.741688 -0.309719 0.331478
v -0.742126 -0.311905 0.331195
v -0.742818 -0.313113 0.330583
v -0.753863 -0.313878 0.330749
v -0.753326 -0.312713 0.331344
v -0.753034 -0.310548 0.331612
v -0.765198 -0.313336 0.329525
v -0.765071 -0.311222 0.329774
v -0.775501 -0.311548 0.324596
v -0.775438 -0.313635 0.324363
v -0.781847 -0.313450 0.314494
v -0.782027 -0.311333 0.314708
v -0.785567 -0.310970 0.300212
v -0.785324 -0.313130 0.300060
v -0.787037 -0.310849 0.281211
v -0.786389 -0.310972 0.262191
v -0.781511 -0.314554 0.314002
v -0.775361 -0.314730 0.323839
v -0.765463 -0.314455 0.328964
v -0.780986 -0.315107 0.313101
v -0.775299 -0.315310 0.322888
v -0.765919 -0.315052 0.327946
v -0.754965 -0.314561 0.326761
v -0.774605 -0.315398 0.320492
v -0.754699 -0.314490 0.329675
v -0.767012 -0.315186 0.324521
v -0.766255 -0.314291 0.311478
v -0.769406 -0.313723 0.293624
v -0.770278 -0.314128 0.303610
v -0.779644 -0.315168 0.310243
v -0.732902 -0.311368 0.290852
v -0.740206 -0.312624 0.310424
v -0.732673 -0.313129 0.324951
v -0.743491 -0.313784 0.329472
v -0.728997 -0.312847 0.327995
v -0.770199 -0.313752 0.267584
v -0.766270 -0.313360 0.280502
v -0.771608 -0.314167 0.257781
v -0.721251 -0.308398 0.229751
v -0.711802 -0.307973 0.230218
v -0.713598 -0.310192 0.230399
v -0.706508 -0.309826 0.230855
v -0.706136 -0.307643 0.230666
v -0.702639 -0.307057 0.231562
v -0.699695 -0.305863 0.233375
v -0.703022 -0.309275 0.231692
v -0.695433 -0.304060 0.237305
v -0.687981 -0.301645 0.244553
v -0.678997 -0.299291 0.253416
v -0.670136 -0.297673 0.262194
v -0.682213 -0.302417 0.250707
v -0.663124 -0.296709 0.269684
v -0.662810 -0.292921 0.287429
v -0.659556 -0.250528 0.282269
v -0.659541 -0.296315 0.282274
v -0.662798 -0.250932 0.287351
v -0.669511 -0.252004 0.294971
v -0.658789 -0.296265 0.278451
v -0.662848 -0.296699 0.287331
v -0.669597 -0.297652 0.294986
v -0.678146 -0.299256 0.303974
v -0.686818 -0.301595 0.313056
v -0.693978 -0.303997 0.320484
v -0.697991 -0.305787 0.324511
v -0.700695 -0.306966 0.326384
v -0.709459 -0.307859 0.328042
v -0.719057 -0.308305 0.329108
v -0.730530 -0.308913 0.330326
v -0.741688 -0.309719 0.331478
v -0.785567 -0.310970 0.300212
v -0.787037 -0.310849 0.281211
v -0.786389 -0.310972 0.262191
v -0.786471 -0.307329 0.262145
v -0.787125 -0.307205 0.281213
v -0.786453 -0.265321 0.262168
v -0.783607 -0.311343 0.247576
v -0.767592 -0.311264 0.231808
v -0.755651 -0.310607 0.229338
v -0.743972 -0.306176 0.228755
v -0.743965 -0.264251 0.228802
v -0.755580 -0.265008 0.229331
v -0.777648 -0.266067 0.237491
v -0.767558 -0.265712 0.231813
v -0.783624 -0.265778 0.247602
v -0.787106 -0.265169 0.281213
v -0.775507 -0.266056 0.324642
v -0.782073 -0.265777 0.314746
v -0.785647 -0.307329 0.300260
v -0.782056 -0.311335 0.314766
v -0.775517 -0.311549 0.324650
v -0.785630 -0.265322 0.300237
v -0.765001 -0.265680 0.329831
v -0.752896 -0.264957 0.331671
v -0.765034 -0.311221 0.329824
v -0.752962 -0.310544 0.331669
v -0.741564 -0.264197 0.331522
v -0.741575 -0.306128 0.331572
v -0.722189 -0.304807 0.329559
v -0.718710 -0.262760 0.329133
v -0.730366 -0.263447 0.330354
v -0.703716 -0.261890 0.327332
v -0.709294 -0.262231 0.328089
v -0.697713 -0.260071 0.324394
v -0.700432 -0.261314 0.326295
v -0.693712 -0.258250 0.320363
v -0.686614 -0.255951 0.312958
v -0.678015 -0.253694 0.303915
v -0.732464 -0.263508 0.229250
v -0.720885 -0.262850 0.229706
v -0.732522 -0.305412 0.229186
v -0.713009 -0.304632 0.230033
v -0.706098 -0.307641 0.230624
v -0.705926 -0.262001 0.230669
v -0.711802 -0.307973 0.230218
v -0.721251 -0.308398 0.229751
v -0.732631 -0.308981 0.229289
v -0.702639 -0.307057 0.231562
v -0.699695 -0.305863 0.233375
v -0.695433 -0.304060 0.237305
v -0.687981 -0.301645 0.244553
v -0.678997 -0.299291 0.253416
v -0.670136 -0.297673 0.262194
v -0.663124 -0.296709 0.269684
v -0.663088 -0.292915 0.269583
v -0.659654 -0.296319 0.274653
v -0.659669 -0.250530 0.274659
v -0.670055 -0.252019 0.262202
v -0.670216 -0.293867 0.261958
v -0.694043 -0.299602 0.238448
v -0.699417 -0.260151 0.233475
v -0.699559 -0.302169 0.233342
v -0.702493 -0.303414 0.231532
v -0.702374 -0.261406 0.231636
v -0.711637 -0.262347 0.230163
v -0.695166 -0.258315 0.237412
v -0.687780 -0.255997 0.244638
v -0.678872 -0.253723 0.253465
v -0.663075 -0.250938 0.269661
v -0.658827 -0.250494 0.278452
v -0.669672 -0.293850 0.295228
v -0.692580 -0.299584 0.319232
v -0.697855 -0.302093 0.324537
v -0.700548 -0.303316 0.326407
v -0.703891 -0.307533 0.327388
v -0.709286 -0.304147 0.328118
v -0.732464 -0.263508 0.229250
v -0.732522 -0.305412 0.229186
v -0.732631 -0.308981 0.229289
v -0.744090 -0.309784 0.228854
v -0.777658 -0.311570 0.237485
v -0.787052 -0.263948 0.262292
v -0.794543 -0.264424 0.241763
v -0.799279 -0.263784 0.281493
v -0.778066 -0.264694 0.237072
v -0.784132 -0.264410 0.247331
v -0.777713 -0.264885 0.237424
v -0.783751 -0.264561 0.247537
v -0.783623 -0.265017 0.247602
v -0.786547 -0.264140 0.262149
v -0.777648 -0.266067 0.237491
v -0.783623 -0.265778 0.247602
v -0.786453 -0.265321 0.262168
v -0.767558 -0.264951 0.231814
v -0.755575 -0.265008 0.229330
v -0.755595 -0.263828 0.229237
v -0.767620 -0.264494 0.231684
v -0.767559 -0.265712 0.231813
v -0.732464 -0.263508 0.229251
v -0.744019 -0.263005 0.228648
v -0.743919 -0.264248 0.228802
v -0.743955 -0.263474 0.228803
v -0.711628 -0.262346 0.230163
v -0.712238 -0.261162 0.229960
v -0.721089 -0.262861 0.229697
v -0.713010 -0.261655 0.230060
v -0.705916 -0.261239 0.230671
v -0.702373 -0.261406 0.231636
v -0.702335 -0.260229 0.231549
v -0.705880 -0.260784 0.230526
v -0.705918 -0.262000 0.230670
v -0.695165 -0.258315 0.237412
v -0.695065 -0.257095 0.237300
v -0.699326 -0.258930 0.233358
v -0.699409 -0.260148 0.233481
v -0.699278 -0.259251 0.233555
v -0.678872 -0.253723 0.253465
v -0.678761 -0.252505 0.253363
v -0.687673 -0.254778 0.244531
v -0.687780 -0.255997 0.244638
v -0.682872 -0.253847 0.249482
v -0.670055 -0.251258 0.262203
v -0.663074 -0.250938 0.269662
v -0.662990 -0.249757 0.269615
v -0.669939 -0.250801 0.262107
v -0.670056 -0.252019 0.262201
v -0.659667 -0.249769 0.274666
v -0.658734 -0.249311 0.278451
v -0.658827 -0.250494 0.278452
v -0.659528 -0.249311 0.274623
v -0.659666 -0.250530 0.274666
v -0.659095 -0.249157 0.274543
v -0.658247 -0.249120 0.278444
v -0.662308 -0.249533 0.269668
v -0.678169 -0.252294 0.253300
v -0.669397 -0.250616 0.262010
v -0.687209 -0.254581 0.244348
v -0.698824 -0.258674 0.233168
v -0.694691 -0.256910 0.237030
v -0.700682 -0.260066 0.227571
v -0.692368 -0.256903 0.234025
v -0.702180 -0.260050 0.231042
v -0.705831 -0.260642 0.230066
v -0.713059 -0.261068 0.229473
v -0.743964 -0.262879 0.228198
v -0.767850 -0.264344 0.231306
v -0.756099 -0.263664 0.228794
v -0.773110 -0.264360 0.220737
v -0.744424 -0.262852 0.216599
v -0.731385 -0.262075 0.228684
v -0.720418 -0.261590 0.217539
v -0.710264 -0.261155 0.218068
v -0.732181 -0.262140 0.217078
v -0.757829 -0.263627 0.217390
v -0.786579 -0.264725 0.228307
v -0.798334 -0.263944 0.259896
v -0.797392 -0.263947 0.303064
v -0.792688 -0.264426 0.321115
v -0.786234 -0.263950 0.300149
v -0.782568 -0.264408 0.315040
v -0.787704 -0.263799 0.281233
v -0.787255 -0.263951 0.281215
v -0.787106 -0.264408 0.281212
v -0.785722 -0.264142 0.300260
v -0.787106 -0.265169 0.281212
v -0.785630 -0.265322 0.300236
v -0.782073 -0.265016 0.314744
v -0.782074 -0.265777 0.314745
v -0.775507 -0.266056 0.324642
v -0.764998 -0.264919 0.329831
v -0.764999 -0.265680 0.329832
v -0.775568 -0.264874 0.324711
v -0.782198 -0.264559 0.314815
v -0.765053 -0.264463 0.329964
v -0.752904 -0.263777 0.331767
v -0.741557 -0.263420 0.331522
v -0.741616 -0.262950 0.331680
v -0.741522 -0.264194 0.331519
v -0.752891 -0.264957 0.331672
v -0.730366 -0.263447 0.330353
v -0.718893 -0.262771 0.329152
v -0.709282 -0.262230 0.328088
v -0.703707 -0.261128 0.327330
v -0.703709 -0.261889 0.327331
v -0.710543 -0.261534 0.328250
v -0.709745 -0.261039 0.328305
v -0.703665 -0.260674 0.327474
v -0.700390 -0.260136 0.326380
v -0.697620 -0.258851 0.324510
v -0.697652 -0.259196 0.324361
v -0.693606 -0.257031 0.320471
v -0.697708 -0.260069 0.324390
v -0.700432 -0.261314 0.326294
v -0.693712 -0.258250 0.320363
v -0.686614 -0.255951 0.312958
v -0.678015 -0.253694 0.303915
v -0.669513 -0.251243 0.294971
v -0.669513 -0.252004 0.294973
v -0.682187 -0.253894 0.308313
v -0.677901 -0.252476 0.304013
v -0.686503 -0.254732 0.313061
v -0.669393 -0.250787 0.295063
v -0.659414 -0.249309 0.282300
v -0.659554 -0.249767 0.282261
v -0.662712 -0.249751 0.287394
v -0.662797 -0.250932 0.287350
v -0.659553 -0.250528 0.282261
v -0.658979 -0.249155 0.282368
v -0.668855 -0.250602 0.295150
v -0.686035 -0.254535 0.313231
v -0.693227 -0.256847 0.320732
v -0.697077 -0.258576 0.324639
v -0.700213 -0.259959 0.326880
v -0.703593 -0.260532 0.327928
v -0.741526 -0.262825 0.332125
v -0.765263 -0.264313 0.330352
v -0.775904 -0.264682 0.325080
v -0.769922 -0.264329 0.341196
v -0.753375 -0.263614 0.332237
v -0.741268 -0.262794 0.343733
v -0.729283 -0.262014 0.330851
v -0.717619 -0.261509 0.341262
v -0.711122 -0.260979 0.328904
v -0.700295 -0.260702 0.339143
v -0.698573 -0.259975 0.330288
v -0.693253 -0.258676 0.330959
v -0.690779 -0.256837 0.323639
v -0.678418 -0.254612 0.322003
v -0.677311 -0.252267 0.304066
v -0.659896 -0.250633 0.302529
v -0.662037 -0.249528 0.287330
v -0.647740 -0.249088 0.285510
v -0.646354 -0.249040 0.278266
v -0.652216 -0.249538 0.293393
v -0.647955 -0.249091 0.271067
v -0.652678 -0.249544 0.263306
v -0.660670 -0.250642 0.254360
v -0.670162 -0.252325 0.244955
v -0.679785 -0.254623 0.235424
v -0.687436 -0.256830 0.228013
v -0.695229 -0.258756 0.226744
v -0.692957 -0.258745 0.223060
v -0.697624 -0.260121 0.220198
v -0.703030 -0.260802 0.218745
v -0.669042 -0.252304 0.312147
v -0.685614 -0.256761 0.329449
v -0.690830 -0.258663 0.334556
v -0.695201 -0.260032 0.337558
v -0.707334 -0.261053 0.340109
v -0.729328 -0.262076 0.342485
v -0.754433 -0.263575 0.343726
v -0.783941 -0.264717 0.334281
vn 0.9204 -0.0000 0.3909
vn 0.9257 -0.0000 0.3784
vn 0.9901 -0.0000 0.1405
vn 0.9896 -0.0000 0.1437
vn 1.0000 -0.0000 -0.0008
vn 1.0000 -0.0000 -0.0017
vn 0.9894 -0.0000 -0.1455
vn 0.9891 -0.0000 -0.1474
vn 0.9171 -0.0000 -0.3987
vn 0.9221 -0.0000 -0.3871
vn 0.6752 -0.0000 -0.7376
vn 0.6447 -0.0000 -0.7644
vn 0.2931 -0.0000 -0.9561
vn 0.3227 -0.0000 -0.9465
vn 0.0967 -0.0000 -0.9953
vn 0.0824 -0.0000 -0.9966
vn -0.0397 -0.0000 -0.9992
vn -0.0340 -0.0000 -0.9994
vn -0.0836 -0.0000 -0.9965
vn -0.7276 -0.0000 -0.6860
vn -0.7089 -0.0000 -0.7053
vn -0.7089 -0.0000 -0.7054
vn -0.7274 -0.0000 -0.6863
vn -0.7998 -0.0000 -0.6003
vn -0.7999 -0.0000 -0.6002
vn -0.6145 -0.0000 -0.7889
vn -0.3977 -0.0000 -0.9175
vn -0.3919 -0.0000 -0.9200
vn -0.6121 -0.0000 -0.7907
vn -0.6995 -0.0000 -0.7146
vn -0.6997 -0.0000 -0.7144
vn -0.0877 -0.0000 -0.9961
vn -0.0872 -0.0000 -0.9962
vn -0.1052 -0.0000 -0.9945
vn -0.1058 -0.0000 -0.9944
vn -0.1895 -0.0000 -0.9819
vn -0.1860 -0.0000 -0.9826
vn -0.7066 -0.0000 -0.7076
vn -0.9269 -0.0000 -0.3754
vn -0.9276 -0.0000 -0.3735
vn -1.0000 -0.0000 -0.0056
vn -0.9999 -0.0000 -0.0104
vn -0.9345 -0.0000 0.3560
vn -0.9324 -0.0000 0.3613
vn -0.8083 -0.0000 0.5887
vn -0.7372 -0.0001 0.6757
vn -0.8104 -0.0000 0.5859
vn -0.7363 -0.0000 0.6767
vn -0.7160 -0.0000 0.6981
vn -0.7166 -0.0002 0.6974
vn -0.7024 0.0001 0.7118
vn -0.6249 -0.0000 0.7807
vn -0.7031 -0.0000 0.7111
vn -0.6216 -0.0000 0.7833
vn -0.4202 -0.0000 0.9074
vn -0.2046 -0.0000 0.9788
vn -0.4268 -0.0000 0.9043
vn -0.2001 -0.0000 0.9798
vn -0.0930 -0.0000 0.9957
vn -0.0654 -0.0000 0.9979
vn -0.0661 -0.0000 0.9978
vn -0.0943 -0.0000 0.9955
vn -0.0596 -0.0000 0.9982
vn -0.0171 -0.0000 0.9999
vn -0.0123 -0.0000 0.9999
vn 0.1134 -0.0000 0.9935
vn 0.3354 -0.0000 0.9421
vn 0.3181 -0.0000 0.9480
vn 0.1045 -0.0000 0.9945
vn 0.6841 -0.0000 0.7294
vn 0.6621 -0.0000 0.7494
vn 0.2084 -0.9720 -0.1084
vn 0.2155 -0.9731 -0.0813
vn 0.1647 -0.9843 -0.0640
vn 0.1758 -0.9815 -0.0764
vn 0.1819 -0.9805 -0.0743
vn 0.1687 -0.9803 -0.1022
vn 0.1755 -0.9800 -0.0933
vn 0.2187 -0.9701 -0.1056
vn 0.2775 -0.9596 -0.0468
vn 0.2098 -0.9775 -0.0232
vn 0.2475 -0.9688 -0.0143
vn 0.4039 -0.9029 0.1471
vn 0.4219 -0.8988 0.1187
vn 0.4301 -0.8951 0.1178
vn 0.6330 -0.6661 0.3944
vn 0.6047 -0.6723 0.4270
vn 0.3006 -0.9363 0.1814
vn 0.4327 -0.7156 0.5484
vn 0.2370 -0.3557 0.9040
vn 0.2145 -0.7259 0.6535
vn 0.4773 -0.3558 0.8035
vn 0.6748 -0.3299 0.6601
vn 0.1354 -0.9529 0.2715
vn 0.0931 -0.9955 0.0188
vn 0.1222 -0.7212 0.6819
vn 0.0553 -0.9972 -0.0503
vn 0.0769 -0.9952 -0.0611
vn 0.0607 -0.9979 0.0234
vn 0.0821 -0.7219 0.6871
vn 0.0740 -0.9562 0.2832
vn 0.1308 -0.3502 0.9275
vn 0.0731 -0.3525 0.9330
vn 0.1110 -0.1257 0.9858
vn 0.1109 -0.1242 0.9860
vn 0.1323 -0.1205 0.9839
vn 0.2306 -0.1234 0.9652
vn 0.4617 -0.1240 0.8783
vn 0.6633 -0.1167 0.7392
vn 0.7299 -0.1185 0.6732
vn 0.7238 -0.3166 0.6131
vn 0.7339 -0.1115 0.6700
vn 0.6218 -0.6661 0.4120
vn 0.6004 -0.6711 0.4349
vn 0.7314 -0.1108 0.6728
vn 0.7271 -0.3208 0.6070
vn 0.7463 -0.1123 0.6561
vn 0.8140 -0.1100 0.5704
vn 0.7869 -0.3116 0.5326
vn 0.8980 -0.2997 0.3222
vn 0.9322 -0.1093 0.3449
vn 0.7337 -0.6318 0.2500
vn 0.7876 -0.6161 -0.0115
vn 0.9556 -0.2945 -0.0141
vn 0.9938 -0.1099 -0.0147
vn 0.6383 -0.6584 0.3988
vn 0.8882 -0.2993 -0.3487
vn 0.9215 -0.1091 -0.3727
vn 0.7966 -0.1095 -0.5946
vn 0.7094 -0.3182 -0.6289
vn 0.7265 -0.1112 -0.6781
vn 0.7712 -0.3103 -0.5559
vn 0.6279 -0.6567 -0.4178
vn 0.7266 -0.6312 -0.2714
vn 0.4318 -0.8899 -0.1469
vn 0.5862 -0.6689 -0.4571
vn 0.3572 -0.9114 -0.2043
vn 0.3733 -0.9039 -0.2086
vn 0.2242 -0.9733 -0.0489
vn 0.1992 -0.9787 -0.0495
vn 0.3770 -0.9071 -0.1872
vn 0.5934 -0.6649 -0.4536
vn 0.2232 -0.9745 -0.0234
vn 0.1304 -0.9914 0.0108
vn 0.1548 -0.9870 0.0425
vn 0.1828 -0.9807 0.0688
vn 0.2470 -0.9690 0.0060
vn 0.3999 -0.9020 -0.1625
vn 0.6056 -0.6660 -0.4355
vn 0.4233 -0.8959 -0.1350
vn 0.6214 -0.6589 -0.4239
vn 0.2760 -0.9605 0.0362
vn 0.1756 -0.9805 0.0886
vn 0.2068 -0.9782 0.0194
vn 0.2191 -0.9708 0.0977
vn 0.4130 -0.9010 -0.1325
vn 0.2877 -0.9375 -0.1960
vn 0.4030 -0.7174 -0.5683
vn 0.5796 -0.6763 -0.4546
vn 0.6413 -0.3353 -0.6902
vn 0.4376 -0.3559 -0.8258
vn 0.4205 -0.1247 -0.8987
vn 0.7076 -0.3166 -0.6317
vn 0.7017 -0.1171 -0.7028
vn 0.6267 -0.1189 -0.7701
vn 0.1977 -0.3562 -0.9133
vn 0.1893 -0.1235 -0.9741
vn 0.0816 -0.1201 -0.9894
vn 0.0785 -0.3497 -0.9336
vn 0.0473 -0.1282 -0.9906
vn 0.0470 -0.1249 -0.9911
vn 0.0154 -0.3505 -0.9365
vn 0.0011 -0.1220 -0.9925
vn 0.0384 -0.7198 -0.6931
vn 0.0863 -0.7191 -0.6895
vn 0.0694 -0.9569 -0.2820
vn 0.0579 -0.9570 -0.2842
vn 0.0586 -0.9979 -0.0261
vn 0.0499 -0.9981 -0.0361
vn 0.0135 -0.9564 -0.2918
vn -0.0535 -0.7156 -0.6965
vn 0.0547 -0.9975 0.0450
vn 0.0256 -0.9990 -0.0366
vn 0.0567 -0.9972 0.0489
vn -0.0743 -0.9569 -0.2809
vn -0.0215 -0.9996 -0.0168
vn -0.2097 -0.9579 -0.1961
vn -0.4953 -0.7205 -0.4853
vn -0.2311 -0.7128 -0.6622
vn -0.3259 -0.3371 -0.8833
vn -0.6627 -0.3436 -0.6655
vn -0.8848 -0.3356 -0.3234
vn -0.6694 -0.7082 -0.2245
vn -0.3011 -0.9504 -0.0785
vn -0.3146 -0.9491 -0.0167
vn -0.7031 -0.7080 -0.0667
vn -0.0595 -0.9982 0.0103
vn -0.0541 -0.9985 0.0078
vn 0.0524 -0.9979 0.0379
vn 0.0544 -0.9983 0.0184
vn 0.0541 -0.9985 -0.0011
vn -0.0585 -0.9983 0.0013
vn -0.3108 -0.9505 0.0068
vn -0.6990 -0.7082 0.0991
vn -0.7020 -0.7120 0.0153
vn -0.3127 -0.9493 0.0313
vn -0.0590 -0.9982 -0.0074
vn -0.2941 -0.9511 0.0940
vn -0.4647 -0.7236 0.5103
vn -0.6556 -0.7095 0.2586
vn -0.1940 -0.9591 0.2060
vn -0.0172 -0.9997 0.0178
vn -0.0522 -0.9986 -0.0048
vn 0.0511 -0.9979 -0.0402
vn 0.0540 -0.9974 -0.0473
vn 0.0303 -0.9990 0.0342
vn -0.0553 -0.9582 0.2807
vn -0.0123 -0.7196 0.6942
vn -0.1907 -0.7172 0.6703
vn 0.0575 -0.9978 0.0330
vn 0.0319 -0.9574 0.2869
vn -0.0522 -0.3453 0.9370
vn -0.0692 -0.1189 0.9905
vn 0.0625 -0.1230 0.9904
vn -0.2758 -0.3413 0.8986
vn -0.2979 -0.1173 0.9474
vn -0.6574 -0.1192 0.7441
vn -0.9099 -0.1159 0.3984
vn -0.8668 -0.3365 0.3680
vn -0.6248 -0.3462 0.6999
vn -0.9305 -0.3356 0.1469
vn -0.9801 -0.1155 0.1615
vn -0.9407 -0.3387 0.0204
vn -0.9930 -0.1164 0.0216
vn -0.9865 -0.1154 -0.1162
vn -0.9363 -0.3354 -0.1038
vn -0.9289 -0.1156 -0.3519
vn -0.6962 -0.1183 -0.7080
vn -0.3489 -0.1156 -0.9300
vn -0.1249 -0.1172 -0.9852
vn -0.1058 -0.3410 -0.9341
vn 0.0657 -0.9960 -0.0611
vn 0.0578 -0.9965 -0.0604
vn 0.0560 -0.9975 -0.0433
vn 0.0753 -0.9962 -0.0439
vn 0.0743 -0.9970 -0.0220
vn 0.0553 -0.9983 -0.0203
vn 0.0751 -0.9949 -0.0679
vn 0.0775 -0.9958 -0.0493
vn 0.0794 -0.9965 -0.0242
vn 0.1858 -0.9817 -0.0408
vn 0.0804 -0.9968 -0.0014
vn 0.1927 -0.9813 -0.0045
vn 0.1851 -0.9822 0.0316
vn 0.0562 -0.9982 0.0194
vn 0.0801 -0.9965 0.0226
vn 0.0586 -0.9983 -0.0005
vn 0.0603 -0.9964 0.0591
vn 0.0769 -0.9949 0.0658
vn 0.0577 -0.9974 0.0422
vn 0.0753 -0.9970 0.0195
vn 0.0685 -0.9959 0.0590
vn 0.0774 -0.9962 0.0410
vn 0.0716 -0.9974 -0.0012
vn 0.0538 -0.9983 -0.0204
vn 0.0788 -0.9952 0.0578
vn 0.0895 -0.9957 -0.0245
vn 0.1716 -0.9805 0.0953
vn 0.0782 -0.9958 0.0467
vn 0.1767 -0.9817 0.0707
vn 0.2087 -0.9728 0.1009
vn 0.2167 -0.9734 0.0748
vn 0.2271 -0.9730 0.0410
vn 0.1657 -0.9845 0.0575
vn 0.1453 -0.9886 0.0401
vn 0.1243 -0.9922 -0.0024
vn 0.1534 -0.9882 -0.0019
vn 0.1759 -0.9840 -0.0293
vn 0.1432 -0.9887 -0.0447
vn 0.1772 -0.9841 0.0110
vn 0.2265 -0.9729 -0.0469
vn 0.2314 -0.9728 -0.0021
vn 0.1315 -0.9912 -0.0150
vn 0.1540 -0.9870 -0.0462
vn 0.2240 -0.9744 0.0171
vn 0.2012 -0.9785 0.0448
vn 0.3607 -0.9126 0.1927
vn 0.3799 -0.9086 0.1734
vn 0.3778 -0.9046 0.1977
vn 0.2235 -0.9737 0.0431
vn 0.5968 -0.6723 0.4380
vn 0.1219 -0.9925 0.0122
vn 0.1492 -0.9887 0.0116
vn 0.4358 -0.8875 0.1494
vn 0.2711 -0.9625 -0.0037
vn 0.4745 -0.8802 -0.0067
vn 0.1306 -0.9569 -0.2594
vn 0.1836 -0.7284 -0.6601
vn 0.7122 -0.1112 -0.6931
vn 0.7117 -0.1111 -0.6936
vn 0.7019 -0.3169 -0.6379
vn 0.1078 0.0002 0.9942
vn 0.1040 -0.0000 0.9946
vn 0.1070 -0.0277 0.9939
vn 0.1232 -0.0265 0.9920
vn 0.2237 -0.0263 0.9743
vn 0.2263 -0.0001 0.9741
vn 0.1262 0.0001 0.9920
vn 0.4481 -0.0277 0.8935
vn 0.4600 -0.0000 0.8879
vn 0.6546 -0.0001 0.7560
vn 0.6483 -0.0253 0.7609
vn 0.7198 -0.0233 0.6938
vn 0.7151 0.0003 0.6990
vn 0.7234 -0.0000 0.6904
vn 0.7342 -0.1111 0.6698
vn 0.7319 -0.1143 0.6718
vn 0.7286 -0.1135 0.6754
vn 0.6635 -0.1184 0.7387
vn 0.4622 -0.1244 0.8780
vn 0.2306 -0.1233 0.9652
vn 0.1322 -0.1231 0.9836
vn 0.1108 -0.1167 0.9870
vn 0.1118 -0.1218 0.9862
vn 0.7440 -0.0239 0.6678
vn 0.7438 -0.0001 0.6684
vn 0.7247 -0.0004 0.6890
vn 0.8142 -0.0233 0.5801
vn 0.8163 -0.0000 0.5776
vn 0.9357 -0.0236 0.3519
vn 0.9369 -0.0000 0.3495
vn 0.9996 -0.0243 -0.0148
vn 0.9999 -0.0000 -0.0149
vn 0.9260 -0.0000 -0.3775
vn 0.9249 -0.0234 -0.3795
vn 0.7966 -0.0230 -0.6040
vn 0.7985 -0.0000 -0.6019
vn 0.7238 -0.0237 -0.6896
vn 0.7115 -0.1129 -0.6935
vn 0.7040 -0.0234 -0.7098
vn 0.9322 -0.1092 0.3449
vn 0.7463 -0.1122 0.6561
vn 0.7039 -0.0000 -0.7103
vn 0.6888 -0.0000 -0.7250
vn 0.7014 -0.0000 -0.7128
vn 0.6912 -0.0245 -0.7222
vn 0.6104 -0.0256 -0.7917
vn 0.6177 -0.0000 -0.7864
vn 0.4067 -0.0276 -0.9131
vn 0.4172 -0.0000 -0.9088
vn 0.1850 -0.0000 -0.9827
vn 0.1831 -0.0267 -0.9827
vn 0.0746 -0.0258 -0.9969
vn 0.0739 -0.0000 -0.9973
vn 0.0468 -0.0258 -0.9986
vn 0.0457 -0.0000 -0.9990
vn 0.0511 -0.1212 -0.9913
vn 0.0459 -0.1226 -0.9914
vn 0.0785 -0.1212 -0.9895
vn 0.4204 -0.1246 -0.8987
vn 0.6267 -0.1189 -0.7702
vn 0.7027 -0.1138 -0.7023
vn 0.7120 -0.1109 -0.6934
vn -0.0054 -0.0259 -0.9996
vn -0.0054 -0.0000 -1.0000
vn -0.1304 -0.0249 -0.9912
vn -0.1294 -0.0000 -0.9916
vn -0.3529 -0.0246 -0.9353
vn -0.3506 -0.0000 -0.9365
vn -0.6982 -0.0250 -0.7155
vn -0.6989 -0.0000 -0.7152
vn 0.1053 -0.0250 0.9941
vn 0.0565 -0.0000 0.9984
vn 0.0563 -0.0262 0.9981
vn -0.0746 -0.0252 0.9969
vn -0.2997 -0.0000 0.9540
vn -0.3021 -0.0248 0.9529
vn -0.0735 -0.0000 0.9973
vn -0.6598 -0.0252 0.7510
vn -0.6600 -0.0000 0.7512
vn -0.9149 -0.0000 0.4036
vn -0.9139 -0.0243 0.4052
vn -0.9859 -0.0247 0.1658
vn -0.9998 -0.0000 0.0217
vn -0.9995 -0.0248 0.0217
vn -0.9863 -0.0000 0.1649
vn -0.9929 -0.0000 -0.1193
vn -0.9925 -0.0246 -0.1201
vn -0.9341 -0.0000 -0.3570
vn -0.9331 -0.0249 -0.3588
vn -0.9289 -0.1155 -0.3519
vn -0.6962 -0.1182 -0.7080
vn -0.3490 -0.1156 -0.9300
vn 0.0004 -0.1212 -0.9926
vn -0.2979 -0.1172 0.9474
vn -0.0691 -0.1189 0.9905
vn 0.0619 -0.1223 0.9906
vn 0.1103 -0.1230 0.9863
vn 0.0392 -0.0006 -0.9992
vn 0.7235 -0.0000 -0.6903
vn -0.1640 0.9844 0.0636
vn -0.1453 0.9885 0.0427
vn -0.1528 0.9882 0.0020
vn -0.1756 0.9840 0.0295
vn -0.1750 0.9845 -0.0101
vn -0.1223 0.9925 0.0027
vn -0.1453 0.9886 -0.0385
vn -0.1662 0.9844 -0.0579
vn -0.2153 0.9737 -0.0745
vn -0.2261 0.9733 -0.0405
vn -0.2092 0.9728 -0.0997
vn -0.1781 0.9814 -0.0715
vn -0.1727 0.9804 -0.0946
vn -0.1855 0.9820 -0.0366
vn -0.0805 0.9956 -0.0472
vn -0.0814 0.9964 -0.0228
vn -0.0780 0.9949 -0.0646
vn -0.0562 0.9982 -0.0194
vn -0.0577 0.9974 -0.0421
vn -0.0821 0.9966 0.0005
vn -0.0586 0.9983 0.0005
vn -0.0555 0.9982 0.0216
vn -0.0805 0.9965 0.0233
vn -0.0803 0.9955 0.0496
vn -0.0594 0.9973 0.0420
vn -0.0568 0.9966 0.0594
vn -0.0766 0.9948 0.0673
vn -0.0547 0.9966 0.0610
vn -0.0859 0.9960 0.0254
vn -0.1994 0.9780 0.0610
vn -0.1709 0.9802 0.1003
vn -0.0577 0.9983 0.0129
vn -0.0799 0.9692 -0.2329
vn -0.1388 0.9602 -0.2423
vn -0.4321 0.7143 -0.5505
vn -0.2941 0.9434 -0.1533
vn -0.1960 0.7141 -0.6720
vn -0.2191 0.3120 -0.9244
vn -0.4712 0.3249 -0.8200
vn -0.6738 0.3194 -0.6663
vn -0.6087 0.6734 -0.4194
vn -0.4116 0.9069 -0.0901
vn -0.2494 0.9653 0.0773
vn -0.6282 0.6755 -0.3860
vn -0.4144 0.9046 -0.0999
vn -0.7262 0.2848 -0.6257
vn -0.6291 0.6537 -0.4206
vn -0.3925 0.9104 -0.1312
vn -0.6086 0.6569 -0.4450
vn -0.3691 0.9152 -0.1616
vn -0.1906 0.9815 0.0161
vn -0.2027 0.9779 0.0505
vn -0.2068 0.9726 0.1063
vn -0.2143 0.9734 0.0811
vn -0.1772 0.9812 0.0771
vn -0.2254 0.9732 0.0464
vn -0.1868 0.9816 0.0399
vn -0.1902 0.9817 0.0017
vn -0.2299 0.9732 0.0044
vn -0.1187 0.9925 0.0299
vn -0.1596 0.9868 -0.0290
vn -0.1681 0.9857 -0.0123
vn -0.3444 0.9216 -0.1788
vn -0.6036 0.6546 -0.4552
vn -0.6458 0.6324 -0.4277
vn -0.3589 0.9147 -0.1857
vn -0.9084 0.2267 -0.3512
vn -0.7737 0.5686 -0.2794
vn -0.7823 0.2629 -0.5647
vn -0.7276 0.2848 -0.6241
vn -0.4446 0.8852 -0.1368
vn -0.8521 0.5232 0.0127
vn -0.5060 0.8625 0.0042
vn -0.2153 0.9764 0.0161
vn -0.1801 0.9832 -0.0313
vn -0.9785 0.2057 0.0147
vn -0.8975 0.2267 0.3782
vn -0.7658 0.5675 0.3024
vn -0.4415 0.8846 0.1502
vn -0.6351 0.6295 0.4476
vn -0.3591 0.9120 0.1985
vn -0.3416 0.9206 0.1894
vn -0.5939 0.6485 0.4762
vn -0.6000 0.6476 0.4697
vn -0.3681 0.9128 0.1770
vn -0.1949 0.9808 -0.0118
vn -0.1550 0.9878 0.0123
vn -0.3900 0.9088 0.1480
vn -0.4086 0.9052 0.1168
vn -0.2509 0.9655 -0.0695
vn -0.2032 0.9781 -0.0441
vn -0.6186 0.6454 0.4482
vn -0.6166 0.6684 0.4160
vn -0.4007 0.9098 0.1077
vn -0.5826 0.6785 0.4475
vn -0.1936 0.9796 -0.0536
vn -0.4027 0.7166 0.5695
vn -0.2805 0.9454 0.1657
vn -0.1069 0.9941 -0.0159
vn -0.0843 0.9962 -0.0220
vn -0.1083 0.9599 0.2587
vn -0.1734 0.7106 0.6819
vn -0.0750 0.7001 0.7101
vn -0.1776 0.3081 0.9346
vn -0.0646 0.3101 0.9485
vn -0.0557 0.9982 -0.0207
vn -0.0378 0.7088 0.7044
vn -0.0577 0.9638 0.2604
vn -0.0229 0.3269 0.9448
vn 0.0548 0.6859 0.7257
vn -0.0574 0.9983 -0.0067
vn -0.0212 0.9599 0.2795
vn 0.3357 0.2672 0.9033
vn 0.2590 0.6476 0.7166
vn 0.1043 0.2918 0.9508
vn 0.0840 0.9528 0.2918
vn 0.5535 0.6361 0.5376
vn 0.2394 0.9451 0.2224
vn -0.0051 1.0000 -0.0065
vn -0.0368 0.9993 -0.0055
vn 0.3163 0.9445 0.0887
vn 0.7227 0.6455 0.2473
vn 0.7338 0.6758 0.0699
vn 0.2987 0.9542 0.0169
vn 0.0054 0.9996 -0.0272
vn -0.0063 0.9999 -0.0147
vn -0.0738 0.9971 -0.0195
vn -0.0740 0.9965 -0.0384
vn -0.0674 0.9961 -0.0571
vn -0.0604 0.9964 -0.0588
vn -0.0570 0.9966 -0.0595
vn -0.0712 0.9975 0.0009
vn -0.0732 0.9971 0.0218
vn -0.0745 0.9963 0.0418
vn -0.0649 0.9961 0.0594
vn -0.0584 0.9982 0.0091
vn -0.0421 0.9991 0.0047
vn -0.0092 1.0000 -0.0037
vn 0.0052 0.9996 0.0260
vn -0.0059 0.9999 0.0158
vn -0.0172 0.9999 0.0005
vn 0.2785 0.9604 -0.0061
vn 0.7236 0.6901 -0.0156
vn 0.2968 0.9544 -0.0308
vn 0.7297 0.6759 -0.1036
vn 0.3080 0.9456 -0.1048
vn 0.2197 0.9479 -0.2309
vn 0.7073 0.6474 -0.2837
vn 0.5176 0.6445 -0.5628
vn 0.8838 0.2804 -0.3744
vn 0.6415 0.2760 -0.7157
vn 0.2845 0.2760 -0.9181
vn 0.2133 0.6600 -0.7203
vn 0.0616 0.9557 -0.2879
vn -0.0377 0.9618 -0.2712
vn 0.0118 0.6948 -0.7191
vn -0.0782 0.9635 -0.2562
vn -0.0848 0.7080 -0.7011
vn -0.0765 0.3263 -0.9422
vn 0.0496 0.2997 -0.9528
vn 0.0655 0.0812 -0.9945
vn -0.0648 0.0940 -0.9935
vn -0.1102 0.0991 -0.9890
vn -0.1103 0.1029 -0.9886
vn -0.1203 0.0822 -0.9893
vn -0.2171 0.0780 -0.9730
vn -0.4492 0.0857 -0.8893
vn -0.6621 0.0932 -0.7436
vn -0.7293 0.1011 -0.6767
vn -0.7321 0.0901 -0.6752
vn -0.7297 0.0870 -0.6782
vn -0.7415 0.0854 -0.6655
vn -0.8006 0.0760 -0.5944
vn -0.9277 0.0665 -0.3673
vn -0.9979 0.0624 0.0149
vn -0.9163 0.0668 0.3950
vn -0.7824 0.0760 0.6181
vn -0.7656 0.2616 0.5878
vn -0.7095 0.2809 0.6463
vn -0.7214 0.0846 0.6873
vn -0.7094 0.0856 0.6996
vn -0.7082 0.2804 0.6479
vn -0.7101 0.0923 0.6981
vn -0.7057 0.1125 0.6995
vn -0.6230 0.0899 0.7771
vn -0.6451 0.3205 0.6936
vn -0.4078 0.0862 0.9090
vn -0.4322 0.3273 0.8403
vn -0.1715 0.0794 0.9820
vn -0.0711 0.0866 0.9937
vn -0.0456 0.0984 0.9941
vn -0.0454 0.0955 0.9944
vn -0.0017 0.0916 0.9958
vn 0.1211 0.0793 0.9895
vn 0.3497 0.0720 0.9341
vn 0.6998 0.0769 0.7102
vn 0.9018 0.2803 0.3289
vn 0.6804 0.2713 0.6807
vn 0.9331 0.0811 0.3504
vn 0.9904 0.0818 0.1112
vn 0.9554 0.2947 -0.0206
vn 0.9514 0.2904 0.1021
vn 0.9964 0.0817 -0.0215
vn 0.9843 0.0813 -0.1565
vn 0.9460 0.2897 -0.1457
vn 0.9142 0.0807 -0.3971
vn 0.6609 0.0781 -0.7464
vn 0.2988 0.0744 -0.9514
vn -0.0446 -0.0013 0.9990
vn -0.0387 -0.0020 0.9993
vn -0.0424 0.0176 0.9989
vn -0.0634 0.0174 0.9978
vn -0.1709 0.0128 0.9852
vn -0.1816 -0.0009 0.9834
vn -0.0702 -0.0008 0.9975
vn -0.6220 -0.0002 0.7830
vn -0.4196 -0.0010 0.9077
vn -0.4007 0.0155 0.9161
vn -0.6094 0.0163 0.7927
vn -0.6249 0.0957 0.7748
vn -0.7014 0.0960 0.7063
vn -0.6940 0.0174 0.7198
vn -0.4088 0.0868 0.9085
vn -0.1715 0.0793 0.9820
vn -0.0713 0.0886 0.9935
vn -0.0454 0.0824 0.9956
vn -0.0467 0.0954 0.9943
vn -0.6906 -0.0006 0.7233
vn -0.7117 0.0882 0.6969
vn -0.7094 0.0864 0.6995
vn -0.7182 0.0145 0.6957
vn -0.7035 -0.0007 0.7107
vn -0.7187 -0.0013 0.6954
vn -0.7021 -0.0002 0.7121
vn -0.7848 -0.0009 0.6197
vn -0.9202 -0.0011 0.3914
vn -0.7819 0.0133 0.6232
vn -0.9171 0.0115 0.3986
vn -0.9998 0.0113 0.0147
vn -0.9286 0.0110 -0.3709
vn -0.9315 -0.0011 -0.3636
vn -0.9999 -0.0014 0.0149
vn -0.8005 0.0759 -0.5945
vn -0.8004 0.0133 -0.5994
vn -0.9979 0.0623 0.0149
vn -0.7823 0.0759 0.6183
vn -0.7217 0.0844 0.6870
vn -0.7387 0.0150 -0.6739
vn -0.7392 -0.0012 -0.6735
vn -0.8032 -0.0008 -0.5957
vn -0.7419 0.0853 -0.6651
vn -0.7302 0.0888 -0.6774
vn -0.7192 0.0171 -0.6946
vn -0.7243 -0.0008 -0.6895
vn -0.7236 -0.0003 -0.6903
vn -0.0403 0.0161 0.9991
vn -0.0395 -0.0021 0.9992
vn 0.0023 -0.0011 1.0000
vn 0.0033 0.0154 0.9999
vn 0.1247 0.0122 0.9921
vn 0.3471 -0.0006 0.9378
vn 0.3551 0.0050 0.9348
vn 0.1223 -0.0007 0.9925
vn 0.6992 0.0122 0.7148
vn 0.6992 -0.0008 0.7149
vn 0.9358 -0.0006 0.3525
vn 0.9936 -0.0005 0.1126
vn 0.9934 0.0142 0.1136
vn 0.9348 0.0136 0.3550
vn 0.9331 0.0810 0.3504
vn 0.7016 0.0782 0.7083
vn 0.1191 0.0793 0.9897
vn -0.0449 0.0967 0.9943
vn 0.9997 0.0141 -0.0216
vn 0.9843 0.0814 -0.1565
vn 0.9872 0.0142 -0.1590
vn 0.9998 -0.0004 -0.0216
vn 0.9874 -0.0005 -0.1580
vn 0.9169 -0.0006 -0.3992
vn 0.6603 -0.0007 -0.7510
vn 0.6603 0.0134 -0.7509
vn 0.9157 0.0140 -0.4017
vn 0.9142 0.0806 -0.3971
vn 0.6609 0.0780 -0.7464
vn 0.2998 0.0125 -0.9539
vn 0.0654 0.0813 -0.9945
vn 0.0688 0.0134 -0.9975
vn 0.2963 -0.0007 -0.9551
vn 0.0663 -0.0007 -0.9978
vn -0.0598 -0.0010 -0.9982
vn -0.1039 -0.0014 -0.9946
vn -0.1078 0.0169 -0.9940
vn -0.0584 0.0157 -0.9982
vn -0.1091 0.0960 -0.9894
vn -0.0634 0.0928 -0.9937
vn -0.1131 0.0945 -0.9891
vn -0.1207 0.0850 -0.9890
vn -0.1220 0.0149 -0.9924
vn -0.1075 -0.0010 -0.9942
vn -0.1229 -0.0006 -0.9924
vn -0.2242 -0.0012 -0.9746
vn -0.4633 -0.0010 -0.8862
vn -0.4417 0.0153 -0.8970
vn -0.2133 0.0133 -0.9769
vn -0.2128 0.0785 -0.9739
vn -0.4506 0.0859 -0.8886
vn -0.6466 0.0166 -0.7627
vn -0.7279 0.0954 -0.6790
vn -0.6618 0.0948 -0.7437
vn -0.6582 -0.0003 -0.7529
vn -0.7165 -0.0006 -0.6976
vn -0.7325 0.0909 -0.6746
vn -0.1874 0.9821 -0.0169
vn -0.1736 0.9843 -0.0304
vn -0.6668 0.6080 -0.4310
vn -0.5817 0.7069 -0.4024
vn -0.5985 0.6826 -0.4192
vn -0.2166 0.9763 0.0029
vn -0.7422 0.1568 -0.6516
vn -0.7257 0.0073 -0.6879
vn -0.7337 0.2144 -0.6447
vn -0.7380 -0.0012 -0.6748
vn -0.8027 0.0752 -0.5916
vn -0.9216 0.1514 -0.3575
vn -0.9301 -0.0011 -0.3673
vn -0.9975 0.0694 0.0149
vn -0.7871 0.6167 0.0168
vn -0.9104 0.1516 0.3850
vn -0.9186 -0.0011 0.3952
vn -0.7845 0.0754 0.6155
vn -0.6530 0.6070 0.4528
vn -0.7224 0.1568 0.6735
vn -0.7175 -0.0012 0.6966
vn -0.7058 0.0137 0.7083
vn -0.7156 0.2073 0.6670
vn -0.6908 -0.0482 0.7214
vn -0.6407 -0.2245 0.7342
vn -0.6573 0.1742 0.7332
vn -0.6036 0.0199 0.7970
vn -0.4119 0.0708 0.9085
vn -0.4550 0.6040 0.6543
vn -0.1923 0.1561 0.9689
vn -0.1766 -0.0011 0.9843
vn -0.0806 -0.0086 0.9967
vn -0.0620 0.1649 0.9844
vn -0.0362 -0.0588 0.9976
vn -0.0390 -0.0271 0.9989
vn -0.0083 0.1567 0.9876
vn 0.0025 -0.0001 1.0000
vn 0.1200 0.0775 0.9897
vn 0.0631 0.6008 0.7969
vn 0.3411 0.1510 0.9278
vn 0.3512 -0.0007 0.9363
vn 0.6976 0.0756 0.7125
vn 0.5192 0.6585 0.5448
vn 0.9254 0.1509 0.3477
vn 0.9347 -0.0006 0.3554
vn 0.9907 0.0779 0.1118
vn 0.9877 0.1551 -0.0213
vn 0.9998 -0.0000 -0.0216
vn 0.7794 0.6229 0.0675
vn 0.9845 0.0777 -0.1572
vn 0.9067 0.1507 -0.3940
vn 0.9157 -0.0006 -0.4019
vn 0.7899 0.6015 -0.1195
vn 0.6588 0.0759 -0.7485
vn 0.2907 0.1509 -0.9448
vn 0.3004 -0.0007 -0.9538
vn 0.5001 0.6227 -0.6018
vn 0.0641 0.0773 -0.9949
vn -0.0673 0.1577 -0.9852
vn -0.0597 -0.0003 -0.9982
vn 0.0002 0.6058 -0.7956
vn -0.1038 -0.0173 -0.9944
vn -0.1202 0.1623 -0.9794
vn -0.1020 -0.0375 -0.9941
vn -0.1293 -0.0044 -0.9916
vn -0.2346 0.1560 -0.9595
vn -0.2190 -0.0011 -0.9757
vn -0.4540 0.0703 -0.8882
vn -0.6804 0.1864 -0.7087
vn -0.6447 0.0158 -0.7642
vn -0.5100 0.5959 -0.6202
vn -0.6872 -0.1507 -0.7107
vn -0.7172 -0.0285 -0.6963
vn -0.6456 0.6639 -0.3775
vn -0.6096 0.6873 -0.3951
vn -0.2505 0.9676 0.0319
vn -0.2884 0.9560 0.0530
vn -0.3523 0.9337 0.0633
vn -0.6191 0.6827 -0.3881
vn -0.2787 0.9598 -0.0337
vn -0.1226 0.9871 -0.1029
vn -0.2387 0.7204 -0.6512
vn -0.1297 0.7000 -0.7022
vn -0.0461 0.9788 0.1993
vn -0.0349 0.9814 0.1886
vn -0.1065 0.9568 0.2706
vn -0.2402 0.9561 0.1680
vn -0.0667 0.9589 0.2758
vn -0.1161 0.9534 0.2784
vn 0.2378 0.5795 0.7795
vn 0.3801 0.6994 0.6052
vn 0.2977 0.6951 0.6544
vn 0.6026 0.1573 0.7824
vn 0.4313 0.0735 0.8992
vn 0.6431 -0.0000 0.7658
vn 0.7144 0.0003 0.6997
vn 0.6777 0.1590 0.7179
vn 0.6821 0.2109 0.7002
vn 0.7185 0.0183 0.6952
vn 0.7256 -0.0069 0.6881
vn 0.4604 0.6739 0.5778
vn 0.4266 0.6842 0.5915
vn -0.0219 0.9684 0.2483
vn 0.0134 0.9744 0.2243
vn 0.0526 0.9789 0.1974
vn 0.4753 0.6973 0.5365
vn 0.6314 0.5977 0.4941
vn 0.1132 0.9775 0.1782
vn 0.7209 0.1564 0.6752
vn 0.7425 -0.0000 0.6698
vn 0.8080 0.0767 0.5841
vn 0.9232 0.1529 0.3527
vn 0.9972 0.0738 -0.0149
vn 0.8003 0.5995 -0.0118
vn 0.9358 -0.0000 0.3525
vn 0.6578 0.7029 0.2705
vn 0.1562 0.9843 0.0818
vn 0.2120 0.9772 -0.0060
vn 0.1490 0.9827 -0.1098
vn 0.6495 0.7029 -0.2901
vn 0.9123 0.1502 -0.3810
vn 0.6112 0.5964 -0.5203
vn 0.7900 0.0768 -0.6083
vn 0.9248 -0.0000 -0.3804
vn 0.7004 0.1563 -0.6964
vn 0.7222 -0.0000 -0.6917
vn 0.7051 -0.0092 -0.7090
vn 0.6610 0.2100 -0.7204
vn 0.6953 0.0224 -0.7184
vn 0.6873 0.0004 -0.7263
vn 0.6501 0.1589 -0.7430
vn 0.5647 0.1574 -0.8101
vn 0.6054 -0.0000 -0.7959
vn 0.3892 0.0738 -0.9182
vn 0.2207 0.5913 -0.7756
vn 0.1630 0.1564 -0.9742
vn 0.1803 -0.0000 -0.9836
vn 0.0731 0.0001 -0.9973
vn 0.0642 0.1583 -0.9853
vn 0.0362 0.1825 -0.9825
vn 0.0466 0.0015 -0.9989
vn 0.0392 -0.0014 -0.9992
vn -0.0160 0.1581 -0.9873
vn -0.0073 -0.0000 -1.0000
vn -0.1362 0.0784 -0.9876
vn -0.1474 0.5813 -0.8002
vn -0.3552 0.1522 -0.9223
vn -0.3540 -0.0000 -0.9353
vn -0.6976 0.0768 -0.7123
vn -0.6174 0.5174 -0.5926
vn -0.9212 0.1519 -0.3582
vn -0.9332 -0.0000 -0.3595
vn -0.9895 0.0787 -0.1214
vn -0.9876 0.1558 0.0214
vn -0.7970 0.5959 -0.0988
vn -0.1655 0.9862 0.0036
vn -0.1877 0.9812 -0.0456
vn -0.7117 0.7023 0.0155
vn -0.1578 0.9827 -0.0970
vn -0.6612 0.6991 -0.2721
vn -0.1532 0.9782 -0.1398
vn -0.0930 0.9838 -0.1532
vn -0.2808 0.7008 -0.6557
vn -0.0782 0.9810 -0.1776
vn -0.0293 0.9826 0.1833
vn 0.1018 0.9895 0.1024
vn 0.0085 0.9857 0.1681
vn -0.0517 0.9790 -0.1974
vn -0.0659 0.9886 0.1354
vn 0.2240 0.6975 0.6806
vn 0.1607 0.9864 0.0343
vn 0.6762 0.6977 0.2366
vn 0.1743 0.9847 -0.0037
vn -0.1552 0.9827 0.1016
vn -0.1796 0.9826 0.0479
vn -0.7920 0.5954 0.1350
vn -0.6473 0.6993 0.3032
vn -0.9020 0.1517 0.4042
vn -0.9829 0.0789 0.1666
vn -0.9139 -0.0000 0.4059
vn -0.6586 0.0766 0.7486
vn -0.3051 0.1519 0.9401
vn -0.5323 0.5953 0.6020
vn -0.3033 -0.0000 0.9529
vn -0.0780 0.9829 0.1667
vn -0.1328 0.9763 0.1707
vn -0.2329 0.6998 0.6753
vn 0.1015 0.9888 -0.1096
vn 0.0148 0.9859 -0.1667
vn 0.1571 0.9863 -0.0494
vn -0.0429 0.9824 -0.1821
vn -0.0435 0.9786 0.2012
vn -0.0742 0.9886 -0.1311
vn -0.0823 0.7307 -0.6778
vn 0.1862 0.6972 -0.6922
vn 0.6631 0.6974 -0.2719
vn 0.1792 0.9838 -0.0063
vn 0.1622 0.9868 -0.0005
vn 0.7123 0.7017 -0.0155
vn -0.0780 0.9785 -0.1910
vn -0.0600 0.9811 0.1841
vn -0.1015 0.5982 0.7949
vn -0.0020 0.7168 0.6973
vn 0.0321 0.7136 0.6999
vn 0.0447 0.1584 0.9864
vn -0.0808 0.0783 0.9937
vn 0.0545 -0.0000 0.9985
vn 0.1040 0.0108 0.9945
vn 0.1000 0.1885 0.9770
vn 0.1029 0.0229 0.9944
vn 0.1321 0.0235 0.9910
vn 0.0580 0.7030 0.7088
vn 0.1094 0.6994 0.7063
vn 0.2042 0.1563 0.9664
vn 0.2218 -0.0000 0.9751
vn -0.0466 0.7299 0.6819
vn -0.0646 0.9860 0.1538
vn -0.0639 0.9769 0.2040
vn -0.0964 0.7112 0.6964
vn -0.1274 0.9833 0.1297
vn -0.1998 0.7074 0.6780
vn -0.3405 0.9391 -0.0461
vn -0.2579 0.9648 0.0518
vn -0.5928 0.6810 0.4300
vn -0.6241 0.6776 0.3890
vn -0.2516 0.9676 -0.0210
vn -0.2852 0.9572 -0.0500
vn -0.6014 0.6850 0.4112
vn -0.5862 0.6816 0.4380
vn -0.1888 0.9817 0.0256
vn -0.2170 0.9762 0.0035
vn -0.5690 0.7069 0.4202
vn -0.1391 0.9898 0.0309
vn -0.1730 0.9843 0.0342
vn -0.6657 0.7037 0.2483
vn -0.1368 0.9904 -0.0182
vn -0.1693 0.9855 0.0082
vn -0.6729 0.7035 -0.2286
vn 0.1093 0.9773 -0.1816
vn 0.0476 0.9789 -0.1989
vn 0.4590 0.6972 -0.5506
vn 0.4443 0.6723 -0.5921
vn 0.0060 0.9743 -0.2251
vn -0.0308 0.9681 -0.2488
vn 0.4056 0.6844 -0.6058
vn 0.3568 0.6994 -0.6193
vn -0.1278 0.9516 -0.2794
vn -0.0845 0.9579 -0.2742
vn 0.2692 0.6953 -0.6664
vn -0.0546 0.9802 -0.1902
vn -0.1013 0.9617 -0.2547
vn 0.0807 0.6995 -0.7100
vn 0.0156 0.7139 -0.7000
vn -0.0430 0.9804 -0.1922
vn -0.0147 0.7308 -0.6824
vn -0.0458 0.7190 -0.6935
vn -0.2425 0.9579 -0.1536
vn 0.2076 -0.9723 -0.1071
vn 0.2138 -0.9735 -0.0808
vn 0.1645 -0.9843 -0.0639
vn 0.1769 -0.9812 -0.0772
vn 0.1984 -0.9786 -0.0543
vn 0.1692 -0.9803 -0.1017
vn 0.1955 -0.9787 -0.0626
vn 0.2452 -0.9661 -0.0807
vn 0.4073 -0.9084 0.0946
vn 0.4117 -0.9062 0.0966
vn 0.6088 -0.6747 0.4173
vn 0.4321 -0.7151 0.5496
vn 0.2926 -0.9449 0.1471
vn 0.6269 -0.6782 0.3834
vn 0.6781 -0.3123 0.6654
vn 0.4702 -0.3167 0.8237
vn 0.4465 -0.0756 0.8916
vn 0.6607 -0.0853 0.7458
vn 0.7289 -0.0955 0.6779
vn 0.7304 -0.2716 0.6267
vn 0.7316 -0.0838 0.6766
vn 0.7294 -0.0799 0.6794
vn 0.7256 -0.2924 0.6229
vn 0.7409 -0.0785 0.6670
vn 0.7990 -0.0687 0.5974
vn 0.9104 -0.2127 0.3548
vn 0.9273 -0.0585 0.3698
vn 0.7860 -0.2459 0.5673
vn 0.9984 -0.0538 -0.0149
vn 0.9819 -0.1889 -0.0148
vn 0.8994 -0.2128 -0.3819
vn 0.9157 -0.0588 -0.3975
vn 0.8658 -0.5003 -0.0130
vn 0.7815 -0.5552 0.2846
vn 0.4445 -0.8851 0.1378
vn 0.7735 -0.5540 -0.3079
vn 0.4412 -0.8847 -0.1504
vn 0.5203 -0.8540 -0.0076
vn 0.2108 -0.9775 0.0003
vn 0.6370 -0.6178 -0.4610
vn 0.1535 -0.9878 -0.0264
vn 0.3586 -0.9122 -0.1982
vn 0.7693 -0.2441 -0.5904
vn 0.7076 -0.2895 -0.6446
vn 0.3330 -0.9259 -0.1786
vn 0.6018 -0.6437 -0.4726
vn 0.1520 -0.9883 -0.0070
vn 0.3671 -0.9135 -0.1756
vn 0.1882 -0.9820 0.0162
vn 0.1988 -0.9789 0.0482
vn 0.3889 -0.9096 -0.1464
vn 0.2434 -0.9672 0.0722
vn 0.4062 -0.9067 -0.1135
vn 0.6206 -0.6415 -0.4510
vn 0.6157 -0.6705 -0.4138
vn 0.5823 -0.6802 -0.4453
vn 0.6386 -0.3167 -0.7014
vn 0.3984 -0.9114 -0.1029
vn 0.7090 -0.2718 -0.6507
vn 0.1938 -0.9792 0.0593
vn 0.2796 -0.9467 -0.1598
vn 0.4024 -0.7175 -0.5686
vn 0.1170 -0.9632 -0.2421
vn 0.1714 -0.7086 -0.6844
vn 0.0724 -0.7020 -0.7085
vn 0.0842 -0.9960 0.0284
vn 0.0588 -0.9980 0.0216
vn 0.0641 -0.9658 -0.2512
vn 0.0713 -0.7237 -0.6864
vn 0.0608 -0.9675 -0.2453
vn 0.0446 -0.7113 -0.7015
vn 0.0557 -0.9984 0.0112
vn 0.0174 -0.9623 -0.2716
vn -0.0556 -0.6789 -0.7321
vn 0.0180 -0.3118 -0.9500
vn 0.0642 -0.2973 -0.9526
vn 0.0449 -0.0869 -0.9952
vn -0.1044 -0.2772 -0.9551
vn 0.0016 -0.0827 -0.9966
vn -0.1209 -0.0684 -0.9903
vn -0.3381 -0.2434 -0.9091
vn -0.3499 -0.0581 -0.9350
vn -0.7007 -0.0614 -0.7108
vn -0.9077 -0.2584 -0.3306
vn -0.9342 -0.0679 -0.3503
vn -0.6859 -0.2433 -0.6858
vn -0.5680 -0.6114 -0.5510
vn -0.2650 -0.6298 -0.7302
vn -0.0851 -0.9520 -0.2940
vn -0.7364 -0.6277 -0.2524
vn -0.3183 -0.9437 -0.0901
vn -0.2445 -0.9426 -0.2272
vn -0.0011 -0.9997 0.0252
vn 0.0158 -0.9997 0.0163
vn -0.2923 -0.9562 -0.0164
vn 0.0113 -0.9999 0.0117
vn -0.7409 -0.6679 -0.0704
vn -0.9561 -0.2748 -0.1020
vn -0.9595 -0.2809 0.0207
vn -0.7280 -0.6854 0.0157
vn -0.2694 -0.9630 0.0059
vn 0.0273 -0.9996 -0.0005
vn -0.7369 -0.6679 0.1044
vn -0.2906 -0.9564 0.0300
vn 0.0160 -0.9997 -0.0169
vn 0.0714 -0.9974 -0.0011
vn 0.0736 -0.9971 -0.0218
vn 0.0743 -0.9970 0.0195
vn 0.0760 -0.9964 0.0387
vn 0.0400 -0.9992 0.0058
vn 0.0678 -0.9961 0.0574
vn 0.0601 -0.9965 0.0580
vn 0.0779 -0.9949 0.0645
vn 0.0577 -0.9974 0.0420
vn 0.0559 -0.9982 0.0194
vn 0.0814 -0.9964 0.0229
vn 0.0822 -0.9966 -0.0009
vn 0.0809 -0.9956 0.0473
vn 0.0587 -0.9983 -0.0005
vn 0.1871 -0.9817 0.0353
vn 0.1786 -0.9813 0.0720
vn 0.1725 -0.9804 0.0952
vn 0.1910 -0.9816 -0.0045
vn 0.2081 -0.9730 0.0996
vn 0.2151 -0.9738 0.0744
vn 0.2253 -0.9734 0.0409
vn 0.1754 -0.9845 0.0063
vn 0.2297 -0.9733 -0.0044
vn 0.1660 -0.9844 0.0575
vn 0.1459 -0.9885 0.0389
vn 0.1533 -0.9882 -0.0018
vn 0.1215 -0.9926 -0.0082
vn 0.1435 -0.9887 -0.0435
vn 0.1140 -0.9934 0.0099
vn 0.1593 -0.9869 0.0248
vn 0.1538 -0.9881 0.0058
vn 0.1864 -0.9823 -0.0189
vn 0.3323 -0.9289 0.1636
vn 0.3625 -0.9129 0.1876
vn 0.6487 -0.6210 0.4400
vn 0.3677 -0.9161 0.1600
vn 0.6102 -0.6541 0.4470
vn 0.3910 -0.9113 0.1293
vn 0.6308 -0.6510 0.4223
vn 0.1736 -0.9844 -0.0275
vn 0.2253 -0.9732 -0.0464
vn 0.1858 -0.9817 -0.0422
vn 0.0800 -0.9956 -0.0499
vn 0.0810 -0.9964 -0.0243
vn 0.0552 -0.9983 -0.0205
vn 0.0573 -0.9974 -0.0427
vn 0.0765 -0.9948 -0.0668
vn 0.0846 -0.9959 -0.0317
vn 0.0588 -0.9980 -0.0235
vn 0.0791 -0.9715 0.2237
vn 0.1367 -0.9619 0.2368
vn 0.2005 -0.7167 0.6679
vn 0.2115 -0.3029 0.9293
vn 0.2139 -0.0686 0.9745
vn 0.1199 -0.0723 0.9901
vn 0.1098 -0.0921 0.9897
vn 0.1096 -0.0900 0.9899
vn 0.0648 -0.0849 0.9943
vn 0.0777 -0.3176 0.9450
vn -0.0115 -0.6897 0.7240
vn 0.0826 -0.7055 0.7039
vn -0.0495 -0.2858 0.9570
vn -0.0652 -0.0702 0.9954
vn -0.2865 -0.2531 0.9240
vn -0.2990 -0.0603 0.9523
vn -0.6618 -0.0623 0.7471
vn -0.6469 -0.2482 0.7211
vn -0.8898 -0.2581 0.3764
vn -0.9153 -0.0672 0.3970
vn -0.9852 -0.0704 0.1560
vn -0.9506 -0.2740 0.1458
vn -0.9972 -0.0716 0.0215
vn -0.9913 -0.0710 -0.1107
vn -0.5308 -0.6214 0.5762
vn -0.7207 -0.6299 0.2895
vn -0.3097 -0.9449 0.1059
vn -0.2179 -0.6447 0.7328
vn -0.0621 -0.9554 0.2888
vn -0.2237 -0.9459 0.2351
vn 0.0370 -0.9993 -0.0110
vn 0.0582 -0.9982 -0.0121
vn 0.0350 -0.9641 0.2632
vn 0.0135 -0.9998 -0.0123
vn 0.0737 -0.9964 -0.0408
vn 0.0020 -0.9996 -0.0290
vn 0.0653 -0.9961 -0.0596
vn 0.0572 -0.9966 -0.0594
vn 0.0722 -0.9650 0.2520
vn 0.0451 -0.0899 -0.9949
vn 0.0695 -0.0784 -0.9945
vn 0.1748 -0.2962 -0.9390
vn 0.1690 -0.0687 -0.9832
vn 0.4051 -0.0761 -0.9111
vn 0.6215 -0.0819 -0.7791
vn 0.4310 -0.3194 -0.8439
vn 0.7054 -0.1071 -0.7007
vn 0.7096 -0.0857 -0.6994
vn 0.7091 -0.0787 -0.7007
vn 0.7207 -0.0777 -0.6888
vn 0.7807 -0.0688 -0.6211
vn 0.9310 0.0008 0.3650
vn 0.8016 0.0009 0.5978
vn 0.7988 -0.0093 0.6015
vn 0.9264 -0.0037 0.3766
vn 0.7387 0.0012 0.6741
vn 0.7380 -0.0130 0.6746
vn 0.7966 -0.0689 0.6006
vn 0.7413 -0.0785 0.6666
vn 0.7298 -0.0818 0.6787
vn 0.7189 -0.0150 0.6949
vn 0.7320 -0.0842 0.6760
vn 0.7273 -0.0888 0.6805
vn 0.6461 -0.0143 0.7631
vn 0.6605 -0.0872 0.7457
vn 0.4538 -0.0739 0.8880
vn 0.4388 -0.0109 0.8985
vn 0.2045 -0.0092 0.9788
vn 0.1076 -0.0145 0.9941
vn 0.1126 -0.0861 0.9899
vn 0.1143 -0.0767 0.9905
vn 0.1205 -0.0102 0.9927
vn 0.1088 -0.0879 0.9902
vn 0.0587 -0.0118 0.9982
vn 0.0660 -0.0837 0.9943
vn -0.0642 -0.0043 0.9979
vn -0.9997 -0.0117 0.0216
vn -0.9972 -0.0715 0.0215
vn -0.9855 -0.0706 0.1542
vn -0.9873 -0.0110 0.1582
vn -0.9149 -0.0020 0.4036
vn -0.9915 -0.0711 -0.1089
vn -0.9936 -0.0108 -0.1127
vn -0.9340 -0.0020 -0.3573
vn -0.9937 0.0005 -0.1118
vn -0.9359 0.0003 -0.3521
vn -0.7007 0.0001 -0.7135
vn -0.6993 0.0004 -0.7149
vn -0.3549 0.0002 -0.9349
vn -0.1214 0.0001 -0.9926
vn -0.1390 -0.0074 -0.9903
vn -0.0021 0.0008 -1.0000
vn -0.0036 -0.0120 -0.9999
vn -0.3467 0.0004 -0.9380
vn -0.9170 0.0003 0.3988
vn -0.9876 0.0005 0.1572
vn -0.6618 0.0001 0.7497
vn -0.6602 0.0003 0.7511
vn -0.2959 0.0002 0.9552
vn -0.0655 -0.0000 0.9979
vn -0.3044 0.0001 0.9525
vn 0.0600 0.0007 0.9982
vn 0.1039 0.0014 0.9946
vn 0.1075 0.0011 0.9942
vn 0.7236 0.0003 0.6902
vn 0.7167 0.0005 0.6974
vn 0.6586 0.0003 0.7525
vn 0.7243 0.0007 0.6895
vn 0.0422 -0.0151 -0.9990
vn 0.0385 0.0017 -0.9993
vn 0.0445 0.0013 -0.9990
vn 0.0622 -0.0135 -0.9980
vn 0.1815 0.0010 -0.9834
vn 0.1623 -0.0083 -0.9867
vn 0.0699 0.0008 -0.9976
vn 0.0637 -0.0826 -0.9945
vn 0.0449 -0.0745 -0.9962
vn 0.0462 -0.0870 -0.9951
vn 0.6088 -0.0144 -0.7932
vn 0.6236 -0.0881 -0.7768
vn 0.4117 -0.0750 -0.9082
vn 0.3962 -0.0113 -0.9181
vn 0.7009 -0.0894 -0.7077
vn 0.6937 -0.0153 -0.7201
vn 0.7112 -0.0819 -0.6982
vn 0.7090 -0.0794 -0.7007
vn 0.7175 -0.0129 -0.6964
vn 0.7211 -0.0777 -0.6885
vn 0.7782 -0.0689 -0.6243
vn 0.7803 -0.0094 -0.6253
vn 0.9145 -0.0038 -0.4046
vn 0.9196 0.0008 -0.3928
vn 0.7832 0.0009 -0.6217
vn 0.7182 0.0012 -0.6959
vn 0.7034 0.0008 -0.7108
vn 0.6225 0.0003 -0.7826
vn 0.6908 0.0007 -0.7230
vn 0.4200 0.0011 -0.9075
vn 0.7021 0.0002 -0.7120
vn 0.9999 0.0008 -0.0149
vn 0.9999 0.0004 -0.0149
vn 0.4637 0.0011 0.8860
vn 0.2240 0.0012 0.9746
vn 0.1227 0.0007 0.9924
vn -0.9998 0.0005 0.0216
vn 0.0398 0.0019 -0.9992
vn 0.0400 -0.0138 -0.9991
vn 0.0445 -0.0884 -0.9951
vn 0.0042 -0.0826 -0.9966
vn -0.0107 -0.9997 0.0223
vn -0.1586 -0.9865 -0.0400
vn -0.1807 -0.9835 -0.0015
vn -0.1603 -0.9871 -0.0018
vn -0.0016 -1.0000 -0.0000
vn -0.6762 -0.6979 -0.2361
vn -0.7951 -0.6009 -0.0827
vn -0.1077 -0.9874 -0.1161
vn -0.5238 -0.6299 -0.5735
vn -0.9256 -0.1510 -0.3471
vn -0.9907 -0.0780 -0.1111
vn -0.6978 -0.0755 -0.7123
vn -0.9349 0.0006 -0.3549
vn -0.3407 -0.1511 -0.9280
vn -0.0653 -0.6050 -0.7936
vn -0.1192 -0.0774 -0.9899
vn -0.3509 0.0008 -0.9364
vn -0.2207 -0.6976 -0.6817
vn 0.0067 -0.1559 -0.9877
vn 0.0390 0.0258 -0.9989
vn -0.0019 0.0003 -1.0000
vn 0.0403 -0.7302 -0.6821
vn 0.0607 -0.1644 -0.9845
vn 0.0800 0.0084 -0.9968
vn 0.0361 0.0583 -0.9976
vn 0.0958 -0.7114 -0.6963
vn 0.1924 -0.1568 -0.9687
vn 0.4605 -0.5938 -0.6598
vn 0.4123 -0.0708 -0.9083
vn 0.1762 0.0011 -0.9844
vn 0.2046 -0.7118 -0.6719
vn 0.6551 -0.1745 -0.7351
vn 0.6406 0.2250 -0.7342
vn 0.6041 -0.0197 -0.7966
vn 0.5849 -0.6910 -0.4247
vn 0.6289 -0.6696 -0.3951
vn 0.7150 -0.2064 -0.6679
vn 0.7057 -0.0132 -0.7084
vn 0.6912 0.0468 -0.7212
vn 0.5970 -0.6891 -0.4108
vn 0.5868 -0.6838 -0.4338
vn 0.7220 -0.1568 -0.6739
vn 0.6401 -0.6147 -0.4609
vn 0.7831 -0.0757 -0.6173
vn 0.7170 0.0012 -0.6971
vn 0.5663 -0.7046 -0.4276
vn 0.9096 -0.1511 -0.3870
vn 0.6639 -0.7022 -0.2573
vn 0.7887 -0.6146 -0.0124
vn 0.9975 -0.0690 -0.0149
vn 0.9179 0.0011 -0.3968
vn 0.1612 -0.9863 -0.0352
vn 0.1637 -0.9865 -0.0079
vn 0.1795 -0.9831 -0.0361
vn 0.3041 -0.9514 0.0486
vn 0.2548 -0.9669 0.0123
vn 0.2164 -0.9763 -0.0101
vn 0.3435 -0.9381 0.0454
vn 0.2845 -0.9573 -0.0521
vn 0.2009 -0.9685 0.1471
vn 0.1949 -0.9763 0.0941
vn 0.1270 -0.9859 -0.1087
vn 0.0624 -0.9755 -0.2109
vn 0.0616 -0.9878 -0.1428
vn 0.0608 -0.9895 -0.1314
vn 0.0248 -0.9842 -0.1752
vn -0.0250 -0.9873 -0.1570
vn 0.0359 -0.9992 -0.0149
vn 0.0613 -0.9981 -0.0047
vn 0.0485 -0.9988 0.0105
vn 0.0519 -0.9987 0.0023
vn 0.0439 -0.9989 0.0179
vn 0.0503 -0.9987 -0.0117
vn 0.0044 -1.0000 0.0015
vn -0.0047 -0.9999 0.0158
vn -0.0052 -0.9999 -0.0156
vn -0.1795 -0.9837 0.0074
vn -0.0112 -0.9997 -0.0213
vn -0.1562 -0.9873 0.0286
vn -0.7127 -0.7013 0.0156
vn -0.7905 -0.6007 0.1195
vn -0.9877 -0.1551 0.0213
vn -0.9846 -0.0784 0.1564
vn -0.9070 -0.1510 0.3932
vn -0.9159 0.0006 0.4015
vn -0.6587 -0.0756 0.7486
vn -0.2903 -0.1509 0.9450
vn -0.5209 -0.6190 0.5878
vn -0.3002 0.0008 0.9539
vn -0.0023 -0.9854 0.1701
vn -0.1042 -0.9875 0.1180
vn -0.1853 -0.6978 0.6919
vn -0.6632 -0.6979 0.2703
vn 0.0052 -0.6023 0.7983
vn 0.0782 -0.9889 0.1263
vn 0.0359 -0.9849 0.1696
vn 0.0875 -0.7294 0.6784
vn 0.0698 -0.1583 0.9849
vn -0.0634 -0.0770 0.9950
vn 0.0600 0.0003 0.9982
vn 0.1039 0.0166 0.9945
vn 0.1203 -0.1630 0.9793
vn 0.1022 0.0365 0.9941
vn 0.1294 0.0036 0.9916
vn 0.2349 -0.1568 0.9593
vn 0.2188 0.0012 0.9758
vn 0.1317 -0.7078 0.6941
vn 0.1333 -0.9851 0.1088
vn 0.0700 -0.9875 0.1414
vn 0.2351 -0.7123 0.6613
vn 0.5000 -0.5896 0.6344
vn 0.3539 -0.9326 -0.0707
vn 0.2843 -0.9583 0.0299
vn 0.6343 -0.6792 0.3692
vn 0.6891 -0.1814 0.7016
vn 0.6510 -0.6555 0.3829
vn 0.4546 -0.0703 0.8879
vn 0.6451 -0.0156 0.7639
vn 0.6873 0.1503 0.7106
vn 0.7344 -0.2093 0.6456
vn 0.7174 0.0276 0.6961
vn 0.7257 -0.0069 0.6880
vn 0.7418 -0.1568 0.6521
vn 0.7376 0.0012 0.6753
vn 0.5987 -0.6846 0.4158
vn 0.1919 -0.9813 0.0161
vn 0.2145 -0.9767 0.0016
vn 0.5814 -0.7046 0.4068
vn 0.2547 -0.9668 -0.0211
vn 0.6132 -0.6841 0.3949
vn 0.6609 -0.6096 0.4378
vn 0.1622 -0.9867 0.0052
vn 0.1779 -0.9835 0.0325
vn 0.6728 -0.7021 0.2334
vn 0.9210 -0.1514 0.3591
vn 0.8013 -0.0750 0.5935
vn 0.9294 0.0011 0.3690
vn 0.3040 -0.9508 -0.0595
vn 0.0785 -0.9738 0.2136
vn 0.0368 -0.9992 0.0131
vn 0.0630 -0.9980 0.0016
vn 0.0492 -0.9987 -0.0137
vn 0.0861 -0.9954 -0.0427
vn 0.1970 -0.9748 -0.1051
vn 0.2295 -0.9617 -0.1499
vn 0.1964 -0.9681 -0.1555
vn 0.1410 -0.9813 -0.1306
vn 0.0694 -0.9936 -0.0893
vn 0.0148 -0.9995 -0.0265
vn 0.0064 -1.0000 -0.0002
vn 0.0366 -0.9975 -0.0598
vn 0.0151 -0.9996 0.0251
vn 0.0385 -0.9975 0.0587
vn 0.0724 -0.9936 0.0870
vn 0.1033 -0.9893 0.1026
vn 0.1456 -0.9814 0.1251
vn 0.1874 -0.9729 0.1354
vn 0.2300 -0.9634 0.1377
vn 0.2211 -0.9662 0.1323
vn 0.1690 -0.9819 0.0856
vn 0.0858 -0.9956 0.0374
vn 0.1905 -0.9814 -0.0234
vn 0.0995 -0.9894 -0.1060
vn 0.1833 -0.9725 -0.1433
vn 0.2196 -0.9650 -0.1434
vn 0.1704 -0.9808 -0.0950
vn 0.0440 -0.9988 -0.0207
vn 0.0531 -0.9986 -0.0056
vn 0.0522 -0.9986 0.0090
vn 0.0053 -1.0000 -0.0013
vt 0.342747 0.894644
vt 0.355656 0.894485
vt 0.356177 0.888189
vt 0.343268 0.888347
vt 0.343430 0.880765
vt 0.356339 0.880606
vt 0.356170 0.873012
vt 0.343261 0.873171
vt 0.342787 0.866838
vt 0.355695 0.866680
vt 0.354681 0.861012
vt 0.341773 0.861170
vt 0.339985 0.855567
vt 0.352893 0.855408
vt 0.351091 0.850168
vt 0.338184 0.850326
vt 0.337132 0.845744
vt 0.350033 0.845586
vt 0.347907 0.842416
vt 0.338236 0.842535
vt 0.336578 0.968813
vt 0.336716 0.973749
vt 0.349624 0.973591
vt 0.349486 0.968655
vt 0.349397 0.964362
vt 0.336488 0.964520
vt 0.337127 0.984700
vt 0.337215 0.986042
vt 0.350123 0.985884
vt 0.350035 0.984542
vt 0.349944 0.982424
vt 0.337036 0.982582
vt 0.337952 0.993732
vt 0.350852 0.993574
vt 0.350499 0.989899
vt 0.337592 0.990057
vt 0.349551 0.996830
vt 0.339880 0.996948
vt 0.337358 0.987661
vt 0.350267 0.987502
vt 0.336884 0.978635
vt 0.349792 0.978477
vt 0.336466 0.961562
vt 0.349374 0.961404
vt 0.349405 0.959113
vt 0.336496 0.959271
vt 0.336566 0.956980
vt 0.349474 0.956821
vt 0.349605 0.953913
vt 0.336917 0.949929
vt 0.336698 0.954071
vt 0.349819 0.949771
vt 0.350246 0.941751
vt 0.337301 0.942754
vt 0.350530 0.936399
vt 0.337759 0.934100
vt 0.337624 0.936558
vt 0.350668 0.933942
vt 0.350776 0.932189
vt 0.337990 0.930521
vt 0.337867 0.932347
vt 0.350898 0.930363
vt 0.351073 0.927881
vt 0.351340 0.924161
vt 0.338438 0.924320
vt 0.338166 0.928039
vt 0.351738 0.919832
vt 0.339404 0.915678
vt 0.338839 0.919990
vt 0.352307 0.915519
vt 0.353046 0.910907
vt 0.353958 0.905678
vt 0.341050 0.905836
vt 0.340139 0.911066
vt 0.354881 0.900110
vt 0.341973 0.900269
vt 0.460771 0.943186
vt 0.464688 0.944229
vt 0.465836 0.938701
vt 0.463216 0.949502
vt 0.460113 0.937162
vt 0.458765 0.948400
vt 0.454232 0.947127
vt 0.456928 0.942022
vt 0.453557 0.940894
vt 0.450347 0.945855
vt 0.457289 0.936246
vt 0.454950 0.935382
vt 0.448844 0.942853
vt 0.451058 0.939956
vt 0.449103 0.938958
vt 0.446922 0.941935
vt 0.447706 0.945015
vt 0.445790 0.944185
vt 0.443107 0.945753
vt 0.445064 0.946601
vt 0.443959 0.943177
vt 0.445159 0.940753
vt 0.447030 0.947501
vt 0.449730 0.948279
vt 0.444542 0.950343
vt 0.453115 0.963098
vt 0.453799 0.949486
vt 0.448889 0.961491
vt 0.443661 0.968309
vt 0.445849 0.968612
vt 0.442406 0.950173
vt 0.441473 0.968105
vt 0.439789 0.954501
vt 0.439411 0.961244
vt 0.440384 0.948721
vt 0.441161 0.944875
vt 0.442171 0.942080
vt 0.443465 0.939456
vt 0.445730 0.936187
vt 0.454272 0.929692
vt 0.449652 0.931454
vt 0.452979 0.934367
vt 0.457775 0.929116
vt 0.454543 0.926093
vt 0.461149 0.922636
vt 0.459719 0.920936
vt 0.464621 0.916829
vt 0.465788 0.918674
vt 0.469378 0.916666
vt 0.468695 0.914614
vt 0.470130 0.918561
vt 0.472538 0.918114
vt 0.472460 0.916091
vt 0.472376 0.913909
vt 0.467079 0.920362
vt 0.475577 0.916426
vt 0.476100 0.914329
vt 0.480341 0.916229
vt 0.484267 0.921761
vt 0.485572 0.919965
vt 0.479317 0.918156
vt 0.478156 0.919933
vt 0.474973 0.918373
vt 0.474208 0.920017
vt 0.482810 0.923387
vt 0.481047 0.924675
vt 0.476723 0.921410
vt 0.473415 0.921459
vt 0.479245 0.925882
vt 0.486265 0.929106
vt 0.488144 0.927959
vt 0.484178 0.930089
vt 0.477665 0.927271
vt 0.481969 0.931115
vt 0.486366 0.936128
vt 0.489169 0.935005
vt 0.491465 0.933997
vt 0.493369 0.932872
vt 0.495740 0.938343
vt 0.497622 0.937218
vt 0.493307 0.939449
vt 0.493107 0.945823
vt 0.496898 0.944295
vt 0.490013 0.940815
vt 0.498185 0.941139
vt 0.499490 0.943296
vt 0.501352 0.942340
vt 0.500042 0.940090
vt 0.501728 0.938799
vt 0.503119 0.941217
vt 0.504838 0.940010
vt 0.497651 0.934132
vt 0.500794 0.934225
vt 0.503328 0.937387
vt 0.504179 0.943860
vt 0.506072 0.942870
vt 0.507092 0.946742
vt 0.505164 0.948387
vt 0.507966 0.952405
vt 0.508648 0.959061
vt 0.506914 0.966176
vt 0.509094 0.965913
vt 0.504743 0.966532
vt 0.503042 0.948664
vt 0.500999 0.949353
vt 0.502585 0.966984
vt 0.499351 0.961263
vt 0.499641 0.973114
vt 0.502360 0.973336
vt 0.504455 0.973120
vt 0.493900 0.980623
vt 0.498516 0.979352
vt 0.495112 0.961593
vt 0.501005 0.979657
vt 0.495803 0.983820
vt 0.497890 0.984966
vt 0.499554 0.986055
vt 0.502940 0.980048
vt 0.504865 0.980622
vt 0.501169 0.987266
vt 0.494830 0.991694
vt 0.493663 0.989995
vt 0.492393 0.988379
vt 0.484681 0.990317
vt 0.485424 0.992271
vt 0.483834 0.988291
vt 0.490863 0.986674
vt 0.488916 0.984707
vt 0.482887 0.986056
vt 0.474795 0.986695
vt 0.474853 0.989043
vt 0.474922 0.991197
vt 0.464508 0.992945
vt 0.474996 0.993284
vt 0.465113 0.990941
vt 0.465831 0.988855
vt 0.457251 0.989466
vt 0.449921 0.987522
vt 0.456091 0.991164
vt 0.451515 0.986321
vt 0.453547 0.985022
vt 0.458680 0.987654
vt 0.460543 0.985534
vt 0.455385 0.981678
vt 0.450581 0.980543
vt 0.448085 0.981055
vt 0.444275 0.974727
vt 0.446171 0.981604
vt 0.449126 0.974254
vt 0.446388 0.974753
vt 0.442168 0.974882
vt 0.440064 0.975128
vt 0.439285 0.967982
vt 0.444280 0.982310
vt 0.442401 0.983094
vt 0.446866 0.990198
vt 0.454029 0.994758
vt 0.455035 0.992941
vt 0.448380 0.988833
vt 0.464010 0.995014
vt 0.463564 0.997114
vt 0.475069 0.995429
vt 0.475142 0.997602
vt 0.486643 0.996338
vt 0.486060 0.994289
vt 0.495947 0.993435
vt 0.502760 0.988537
vt 0.506787 0.981288
vt 0.508681 0.973233
vt 0.506564 0.973122
vt 0.458506 0.979681
vt 0.457972 0.965829
vt 0.462948 0.963076
vt 0.462501 0.981549
vt 0.467831 0.980829
vt 0.468145 0.961253
vt 0.458498 0.950751
vt 0.463071 0.951924
vt 0.468033 0.952630
vt 0.468070 0.950181
vt 0.473889 0.952697
vt 0.473800 0.950206
vt 0.479514 0.949800
vt 0.480082 0.960911
vt 0.479728 0.952270
vt 0.474160 0.962904
vt 0.490441 0.964742
vt 0.489128 0.949824
vt 0.485364 0.962313
vt 0.481529 0.980480
vt 0.490716 0.978976
vt 0.486846 0.980950
vt 0.474653 0.978685
vt 0.466670 0.986547
vt 0.493735 0.948250
vt 0.497721 0.946791
vt 0.488677 0.947409
vt 0.484636 0.951260
vt 0.484310 0.948800
vt 0.486253 0.942256
vt 0.482428 0.943584
vt 0.478298 0.944717
vt 0.480744 0.938122
vt 0.478209 0.932697
vt 0.472923 0.930668
vt 0.473173 0.935735
vt 0.470377 0.940114
vt 0.467850 0.933145
vt 0.474440 0.941202
vt 0.468901 0.945056
vt 0.473630 0.945571
vt 0.468004 0.927690
vt 0.464028 0.931888
vt 0.461834 0.931029
vt 0.466418 0.926440
vt 0.464563 0.925346
vt 0.459719 0.930166
vt 0.468618 0.921735
vt 0.471917 0.921518
vt 0.462718 0.924164
vt 0.471241 0.924692
vt 0.472667 0.922743
vt 0.471020 0.920143
vt 0.472646 0.920913
vt 0.472606 0.919820
vt 0.500346 0.945728
vt 0.502275 0.944821
vt 0.496489 0.929751
vt 0.491164 0.924739
vt 0.489728 0.926441
vt 0.801547 0.991693
vt 0.802023 0.996456
vt 0.823956 0.997800
vt 0.823244 0.986755
vt 0.822976 0.982504
vt 0.800971 0.982751
vt 0.801194 0.986280
vt 0.822638 0.979952
vt 0.800633 0.980199
vt 0.799934 0.977718
vt 0.821940 0.977471
vt 0.820667 0.972886
vt 0.798916 0.974188
vt 0.797617 0.968485
vt 0.822860 0.968202
vt 0.821550 0.961369
vt 0.824190 0.973904
vt 0.825218 0.977435
vt 0.825916 0.979915
vt 0.826255 0.982467
vt 0.826477 0.985996
vt 0.826825 0.991409
vt 0.826313 0.996184
vt 0.817302 0.954482
vt 0.795337 0.954728
vt 0.796327 0.961652
vt 0.816683 0.948412
vt 0.794688 0.948659
vt 0.816426 0.944142
vt 0.794421 0.944389
vt 0.816370 0.940771
vt 0.794365 0.941018
vt 0.794347 0.937646
vt 0.816352 0.937399
vt 0.816514 0.933113
vt 0.794519 0.933360
vt 0.817000 0.926999
vt 0.820280 0.926963
vt 0.821101 0.919973
vt 0.818984 0.913103
vt 0.819793 0.933076
vt 0.819630 0.937362
vt 0.819649 0.940734
vt 0.819705 0.944105
vt 0.819961 0.948376
vt 0.820580 0.954445
vt 0.795877 0.920256
vt 0.798203 0.907554
vt 0.797023 0.913344
vt 0.820198 0.907307
vt 0.821154 0.903687
vt 0.799148 0.903934
vt 0.821802 0.901101
vt 0.799797 0.901348
vt 0.800087 0.898658
vt 0.822092 0.898411
vt 0.822236 0.894804
vt 0.800233 0.895051
vt 0.822450 0.889495
vt 0.800451 0.889712
vt 0.825729 0.889428
vt 0.826005 0.883147
vt 0.825515 0.894768
vt 0.825370 0.898375
vt 0.825081 0.901064
vt 0.824432 0.903650
vt 0.823477 0.907270
vt 0.822266 0.913060
vt 0.823055 0.876754
vt 0.801055 0.877001
vt 0.823390 0.869841
vt 0.801386 0.870088
vt 0.823684 0.862112
vt 0.801678 0.862359
vt 0.823783 0.853932
vt 0.801778 0.854179
vt 0.821369 0.767336
vt 0.799663 0.769148
vt 0.799868 0.773850
vt 0.821867 0.773603
vt 0.822358 0.780361
vt 0.800831 0.788350
vt 0.822836 0.788103
vt 0.800354 0.780608
vt 0.823131 0.796380
vt 0.801126 0.796627
vt 0.801069 0.804991
vt 0.823075 0.804744
vt 0.822934 0.814075
vt 0.800972 0.825503
vt 0.822978 0.825256
vt 0.800929 0.814322
vt 0.801179 0.836660
vt 0.823185 0.836413
vt 0.801530 0.845915
vt 0.823535 0.845668
vt 0.826814 0.845631
vt 0.826463 0.836376
vt 0.827062 0.853895
vt 0.826962 0.862075
vt 0.826668 0.869804
vt 0.826334 0.876717
vt 0.826256 0.825220
vt 0.826213 0.814038
vt 0.826353 0.804707
vt 0.826410 0.796343
vt 0.826115 0.788067
vt 0.825637 0.780324
vt 0.825146 0.773566
vt 0.823953 0.768875
vt 0.800729 0.883431
vt 0.795036 0.927246
vt 0.265661 0.041929
vt 0.263567 0.036183
vt 0.258090 0.038836
vt 0.260958 0.043370
vt 0.256742 0.044460
vt 0.258385 0.032855
vt 0.252913 0.035687
vt 0.250279 0.041285
vt 0.248531 0.046876
vt 0.252783 0.048053
vt 0.244656 0.045547
vt 0.246631 0.051930
vt 0.242226 0.050525
vt 0.251551 0.052970
vt 0.246359 0.054160
vt 0.251368 0.055196
vt 0.241845 0.052732
vt 0.251037 0.063568
vt 0.245682 0.064953
vt 0.257330 0.055652
vt 0.257038 0.065595
vt 0.263142 0.063958
vt 0.263310 0.055602
vt 0.268379 0.054745
vt 0.268406 0.070360
vt 0.273346 0.068653
vt 0.272981 0.053782
vt 0.278048 0.066150
vt 0.281005 0.051475
vt 0.280629 0.049391
vt 0.272782 0.051640
vt 0.281763 0.064306
vt 0.283576 0.063578
vt 0.282955 0.050781
vt 0.283300 0.048373
vt 0.282479 0.048790
vt 0.283765 0.050299
vt 0.284550 0.049869
vt 0.284012 0.047801
vt 0.283127 0.045965
vt 0.282402 0.046601
vt 0.281496 0.046980
vt 0.277502 0.044715
vt 0.280364 0.043957
vt 0.279353 0.044297
vt 0.274433 0.035587
vt 0.276478 0.039442
vt 0.275399 0.039709
vt 0.271683 0.034153
vt 0.270567 0.034378
vt 0.269049 0.034584
vt 0.273168 0.040096
vt 0.270786 0.046589
vt 0.266813 0.047602
vt 0.268284 0.052721
vt 0.262471 0.048435
vt 0.263299 0.053399
vt 0.257415 0.053435
vt 0.257594 0.048948
vt 0.262772 0.031039
vt 0.260859 0.026470
vt 0.264521 0.029838
vt 0.265789 0.029467
vt 0.266914 0.029184
vt 0.262914 0.025407
vt 0.261929 0.025821
vt 0.260876 0.022858
vt 0.260426 0.023697
vt 0.263678 0.024699
vt 0.267801 0.028543
vt 0.259849 0.024283
vt 0.258683 0.023323
vt 0.258653 0.024017
vt 0.258436 0.024643
vt 0.259148 0.025000
vt 0.258721 0.022395
vt 0.256537 0.022683
vt 0.256916 0.023555
vt 0.257441 0.024185
vt 0.254296 0.025056
vt 0.255247 0.025538
vt 0.251102 0.028829
vt 0.249990 0.028488
vt 0.244810 0.033054
vt 0.245924 0.033321
vt 0.247461 0.033610
vt 0.252569 0.029428
vt 0.240631 0.038279
vt 0.236274 0.042596
vt 0.238090 0.043151
vt 0.242855 0.038815
vt 0.239567 0.037960
vt 0.235294 0.042187
vt 0.233899 0.045165
vt 0.233025 0.044720
vt 0.234585 0.047706
vt 0.231968 0.046501
vt 0.232759 0.046977
vt 0.255517 0.031755
vt 0.233997 0.049879
vt 0.232089 0.049135
vt 0.231331 0.048472
vt 0.230860 0.051593
vt 0.230587 0.047919
vt 0.229948 0.051805
vt 0.232520 0.062646
vt 0.229321 0.069247
vt 0.230200 0.069676
vt 0.228405 0.068776
vt 0.229467 0.075417
vt 0.232039 0.076038
vt 0.230313 0.075875
vt 0.229872 0.081679
vt 0.230661 0.081621
vt 0.228587 0.075178
vt 0.231445 0.081782
vt 0.233552 0.086836
vt 0.234255 0.086619
vt 0.235585 0.086182
vt 0.233380 0.082013
vt 0.239398 0.089640
vt 0.238780 0.090159
vt 0.246336 0.092044
vt 0.246765 0.091321
vt 0.240722 0.088557
vt 0.247422 0.090181
vt 0.249514 0.083343
vt 0.244126 0.083784
vt 0.240274 0.081788
vt 0.240616 0.067495
vt 0.236107 0.064547
vt 0.256488 0.081575
vt 0.263394 0.083735
vt 0.268795 0.084489
vt 0.272781 0.082598
vt 0.281510 0.077336
vt 0.279808 0.083324
vt 0.277337 0.087514
vt 0.272020 0.089618
vt 0.265190 0.090804
vt 0.256290 0.090746
vt 0.256244 0.092138
vt 0.256208 0.092941
vt 0.265769 0.091997
vt 0.266132 0.092752
vt 0.273272 0.090810
vt 0.278647 0.088073
vt 0.273842 0.091375
vt 0.279328 0.088353
vt 0.274308 0.092062
vt 0.279962 0.088804
vt 0.283363 0.083364
vt 0.282580 0.083230
vt 0.281783 0.083286
vt 0.283281 0.077401
vt 0.284166 0.077077
vt 0.283740 0.071370
vt 0.284656 0.071089
vt 0.285602 0.070770
vt 0.285059 0.076935
vt 0.285958 0.076884
vt 0.286564 0.070519
vt 0.286467 0.064259
vt 0.286175 0.057866
vt 0.285762 0.052481
vt 0.285301 0.049248
vt 0.284669 0.047153
vt 0.283745 0.045181
vt 0.281781 0.042410
vt 0.278034 0.037920
vt 0.273347 0.032696
vt 0.268569 0.027724
vt 0.264330 0.023844
vt 0.261263 0.021894
vt 0.258764 0.021351
vt 0.256230 0.021690
vt 0.253006 0.023388
vt 0.253590 0.024292
vt 0.249148 0.027793
vt 0.248440 0.026921
vt 0.243241 0.031502
vt 0.242246 0.033990
vt 0.238120 0.036346
vt 0.233996 0.040550
vt 0.231785 0.043212
vt 0.232378 0.044000
vt 0.230676 0.045195
vt 0.231293 0.045883
vt 0.229858 0.047362
vt 0.229179 0.050617
vt 0.228489 0.055863
vt 0.227883 0.062146
vt 0.227454 0.068511
vt 0.227691 0.075048
vt 0.229082 0.081846
vt 0.232246 0.087732
vt 0.238265 0.090812
vt 0.232889 0.087238
vt 0.237801 0.091531
vt 0.245762 0.093706
vt 0.256174 0.093812
vt 0.246020 0.092853
vt 0.256139 0.094717
vt 0.266578 0.094454
vt 0.266383 0.093584
vt 0.274721 0.092811
vt 0.280573 0.089339
vt 0.284140 0.083594
vt 0.498425 0.266277
vt 0.498886 0.270860
vt 0.521227 0.272188
vt 0.520600 0.261700
vt 0.520364 0.257836
vt 0.497881 0.258024
vt 0.498100 0.261157
vt 0.496841 0.253947
vt 0.497539 0.255935
vt 0.520035 0.255771
vt 0.519330 0.253796
vt 0.521625 0.253781
vt 0.520601 0.250637
vt 0.518062 0.249759
vt 0.522302 0.255754
vt 0.522645 0.257817
vt 0.522852 0.260929
vt 0.523122 0.266047
vt 0.522797 0.270643
vt 0.495817 0.250798
vt 0.519218 0.245060
vt 0.517863 0.238290
vt 0.514679 0.231656
vt 0.493205 0.238476
vt 0.492213 0.231778
vt 0.494506 0.245229
vt 0.491568 0.226197
vt 0.491310 0.222795
vt 0.514040 0.225982
vt 0.513811 0.222552
vt 0.513783 0.220209
vt 0.513745 0.217866
vt 0.491252 0.218172
vt 0.491263 0.220484
vt 0.516044 0.217835
vt 0.516204 0.214407
vt 0.513902 0.214441
vt 0.516045 0.220181
vt 0.516103 0.222527
vt 0.516351 0.225960
vt 0.516922 0.231569
vt 0.514387 0.208769
vt 0.491929 0.209212
vt 0.491425 0.214775
vt 0.516633 0.208817
vt 0.517401 0.202115
vt 0.517308 0.190707
vt 0.492751 0.202531
vt 0.493877 0.195785
vt 0.518411 0.064532
vt 0.496299 0.066405
vt 0.496529 0.071067
vt 0.518971 0.070738
vt 0.519485 0.077119
vt 0.497523 0.084190
vt 0.522243 0.083810
vt 0.497037 0.077454
vt 0.520269 0.090792
vt 0.497822 0.091143
vt 0.497774 0.098184
vt 0.497651 0.106378
vt 0.520136 0.106031
vt 0.520234 0.097832
vt 0.522423 0.105995
vt 0.522502 0.097796
vt 0.522519 0.090757
vt 0.521778 0.077084
vt 0.521215 0.070705
vt 0.520208 0.066059
vt 0.520212 0.116453
vt 0.522511 0.116419
vt 0.522733 0.126860
vt 0.520450 0.126893
vt 0.497724 0.116788
vt 0.497961 0.127215
vt 0.498328 0.135462
vt 0.498582 0.142583
vt 0.521024 0.142264
vt 0.520789 0.135145
vt 0.523053 0.135113
vt 0.523273 0.142232
vt 0.520936 0.149304
vt 0.522920 0.156016
vt 0.523196 0.149271
vt 0.520639 0.156050
vt 0.498480 0.149631
vt 0.498186 0.156387
vt 0.497864 0.162630
vt 0.497544 0.168698
vt 0.519787 0.172883
vt 0.520302 0.162288
vt 0.522185 0.168319
vt 0.522545 0.162254
vt 0.521953 0.174549
vt 0.521799 0.179776
vt 0.519494 0.179811
vt 0.497261 0.174925
vt 0.497049 0.180155
vt 0.496908 0.183230
vt 0.496626 0.185201
vt 0.519113 0.184815
vt 0.519391 0.182867
vt 0.521671 0.182830
vt 0.521386 0.184776
vt 0.518473 0.186716
vt 0.519822 0.189782
vt 0.520763 0.186675
vt 0.495982 0.187117
vt 0.495042 0.190228
vt 0.518583 0.195349
vt 0.302152 0.158783
vt 0.306525 0.162403
vt 0.306707 0.162080
vt 0.302362 0.158503
vt 0.297385 0.153857
vt 0.297167 0.154104
vt 0.302548 0.158231
vt 0.297767 0.153323
vt 0.295232 0.151240
vt 0.302728 0.157955
vt 0.306997 0.161538
vt 0.309710 0.163578
vt 0.309800 0.163275
vt 0.311876 0.163712
vt 0.311859 0.164307
vt 0.314038 0.163700
vt 0.313964 0.163394
vt 0.316832 0.161790
vt 0.317099 0.162342
vt 0.321416 0.158653
vt 0.321247 0.158370
vt 0.326401 0.153916
vt 0.328851 0.152090
vt 0.331487 0.149212
vt 0.335592 0.145190
vt 0.337939 0.143094
vt 0.337799 0.142783
vt 0.338861 0.141088
vt 0.339335 0.141439
vt 0.339812 0.139335
vt 0.339528 0.139203
vt 0.340029 0.136209
vt 0.340427 0.135554
vt 0.340596 0.131188
vt 0.341050 0.125130
vt 0.341543 0.119008
vt 0.341218 0.119028
vt 0.340691 0.112851
vt 0.341283 0.112745
vt 0.339341 0.106435
vt 0.339063 0.106567
vt 0.335852 0.101184
vt 0.336271 0.100781
vt 0.330715 0.097438
vt 0.330575 0.097710
vt 0.323018 0.095766
vt 0.312972 0.094646
vt 0.312966 0.094971
vt 0.323136 0.095177
vt 0.302874 0.095392
vt 0.295068 0.096819
vt 0.295199 0.097096
vt 0.302778 0.094798
vt 0.289761 0.100453
vt 0.286107 0.105696
vt 0.286380 0.105833
vt 0.289355 0.100038
vt 0.284602 0.112103
vt 0.283643 0.118104
vt 0.283969 0.118130
vt 0.284013 0.111987
vt 0.284055 0.124123
vt 0.284543 0.134814
vt 0.284437 0.130288
vt 0.284925 0.135441
vt 0.285047 0.138523
vt 0.285333 0.138397
vt 0.285903 0.140187
vt 0.286697 0.142112
vt 0.286878 0.141841
vt 0.285421 0.140527
vt 0.288971 0.144283
vt 0.292891 0.148438
vt 0.288578 0.144794
vt 0.292509 0.148968
vt 0.292283 0.149203
vt 0.288345 0.145011
vt 0.286175 0.142482
vt 0.286436 0.142292
vt 0.285085 0.140704
vt 0.284432 0.138643
vt 0.284753 0.138640
vt 0.284265 0.135293
vt 0.281636 0.139559
vt 0.280884 0.133336
vt 0.282410 0.141924
vt 0.284943 0.143261
vt 0.286135 0.146809
vt 0.283716 0.144042
vt 0.282070 0.142055
vt 0.285867 0.147007
vt 0.283434 0.144203
vt 0.283135 0.144332
vt 0.281472 0.142215
vt 0.282826 0.144445
vt 0.285290 0.147317
vt 0.285584 0.147169
vt 0.291366 0.153240
vt 0.289402 0.151720
vt 0.294449 0.156807
vt 0.294967 0.156399
vt 0.289953 0.151358
vt 0.290205 0.151145
vt 0.295202 0.156171
vt 0.300393 0.161020
vt 0.300182 0.161269
vt 0.304933 0.165194
vt 0.305122 0.164885
vt 0.299955 0.161503
vt 0.299719 0.161729
vt 0.304585 0.165682
vt 0.308524 0.167576
vt 0.311754 0.168558
vt 0.311768 0.167970
vt 0.308418 0.167866
vt 0.308626 0.167283
vt 0.308720 0.166984
vt 0.311777 0.167624
vt 0.314866 0.167143
vt 0.314947 0.167446
vt 0.315035 0.167743
vt 0.318741 0.165525
vt 0.319069 0.166027
vt 0.315127 0.168037
vt 0.323882 0.162020
vt 0.324109 0.162254
vt 0.329593 0.157516
vt 0.333152 0.153764
vt 0.334866 0.152611
vt 0.339176 0.148340
vt 0.338887 0.148182
vt 0.341463 0.145382
vt 0.341767 0.145506
vt 0.343225 0.143238
vt 0.342631 0.143059
vt 0.343807 0.140610
vt 0.344132 0.140667
vt 0.344764 0.137051
vt 0.344436 0.137020
vt 0.345077 0.131479
vt 0.345395 0.131647
vt 0.345868 0.125259
vt 0.345700 0.118733
vt 0.346026 0.118689
vt 0.345353 0.111766
vt 0.344765 0.111932
vt 0.343059 0.104472
vt 0.343334 0.104318
vt 0.339385 0.097760
vt 0.338965 0.098178
vt 0.332772 0.093782
vt 0.332918 0.093507
vt 0.324091 0.091122
vt 0.313052 0.090492
vt 0.323959 0.091711
vt 0.313059 0.090168
vt 0.313039 0.091142
vt 0.323881 0.092055
vt 0.313046 0.090816
vt 0.332476 0.094330
vt 0.332624 0.094056
vt 0.338722 0.098414
vt 0.342496 0.104773
vt 0.342783 0.104623
vt 0.344410 0.112019
vt 0.341634 0.112672
vt 0.336520 0.100541
vt 0.339898 0.106163
vt 0.345004 0.120102
vt 0.342195 0.119000
vt 0.339619 0.106302
vt 0.331006 0.096888
vt 0.330858 0.097165
vt 0.323210 0.094840
vt 0.293414 0.093659
vt 0.302151 0.091652
vt 0.302086 0.091306
vt 0.293275 0.093379
vt 0.293137 0.093100
vt 0.301976 0.090713
vt 0.293000 0.092821
vt 0.286331 0.096933
vt 0.282439 0.103647
vt 0.286737 0.097362
vt 0.282168 0.103487
vt 0.282993 0.103961
vt 0.286973 0.097606
vt 0.282711 0.103805
vt 0.289112 0.099791
vt 0.285557 0.105411
vt 0.294797 0.096263
vt 0.283663 0.111908
vt 0.280166 0.119009
vt 0.282992 0.118087
vt 0.283317 0.118057
vt 0.285833 0.105556
vt 0.294935 0.096541
vt 0.302716 0.094459
vt 0.312984 0.093997
vt 0.312978 0.094321
vt 0.283077 0.124176
vt 0.280899 0.111204
vt 0.280546 0.111110
vt 0.279815 0.117810
vt 0.280122 0.127938
vt 0.279491 0.117765
vt 0.279963 0.110931
vt 0.279167 0.117715
vt 0.279236 0.124176
vt 0.280360 0.134703
vt 0.279629 0.130652
vt 0.280171 0.136165
vt 0.280827 0.136115
vt 0.281334 0.139633
vt 0.281012 0.139691
vt 0.280686 0.139738
vt 0.341870 0.118965
vt 0.341036 0.135912
vt 0.342028 0.125197
vt 0.340699 0.136014
vt 0.340408 0.139567
vt 0.340103 0.139459
vt 0.338484 0.143443
vt 0.339667 0.141625
vt 0.338229 0.143246
vt 0.335968 0.145713
vt 0.332069 0.149997
vt 0.336194 0.145937
vt 0.331851 0.149754
vt 0.326764 0.154463
vt 0.321791 0.159218
vt 0.326973 0.154718
vt 0.321591 0.158931
vt 0.314189 0.164315
vt 0.317269 0.162678
vt 0.314113 0.164006
vt 0.309529 0.164186
vt 0.311850 0.164654
vt 0.309620 0.163881
vt 0.318565 0.165210
vt 0.323462 0.161520
vt 0.323663 0.161778
vt 0.329090 0.157089
vt 0.328863 0.156852
vt 0.334084 0.152007
vt 0.334328 0.152229
vt 0.338609 0.148010
vt 0.340891 0.145073
vt 0.338348 0.147804
vt 0.341168 0.145243
vt 0.343187 0.140460
vt 0.342292 0.142915
vt 0.343487 0.140544
vt 0.344110 0.136984
vt 0.344034 0.134817
vt 0.344872 0.129803
vt 0.345375 0.118772
vt 0.339690 0.144258
vt 0.943795 0.453223
vt 0.947775 0.454229
vt 0.948936 0.448544
vt 0.946306 0.459335
vt 0.941450 0.446752
vt 0.941803 0.458260
vt 0.933970 0.456037
vt 0.937096 0.451386
vt 0.933199 0.453692
vt 0.935332 0.451027
vt 0.932387 0.453366
vt 0.931517 0.455093
vt 0.932235 0.455471
vt 0.934408 0.450749
vt 0.931760 0.452780
vt 0.930908 0.454563
vt 0.930353 0.453959
vt 0.931236 0.452051
vt 0.933169 0.449326
vt 0.940401 0.442477
vt 0.936909 0.444855
vt 0.941586 0.439640
vt 0.947030 0.435412
vt 0.946329 0.434679
vt 0.950504 0.430815
vt 0.953830 0.429750
vt 0.953474 0.428888
vt 0.951105 0.431576
vt 0.955858 0.428360
vt 0.955896 0.429297
vt 0.957992 0.429580
vt 0.958277 0.428692
vt 0.955931 0.430119
vt 0.954250 0.430487
vt 0.954796 0.430976
vt 0.957635 0.430349
vt 0.957133 0.430879
vt 0.955957 0.430714
vt 0.955984 0.431311
vt 0.960360 0.431971
vt 0.958314 0.432858
vt 0.959298 0.432230
vt 0.960864 0.431179
vt 0.965259 0.434671
vt 0.963428 0.435524
vt 0.969646 0.439842
vt 0.962030 0.436033
vt 0.968606 0.440024
vt 0.967140 0.440238
vt 0.971752 0.445456
vt 0.973909 0.444990
vt 0.976544 0.449798
vt 0.978276 0.449307
vt 0.974896 0.444749
vt 0.979174 0.448967
vt 0.981426 0.451469
vt 0.981981 0.450809
vt 0.980643 0.451856
vt 0.972181 0.440899
vt 0.980053 0.454322
vt 0.981764 0.453636
vt 0.982455 0.453206
vt 0.982407 0.455707
vt 0.983062 0.455130
vt 0.983506 0.458179
vt 0.980619 0.456466
vt 0.981590 0.469486
vt 0.983737 0.468756
vt 0.984579 0.469433
vt 0.984269 0.476221
vt 0.985020 0.475695
vt 0.982532 0.482641
vt 0.984165 0.482427
vt 0.984896 0.481948
vt 0.985825 0.475341
vt 0.984308 0.458493
vt 0.986228 0.468750
vt 0.985660 0.481688
vt 0.986658 0.475073
vt 0.986442 0.481538
vt 0.984420 0.488099
vt 0.985104 0.488217
vt 0.982026 0.493973
vt 0.976188 0.497044
vt 0.976592 0.497666
vt 0.981472 0.493556
vt 0.980897 0.493230
vt 0.983737 0.488088
vt 0.983055 0.488294
vt 0.975731 0.496489
vt 0.975169 0.496066
vt 0.980277 0.493086
vt 0.973885 0.495059
vt 0.967209 0.496684
vt 0.967839 0.497718
vt 0.979012 0.492705
vt 0.968240 0.498328
vt 0.968528 0.499027
vt 0.958456 0.499970
vt 0.958425 0.499215
vt 0.958394 0.498529
vt 0.958350 0.497265
vt 0.948559 0.499046
vt 0.948903 0.498405
vt 0.949457 0.497321
vt 0.958147 0.488180
vt 0.951243 0.490296
vt 0.965130 0.489926
vt 0.970517 0.490349
vt 0.981081 0.488598
vt 0.974352 0.488422
vt 0.974016 0.474007
vt 0.972799 0.459309
vt 0.968956 0.471511
vt 0.963589 0.470017
vt 0.963263 0.461775
vt 0.957289 0.462233
vt 0.968283 0.460737
vt 0.957587 0.472177
vt 0.963083 0.459571
vt 0.968015 0.458528
vt 0.972425 0.457124
vt 0.957203 0.460042
vt 0.969994 0.452163
vt 0.966112 0.453490
vt 0.961849 0.454671
vt 0.957870 0.451077
vt 0.957023 0.455571
vt 0.964349 0.447890
vt 0.961715 0.442271
vt 0.956522 0.445433
vt 0.955609 0.439835
vt 0.951028 0.442776
vt 0.958090 0.437546
vt 0.953763 0.433070
vt 0.950289 0.436579
vt 0.945567 0.441222
vt 0.948903 0.436162
vt 0.952746 0.432510
vt 0.951680 0.432319
vt 0.944131 0.441085
vt 0.943094 0.440941
vt 0.939291 0.446432
vt 0.938295 0.446238
vt 0.953647 0.449982
vt 0.952131 0.455060
vt 0.951303 0.460008
vt 0.946216 0.461460
vt 0.951297 0.462189
vt 0.951473 0.470480
vt 0.946205 0.473974
vt 0.941611 0.460381
vt 0.933612 0.458090
vt 0.933399 0.471180
vt 0.931199 0.470070
vt 0.931778 0.457425
vt 0.931081 0.456951
vt 0.930407 0.456545
vt 0.929763 0.455981
vt 0.929337 0.459151
vt 0.928948 0.464504
vt 0.928669 0.470873
vt 0.928576 0.477092
vt 0.929420 0.477350
vt 0.930731 0.483632
vt 0.930247 0.477676
vt 0.929951 0.483464
vt 0.929166 0.483386
vt 0.931608 0.489802
vt 0.930935 0.489978
vt 0.934416 0.495592
vt 0.934942 0.495139
vt 0.940503 0.498308
vt 0.940145 0.498955
vt 0.948156 0.500524
vt 0.948329 0.499765
vt 0.958488 0.500759
vt 0.968759 0.499770
vt 0.935493 0.494769
vt 0.940916 0.497721
vt 0.941435 0.497254
vt 0.932288 0.489720
vt 0.932985 0.489827
vt 0.936095 0.494565
vt 0.934988 0.489927
vt 0.933183 0.483946
vt 0.931502 0.483981
vt 0.937344 0.494064
vt 0.945844 0.491047
vt 0.942651 0.496141
vt 0.941859 0.489209
vt 0.941272 0.475199
vt 0.931044 0.477971
vt 0.985629 0.462497
vt 0.984960 0.457287
vt 0.983698 0.454613
vt 0.984319 0.454095
vt 0.983546 0.452000
vt 0.982481 0.450079
vt 0.983030 0.452638
vt 0.980302 0.447464
vt 0.976185 0.443286
vt 0.971072 0.438457
vt 0.965906 0.433890
vt 0.961402 0.430372
vt 0.889615 0.845904
vt 0.889788 0.849217
vt 0.912481 0.849559
vt 0.914703 0.846248
vt 0.890293 0.854733
vt 0.912979 0.855188
vt 0.914864 0.849595
vt 0.915290 0.855138
vt 0.916056 0.861818
vt 0.915888 0.873217
vt 0.917235 0.868576
vt 0.918472 0.874129
vt 0.917053 0.877149
vt 0.919412 0.877193
vt 0.920036 0.879034
vt 0.917687 0.878993
vt 0.920321 0.880921
vt 0.918370 0.890853
vt 0.920604 0.889140
vt 0.920452 0.883931
vt 0.918065 0.883893
vt 0.920833 0.895361
vt 0.918886 0.901370
vt 0.921193 0.901406
vt 0.921563 0.907593
vt 0.918800 0.946659
vt 0.921160 0.946695
vt 0.921382 0.936323
vt 0.919024 0.936289
vt 0.921699 0.928171
vt 0.921069 0.957049
vt 0.918710 0.957012
vt 0.921144 0.965148
vt 0.896008 0.956655
vt 0.896131 0.964748
vt 0.921159 0.972073
vt 0.896179 0.971675
vt 0.920884 0.978905
vt 0.895392 0.985157
vt 0.920416 0.985538
vt 0.894883 0.991495
vt 0.917540 0.991834
vt 0.895879 0.978514
vt 0.896689 0.927812
vt 0.896322 0.935958
vt 0.921917 0.921168
vt 0.896943 0.920807
vt 0.896841 0.913875
vt 0.896546 0.907213
vt 0.921840 0.914245
vt 0.896225 0.901018
vt 0.895906 0.894972
vt 0.895624 0.888755
vt 0.892240 0.868124
vt 0.893404 0.873665
vt 0.894344 0.876734
vt 0.891114 0.861388
vt 0.919801 0.792498
vt 0.897243 0.793825
vt 0.896782 0.798403
vt 0.919172 0.802975
vt 0.896239 0.806592
vt 0.921289 0.806798
vt 0.896457 0.803503
vt 0.921499 0.803733
vt 0.921767 0.798634
vt 0.921423 0.794042
vt 0.917909 0.810703
vt 0.920271 0.810718
vt 0.920948 0.808803
vt 0.918601 0.808786
vt 0.919248 0.813818
vt 0.916646 0.814673
vt 0.917867 0.819380
vt 0.916514 0.826140
vt 0.913263 0.832734
vt 0.915576 0.832838
vt 0.915007 0.838400
vt 0.912615 0.838377
vt 0.914761 0.841752
vt 0.889670 0.841480
vt 0.889928 0.838161
vt 0.890572 0.832629
vt 0.891564 0.825956
vt 0.895200 0.810559
vt 0.894176 0.813665
vt 0.895897 0.808625
vt 0.892865 0.819216
vt 0.889624 0.843692
vt 0.914704 0.844000
vt 0.894988 0.878595
vt 0.895271 0.880510
vt 0.895412 0.883543
vt 0.896083 0.946315
vt 0.894652 0.996138
vt 0.916980 0.998014
vt 0.918830 0.996494
vt 0.919857 0.991868
vt 0.652358 0.190299
vt 0.648982 0.184876
vt 0.641253 0.187055
vt 0.631062 0.188174
vt 0.631363 0.194394
vt 0.648825 0.184609
vt 0.641170 0.186728
vt 0.654301 0.181160
vt 0.654039 0.180930
vt 0.648673 0.184344
vt 0.641036 0.186146
vt 0.653606 0.180550
vt 0.648525 0.184078
vt 0.656681 0.175221
vt 0.658122 0.168854
vt 0.657528 0.168789
vt 0.656399 0.175108
vt 0.656964 0.175337
vt 0.657939 0.162633
vt 0.657100 0.156571
vt 0.657613 0.162631
vt 0.658266 0.162652
vt 0.656172 0.146204
vt 0.655761 0.145558
vt 0.656434 0.150547
vt 0.656431 0.145725
vt 0.655507 0.142469
vt 0.655032 0.140415
vt 0.654567 0.140776
vt 0.655228 0.142608
vt 0.655795 0.142340
vt 0.653646 0.138833
vt 0.651296 0.136825
vt 0.653511 0.139145
vt 0.653929 0.138674
vt 0.651659 0.136296
vt 0.644513 0.130112
vt 0.642056 0.128330
vt 0.647156 0.132926
vt 0.647508 0.132379
vt 0.642410 0.127780
vt 0.637130 0.123633
vt 0.632917 0.119960
vt 0.632655 0.120512
vt 0.636964 0.123917
vt 0.637303 0.123354
vt 0.629973 0.118635
vt 0.630043 0.118329
vt 0.627917 0.118076
vt 0.627949 0.118666
vt 0.629903 0.118940
vt 0.630114 0.118022
vt 0.627899 0.117730
vt 0.633087 0.119619
vt 0.651883 0.136069
vt 0.647720 0.132136
vt 0.642615 0.127523
vt 0.654171 0.138484
vt 0.655356 0.140233
vt 0.653416 0.134717
vt 0.657219 0.139336
vt 0.656104 0.142229
vt 0.658029 0.156458
vt 0.656734 0.145802
vt 0.658587 0.162599
vt 0.658482 0.168905
vt 0.657254 0.175461
vt 0.663060 0.178122
vt 0.664831 0.162638
vt 0.663583 0.149603
vt 0.664287 0.155987
vt 0.662829 0.144156
vt 0.664620 0.169901
vt 0.659267 0.185516
vt 0.642875 0.193062
vt 0.619752 0.194171
vt 0.620794 0.188042
vt 0.609975 0.192267
vt 0.612841 0.186567
vt 0.631046 0.187852
vt 0.620846 0.187707
vt 0.631031 0.187529
vt 0.620924 0.187114
vt 0.631015 0.187205
vt 0.613099 0.186008
vt 0.613223 0.185730
vt 0.607796 0.182622
vt 0.604260 0.177490
vt 0.607398 0.183037
vt 0.604531 0.177355
vt 0.603710 0.177773
vt 0.607157 0.183288
vt 0.603988 0.177628
vt 0.612973 0.186286
vt 0.602311 0.171238
vt 0.601393 0.165177
vt 0.601955 0.171314
vt 0.601717 0.165209
vt 0.602042 0.165165
vt 0.602898 0.171128
vt 0.602367 0.165140
vt 0.602468 0.159176
vt 0.602691 0.148489
vt 0.602730 0.153020
vt 0.603050 0.147872
vt 0.603038 0.144818
vt 0.603327 0.144934
vt 0.602399 0.148017
vt 0.602424 0.144628
vt 0.602076 0.148466
vt 0.602741 0.144712
vt 0.603296 0.142842
vt 0.603953 0.140920
vt 0.602956 0.142689
vt 0.604206 0.141084
vt 0.604472 0.141255
vt 0.606208 0.138544
vt 0.603789 0.143163
vt 0.604663 0.141517
vt 0.606619 0.139037
vt 0.612494 0.131888
vt 0.610323 0.134766
vt 0.614912 0.129695
vt 0.619323 0.124548
vt 0.619517 0.124814
vt 0.614505 0.129182
vt 0.618906 0.124028
vt 0.614274 0.128945
vt 0.619124 0.124287
vt 0.609686 0.134034
vt 0.609920 0.134255
vt 0.623136 0.120482
vt 0.625725 0.118264
vt 0.622932 0.120161
vt 0.625828 0.118562
vt 0.625929 0.118860
vt 0.623452 0.121007
vt 0.626031 0.119156
vt 0.605964 0.138339
vt 0.601532 0.159127
vt 0.598140 0.180889
vt 0.595165 0.165657
vt 0.595531 0.152621
vt 0.596232 0.143252
vt 0.601015 0.141963
vt 0.600445 0.138988
vt 0.604312 0.137135
vt 0.604924 0.130014
vt 0.614764 0.119344
vt 0.623701 0.112279
vt 0.627563 0.111295
vt 0.619557 0.114926
vt 0.631510 0.111865
vt 0.635915 0.114073
vt 0.641149 0.118004
vt 0.646705 0.122820
vt 0.652081 0.127681
vt 0.656551 0.131941
vt 0.657475 0.136243
vt 0.659413 0.134927
vt 0.661122 0.137451
vt 0.662134 0.140316
vt 0.637494 0.123075
vt 0.609747 0.124664
vt 0.600935 0.134662
vt 0.598389 0.137854
vt 0.596939 0.140436
vt 0.595889 0.147060
vt 0.595257 0.159099
vt 0.595909 0.172764
vt 0.602586 0.188050
s 1
usemtl 1011
f 2/1/1 4/2/2 1/3/3
f 1/3/3 3/4/4 2/1/1
f 5/5/5 3/4/4 1/3/3
f 1/3/3 6/6/6 5/5/5
f 5/5/5 6/6/6 7/7/7
f 7/7/7 8/8/8 5/5/5
f 9/9/9 8/8/8 7/7/7
f 7/7/7 10/10/10 9/9/9
f 9/9/9 10/10/10 11/11/11
f 11/11/11 12/12/12 9/9/9
f 13/13/13 12/12/12 11/11/11
f 11/11/11 14/14/14 13/13/13
f 13/13/13 14/14/14 15/15/15
f 15/15/15 16/16/16 13/13/13
f 17/17/17 16/16/16 15/15/15
f 15/15/15 18/18/18 17/17/17
f 17/17/17 18/18/18 19/19/19
f 19/19/19 20/20/19 17/17/17
f 39/21/20 41/22/21 40/23/22
f 40/23/22 43/24/23 39/21/20
f 39/21/20 43/24/23 42/25/24
f 42/25/24 38/26/25 39/21/20
f 46/27/26 48/28/27 47/29/28
f 47/29/28 50/30/29 46/27/26
f 46/27/26 50/30/29 49/31/30
f 49/31/30 45/32/31 46/27/26
f 53/33/32 55/34/33 54/35/34
f 54/35/34 52/36/35 53/33/32
f 56/37/19 55/34/33 53/33/32
f 53/33/32 57/38/19 56/37/19
f 51/39/36 52/36/35 54/35/34
f 54/35/34 58/40/37 51/39/36
f 51/39/36 58/40/37 47/29/28
f 47/29/28 48/28/27 51/39/36
f 44/41/38 45/32/31 49/31/30
f 49/31/30 59/42/38 44/41/38
f 44/41/38 59/42/38 40/23/22
f 40/23/22 41/22/21 44/41/38
f 37/43/39 38/26/25 42/25/24
f 42/25/24 60/44/40 37/43/39
f 37/43/39 60/44/40 61/45/41
f 61/45/41 36/46/42 37/43/39
f 35/47/43 36/46/42 61/45/41
f 61/45/41 62/48/44 35/47/43
f 35/47/43 62/48/44 63/49/45
f 33/50/46 34/51/47 63/49/45
f 63/49/45 64/52/48 33/50/46
f 63/49/45 34/51/47 35/47/43
f 33/50/46 64/52/48 65/53/49
f 65/53/49 32/54/50 33/50/46
f 32/54/50 65/53/49 66/55/51
f 30/56/52 31/57/53 66/55/51
f 66/55/51 67/58/54 30/56/52
f 66/55/51 31/57/53 32/54/50
f 30/56/52 67/58/54 68/59/55
f 28/60/56 29/61/57 68/59/55
f 68/59/55 69/62/58 28/60/56
f 68/59/55 29/61/57 30/56/52
f 28/60/56 69/62/58 70/63/59
f 70/63/59 71/64/60 26/65/61
f 70/63/59 27/66/62 28/60/56
f 26/65/61 27/66/62 70/63/59
f 26/65/61 71/64/60 72/67/63
f 24/68/64 25/69/63 72/67/63
f 72/67/63 73/70/65 24/68/64
f 72/67/63 25/69/63 26/65/61
f 24/68/64 73/70/65 74/71/66
f 74/71/66 75/72/67 22/73/68
f 74/71/66 23/74/69 24/68/64
f 22/73/68 23/74/69 74/71/66
f 22/73/68 75/72/67 76/75/70
f 2/1/1 21/76/71 76/75/70
f 76/75/70 4/2/2 2/1/1
f 76/75/70 21/76/71 22/73/68
usemtl 1001
f 77/77/72 79/78/73 78/79/74
f 251/80/75 79/78/73 77/77/72
f 77/77/72 78/79/74 80/81/76
f 77/77/72 82/82/77 251/80/75
f 84/83/78 82/82/77 77/77/72
f 80/81/76 81/84/79 77/77/72
f 77/77/72 81/84/79 84/83/78
f 85/85/80 83/86/81 84/83/78
f 84/83/78 81/84/79 85/85/80
f 80/81/76 86/87/82 85/85/80
f 85/85/80 81/84/79 80/81/76
f 85/85/80 86/87/82 87/88/83
f 89/89/84 83/86/81 85/85/80
f 87/88/83 88/90/85 85/85/80
f 85/85/80 88/90/85 89/89/84
f 89/89/84 88/90/85 90/91/86
f 90/91/86 92/92/87 89/89/84
f 89/89/84 91/93/88 83/86/81
f 93/94/89 91/93/88 89/89/84
f 89/89/84 92/92/87 93/94/89
f 94/95/90 96/96/91 93/94/89
f 93/94/89 95/97/92 94/95/90
f 113/98/93 95/97/92 93/94/89
f 93/94/89 96/96/91 97/99/94
f 93/94/89 92/92/87 113/98/93
f 97/99/94 91/93/88 93/94/89
f 97/99/94 99/100/95 83/86/81
f 97/99/94 96/96/91 98/101/96
f 83/86/81 91/93/88 97/99/94
f 242/102/97 100/103/98 99/100/95
f 99/100/95 102/104/99 242/102/97
f 97/99/94 102/104/99 99/100/95
f 97/99/94 98/101/96 101/105/100
f 101/105/100 103/106/101 97/99/94
f 97/99/94 103/106/101 102/104/99
f 101/105/100 98/101/96 106/107/102
f 106/107/102 105/108/103 101/105/100
f 106/107/102 107/109/104 104/110/105
f 104/110/105 105/108/103 106/107/102
f 108/111/106 107/109/104 106/107/102
f 108/111/106 106/107/102 94/95/90
f 94/95/90 109/112/107 108/111/106
f 110/113/108 109/112/107 94/95/90
f 94/95/90 95/97/92 110/113/108
f 113/98/93 111/114/109 110/113/108
f 110/113/108 95/97/92 113/98/93
f 112/115/110 111/114/109 113/98/93
f 112/115/110 113/98/93 116/116/111
f 116/116/111 114/117/112 112/115/110
f 116/116/111 118/118/113 115/119/114
f 117/120/115 114/117/112 116/116/111
f 90/91/86 118/118/113 116/116/111
f 116/116/111 113/98/93 90/91/86
f 87/88/83 118/118/113 90/91/86
f 115/119/114 118/118/113 87/88/83
f 119/121/116 120/122/117 117/120/115
f 117/120/115 116/116/111 119/121/116
f 121/123/118 120/122/117 119/121/116
f 119/121/116 122/124/119 121/123/118
f 121/123/118 122/124/119 124/125/120
f 124/125/120 123/126/121 121/123/118
f 124/125/120 127/127/122 125/128/123
f 125/128/123 126/129/124 124/125/120
f 124/125/120 126/129/124 129/130/125
f 128/131/126 127/127/122 124/125/120
f 124/125/120 122/124/119 128/131/126
f 129/130/125 123/126/121 124/125/120
f 130/132/127 131/133/128 129/130/125
f 129/130/125 126/129/124 130/132/127
f 132/134/129 131/133/128 130/132/127
f 133/135/130 134/136/131 132/134/129
f 132/134/129 135/137/132 133/135/130
f 130/132/127 135/137/132 132/134/129
f 133/135/130 135/137/132 136/138/133
f 136/138/133 135/137/132 130/132/127
f 130/132/127 137/139/134 136/138/133
f 136/138/133 137/139/134 139/140/135
f 136/138/133 138/141/136 133/135/130
f 141/142/137 138/141/136 136/138/133
f 139/140/135 140/143/138 136/138/133
f 136/138/133 140/143/138 141/142/137
f 141/142/137 140/143/138 142/144/139
f 142/144/139 144/145/140 141/142/137
f 141/142/137 143/146/141 145/147/142
f 146/148/143 143/146/141 141/142/137
f 141/142/137 144/145/140 146/148/143
f 145/147/142 138/141/136 141/142/137
f 147/149/144 148/150/145 146/148/143
f 146/148/143 144/145/140 147/149/144
f 146/148/143 148/150/145 149/151/146
f 149/151/146 150/152/147 146/148/143
f 146/148/143 150/152/147 151/153/148
f 151/153/148 143/146/141 146/148/143
f 145/147/142 143/146/141 151/153/148
f 151/153/148 153/154/149 145/147/142
f 151/153/148 152/155/150 154/156/151
f 155/157/152 152/155/150 151/153/148
f 154/156/151 153/154/149 151/153/148
f 151/153/148 150/152/147 155/157/152
f 156/158/153 158/159/154 155/157/152
f 155/157/152 157/160/155 156/158/153
f 149/151/146 157/160/155 155/157/152
f 155/157/152 158/159/154 159/161/156
f 155/157/152 150/152/147 149/151/146
f 159/161/156 152/155/150 155/157/152
f 159/161/156 161/162/157 160/163/158
f 160/163/158 162/164/159 159/161/156
f 158/159/154 161/162/157 159/161/156
f 154/156/151 152/155/150 159/161/156
f 159/161/156 162/164/159 154/156/151
f 163/165/160 162/164/159 160/163/158
f 154/156/151 162/164/159 163/165/160
f 160/163/158 164/166/161 163/165/160
f 163/165/160 164/166/161 168/167/162
f 163/165/160 165/168/163 154/156/151
f 166/169/164 165/168/163 163/165/160
f 163/165/160 167/170/165 166/169/164
f 168/167/162 167/170/165 163/165/160
f 169/171/166 170/172/167 168/167/162
f 168/167/162 164/166/161 169/171/166
f 171/173/168 170/172/167 169/171/166
f 169/171/166 172/174/169 171/173/168
f 172/174/169 173/175/170 171/173/168
f 174/176/171 173/175/170 172/174/169
f 172/174/169 176/177/172 174/176/171
f 176/177/172 175/178/173 174/176/171
f 177/179/174 176/177/172 172/174/169
f 172/174/169 301/180/175 177/179/174
f 177/179/174 301/180/175 302/181/176
f 302/181/176 178/182/177 177/179/174
f 179/183/178 182/184/179 178/182/177
f 178/182/177 180/185/180 181/186/181
f 182/184/179 180/185/180 178/182/177
f 181/186/181 177/179/174 178/182/177
f 183/187/182 184/188/183 182/184/179
f 267/189/184 183/187/182 182/184/179
f 182/184/179 184/188/183 185/190/185
f 185/190/185 180/185/180 182/184/179
f 185/190/185 184/188/183 186/191/186
f 186/191/186 188/192/187 185/190/185
f 181/186/181 180/185/180 185/190/185
f 189/193/188 187/194/189 185/190/185
f 185/190/185 187/194/189 181/186/181
f 185/190/185 188/192/187 189/193/188
f 190/195/190 187/194/189 189/193/188
f 189/193/188 191/196/191 190/195/190
f 192/197/192 191/196/191 189/193/188
f 189/193/188 193/198/193 192/197/192
f 194/199/194 193/198/193 189/193/188
f 189/193/188 188/192/187 194/199/194
f 194/199/194 195/200/195 197/201/196
f 198/202/197 195/200/195 194/199/194
f 186/191/186 196/203/198 194/199/194
f 194/199/194 196/203/198 198/202/197
f 194/199/194 188/192/187 186/191/186
f 197/201/196 193/198/193 194/199/194
f 199/204/199 200/205/200 198/202/197
f 198/202/197 196/203/198 199/204/199
f 198/202/197 200/205/200 201/206/201
f 201/206/201 202/207/202 198/202/197
f 198/202/197 202/207/202 203/208/203
f 203/208/203 195/200/195 198/202/197
f 197/201/196 195/200/195 203/208/203
f 205/209/204 204/210/205 203/208/203
f 203/208/203 204/210/205 197/201/196
f 203/208/203 207/211/206 205/209/204
f 203/208/203 202/207/202 206/212/207
f 206/212/207 207/211/206 203/208/203
f 205/209/204 207/211/206 208/213/208
f 208/213/208 207/211/206 206/212/207
f 212/214/209 209/215/210 208/213/208
f 208/213/208 209/215/210 205/209/204
f 208/213/208 210/216/211 212/214/209
f 213/217/212 210/216/211 208/213/208
f 206/212/207 211/218/213 208/213/208
f 208/213/208 211/218/213 213/217/212
f 214/219/214 215/220/215 213/217/212
f 213/217/212 211/218/213 214/219/214
f 215/220/215 216/221/216 213/217/212
f 213/217/212 216/221/216 217/222/217
f 217/222/217 210/216/211 213/217/212
f 219/223/218 218/224/219 217/222/217
f 217/222/217 218/224/219 212/214/209
f 212/214/209 210/216/211 217/222/217
f 217/222/217 216/221/216 220/225/220
f 217/222/217 221/226/221 219/223/218
f 220/225/220 221/226/221 217/222/217
f 219/223/218 221/226/221 103/106/101
f 103/106/101 221/226/221 220/225/220
f 103/106/101 220/225/220 102/104/99
f 103/106/101 101/105/100 219/223/218
f 219/223/218 101/105/100 105/108/103
f 105/108/103 222/227/222 219/223/218
f 223/228/223 222/227/222 105/108/103
f 105/108/103 224/229/224 223/228/223
f 104/110/105 224/229/224 105/108/103
f 225/230/225 222/227/222 223/228/223
f 223/228/223 226/231/226 225/230/225
f 225/230/225 226/231/226 227/232/227
f 227/232/227 228/233/228 230/234/229
f 227/232/227 229/235/230 225/230/225
f 230/234/229 229/235/230 227/232/227
f 230/234/229 209/215/210 212/214/209
f 212/214/209 229/235/230 230/234/229
f 205/209/204 209/215/210 230/234/229
f 230/234/229 231/236/231 205/209/204
f 232/237/232 231/236/231 230/234/229
f 230/234/229 228/233/228 232/237/232
f 233/238/233 231/236/231 232/237/232
f 232/237/232 234/239/234 233/238/233
f 233/238/233 234/239/234 235/240/235
f 235/240/235 236/241/236 233/238/233
f 192/197/192 236/241/236 235/240/235
f 235/240/235 237/242/237 192/197/192
f 192/197/192 237/242/237 238/243/238
f 238/243/238 191/196/191 192/197/192
f 190/195/190 191/196/191 238/243/238
f 238/243/238 239/244/239 190/195/190
f 190/195/190 239/244/239 240/245/240
f 240/245/240 241/246/241 190/195/190
f 176/177/172 241/246/241 240/245/240
f 240/245/240 175/178/173 176/177/172
f 190/195/190 241/246/241 181/186/181
f 181/186/181 241/246/241 176/177/172
f 233/238/233 236/241/236 197/201/196
f 197/201/196 236/241/236 192/197/192
f 197/201/196 204/210/205 233/238/233
f 233/238/233 204/210/205 205/209/204
f 205/209/204 231/236/231 233/238/233
f 225/230/225 229/235/230 212/214/209
f 225/230/225 218/224/219 219/223/218
f 219/223/218 222/227/222 225/230/225
f 212/214/209 218/224/219 225/230/225
f 102/104/99 220/225/220 242/102/97
f 266/247/242 243/248/243 242/102/97
f 242/102/97 215/220/215 266/247/242
f 220/225/220 215/220/215 242/102/97
f 248/249/244 243/248/243 266/247/242
f 266/247/242 244/250/245 248/249/244
f 248/249/244 246/251/246 245/252/247
f 248/249/244 244/250/245 246/251/246
f 248/249/244 247/253/248 243/248/243
f 247/253/248 248/249/244 249/254/249
f 249/254/249 248/249/244 245/252/247
f 249/254/249 252/255/250 250/256/251
f 250/256/251 251/80/75 249/254/249
f 82/82/77 247/253/248 249/254/249
f 249/254/249 251/80/75 82/82/77
f 245/252/247 252/255/250 249/254/249
f 250/256/251 252/255/250 253/257/252
f 253/257/252 252/255/250 245/252/247
f 253/257/252 254/258/253 250/256/251
f 274/259/254 254/258/253 253/257/252
f 257/260/255 255/261/256 253/257/252
f 253/257/252 255/261/256 274/259/254
f 257/260/255 253/257/252 256/262/257
f 256/262/257 253/257/252 245/252/247
f 260/263/258 258/264/259 259/265/260
f 257/260/255 263/266/261 259/265/260
f 261/267/262 260/263/258 259/265/260
f 259/265/260 262/268/263 261/267/262
f 263/266/261 262/268/263 259/265/260
f 264/269/264 263/266/261 257/260/255
f 257/260/255 256/262/257 264/269/264
f 264/269/264 256/262/257 245/252/247
f 245/252/247 246/251/246 264/269/264
f 261/267/262 262/268/263 199/204/199
f 199/204/199 262/268/263 263/266/261
f 199/204/199 183/187/182 261/267/262
f 186/191/186 183/187/182 199/204/199
f 246/251/246 244/250/245 214/219/214
f 201/206/201 264/269/264 246/251/246
f 214/219/214 265/270/265 246/251/246
f 246/251/246 265/270/265 201/206/201
f 201/206/201 265/270/265 206/212/207
f 206/212/207 265/270/265 214/219/214
f 214/219/214 244/250/245 266/247/242
f 266/247/242 215/220/215 214/219/214
f 263/266/261 264/269/264 201/206/201
f 263/266/261 200/205/200 199/204/199
f 201/206/201 200/205/200 263/266/261
f 261/267/262 183/187/182 267/189/184
f 267/189/184 260/263/258 261/267/262
f 267/189/184 258/264/259 260/263/258
f 267/189/184 268/271/266 258/264/259
f 269/272/267 268/271/266 267/189/184
f 179/183/178 269/272/267 267/189/184
f 302/181/176 269/272/267 179/183/178
f 270/273/268 258/264/259 268/271/266
f 268/271/266 269/272/267 158/159/154
f 158/159/154 156/158/153 268/271/266
f 268/271/266 156/158/153 270/273/268
f 271/274/269 258/264/259 270/273/268
f 270/273/268 272/275/270 271/274/269
f 276/276/271 273/277/272 272/275/270
f 272/275/270 273/277/272 275/278/273
f 275/278/273 274/259/254 272/275/270
f 272/275/270 270/273/268 276/276/271
f 156/158/153 157/160/155 276/276/271
f 276/276/271 270/273/268 156/158/153
f 277/279/274 273/277/272 276/276/271
f 149/151/146 277/279/274 276/276/271
f 276/276/271 157/160/155 149/151/146
f 278/280/275 277/279/274 149/151/146
f 278/280/275 148/150/145 147/149/144
f 149/151/146 148/150/145 278/280/275
f 278/280/275 147/149/144 279/281/276
f 280/282/277 278/280/275 279/281/276
f 277/279/274 278/280/275 280/282/277
f 78/79/74 281/283/278 280/282/277
f 280/282/277 285/284/279 78/79/74
f 279/281/276 285/284/279 280/282/277
f 280/282/277 281/283/278 282/285/280
f 280/282/277 282/285/280 277/279/274
f 277/279/274 282/285/280 275/278/273
f 282/285/280 281/283/278 283/286/281
f 283/286/281 284/287/282 282/285/280
f 282/285/280 284/287/282 275/278/273
f 254/258/253 284/287/282 283/286/281
f 275/278/273 284/287/282 254/258/253
f 283/286/281 250/256/251 254/258/253
f 254/258/253 274/259/254 275/278/273
f 251/80/75 250/256/251 283/286/281
f 283/286/281 79/78/73 251/80/75
f 78/79/74 79/78/73 283/286/281
f 283/286/281 281/283/278 78/79/74
f 80/81/76 78/79/74 285/284/279
f 279/281/276 286/288/283 285/284/279
f 286/288/283 287/289/284 285/284/279
f 285/284/279 287/289/284 80/81/76
f 80/81/76 287/289/284 288/290/285
f 288/290/285 287/289/284 286/288/283
f 286/288/283 289/291/286 288/290/285
f 288/290/285 289/291/286 290/292/287
f 288/290/285 86/87/82 80/81/76
f 87/88/83 86/87/82 288/290/285
f 290/292/287 291/293/288 288/290/285
f 288/290/285 291/293/288 87/88/83
f 87/88/83 291/293/288 115/119/114
f 115/119/114 291/293/288 290/292/287
f 290/292/287 292/294/289 128/131/126
f 294/295/290 292/294/289 290/292/287
f 128/131/126 293/296/291 290/292/287
f 290/292/287 293/296/291 115/119/114
f 290/292/287 289/291/286 294/295/290
f 294/295/290 299/297/292 295/298/293
f 286/288/283 299/297/292 294/295/290
f 294/295/290 289/291/286 286/288/283
f 296/299/294 292/294/289 294/295/290
f 296/299/294 294/295/290 297/300/295
f 296/299/294 127/127/122 128/131/126
f 128/131/126 292/294/289 296/299/294
f 297/300/295 298/301/296 296/299/294
f 296/299/294 298/301/296 125/128/123
f 125/128/123 127/127/122 296/299/294
f 139/140/135 298/301/296 297/300/295
f 125/128/123 298/301/296 139/140/135
f 297/300/295 294/295/290 295/298/293
f 297/300/295 142/144/139 139/140/135
f 295/298/293 142/144/139 297/300/295
f 147/149/144 295/298/293 299/297/292
f 279/281/276 147/149/144 299/297/292
f 299/297/292 286/288/283 279/281/276
f 142/144/139 295/298/293 147/149/144
f 119/121/116 293/296/291 128/131/126
f 115/119/114 293/296/291 119/121/116
f 275/278/273 273/277/272 277/279/274
f 271/274/269 272/275/270 274/259/254
f 271/274/269 259/265/260 258/264/259
f 271/274/269 255/261/256 257/260/255
f 257/260/255 259/265/260 271/274/269
f 274/259/254 255/261/256 271/274/269
f 158/159/154 269/272/267 300/302/297
f 300/302/297 303/303/298 160/163/158
f 160/163/158 161/162/157 300/302/297
f 300/302/297 302/181/176 301/180/175
f 301/180/175 303/303/298 300/302/297
f 269/272/267 302/181/176 300/302/297
f 300/302/297 161/162/157 158/159/154
f 169/171/166 303/303/298 301/180/175
f 160/163/158 303/303/298 169/171/166
f 301/180/175 172/174/169 169/171/166
f 100/103/98 247/253/248 82/82/77
f 247/253/248 100/103/98 242/102/97
f 243/248/243 247/253/248 242/102/97
f 220/225/220 216/221/216 215/220/215
f 214/219/214 211/218/213 206/212/207
f 206/212/207 202/207/202 201/206/201
f 199/204/199 196/203/198 186/191/186
f 192/197/192 193/198/193 197/201/196
f 181/186/181 187/194/189 190/195/190
f 186/191/186 184/188/183 183/187/182
f 267/189/184 182/184/179 179/183/178
f 176/177/172 177/179/174 181/186/181
f 179/183/178 178/182/177 302/181/176
f 169/171/166 164/166/161 160/163/158
f 166/169/164 304/304/299 165/168/163
f 165/168/163 304/304/299 305/305/300
f 305/305/300 306/306/301 165/168/163
f 133/135/130 306/306/301 305/305/300
f 305/305/300 134/136/131 133/135/130
f 165/168/163 306/306/301 145/147/142
f 145/147/142 306/306/301 133/135/130
f 145/147/142 153/154/149 165/168/163
f 165/168/163 153/154/149 154/156/151
f 147/149/144 144/145/140 142/144/139
f 133/135/130 138/141/136 145/147/142
f 142/144/139 140/143/138 139/140/135
f 139/140/135 137/139/134 125/128/123
f 125/128/123 137/139/134 130/132/127
f 130/132/127 126/129/124 125/128/123
f 128/131/126 122/124/119 119/121/116
f 119/121/116 116/116/111 115/119/114
f 94/95/90 106/107/102 98/101/96
f 83/86/81 99/100/95 100/103/98
f 100/103/98 84/83/78 83/86/81
f 82/82/77 84/83/78 100/103/98
f 98/101/96 96/96/91 94/95/90
f 113/98/93 92/92/87 90/91/86
f 90/91/86 88/90/85 87/88/83
f 317/307/302 318/308/303 319/309/304
f 319/309/304 321/310/305 317/307/302
f 321/310/305 320/311/306 315/312/307
f 321/310/305 316/313/308 317/307/302
f 315/312/307 316/313/308 321/310/305
f 315/312/307 320/311/306 329/314/309
f 329/314/309 314/315/310 315/312/307
f 313/316/311 314/315/310 329/314/309
f 329/314/309 322/317/312 313/316/311
f 313/316/311 322/317/312 324/318/313
f 324/318/313 312/319/314 313/316/311
f 311/320/315 312/319/314 324/318/313
f 324/318/313 325/321/316 323/322/317
f 326/323/318 325/321/316 324/318/313
f 326/323/318 324/318/313 322/317/312
f 322/317/312 327/324/319 326/323/318
f 328/325/320 327/324/319 322/317/312
f 322/317/312 329/314/309 328/325/320
f 328/325/320 329/314/309 320/311/306
f 320/311/306 330/326/321 328/325/320
f 331/327/322 330/326/321 320/311/306
f 320/311/306 321/310/305 331/327/322
f 321/310/305 332/328/323 331/327/322
f 333/329/324 332/328/323 321/310/305
f 321/310/305 319/309/304 333/329/324
f 324/318/313 334/330/325 309/331/326
f 324/318/313 310/332/327 311/320/315
f 309/331/326 310/332/327 324/318/313
f 309/331/326 334/330/325 336/333/328
f 336/333/328 307/334/329 309/331/326
f 336/333/328 335/335/330 308/336/331
f 308/336/331 307/334/329 336/333/328
f 308/336/331 335/335/330 346/337/332
f 346/337/332 418/338/333 308/336/331
f 337/339/334 418/338/333 346/337/332
f 346/337/332 339/340/335 337/339/334
f 337/339/334 339/340/335 338/341/336
f 338/341/336 417/342/337 337/339/334
f 340/343/338 417/342/337 338/341/336
f 340/343/338 342/344/131 341/345/339
f 341/345/339 350/346/340 340/343/338
f 343/347/129 342/344/131 340/343/338
f 340/343/338 338/341/336 343/347/129
f 343/347/129 338/341/336 339/340/335
f 339/340/335 344/348/128 343/347/129
f 345/349/125 344/348/128 339/340/335
f 339/340/335 346/337/332 345/349/125
f 345/349/125 346/337/332 335/335/330
f 335/335/330 347/350/341 345/349/125
f 348/351/118 347/350/341 335/335/330
f 335/335/330 336/333/328 348/351/118
f 348/351/118 336/333/328 334/330/325
f 334/330/325 349/352/342 348/351/118
f 323/322/317 349/352/342 334/330/325
f 350/346/340 415/353/343 340/343/338
f 354/354/344 414/355/345 350/346/340
f 350/346/340 414/355/345 415/353/343
f 352/356/346 354/354/344 350/346/340
f 352/356/346 351/357/347 353/358/348
f 353/358/348 354/354/344 352/356/346
f 353/358/348 351/357/347 366/359/349
f 366/359/349 355/360/350 353/358/348
f 356/361/351 355/360/350 366/359/349
f 366/359/349 359/362/352 356/361/351
f 356/361/351 359/362/352 358/363/353
f 358/363/353 357/364/354 356/361/351
f 358/363/353 361/365/355 413/366/356
f 413/366/356 357/364/354 358/363/353
f 361/365/355 362/367/357 360/368/358
f 363/369/359 362/367/357 361/365/355
f 361/365/355 358/363/353 363/369/359
f 363/369/359 358/363/353 359/362/352
f 359/362/352 364/370/167 363/369/359
f 365/371/360 364/370/167 359/362/352
f 359/362/352 366/359/349 365/371/360
f 365/371/360 366/359/349 351/357/347
f 351/357/347 367/372/361 365/371/360
f 368/373/362 367/372/361 351/357/347
f 351/357/347 352/356/346 368/373/362
f 368/373/362 352/356/346 350/346/340
f 350/346/340 369/374/363 368/373/362
f 341/345/339 369/374/363 350/346/340
f 361/365/355 370/375/364 411/376/365
f 411/376/365 370/375/364 372/377/366
f 372/377/366 374/378/367 411/376/365
f 372/377/366 371/379/368 373/380/369
f 373/380/369 374/378/367 372/377/366
f 373/380/369 371/379/368 399/381/370
f 399/381/370 375/382/371 373/380/369
f 386/383/372 385/384/303 384/385/373
f 384/385/373 387/386/374 386/383/372
f 388/387/375 387/386/374 384/385/373
f 382/388/376 389/389/377 388/387/375
f 388/387/375 383/390/378 382/388/376
f 384/385/373 383/390/378 388/387/375
f 390/391/379 381/392/380 380/393/381
f 382/388/376 381/392/380 390/391/379
f 390/391/379 389/389/377 382/388/376
f 380/393/381 391/394/382 390/391/379
f 392/395/383 391/394/382 380/393/381
f 378/396/384 393/397/385 392/395/383
f 380/393/381 379/398/386 392/395/383
f 392/395/383 379/398/386 378/396/384
f 378/396/384 377/399/387 396/400/388
f 396/400/388 393/397/385 378/396/384
f 396/400/388 377/399/387 376/401/389
f 376/401/389 375/382/371 399/381/370
f 399/381/370 394/402/390 376/401/389
f 376/401/389 394/402/390 396/400/388
f 394/402/390 397/403/391 395/404/235
f 395/404/235 396/400/388 394/402/390
f 398/405/392 397/403/391 394/402/390
f 394/402/390 399/381/370 398/405/392
f 398/405/392 399/381/370 371/379/368
f 371/379/368 400/406/393 398/405/392
f 401/407/240 400/406/393 371/379/368
f 371/379/368 372/377/366 401/407/240
f 401/407/240 372/377/366 370/375/364
f 370/375/364 402/408/394 401/407/240
f 360/368/358 402/408/394 370/375/364
f 393/397/385 396/400/388 395/404/235
f 395/404/235 403/409/234 393/397/385
f 393/397/385 403/409/234 404/410/232
f 404/410/232 392/395/383 393/397/385
f 391/394/382 392/395/383 404/410/232
f 404/410/232 405/411/228 391/394/382
f 391/394/382 405/411/228 406/412/227
f 389/389/377 390/391/379 406/412/227
f 406/412/227 407/413/395 389/389/377
f 406/412/227 390/391/379 391/394/382
f 389/389/377 407/413/395 408/414/396
f 387/386/374 388/387/375 408/414/396
f 408/414/396 409/415/397 387/386/374
f 408/414/396 388/387/375 389/389/377
f 387/386/374 409/415/397 410/416/398
f 410/416/398 386/383/372 387/386/374
f 411/376/365 412/417/399 361/365/355
f 361/365/355 412/417/399 413/366/356
f 370/375/364 361/365/355 360/368/358
f 340/343/338 416/418/400 417/342/337
f 415/353/343 416/418/400 340/343/338
f 334/330/325 324/318/313 323/322/317
f 420/419/401 422/420/402 419/421/403
f 419/421/403 421/422/404 420/419/401
f 423/423/405 421/422/404 419/421/403
f 419/421/403 422/420/402 470/424/406
f 470/424/406 427/425/407 419/421/403
f 419/421/403 427/425/407 426/426/408
f 426/426/408 423/423/405 419/421/403
f 426/426/408 428/427/409 424/428/410
f 424/428/410 423/423/405 426/426/408
f 425/429/411 428/427/409 426/426/408
f 424/428/410 428/427/409 431/430/412
f 431/430/412 428/427/409 425/429/411
f 425/429/411 429/431/413 431/430/412
f 431/430/412 430/432/414 424/428/410
f 430/432/414 431/430/412 432/433/415
f 432/433/415 431/430/412 429/431/413
f 432/433/415 433/434/416 430/432/414
f 429/431/413 542/435/417 432/433/415
f 438/436/418 433/434/416 432/433/415
f 542/435/417 434/437/419 432/433/415
f 432/433/415 434/437/419 438/436/418
f 435/438/420 433/434/416 438/436/418
f 436/439/421 435/438/420 438/436/418
f 437/440/422 435/438/420 436/439/421
f 437/440/422 439/441/423 435/438/420
f 440/442/424 439/441/423 437/440/422
f 440/442/424 442/443/425 441/444/426
f 441/444/426 443/445/427 440/442/424
f 437/440/422 442/443/425 440/442/424
f 546/446/428 444/447/429 443/445/427
f 444/447/429 446/448/430 445/449/431
f 445/449/431 443/445/427 444/447/429
f 546/446/428 547/450/432 444/447/429
f 444/447/429 547/450/432 572/451/433
f 572/451/433 447/452/434 444/447/429
f 449/453/435 448/454/436 447/452/434
f 447/452/434 448/454/436 446/448/430
f 447/452/434 575/455/437 449/453/435
f 446/448/430 444/447/429 447/452/434
f 574/456/438 450/457/439 449/453/435
f 449/453/435 575/455/437 574/456/438
f 449/453/435 450/457/439 456/458/440
f 456/458/440 451/459/441 449/453/435
f 449/453/435 451/459/441 452/460/442
f 452/460/442 448/454/436 449/453/435
f 446/448/430 448/454/436 452/460/442
f 453/461/443 446/448/430 452/460/442
f 452/460/442 451/459/441 455/462/444
f 452/460/442 454/463/445 453/461/443
f 455/462/444 454/463/445 452/460/442
f 590/464/446 457/465/447 455/462/444
f 455/462/444 456/458/440 590/464/446
f 455/462/444 457/465/447 458/466/448
f 455/462/444 451/459/441 456/458/440
f 458/466/448 454/463/445 455/462/444
f 458/466/448 457/465/447 460/467/449
f 458/466/448 461/468/450 459/469/451
f 459/469/451 462/470/452 458/466/448
f 460/467/449 461/468/450 458/466/448
f 453/461/443 454/463/445 458/466/448
f 458/466/448 462/470/452 453/461/443
f 462/470/452 459/469/451 422/420/402
f 422/420/402 420/419/401 462/470/452
f 462/470/452 420/419/401 463/471/453
f 463/471/453 453/461/443 462/470/452
f 463/471/453 464/472/454 465/473/455
f 420/419/401 464/472/454 463/471/453
f 465/473/455 445/449/431 463/471/453
f 463/471/453 445/449/431 446/448/430
f 446/448/430 453/461/443 463/471/453
f 465/473/455 464/472/454 466/474/456
f 466/474/456 467/475/457 465/473/455
f 467/475/457 468/476/458 435/438/420
f 440/442/424 465/473/455 467/475/457
f 467/475/457 439/441/423 440/442/424
f 435/438/420 439/441/423 467/475/457
f 435/438/420 468/476/458 430/432/414
f 466/474/456 469/477/459 468/476/458
f 468/476/458 469/477/459 424/428/410
f 424/428/410 430/432/414 468/476/458
f 468/476/458 467/475/457 466/474/456
f 424/428/410 469/477/459 423/423/405
f 423/423/405 469/477/459 466/474/456
f 466/474/456 464/472/454 420/419/401
f 466/474/456 421/422/404 423/423/405
f 420/419/401 421/422/404 466/474/456
f 445/449/431 465/473/455 440/442/424
f 422/420/402 459/469/451 471/478/460
f 471/478/460 472/479/461 470/424/406
f 471/478/460 473/480/462 472/479/461
f 459/469/451 473/480/462 471/478/460
f 472/479/461 473/480/462 474/481/463
f 474/481/463 473/480/462 459/469/451
f 459/469/451 461/468/450 474/481/463
f 474/481/463 461/468/450 460/467/449
f 460/467/449 475/482/464 474/481/463
f 474/481/463 475/482/464 477/483/465
f 477/483/465 476/484/466 474/481/463
f 474/481/463 476/484/466 472/479/461
f 478/485/467 480/486/468 477/483/465
f 477/483/465 479/487/469 478/485/467
f 481/488/470 479/487/469 477/483/465
f 477/483/465 480/486/468 482/489/471
f 477/483/465 475/482/464 481/488/470
f 482/489/471 476/484/466 477/483/465
f 472/479/461 476/484/466 482/489/471
f 485/490/472 483/491/473 482/489/471
f 482/489/471 483/491/473 509/492/474
f 482/489/471 480/486/468 485/490/472
f 482/489/471 484/493/475 472/479/461
f 509/492/474 484/493/475 482/489/471
f 478/485/467 486/494/476 485/490/472
f 485/490/472 480/486/468 478/485/467
f 485/490/472 486/494/476 487/495/477
f 487/495/477 488/496/478 485/490/472
f 485/490/472 488/496/478 489/497/479
f 489/497/479 483/491/473 485/490/472
f 489/497/479 488/496/478 490/498/480
f 489/497/479 491/499/481 509/492/474
f 509/492/474 483/491/473 489/497/479
f 490/498/480 491/499/481 489/497/479
f 509/492/474 491/499/481 492/500/482
f 492/500/482 491/499/481 490/498/480
f 492/500/482 493/501/483 494/502/484
f 490/498/480 493/501/483 492/500/482
f 492/500/482 495/503/485 507/504/486
f 507/504/486 508/505/487 492/500/482
f 494/502/484 495/503/485 492/500/482
f 492/500/482 508/505/487 509/492/474
f 507/504/486 495/503/485 496/506/488
f 496/506/488 495/503/485 494/502/484
f 496/506/488 500/507/489 497/508/490
f 497/508/490 506/509/491 496/506/488
f 496/506/488 499/510/492 498/511/493
f 498/511/493 500/507/489 496/506/488
f 494/502/484 499/510/492 496/506/488
f 496/506/488 506/509/491 507/504/486
f 501/512/494 500/507/489 498/511/493
f 497/508/490 500/507/489 501/512/494
f 498/511/493 502/513/495 501/512/494
f 501/512/494 505/514/496 497/508/490
f 501/512/494 502/513/495 503/515/497
f 503/515/497 504/516/498 501/512/494
f 501/512/494 504/516/498 505/514/496
f 505/514/496 429/431/413 425/429/411
f 425/429/411 497/508/490 505/514/496
f 506/509/491 497/508/490 425/429/411
f 427/425/407 507/504/486 506/509/491
f 425/429/411 426/426/408 506/509/491
f 506/509/491 426/426/408 427/425/407
f 508/505/487 507/504/486 427/425/407
f 508/505/487 510/517/499 470/424/406
f 470/424/406 509/492/474 508/505/487
f 427/425/407 510/517/499 508/505/487
f 470/424/406 510/517/499 427/425/407
f 484/493/475 509/492/474 470/424/406
f 470/424/406 472/479/461 484/493/475
f 429/431/413 505/514/496 511/518/500
f 511/518/500 542/435/417 429/431/413
f 512/519/501 511/518/500 505/514/496
f 505/514/496 504/516/498 512/519/501
f 512/519/501 504/516/498 503/515/497
f 503/515/497 513/520/502 512/519/501
f 512/519/501 513/520/502 514/521/503
f 515/522/504 516/523/505 514/521/503
f 514/521/503 513/520/502 515/522/504
f 512/519/501 518/524/506 511/518/500
f 519/525/507 517/526/508 512/519/501
f 512/519/501 517/526/508 518/524/506
f 512/519/501 514/521/503 519/525/507
f 519/525/507 514/521/503 516/523/505
f 519/525/507 516/523/505 520/527/509
f 517/526/508 519/525/507 523/528/510
f 517/526/508 521/529/511 518/524/506
f 517/526/508 522/530/512 521/529/511
f 523/528/510 522/530/512 517/526/508
f 524/531/513 526/532/514 523/528/510
f 523/528/510 525/533/515 524/531/513
f 520/527/509 525/533/515 523/528/510
f 523/528/510 526/532/514 527/534/516
f 523/528/510 519/525/507 520/527/509
f 527/534/516 522/530/512 523/528/510
f 527/534/516 526/532/514 528/535/517
f 528/535/517 530/536/518 527/534/516
f 527/534/516 530/536/518 529/537/519
f 529/537/519 540/538/520 527/534/516
f 521/529/511 522/530/512 527/534/516
f 527/534/516 540/538/520 521/529/511
f 531/539/521 530/536/518 528/535/517
f 529/537/519 530/536/518 531/539/521
f 531/539/521 532/540/522 533/541/523
f 528/535/517 532/540/522 531/539/521
f 533/541/523 534/542/524 531/539/521
f 531/539/521 535/543/525 529/537/519
f 531/539/521 534/542/524 537/544/526
f 537/544/526 535/543/525 531/539/521
f 535/543/525 537/544/526 539/545/527
f 539/545/527 538/546/528 535/543/525
f 535/543/525 540/538/520 529/537/519
f 536/547/529 540/538/520 535/543/525
f 535/543/525 538/546/528 536/547/529
f 434/437/419 541/548/530 536/547/529
f 536/547/529 538/546/528 434/437/419
f 536/547/529 541/548/530 543/549/531
f 543/549/531 540/538/520 536/547/529
f 521/529/511 540/538/520 543/549/531
f 518/524/506 521/529/511 543/549/531
f 434/437/419 542/435/417 541/548/530
f 541/548/530 542/435/417 543/549/531
f 511/518/500 518/524/506 543/549/531
f 542/435/417 511/518/500 543/549/531
f 434/437/419 538/546/528 539/545/527
f 434/437/419 539/545/527 438/436/418
f 438/436/418 539/545/527 545/550/532
f 545/550/532 553/551/533 437/440/422
f 437/440/422 436/439/421 545/550/532
f 545/550/532 436/439/421 438/436/418
f 553/551/533 544/552/534 442/443/425
f 437/440/422 553/551/533 442/443/425
f 442/443/425 544/552/534 550/553/535
f 550/553/535 441/444/426 442/443/425
f 546/446/428 441/444/426 550/553/535
f 546/446/428 548/554/536 547/450/432
f 546/446/428 551/555/537 548/554/536
f 550/553/535 551/555/537 546/446/428
f 549/556/538 551/555/537 552/557/539
f 552/557/539 551/555/537 550/553/535
f 552/557/539 544/552/534 553/551/533
f 550/553/535 544/552/534 552/557/539
f 553/551/533 554/558/540 552/557/539
f 555/559/541 554/558/540 553/551/533
f 555/559/541 545/550/532 539/545/527
f 539/545/527 537/544/526 555/559/541
f 553/551/533 545/550/532 555/559/541
f 554/558/540 555/559/541 556/560/542
f 556/560/542 555/559/541 537/544/526
f 556/560/542 534/542/524 533/541/523
f 533/541/523 558/561/543 556/560/542
f 556/560/542 559/562/544 554/558/540
f 537/544/526 534/542/524 556/560/542
f 556/560/542 558/561/543 557/563/545
f 557/563/545 559/562/544 556/560/542
f 554/558/540 559/562/544 560/564/546
f 560/564/546 559/562/544 557/563/545
f 560/564/546 561/565/547 549/556/538
f 549/556/538 552/557/539 560/564/546
f 560/564/546 552/557/539 554/558/540
f 557/563/545 562/566/548 560/564/546
f 563/567/549 561/565/547 560/564/546
f 560/564/546 562/566/548 563/567/549
f 564/568/550 565/569/551 563/567/549
f 563/567/549 562/566/548 564/568/550
f 563/567/549 565/569/551 566/570/552
f 566/570/552 567/571/553 563/567/549
f 563/567/549 567/571/553 568/572/554
f 568/572/554 561/565/547 563/567/549
f 568/572/554 551/555/537 549/556/538
f 549/556/538 561/565/547 568/572/554
f 568/572/554 570/573/555 548/554/536
f 548/554/536 551/555/537 568/572/554
f 568/572/554 567/571/553 569/574/556
f 569/574/556 570/573/555 568/572/554
f 548/554/536 570/573/555 571/575/557
f 571/575/557 570/573/555 569/574/556
f 569/574/556 573/576/558 571/575/557
f 573/576/558 572/451/433 571/575/557
f 571/575/557 572/451/433 547/450/432
f 547/450/432 548/554/536 571/575/557
f 573/576/558 576/577/559 574/456/438
f 574/456/438 575/455/437 573/576/558
f 573/576/558 575/455/437 572/451/433
f 576/577/559 579/578/560 577/579/561
f 577/579/561 578/580/562 576/577/559
f 576/577/559 578/580/562 580/581/563
f 569/574/556 579/578/560 576/577/559
f 576/577/559 573/576/558 569/574/556
f 574/456/438 576/577/559 580/581/563
f 580/581/563 581/582/564 574/456/438
f 574/456/438 581/582/564 582/583/565
f 582/583/565 583/584/566 574/456/438
f 574/456/438 583/584/566 584/585/567
f 584/585/567 450/457/439 574/456/438
f 456/458/440 450/457/439 584/585/567
f 584/585/567 585/586/568 456/458/440
f 456/458/440 585/586/568 586/587/569
f 590/464/446 456/458/440 586/587/569
f 586/587/569 587/588/570 590/464/446
f 590/464/446 587/588/570 588/589/571
f 481/488/470 590/464/446 588/589/571
f 588/589/571 589/590/572 481/488/470
f 460/467/449 590/464/446 481/488/470
f 481/488/470 589/590/572 591/591/573
f 478/485/467 479/487/469 591/591/573
f 591/591/573 592/592/574 478/485/467
f 591/591/573 479/487/469 481/488/470
f 478/485/467 592/592/574 593/593/575
f 487/495/477 486/494/476 593/593/575
f 593/593/575 594/594/576 487/495/477
f 593/593/575 486/494/476 478/485/467
f 487/495/477 594/594/576 595/595/577
f 595/595/577 596/596/578 487/495/477
f 597/597/579 596/596/578 595/595/577
f 595/595/577 598/598/580 597/597/579
f 597/597/579 598/598/580 599/599/581
f 599/599/581 600/600/582 597/597/579
f 599/599/581 601/601/583 600/600/582
f 600/600/582 601/601/583 602/602/584
f 602/602/584 604/603/585 603/604/586
f 602/602/584 603/604/586 600/600/582
f 600/600/582 603/604/586 498/511/493
f 603/604/586 604/603/585 605/605/587
f 515/522/504 606/606/588 605/605/587
f 605/605/587 606/606/588 603/604/586
f 605/605/587 607/607/589 515/522/504
f 515/522/504 607/607/589 608/608/590
f 608/608/590 516/523/505 515/522/504
f 608/608/590 609/609/591 516/523/505
f 516/523/505 609/609/591 610/610/592
f 520/527/509 516/523/505 610/610/592
f 610/610/592 611/611/593 520/527/509
f 520/527/509 611/611/593 612/612/594
f 524/531/513 525/533/515 612/612/594
f 612/612/594 613/613/595 524/531/513
f 612/612/594 525/533/515 520/527/509
f 524/531/513 613/613/595 614/614/596
f 616/615/597 615/616/598 614/614/596
f 614/614/596 615/616/598 524/531/513
f 614/614/596 617/617/599 616/615/597
f 616/615/597 617/617/599 618/618/600
f 620/619/601 619/620/602 618/618/600
f 618/618/600 619/620/602 616/615/597
f 618/618/600 621/621/603 620/619/601
f 620/619/601 621/621/603 622/622/604
f 564/568/550 624/623/605 622/622/604
f 622/622/604 623/624/606 564/568/550
f 622/622/604 624/623/605 620/619/601
f 557/563/545 624/623/605 564/568/550
f 620/619/601 624/623/605 557/563/545
f 564/568/550 623/624/606 625/625/607
f 566/570/552 565/569/551 625/625/607
f 625/625/607 565/569/551 564/568/550
f 625/625/607 626/626/608 566/570/552
f 566/570/552 626/626/608 577/579/561
f 620/619/601 558/561/543 533/541/523
f 533/541/523 619/620/602 620/619/601
f 557/563/545 558/561/543 620/619/601
f 616/615/597 619/620/602 533/541/523
f 616/615/597 532/540/522 528/535/517
f 528/535/517 615/616/598 616/615/597
f 533/541/523 532/540/522 616/615/597
f 524/531/513 615/616/598 528/535/517
f 503/515/497 606/606/588 515/522/504
f 603/604/586 606/606/588 503/515/497
f 603/604/586 502/513/495 498/511/493
f 503/515/497 502/513/495 603/604/586
f 498/511/493 499/510/492 600/600/582
f 600/600/582 499/510/492 494/502/484
f 597/597/579 600/600/582 494/502/484
f 494/502/484 493/501/483 597/597/579
f 597/597/579 493/501/483 490/498/480
f 490/498/480 596/596/578 597/597/579
f 487/495/477 596/596/578 490/498/480
f 566/570/552 579/578/560 569/574/556
f 577/579/561 579/578/560 566/570/552
f 569/574/556 567/571/553 566/570/552
f 564/568/550 562/566/548 557/563/545
f 528/535/517 526/532/514 524/531/513
f 515/522/504 513/520/502 503/515/497
f 490/498/480 488/496/478 487/495/477
f 481/488/470 475/482/464 460/467/449
f 422/420/402 471/478/460 470/424/406
f 460/467/449 457/465/447 590/464/446
f 575/455/437 447/452/434 572/451/433
f 440/442/424 443/445/427 445/449/431
f 546/446/428 443/445/427 441/444/426
f 430/432/414 433/434/416 435/438/420
f 639/627/609 640/628/610 641/629/611
f 641/629/611 643/630/612 639/627/609
f 643/630/612 642/631/613 637/632/614
f 637/632/614 638/633/615 643/630/612
f 643/630/612 638/633/615 639/627/609
f 635/634/616 636/635/617 644/636/618
f 644/636/618 636/635/617 637/632/614
f 644/636/618 645/637/619 635/634/616
f 637/632/614 642/631/613 644/636/618
f 645/637/619 647/638/620 646/639/621
f 646/639/621 653/640/622 645/637/619
f 648/641/623 647/638/620 645/637/619
f 645/637/619 644/636/618 648/641/623
f 648/641/623 644/636/618 642/631/613
f 642/631/613 649/642/624 648/641/623
f 650/643/625 649/642/624 642/631/613
f 642/631/613 643/630/612 650/643/625
f 643/630/612 651/644/626 650/643/625
f 652/645/627 651/644/626 643/630/612
f 643/630/612 641/629/611 652/645/627
f 635/634/616 645/637/619 653/640/622
f 653/640/622 634/646/628 635/634/616
f 653/640/622 655/647/629 654/648/630
f 654/648/630 656/649/631 653/640/622
f 646/639/621 655/647/629 653/640/622
f 653/640/622 656/649/631 632/650/632
f 656/649/631 631/651/633 632/650/632
f 632/650/632 633/652/634 653/640/622
f 653/640/622 633/652/634 634/646/628
f 630/653/635 631/651/633 656/649/631
f 629/654/636 630/653/635 658/655/637
f 658/655/637 630/653/635 656/649/631
f 658/655/637 657/656/638 629/654/636
f 629/654/636 657/656/638 659/657/639
f 659/657/639 660/658/640 628/659/641
f 628/659/641 627/660/642 659/657/639
f 659/657/639 627/660/642 629/654/636
f 660/658/640 663/661/574 661/662/643
f 661/662/643 662/663/644 660/658/640
f 664/664/645 663/661/574 660/658/640
f 660/658/640 659/657/639 664/664/645
f 664/664/645 659/657/639 657/656/638
f 657/656/638 665/665/576 664/664/645
f 666/666/646 665/665/576 657/656/638
f 657/656/638 658/655/637 666/666/646
f 666/666/646 658/655/637 656/649/631
f 656/649/631 667/667/647 666/666/646
f 654/648/630 667/667/647 656/649/631
f 662/663/644 669/668/648 672/669/649
f 628/659/641 660/658/640 662/663/644
f 672/669/649 736/670/650 662/663/644
f 662/663/644 736/670/650 628/659/641
f 669/668/648 670/671/651 668/672/652
f 661/662/643 670/671/651 669/668/648
f 669/668/648 662/663/644 661/662/643
f 734/673/653 673/674/654 669/668/648
f 669/668/648 673/674/654 672/669/649
f 734/673/653 671/675/655 673/674/654
f 695/676/656 694/677/657 693/678/658
f 693/678/658 696/679/659 695/676/656
f 697/680/660 696/679/659 693/678/658
f 691/681/661 698/682/662 697/680/660
f 693/678/658 692/683/663 697/680/660
f 697/680/660 692/683/663 691/681/661
f 704/684/664 698/682/662 691/681/661
f 691/681/661 690/685/665 704/684/664
f 704/684/664 690/685/665 689/686/666
f 689/686/666 688/687/667 702/688/668
f 702/688/668 699/689/669 689/686/666
f 689/686/666 699/689/669 704/684/664
f 701/690/600 700/691/670 699/689/669
f 699/689/669 700/691/670 703/692/671
f 699/689/669 702/688/668 701/690/600
f 703/692/671 704/684/664 699/689/669
f 698/682/662 704/684/664 703/692/671
f 696/679/659 697/680/660 705/693/672
f 705/693/672 706/694/593 696/679/659
f 705/693/672 697/680/660 698/682/662
f 696/679/659 706/694/593 707/695/673
f 707/695/673 695/676/656 696/679/659
f 701/690/600 702/688/668 708/696/674
f 708/696/674 709/697/603 701/690/600
f 710/698/675 709/697/603 708/696/674
f 708/696/674 711/699/676 710/698/675
f 688/687/667 687/700/677 708/696/674
f 702/688/668 688/687/667 708/696/674
f 708/696/674 687/700/677 686/701/678
f 686/701/678 711/699/676 708/696/674
f 685/702/679 711/699/676 686/701/678
f 685/702/679 684/703/680 715/704/681
f 715/704/681 712/705/682 685/702/679
f 685/702/679 712/705/682 711/699/676
f 712/705/682 713/706/683 710/698/675
f 710/698/675 711/699/676 712/705/682
f 714/707/684 713/706/683 712/705/682
f 712/705/682 715/704/681 714/707/684
f 714/707/684 715/704/681 716/708/685
f 718/709/686 717/710/608 716/708/685
f 716/708/685 717/710/608 714/707/684
f 716/708/685 719/711/687 718/709/686
f 719/711/687 716/708/685 683/712/688
f 683/712/688 716/708/685 715/704/681
f 715/704/681 684/703/680 683/712/688
f 683/712/688 682/713/689 719/711/687
f 719/711/687 682/713/689 681/714/690
f 681/714/690 680/715/691 723/716/692
f 723/716/692 720/717/693 681/714/690
f 681/714/690 720/717/693 719/711/687
f 722/718/694 721/719/695 720/717/693
f 720/717/693 721/719/695 718/709/686
f 720/717/693 723/716/692 722/718/694
f 718/709/686 719/711/687 720/717/693
f 723/716/692 724/720/696 722/718/694
f 725/721/697 724/720/696 723/716/692
f 723/716/692 726/722/698 725/721/697
f 726/722/698 723/716/692 679/723/699
f 679/723/699 678/724/700 726/722/698
f 723/716/692 680/715/691 679/723/699
f 726/722/698 678/724/700 677/725/701
f 677/725/701 676/726/702 730/727/703
f 730/727/703 727/728/704 677/725/701
f 677/725/701 727/728/704 726/722/698
f 727/728/704 728/729/705 725/721/697
f 725/721/697 726/722/698 727/728/704
f 729/730/706 728/729/705 727/728/704
f 727/728/704 730/727/703 729/730/706
f 729/730/706 730/727/703 731/731/707
f 733/732/708 732/733/709 731/731/707
f 731/731/707 732/733/709 729/730/706
f 731/731/707 734/673/653 733/732/708
f 734/673/653 731/731/707 675/734/710
f 675/734/710 731/731/707 730/727/703
f 730/727/703 676/726/702 675/734/710
f 674/735/711 734/673/653 675/734/710
f 674/735/711 671/675/655 734/673/653
f 734/673/653 735/736/712 733/732/708
f 668/672/652 735/736/712 734/673/653
f 734/673/653 669/668/648 668/672/652
f 738/737/713 737/738/714 740/739/715
f 740/739/715 742/740/716 738/737/713
f 741/741/717 836/742/718 738/737/713
f 738/737/713 742/740/716 741/741/717
f 743/743/719 742/740/716 740/739/715
f 741/741/717 742/740/716 743/743/719
f 745/744/720 744/745/721 743/743/719
f 743/743/719 744/745/721 741/741/717
f 743/743/719 746/746/722 745/744/720
f 747/747/723 746/746/722 743/743/719
f 743/743/719 740/739/715 747/747/723
f 748/748/724 749/749/725 747/747/723
f 747/747/723 740/739/715 748/748/724
f 750/750/726 749/749/725 748/748/724
f 750/750/726 751/751/727 752/752/728
f 748/748/724 751/751/727 750/750/726
f 752/752/728 753/753/729 750/750/726
f 754/754/730 753/753/729 752/752/728
f 754/754/730 755/755/731 756/756/732
f 752/752/728 755/755/731 754/754/730
f 756/756/732 757/757/733 754/754/730
f 758/758/734 757/757/733 756/756/732
f 756/756/732 759/759/735 758/758/734
f 759/759/735 760/760/736 758/758/734
f 761/761/737 760/760/736 759/759/735
f 759/759/735 762/762/738 761/761/737
f 762/762/738 763/763/739 761/761/737
f 764/764/740 763/763/739 762/762/738
f 764/764/740 765/765/741 766/766/742
f 762/762/738 765/765/741 764/764/740
f 766/766/742 767/767/743 764/764/740
f 768/768/744 767/767/743 766/766/742
f 766/766/742 769/769/745 768/768/744
f 769/769/745 770/770/746 768/768/744
f 771/771/747 770/770/746 769/769/745
f 769/769/745 772/772/748 771/771/747
f 772/772/748 773/773/749 771/771/747
f 774/774/750 773/773/749 772/772/748
f 774/774/750 775/775/751 776/776/752
f 772/772/748 775/775/751 774/774/750
f 776/776/752 777/777/753 774/774/750
f 778/778/754 777/777/753 776/776/752
f 778/778/754 779/779/755 780/780/756
f 776/776/752 779/779/755 778/778/754
f 780/780/756 781/781/757 778/778/754
f 782/782/758 781/781/757 780/780/756
f 783/783/759 784/784/760 782/782/758
f 782/782/758 898/785/761 783/783/759
f 780/780/756 898/785/761 782/782/758
f 785/786/762 784/784/760 783/783/759
f 786/787/763 787/788/764 785/786/762
f 785/786/762 927/789/765 786/787/763
f 783/783/759 927/789/765 785/786/762
f 788/790/766 787/788/764 786/787/763
f 789/791/767 790/792/768 788/790/766
f 788/790/766 925/793/769 789/791/767
f 786/787/763 925/793/769 788/790/766
f 791/794/770 790/792/768 789/791/767
f 794/795/771 792/796/772 791/794/770
f 791/794/770 923/797/773 794/795/771
f 789/791/767 923/797/773 791/794/770
f 793/798/774 792/796/772 794/795/771
f 798/799/775 795/800/776 793/798/774
f 793/798/774 794/795/771 798/799/775
f 796/801/777 795/800/776 798/799/775
f 797/802/778 799/803/779 796/801/777
f 796/801/777 798/799/775 797/802/778
f 800/804/780 799/803/779 797/802/778
f 803/805/781 801/806/782 800/804/780
f 800/804/780 810/807/783 803/805/781
f 797/802/778 810/807/783 800/804/780
f 802/808/784 801/806/782 803/805/781
f 744/745/721 804/809/785 802/808/784
f 802/808/784 803/805/781 744/745/721
f 745/744/720 804/809/785 744/745/721
f 744/745/721 803/805/781 805/810/786
f 805/810/786 806/811/787 744/745/721
f 994/812/788 806/811/787 805/810/786
f 805/810/786 808/813/789 994/812/788
f 809/814/790 808/813/789 805/810/786
f 803/805/781 807/815/791 805/810/786
f 805/810/786 807/815/791 809/814/790
f 810/807/783 817/816/792 809/814/790
f 809/814/790 807/815/791 810/807/783
f 810/807/783 807/815/791 803/805/781
f 812/817/793 817/816/792 810/807/783
f 797/802/778 811/818/794 810/807/783
f 810/807/783 811/818/794 812/817/793
f 812/817/793 811/818/794 813/819/795
f 817/816/792 812/817/793 814/820/796
f 812/817/793 815/821/797 814/820/796
f 816/822/798 817/816/792 814/820/796
f 818/823/799 817/816/792 816/822/798
f 808/813/789 809/814/790 818/823/799
f 818/823/799 809/814/790 817/816/792
f 819/824/800 808/813/789 818/823/799
f 818/823/799 820/825/801 819/824/800
f 816/822/798 820/825/801 818/823/799
f 820/825/801 816/822/798 821/826/802
f 822/827/803 819/824/800 820/825/801
f 821/826/802 823/828/804 820/825/801
f 820/825/801 823/828/804 822/827/803
f 824/829/805 823/828/804 821/826/802
f 822/827/803 823/828/804 824/829/805
f 826/830/806 825/831/807 824/829/805
f 824/829/805 825/831/807 827/832/808
f 824/829/805 821/826/802 826/830/806
f 827/832/808 828/833/809 824/829/805
f 824/829/805 828/833/809 822/827/803
f 822/827/803 828/833/809 831/834/810
f 831/834/810 828/833/809 827/832/808
f 827/832/808 829/835/811 831/834/810
f 831/834/810 829/835/811 830/836/812
f 832/837/813 833/838/814 831/834/810
f 831/834/810 833/838/814 822/827/803
f 822/827/803 833/838/814 837/839/815
f 837/839/815 833/838/814 832/837/813
f 837/839/815 819/824/800 822/827/803
f 832/837/813 834/840/816 837/839/815
f 738/737/713 836/742/718 834/840/816
f 834/840/816 835/841/817 738/737/713
f 834/840/816 836/742/718 837/839/815
f 835/841/817 834/840/816 832/837/813
f 835/841/817 840/842/818 838/843/819
f 838/843/819 839/844/820 835/841/817
f 832/837/813 840/842/818 835/841/817
f 838/843/819 840/842/818 841/845/821
f 841/845/821 840/842/818 832/837/813
f 830/836/812 842/846/822 841/845/821
f 841/845/821 842/846/822 843/847/823
f 841/845/821 831/834/810 830/836/812
f 832/837/813 831/834/810 841/845/821
f 843/847/823 838/843/819 841/845/821
f 844/848/824 838/843/819 843/847/823
f 845/849/825 848/850/826 844/848/824
f 844/848/824 846/851/827 845/849/825
f 843/847/823 846/851/827 844/848/824
f 844/848/824 847/852/828 838/843/819
f 848/850/826 847/852/828 844/848/824
f 965/853/829 847/852/828 848/850/826
f 848/850/826 964/854/830 965/853/829
f 963/855/831 964/854/830 848/850/826
f 848/850/826 849/856/832 963/855/831
f 850/857/833 849/856/832 848/850/826
f 851/858/834 849/856/832 850/857/833
f 850/857/833 848/850/826 845/849/825
f 852/859/835 851/858/834 850/857/833
f 850/857/833 853/860/836 852/859/835
f 845/849/825 853/860/836 850/857/833
f 854/861/837 851/858/834 852/859/835
f 852/859/835 855/862/838 854/861/837
f 854/861/837 855/862/838 856/863/839
f 856/863/839 857/864/840 854/861/837
f 856/863/839 858/865/841 857/864/840
f 857/864/840 858/865/841 859/866/842
f 859/866/842 860/867/843 857/864/840
f 861/868/844 860/867/843 859/866/842
f 859/866/842 862/869/845 861/868/844
f 861/868/844 862/869/845 863/870/846
f 863/870/846 973/871/847 861/868/844
f 864/872/848 973/871/847 863/870/846
f 863/870/846 865/873/849 864/872/848
f 864/872/848 865/873/849 866/874/850
f 866/874/850 867/875/851 864/872/848
f 868/876/852 867/875/851 866/874/850
f 866/874/850 869/877/853 868/876/852
f 868/876/852 869/877/853 870/878/854
f 871/879/855 868/876/852 870/878/854
f 870/878/854 872/880/856 871/879/855
f 871/879/855 872/880/856 873/881/857
f 873/881/857 887/882/858 871/879/855
f 874/883/859 887/882/858 873/881/857
f 873/881/857 875/884/860 874/883/859
f 874/883/859 875/884/860 876/885/861
f 876/885/861 885/886/862 874/883/859
f 877/887/863 885/886/862 876/885/861
f 876/885/861 878/888/864 877/887/863
f 877/887/863 878/888/864 879/889/865
f 880/890/866 882/891/867 879/889/865
f 879/889/865 881/892/384 880/890/866
f 879/889/865 882/891/867 877/887/863
f 903/893/868 901/894/869 882/891/867
f 882/891/867 883/895/870 903/893/868
f 880/890/866 883/895/870 882/891/867
f 882/891/867 901/894/869 902/896/871
f 902/896/871 884/897/872 882/891/867
f 882/891/867 884/897/872 877/887/863
f 877/887/863 884/897/872 885/886/862
f 885/886/862 884/897/872 902/896/871
f 902/896/871 888/898/873 885/886/862
f 885/886/862 888/898/873 889/899/874
f 885/886/862 886/900/875 874/883/859
f 889/899/874 886/900/875 885/886/862
f 889/899/874 890/901/876 887/882/858
f 887/882/858 886/900/875 889/899/874
f 893/902/877 890/901/876 889/899/874
f 888/898/873 892/903/878 889/899/874
f 889/899/874 891/904/879 893/902/877
f 892/903/878 891/904/879 889/899/874
f 894/905/880 890/901/876 893/902/877
f 893/902/877 895/906/881 894/905/880
f 891/904/879 892/903/878 779/779/755
f 779/779/755 896/907/882 891/904/879
f 891/904/879 896/907/882 775/775/751
f 775/775/751 893/902/877 891/904/879
f 775/775/751 896/907/882 776/776/752
f 776/776/752 896/907/882 779/779/755
f 779/779/755 892/903/878 900/908/883
f 900/908/883 899/909/884 779/779/755
f 900/908/883 897/910/885 898/785/761
f 898/785/761 899/909/884 900/908/883
f 900/908/883 901/894/869 897/910/885
f 900/908/883 902/896/871 901/894/869
f 888/898/873 902/896/871 900/908/883
f 900/908/883 892/903/878 888/898/873
f 905/911/886 904/912/887 906/913/888
f 906/913/888 904/912/887 903/893/868
f 906/913/888 907/914/889 905/911/886
f 908/915/890 907/914/889 906/913/888
f 903/893/868 883/895/870 906/913/888
f 906/913/888 883/895/870 880/890/866
f 908/915/890 906/913/888 909/916/891
f 909/916/891 906/913/888 880/890/866
f 909/916/891 910/917/892 908/915/890
f 880/890/866 881/892/384 909/916/891
f 908/915/890 910/917/892 911/918/893
f 912/919/894 914/920/895 911/918/893
f 911/918/893 913/921/896 912/919/894
f 911/918/893 914/920/895 908/915/890
f 917/922/897 916/923/898 914/920/895
f 914/920/895 915/924/899 917/922/897
f 912/919/894 915/924/899 914/920/895
f 914/920/895 916/923/898 905/911/886
f 905/911/886 907/914/889 914/920/895
f 914/920/895 907/914/889 908/915/890
f 918/925/900 916/923/898 917/922/897
f 905/911/886 916/923/898 918/925/900
f 917/922/897 920/926/901 918/925/900
f 918/925/900 919/927/902 905/911/886
f 921/928/903 920/926/901 917/922/897
f 933/929/904 922/930/905 921/928/903
f 923/797/773 921/928/903 922/930/905
f 920/926/901 921/928/903 923/797/773
f 923/797/773 931/931/906 794/795/771
f 922/930/905 931/931/906 923/797/773
f 789/791/767 924/932/907 923/797/773
f 923/797/773 924/932/907 920/926/901
f 920/926/901 924/932/907 925/793/769
f 925/793/769 924/932/907 789/791/767
f 925/793/769 918/925/900 920/926/901
f 919/927/902 918/925/900 925/793/769
f 786/787/763 926/933/908 925/793/769
f 925/793/769 926/933/908 919/927/902
f 919/927/902 926/933/908 927/789/765
f 927/789/765 926/933/908 786/787/763
f 927/789/765 929/934/909 919/927/902
f 930/935/910 929/934/909 927/789/765
f 783/783/759 928/936/911 927/789/765
f 927/789/765 928/936/911 930/935/910
f 898/785/761 897/910/885 930/935/910
f 930/935/910 928/936/911 898/785/761
f 903/893/868 930/935/910 897/910/885
f 929/934/909 930/935/910 903/893/868
f 903/893/868 904/912/887 929/934/909
f 929/934/909 904/912/887 905/911/886
f 905/911/886 919/927/902 929/934/909
f 898/785/761 928/936/911 783/783/759
f 798/799/775 794/795/771 931/931/906
f 931/931/906 813/819/795 798/799/775
f 812/817/793 813/819/795 931/931/906
f 931/931/906 932/937/912 812/817/793
f 922/930/905 932/937/912 931/931/906
f 932/937/912 922/930/905 933/929/904
f 933/929/904 815/821/797 812/817/793
f 812/817/793 932/937/912 933/929/904
f 933/929/904 934/938/913 935/939/914
f 935/939/914 937/940/915 933/929/904
f 933/929/904 937/940/915 936/941/916
f 938/942/917 937/940/915 935/939/914
f 936/941/916 937/940/915 938/942/917
f 940/943/918 939/944/919 938/942/917
f 938/942/917 939/944/919 941/945/920
f 938/942/917 935/939/914 940/943/918
f 941/945/920 944/946/921 938/942/917
f 938/942/917 944/946/921 936/941/916
f 941/945/920 942/947/922 944/946/921
f 944/946/921 942/947/922 943/948/923
f 945/949/924 936/941/916 944/946/921
f 815/821/797 936/941/916 945/949/924
f 814/820/796 815/821/797 945/949/924
f 945/949/924 946/950/925 814/820/796
f 947/951/926 946/950/925 945/949/924
f 945/949/924 944/946/921 947/951/926
f 943/948/923 948/952/927 947/951/926
f 947/951/926 948/952/927 826/830/806
f 947/951/926 944/946/921 943/948/923
f 826/830/806 821/826/802 947/951/926
f 821/826/802 946/950/925 947/951/926
f 814/820/796 946/950/925 821/826/802
f 821/826/802 816/822/798 814/820/796
f 940/943/918 935/939/914 912/919/894
f 912/919/894 913/921/896 940/943/918
f 815/821/797 933/929/904 936/941/916
f 935/939/914 934/938/913 917/922/897
f 917/922/897 915/924/899 935/939/914
f 935/939/914 915/924/899 912/919/894
f 934/938/913 921/928/903 917/922/897
f 933/929/904 921/928/903 934/938/913
f 897/910/885 901/894/869 903/893/868
f 779/779/755 899/909/884 780/780/756
f 780/780/756 899/909/884 898/785/761
f 895/906/881 893/902/877 775/775/751
f 775/775/751 949/953/928 895/906/881
f 772/772/748 949/953/928 775/775/751
f 949/953/928 772/772/748 769/769/745
f 991/954/929 978/955/930 949/953/928
f 949/953/928 950/956/931 991/954/929
f 949/953/928 978/955/930 895/906/881
f 769/769/745 950/956/931 949/953/928
f 950/956/931 769/769/745 766/766/742
f 990/957/932 991/954/929 950/956/931
f 950/956/931 951/958/933 990/957/932
f 766/766/742 951/958/933 950/956/931
f 990/957/932 951/958/933 765/765/741
f 765/765/741 951/958/933 766/766/742
f 988/959/934 989/960/935 765/765/741
f 765/765/741 952/961/936 988/959/934
f 765/765/741 989/960/935 990/957/932
f 762/762/738 952/961/936 765/765/741
f 988/959/934 952/961/936 953/962/937
f 953/962/937 952/961/936 762/762/738
f 953/962/937 762/762/738 759/759/735
f 987/963/938 986/964/939 953/962/937
f 953/962/937 954/965/940 987/963/938
f 953/962/937 986/964/939 988/959/934
f 759/759/735 954/965/940 953/962/937
f 987/963/938 954/965/940 955/966/941
f 955/966/941 954/965/940 759/759/735
f 955/966/941 759/759/735 756/756/732
f 993/967/942 992/968/943 955/966/941
f 955/966/941 956/969/944 993/967/942
f 955/966/941 992/968/943 987/963/938
f 756/756/732 956/969/944 955/966/941
f 993/967/942 956/969/944 755/755/731
f 755/755/731 956/969/944 756/756/732
f 960/970/945 961/971/946 755/755/731
f 755/755/731 957/972/947 960/970/945
f 755/755/731 961/971/946 993/967/942
f 752/752/728 957/972/947 755/755/731
f 960/970/945 957/972/947 751/751/727
f 751/751/727 957/972/947 752/752/728
f 739/973/948 959/974/949 751/751/727
f 751/751/727 958/975/950 739/973/948
f 751/751/727 959/974/949 960/970/945
f 748/748/724 958/975/950 751/751/727
f 739/973/948 958/975/950 740/739/715
f 740/739/715 958/975/950 748/748/724
f 739/973/948 964/854/830 959/974/949
f 959/974/949 964/854/830 960/970/945
f 960/970/945 962/976/951 961/971/946
f 960/970/945 963/855/831 962/976/951
f 964/854/830 963/855/831 960/970/945
f 739/973/948 965/853/829 964/854/830
f 839/844/820 965/853/829 739/973/948
f 962/976/951 966/977/952 993/967/942
f 966/977/952 962/976/951 851/858/834
f 851/858/834 968/978/953 966/977/952
f 966/977/952 968/978/953 969/979/954
f 969/979/954 967/980/955 966/977/952
f 985/981/956 967/980/955 969/979/954
f 854/861/837 857/864/840 969/979/954
f 969/979/954 968/978/953 854/861/837
f 969/979/954 970/982/957 985/981/956
f 857/864/840 970/982/957 969/979/954
f 985/981/956 970/982/957 971/983/958
f 971/983/958 970/982/957 857/864/840
f 983/984/959 984/985/960 971/983/958
f 971/983/958 984/985/960 985/981/956
f 857/864/840 860/867/843 971/983/958
f 971/983/958 860/867/843 861/868/844
f 971/983/958 972/986/961 983/984/959
f 861/868/844 972/986/961 971/983/958
f 983/984/959 972/986/961 973/871/847
f 973/871/847 972/986/961 861/868/844
f 979/987/962 981/988/963 973/871/847
f 973/871/847 981/988/963 983/984/959
f 973/871/847 974/989/964 979/987/962
f 864/872/848 974/989/964 973/871/847
f 979/987/962 974/989/964 975/990/965
f 975/990/965 974/989/964 864/872/848
f 975/990/965 980/991/966 979/987/962
f 864/872/848 867/875/851 975/990/965
f 975/990/965 867/875/851 868/876/852
f 975/990/965 976/992/967 980/991/966
f 868/876/852 976/992/967 975/990/965
f 976/992/967 894/905/880 980/991/966
f 976/992/967 868/876/852 871/879/855
f 976/992/967 977/993/968 894/905/880
f 871/879/855 977/993/968 976/992/967
f 894/905/880 977/993/968 887/882/858
f 887/882/858 977/993/968 871/879/855
f 887/882/858 890/901/876 894/905/880
f 894/905/880 978/955/930 991/954/929
f 991/954/929 980/991/966 894/905/880
f 982/994/969 983/984/959 981/988/963
f 984/985/960 983/984/959 982/994/969
f 984/985/960 986/964/939 985/981/956
f 982/994/969 986/964/939 984/985/960
f 986/964/939 987/963/938 985/981/956
f 982/994/969 988/959/934 986/964/939
f 989/960/935 988/959/934 982/994/969
f 979/987/962 990/957/932 989/960/935
f 989/960/935 981/988/963 979/987/962
f 982/994/969 981/988/963 989/960/935
f 991/954/929 990/957/932 979/987/962
f 979/987/962 980/991/966 991/954/929
f 894/905/880 895/906/881 978/955/930
f 985/981/956 987/963/938 992/968/943
f 985/981/956 992/968/943 967/980/955
f 967/980/955 992/968/943 993/967/942
f 854/861/837 968/978/953 851/858/834
f 993/967/942 966/977/952 967/980/955
f 851/858/834 962/976/951 963/855/831
f 961/971/946 962/976/951 993/967/942
f 874/883/859 886/900/875 887/882/858
f 963/855/831 849/856/832 851/858/834
f 965/853/829 839/844/820 838/843/819
f 838/843/819 847/852/828 965/853/829
f 738/737/713 835/841/817 839/844/820
f 839/844/820 737/738/714 738/737/713
f 739/973/948 737/738/714 839/844/820
f 836/742/718 994/812/788 837/839/815
f 837/839/815 808/813/789 819/824/800
f 837/839/815 994/812/788 808/813/789
f 797/802/778 798/799/775 813/819/795
f 813/819/795 811/818/794 797/802/778
f 994/812/788 836/742/718 741/741/717
f 741/741/717 806/811/787 994/812/788
f 744/745/721 806/811/787 741/741/717
f 740/739/715 737/738/714 739/973/948
f 995/995/970 997/996/971 996/997/972
f 1135/998/973 997/996/971 995/995/970
f 995/995/970 996/997/972 998/999/974
f 995/995/970 1000/1000/975 1135/998/973
f 1001/1001/976 1000/1000/975 995/995/970
f 998/999/974 999/1002/977 995/995/970
f 995/995/970 999/1002/977 1001/1001/976
f 1002/1003/978 1001/1001/976 999/1002/977
f 999/1002/977 1004/1004/979 1002/1003/978
f 1002/1003/978 1007/1005/980 1003/1006/981
f 1003/1006/981 1006/1007/982 1002/1003/978
f 1002/1003/978 1004/1004/979 1005/1008/983
f 1005/1008/983 1007/1005/980 1002/1003/978
f 1002/1003/978 1006/1007/982 1001/1001/976
f 1003/1006/981 1007/1005/980 1009/1009/984
f 1009/1009/984 1007/1005/980 1005/1008/983
f 1009/1009/984 1008/1010/985 1003/1006/981
f 1010/1011/986 1008/1010/985 1009/1009/984
f 1009/1009/984 1012/1012/987 1010/1011/986
f 1011/1013/988 1012/1012/987 1009/1009/984
f 1016/1014/989 1013/1015/990 1011/1013/988
f 1011/1013/988 1009/1009/984 1016/1014/989
f 1014/1016/991 1013/1015/990 1016/1014/989
f 1015/1017/992 1017/1018/993 1014/1016/991
f 1014/1016/991 1016/1014/989 1015/1017/992
f 1018/1019/994 1017/1018/993 1015/1017/992
f 1019/1020/995 1021/1021/996 1018/1019/994
f 1018/1019/994 1020/1022/997 1019/1020/995
f 1015/1017/992 1020/1022/997 1018/1019/994
f 1022/1023/998 1021/1021/996 1019/1020/995
f 1019/1020/995 1025/1024/999 1022/1023/998
f 1023/1025/1000 1024/1026/1001 1022/1023/998
f 1022/1023/998 1025/1024/999 1023/1025/1000
f 1023/1025/1000 1025/1024/999 1026/1027/1002
f 1026/1027/1002 1025/1024/999 1019/1020/995
f 1019/1020/995 1027/1028/1003 1026/1027/1002
f 1026/1027/1002 1027/1028/1003 1029/1029/1004
f 1026/1027/1002 1028/1030/1005 1023/1025/1000
f 1031/1031/1006 1028/1030/1005 1026/1027/1002
f 1029/1029/1004 1030/1032/1007 1026/1027/1002
f 1026/1027/1002 1030/1032/1007 1031/1031/1006
f 1031/1031/1006 1030/1032/1007 1034/1033/1008
f 1035/1034/1009 1028/1030/1005 1031/1031/1006
f 1031/1031/1006 1034/1033/1008 1032/1035/1010
f 1032/1035/1010 1033/1036/1011 1031/1031/1006
f 1031/1031/1006 1033/1036/1011 1035/1034/1009
f 1023/1025/1000 1028/1030/1005 1035/1034/1009
f 1035/1034/1009 1036/1037/1012 1023/1025/1000
f 1037/1038/1013 1036/1037/1012 1035/1034/1009
f 1035/1034/1009 1033/1036/1011 1038/1039/1014
f 1040/1040/1015 1035/1034/1009 1038/1039/1014
f 1038/1039/1014 1033/1036/1011 1032/1035/1010
f 1032/1035/1010 1042/1041/1016 1038/1039/1014
f 1038/1039/1014 1039/1042/1017 1040/1040/1015
f 1041/1043/1018 1039/1042/1017 1038/1039/1014
f 1038/1039/1014 1042/1041/1016 1041/1043/1018
f 1041/1043/1018 1043/1044/1019 1044/1045/1020
f 1044/1045/1020 1039/1042/1017 1041/1043/1018
f 1044/1045/1020 1043/1044/1019 1045/1046/1021
f 1045/1046/1021 1046/1047/1022 1044/1045/1020
f 1040/1040/1015 1039/1042/1017 1044/1045/1020
f 1044/1045/1020 1047/1048/1023 1040/1040/1015
f 1044/1045/1020 1046/1047/1022 1048/1049/1024
f 1048/1049/1024 1047/1048/1023 1044/1045/1020
f 1048/1049/1024 1050/1050/1025 1049/1051/1026
f 1051/1052/1027 1050/1050/1025 1048/1049/1024
f 1048/1049/1024 1049/1051/1026 1198/1053/1028
f 1198/1053/1028 1047/1048/1023 1048/1049/1024
f 1048/1049/1024 1046/1047/1022 1051/1052/1027
f 1051/1052/1027 1046/1047/1022 1045/1046/1021
f 1045/1046/1021 1113/1054/1029 1051/1052/1027
f 1051/1052/1027 1053/1055/1030 1052/1056/1031
f 1052/1056/1031 1050/1050/1025 1051/1052/1027
f 1113/1054/1029 1053/1055/1030 1051/1052/1027
f 1052/1056/1031 1053/1055/1030 1055/1057/1032
f 1055/1057/1032 1053/1055/1030 1113/1054/1029
f 1055/1057/1032 1056/1058/1033 1052/1056/1031
f 1054/1059/1034 1056/1058/1033 1055/1057/1032
f 1113/1054/1029 1057/1060/1035 1055/1057/1032
f 1057/1060/1035 1058/1061/1036 1060/1062/1037
f 1060/1062/1037 1055/1057/1032 1057/1060/1035
f 1059/1063/1038 1054/1059/1034 1060/1062/1037
f 1054/1059/1034 1055/1057/1032 1060/1062/1037
f 1059/1063/1038 1060/1062/1037 1061/1064/1039
f 1061/1064/1039 1060/1062/1037 1058/1061/1036
f 1061/1064/1039 1065/1065/1040 1059/1063/1038
f 1058/1061/1036 1064/1066/1041 1061/1064/1039
f 1061/1064/1039 1062/1067/1042 1063/1068/1043
f 1064/1066/1041 1062/1067/1042 1061/1064/1039
f 1063/1068/1043 1065/1065/1040 1061/1064/1039
f 1059/1063/1038 1065/1065/1040 1066/1069/1044
f 1066/1069/1044 1065/1065/1040 1063/1068/1043
f 1066/1069/1044 1188/1070/1045 1059/1063/1038
f 1067/1071/1046 1188/1070/1045 1066/1069/1044
f 1063/1068/1043 1068/1072/1047 1066/1069/1044
f 1066/1069/1044 1069/1073/1048 1067/1071/1046
f 1066/1069/1044 1068/1072/1047 1070/1074/1049
f 1070/1074/1049 1069/1073/1048 1066/1069/1044
f 1071/1075/1050 1072/1076/1051 1070/1074/1049
f 1070/1074/1049 1068/1072/1047 1071/1075/1050
f 1073/1077/1052 1072/1076/1051 1071/1075/1050
f 1074/1078/1053 1075/1079/1054 1073/1077/1052
f 1073/1077/1052 1076/1080/1055 1074/1078/1053
f 1071/1075/1050 1076/1080/1055 1073/1077/1052
f 1074/1078/1053 1076/1080/1055 1077/1081/1056
f 1077/1081/1056 1076/1080/1055 1071/1075/1050
f 1071/1075/1050 1078/1082/1057 1077/1081/1056
f 1077/1081/1056 1078/1082/1057 1080/1083/1058
f 1077/1081/1056 1079/1084/1059 1074/1078/1053
f 1082/1085/1060 1079/1084/1059 1077/1081/1056
f 1080/1083/1058 1081/1086/1061 1077/1081/1056
f 1077/1081/1056 1081/1086/1061 1082/1085/1060
f 1082/1085/1060 1085/1087/1062 1083/1088/1063
f 1083/1088/1063 1084/1089/1064 1082/1085/1060
f 1082/1085/1060 1081/1086/1061 1086/1090/1065
f 1082/1085/1060 1084/1089/1064 1087/1091/1066
f 1086/1090/1065 1085/1087/1062 1082/1085/1060
f 1087/1091/1066 1079/1084/1059 1082/1085/1060
f 1074/1078/1053 1079/1084/1059 1087/1091/1066
f 1087/1091/1066 1088/1092/1067 1074/1078/1053
f 1089/1093/1068 1088/1092/1067 1087/1091/1066
f 1087/1091/1066 1090/1094/1069 1089/1093/1068
f 1091/1095/1070 1090/1094/1069 1087/1091/1066
f 1087/1091/1066 1084/1089/1064 1091/1095/1070
f 1091/1095/1070 1084/1089/1064 1083/1088/1063
f 1083/1088/1063 1095/1096/1071 1091/1095/1070
f 1092/1097/1072 1090/1094/1069 1091/1095/1070
f 1091/1095/1070 1094/1098/1073 1092/1097/1072
f 1091/1095/1070 1095/1096/1071 1093/1099/1074
f 1093/1099/1074 1094/1098/1073 1091/1095/1070
f 1095/1096/1071 1184/1100/1075 1175/1101/1076
f 1175/1101/1076 1093/1099/1074 1095/1096/1071
f 1095/1096/1071 1083/1088/1063 1183/1102/1077
f 1183/1102/1077 1184/1100/1075 1095/1096/1071
f 1085/1087/1062 1185/1103/1078 1183/1102/1077
f 1183/1102/1077 1083/1088/1063 1085/1087/1062
f 1086/1090/1065 1097/1104/1079 1085/1087/1062
f 1085/1087/1062 1097/1104/1079 1096/1105/1080
f 1096/1105/1080 1185/1103/1078 1085/1087/1062
f 1096/1105/1080 1097/1104/1079 1058/1061/1036
f 1058/1061/1036 1097/1104/1079 1064/1066/1041
f 1058/1061/1036 1098/1106/1081 1096/1105/1080
f 1058/1061/1036 1099/1107/1082 1098/1106/1081
f 1098/1106/1081 1099/1107/1082 1100/1108/1083
f 1101/1109/1084 1103/1110/1085 1102/1111/1086
f 1105/1112/1087 1103/1110/1085 1101/1109/1084
f 1101/1109/1084 1102/1111/1086 1104/1113/1088
f 1101/1109/1084 1100/1108/1083 1105/1112/1087
f 1109/1114/1089 1103/1110/1085 1105/1112/1087
f 1105/1112/1087 1106/1115/1090 1109/1114/1089
f 1107/1116/1091 1106/1115/1090 1105/1112/1087
f 1105/1112/1087 1099/1107/1082 1107/1116/1091
f 1105/1112/1087 1100/1108/1083 1099/1107/1082
f 1109/1114/1089 1108/1117/1092 1102/1111/1086
f 1102/1111/1086 1103/1110/1085 1109/1114/1089
f 1106/1115/1090 1107/1116/1091 1110/1118/1093
f 1110/1118/1093 1111/1119/1094 1106/1115/1090
f 1106/1115/1090 1111/1119/1094 1112/1120/1095
f 1112/1120/1095 1109/1114/1089 1106/1115/1090
f 1110/1118/1093 1107/1116/1091 1113/1054/1029
f 1113/1054/1029 1045/1046/1021 1110/1118/1093
f 1057/1060/1035 1113/1054/1029 1107/1116/1091
f 1110/1118/1093 1045/1046/1021 1043/1044/1019
f 1114/1121/1096 1115/1122/1097 1112/1120/1095
f 1116/1123/1098 1114/1121/1096 1112/1120/1095
f 1112/1120/1095 1115/1122/1097 1108/1117/1092
f 1108/1117/1092 1109/1114/1089 1112/1120/1095
f 1112/1120/1095 1111/1119/1094 1116/1123/1098
f 1116/1123/1098 1118/1124/1099 1117/1125/1100
f 1117/1125/1100 1114/1121/1096 1116/1123/1098
f 1116/1123/1098 1111/1119/1094 1110/1118/1093
f 1118/1124/1099 1116/1123/1098 1043/1044/1019
f 1043/1044/1019 1116/1123/1098 1110/1118/1093
f 1117/1125/1100 1118/1124/1099 1119/1126/1101
f 1119/1126/1101 1120/1127/1102 1117/1125/1100
f 1118/1124/1099 1121/1128/1103 1119/1126/1101
f 1034/1033/1008 1122/1129/1104 1121/1128/1103
f 1121/1128/1103 1032/1035/1010 1034/1033/1008
f 1042/1041/1016 1032/1035/1010 1121/1128/1103
f 1121/1128/1103 1122/1129/1104 1123/1130/1105
f 1123/1130/1105 1119/1126/1101 1121/1128/1103
f 1120/1127/1102 1119/1126/1101 1123/1130/1105
f 1123/1130/1105 1124/1131/1106 1120/1127/1102
f 1125/1132/1107 1123/1130/1105 1122/1129/1104
f 1124/1131/1106 1123/1130/1105 1125/1132/1107
f 1122/1129/1104 1126/1133/1108 1125/1132/1107
f 1125/1132/1107 1126/1133/1108 1127/1134/1109
f 1125/1132/1107 1129/1135/1110 1124/1131/1106
f 1125/1132/1107 1127/1134/1109 1128/1136/1111
f 1128/1136/1111 1129/1135/1110 1125/1132/1107
f 1130/1137/1112 1129/1135/1110 1128/1136/1111
f 1124/1131/1106 1129/1135/1110 1130/1137/1112
f 1130/1137/1112 1004/1004/979 999/1002/977
f 999/1002/977 998/999/974 1130/1137/1112
f 1005/1008/983 1004/1004/979 1130/1137/1112
f 1128/1136/1111 1131/1138/1113 1130/1137/1112
f 1130/1137/1112 1131/1138/1113 1005/1008/983
f 1130/1137/1112 998/999/974 1124/1131/1106
f 1005/1008/983 1131/1138/1113 1016/1014/989
f 1016/1014/989 1131/1138/1113 1128/1136/1111
f 1015/1017/992 1016/1014/989 1128/1136/1111
f 1128/1136/1111 1127/1134/1109 1015/1017/992
f 1019/1020/995 1020/1022/997 1127/1134/1109
f 1127/1134/1109 1027/1028/1003 1019/1020/995
f 1029/1029/1004 1027/1028/1003 1127/1134/1109
f 1127/1134/1109 1020/1022/997 1015/1017/992
f 1127/1134/1109 1126/1133/1108 1029/1029/1004
f 1029/1029/1004 1126/1133/1108 1122/1129/1104
f 1120/1127/1102 1124/1131/1106 998/999/974
f 1122/1129/1104 1034/1033/1008 1029/1029/1004
f 1117/1125/1100 1120/1127/1102 996/997/972
f 998/999/974 996/997/972 1120/1127/1102
f 1042/1041/1016 1121/1128/1103 1118/1124/1099
f 1043/1044/1019 1041/1043/1018 1118/1124/1099
f 1118/1124/1099 1041/1043/1018 1042/1041/1016
f 1117/1125/1100 1132/1139/1114 1114/1121/1096
f 996/997/972 1132/1139/1114 1117/1125/1100
f 1114/1121/1096 1132/1139/1114 1133/1140/1115
f 1133/1140/1115 1132/1139/1114 996/997/972
f 1133/1140/1115 1115/1122/1097 1114/1121/1096
f 1108/1117/1092 1115/1122/1097 1133/1140/1115
f 1133/1140/1115 1134/1141/1116 1108/1117/1092
f 1135/998/973 1134/1141/1116 1133/1140/1115
f 1133/1140/1115 997/996/971 1135/998/973
f 996/997/972 997/996/971 1133/1140/1115
f 1102/1111/1086 1108/1117/1092 1134/1141/1116
f 1138/1142/1117 1136/1143/1118 1134/1141/1116
f 1134/1141/1116 1135/998/973 1138/1142/1117
f 1134/1141/1116 1136/1143/1118 1102/1111/1086
f 1178/1144/1119 1136/1143/1118 1138/1142/1117
f 1102/1111/1086 1136/1143/1118 1178/1144/1119
f 1104/1113/1088 1102/1111/1086 1178/1144/1119
f 1178/1144/1119 1138/1142/1117 1137/1145/1120
f 1137/1145/1120 1138/1142/1117 1139/1146/1121
f 1139/1146/1121 1140/1147/1122 1180/1148/1123
f 1140/1147/1122 1139/1146/1121 1000/1000/975
f 1000/1000/975 1001/1001/976 1140/1147/1122
f 1182/1149/1124 1180/1148/1123 1140/1147/1122
f 1140/1147/1122 1141/1150/1125 1182/1149/1124
f 1141/1150/1125 1006/1007/982 1003/1006/981
f 1003/1006/981 1142/1151/1126 1141/1150/1125
f 1141/1150/1125 1140/1147/1122 1001/1001/976
f 1001/1001/976 1006/1007/982 1141/1150/1125
f 1182/1149/1124 1141/1150/1125 1142/1151/1126
f 1143/1152/1127 1142/1151/1126 1003/1006/981
f 1003/1006/981 1008/1010/985 1143/1152/1127
f 1143/1152/1127 1008/1010/985 1010/1011/986
f 1143/1152/1127 1145/1153/1128 1144/1154/1129
f 1010/1011/986 1145/1153/1128 1143/1152/1127
f 1144/1154/1129 1146/1155/1130 1143/1152/1127
f 1143/1152/1127 1146/1155/1130 1147/1156/1131
f 1147/1156/1131 1148/1157/1132 1149/1158/1133
f 1147/1156/1131 1149/1158/1133 1143/1152/1127
f 1151/1159/1134 1150/1160/1135 1149/1158/1133
f 1149/1158/1133 1152/1161/1136 1151/1159/1134
f 1153/1162/1137 1152/1161/1136 1149/1158/1133
f 1149/1158/1133 1148/1157/1132 1153/1162/1137
f 1154/1163/1138 1152/1161/1136 1153/1162/1137
f 1153/1162/1137 1155/1164/1139 1154/1163/1138
f 1154/1163/1138 1155/1164/1139 1156/1165/1140
f 1156/1165/1140 1157/1166/1141 1154/1163/1138
f 1158/1167/1142 1157/1166/1141 1156/1165/1140
f 1156/1165/1140 1159/1168/1143 1158/1167/1142
f 1158/1167/1142 1159/1168/1143 1160/1169/1144
f 1160/1169/1144 1161/1170/1145 1158/1167/1142
f 1089/1093/1068 1161/1170/1145 1160/1169/1144
f 1160/1169/1144 1162/1171/1146 1089/1093/1068
f 1089/1093/1068 1162/1171/1146 1163/1172/1147
f 1163/1172/1147 1075/1079/1054 1074/1078/1053
f 1163/1172/1147 1088/1092/1067 1089/1093/1068
f 1074/1078/1053 1088/1092/1067 1163/1172/1147
f 1158/1167/1142 1161/1170/1145 1092/1097/1072
f 1092/1097/1072 1161/1170/1145 1089/1093/1068
f 1165/1173/1148 1157/1166/1141 1158/1167/1142
f 1092/1097/1072 1164/1174/1149 1158/1167/1142
f 1158/1167/1142 1164/1174/1149 1165/1173/1148
f 1154/1163/1138 1157/1166/1141 1165/1173/1148
f 1165/1173/1148 1164/1174/1149 1167/1175/1150
f 1165/1173/1148 1166/1176/1151 1154/1163/1138
f 1169/1177/1152 1166/1176/1151 1165/1173/1148
f 1167/1175/1150 1168/1178/1153 1165/1173/1148
f 1165/1173/1148 1168/1178/1153 1169/1177/1152
f 1169/1177/1152 1173/1179/1154 1170/1180/1155
f 1170/1180/1155 1172/1181/1156 1169/1177/1152
f 1169/1177/1152 1168/1178/1153 1171/1182/1157
f 1171/1182/1157 1173/1179/1154 1169/1177/1152
f 1169/1177/1152 1172/1181/1156 1151/1159/1134
f 1151/1159/1134 1166/1176/1151 1169/1177/1152
f 1175/1101/1076 1176/1183/1158 1177/1184/1159
f 1177/1184/1159 1176/1183/1158 1174/1185/1160
f 1177/1184/1159 1093/1099/1074 1175/1101/1076
f 1174/1185/1160 1173/1179/1154 1177/1184/1159
f 1177/1184/1159 1173/1179/1154 1171/1182/1157
f 1093/1099/1074 1177/1184/1159 1167/1175/1150
f 1167/1175/1150 1177/1184/1159 1171/1182/1157
f 1174/1185/1160 1176/1183/1158 1137/1145/1120
f 1137/1145/1120 1176/1183/1158 1175/1101/1076
f 1137/1145/1120 1179/1186/1161 1174/1185/1160
f 1137/1145/1120 1175/1101/1076 1178/1144/1119
f 1174/1185/1160 1179/1186/1161 1180/1148/1123
f 1170/1180/1155 1173/1179/1154 1180/1148/1123
f 1180/1148/1123 1173/1179/1154 1174/1185/1160
f 1181/1187/1162 1170/1180/1155 1180/1148/1123
f 1180/1148/1123 1182/1149/1124 1181/1187/1162
f 1181/1187/1162 1182/1149/1124 1150/1160/1135
f 1181/1187/1162 1172/1181/1156 1170/1180/1155
f 1151/1159/1134 1172/1181/1156 1181/1187/1162
f 1181/1187/1162 1150/1160/1135 1151/1159/1134
f 1178/1144/1119 1175/1101/1076 1184/1100/1075
f 1184/1100/1075 1183/1102/1077 1101/1109/1084
f 1101/1109/1084 1104/1113/1088 1184/1100/1075
f 1184/1100/1075 1104/1113/1088 1178/1144/1119
f 1101/1109/1084 1183/1102/1077 1100/1108/1083
f 1183/1102/1077 1185/1103/1078 1100/1108/1083
f 1100/1108/1083 1185/1103/1078 1096/1105/1080
f 1179/1186/1161 1139/1146/1121 1180/1148/1123
f 1137/1145/1120 1139/1146/1121 1179/1186/1161
f 1171/1182/1157 1168/1178/1153 1167/1175/1150
f 1167/1175/1150 1164/1174/1149 1092/1097/1072
f 1092/1097/1072 1094/1098/1073 1167/1175/1150
f 1167/1175/1150 1094/1098/1073 1093/1099/1074
f 1154/1163/1138 1166/1176/1151 1151/1159/1134
f 1151/1159/1134 1152/1161/1136 1154/1163/1138
f 1143/1152/1127 1149/1158/1133 1150/1160/1135
f 1150/1160/1135 1142/1151/1126 1143/1152/1127
f 1182/1149/1124 1142/1151/1126 1150/1160/1135
f 1000/1000/975 1139/1146/1121 1138/1142/1117
f 1138/1142/1117 1135/998/973 1000/1000/975
f 1107/1116/1091 1099/1107/1082 1057/1060/1035
f 1058/1061/1036 1057/1060/1035 1099/1107/1082
f 1096/1105/1080 1098/1106/1081 1100/1108/1083
f 1080/1083/1058 1097/1104/1079 1086/1090/1065
f 1064/1066/1041 1097/1104/1079 1080/1083/1058
f 1089/1093/1068 1090/1094/1069 1092/1097/1072
f 1086/1090/1065 1081/1086/1061 1080/1083/1058
f 1063/1068/1043 1062/1067/1042 1080/1083/1058
f 1080/1083/1058 1062/1067/1042 1064/1066/1041
f 1080/1083/1058 1078/1082/1057 1063/1068/1043
f 1063/1068/1043 1078/1082/1057 1071/1075/1050
f 1071/1075/1050 1068/1072/1047 1063/1068/1043
f 1067/1071/1046 1186/1188/1163 1188/1070/1045
f 1188/1070/1045 1186/1188/1163 1187/1189/1164
f 1189/1190/1165 1188/1070/1045 1187/1189/1164
f 1187/1189/1164 1190/1191/1166 1189/1190/1165
f 1189/1190/1165 1190/1191/1166 1191/1192/1167
f 1191/1192/1167 1192/1193/1168 1049/1051/1026
f 1191/1192/1167 1193/1194/1169 1189/1190/1165
f 1049/1051/1026 1193/1194/1169 1191/1192/1167
f 1189/1190/1165 1193/1194/1169 1052/1056/1031
f 1052/1056/1031 1193/1194/1169 1049/1051/1026
f 1049/1051/1026 1192/1193/1168 1194/1195/1170
f 1198/1053/1028 1049/1051/1026 1194/1195/1170
f 1194/1195/1170 1195/1196/1171 1198/1053/1028
f 1198/1053/1028 1195/1196/1171 1196/1197/1172
f 1196/1197/1172 1197/1198/1173 1037/1038/1013
f 1037/1038/1013 1198/1053/1028 1196/1197/1172
f 1040/1040/1015 1198/1053/1028 1037/1038/1013
f 1037/1038/1013 1197/1198/1173 1199/1199/1174
f 1199/1199/1174 1036/1037/1012 1037/1038/1013
f 1023/1025/1000 1036/1037/1012 1199/1199/1174
f 1199/1199/1174 1024/1026/1001 1023/1025/1000
f 1189/1190/1165 1056/1058/1033 1054/1059/1034
f 1054/1059/1034 1188/1070/1045 1189/1190/1165
f 1052/1056/1031 1056/1058/1033 1189/1190/1165
f 1188/1070/1045 1054/1059/1034 1059/1063/1038
f 1049/1051/1026 1050/1050/1025 1052/1056/1031
f 1040/1040/1015 1047/1048/1023 1198/1053/1028
f 1037/1038/1013 1035/1034/1009 1040/1040/1015
f 1034/1033/1008 1030/1032/1007 1029/1029/1004
f 1016/1014/989 1009/1009/984 1005/1008/983
f 1201/1200/1175 1203/1201/1176 1200/1202/1177
f 1200/1202/1177 1202/1203/1178 1201/1200/1175
f 1200/1202/1177 1203/1201/1176 1204/1204/1179
f 1204/1204/1179 1287/1205/1180 1200/1202/1177
f 1202/1203/1178 1200/1202/1177 1206/1206/1181
f 1287/1205/1180 1207/1207/1182 1206/1206/1181
f 1206/1206/1181 1200/1202/1177 1287/1205/1180
f 1208/1208/1183 1207/1207/1182 1287/1205/1180
f 1288/1209/1184 1209/1210/1185 1208/1208/1183
f 1208/1208/1183 1287/1205/1180 1288/1209/1184
f 1210/1211/1186 1209/1210/1185 1288/1209/1184
f 1289/1212/1187 1211/1213/1188 1210/1211/1186
f 1210/1211/1186 1288/1209/1184 1289/1212/1187
f 1212/1214/1189 1211/1213/1188 1289/1212/1187
f 1212/1214/1189 1290/1215/1190 1291/1216/1191
f 1289/1212/1187 1290/1215/1190 1212/1214/1189
f 1245/1217/1192 1214/1218/1193 1213/1219/1194
f 1213/1219/1194 1292/1220/1195 1245/1217/1192
f 1291/1216/1191 1292/1220/1195 1213/1219/1194
f 1215/1221/1196 1214/1218/1193 1245/1217/1192
f 1244/1222/1197 1216/1223/1198 1215/1221/1196
f 1215/1221/1196 1245/1217/1192 1244/1222/1197
f 1242/1224/1199 1216/1223/1198 1244/1222/1197
f 1221/1225/1200 1218/1226/1201 1217/1227/1202
f 1217/1227/1202 1235/1228/1203 1221/1225/1200
f 1236/1229/1204 1235/1228/1203 1217/1227/1202
f 1219/1230/1205 1218/1226/1201 1221/1225/1200
f 1221/1225/1200 1220/1231/1206 1219/1230/1205
f 1219/1230/1205 1220/1231/1206 1223/1232/1207
f 1221/1225/1200 1222/1233/1208 1220/1231/1206
f 1220/1231/1206 1222/1233/1208 1231/1234/1209
f 1231/1234/1209 1223/1232/1207 1220/1231/1206
f 1297/1235/1210 1223/1232/1207 1231/1234/1209
f 1297/1235/1210 1229/1236/1211 1224/1237/1212
f 1231/1234/1209 1229/1236/1211 1297/1235/1210
f 1224/1237/1212 1228/1238/1213 1225/1239/1214
f 1227/1240/1215 1226/1241/1216 1225/1239/1214
f 1225/1239/1214 1228/1238/1213 1227/1240/1215
f 1224/1237/1212 1230/1242/1217 1228/1238/1213
f 1234/1243/1218 1238/1244/1219 1235/1228/1203
f 1235/1228/1203 1236/1229/1204 1234/1243/1218
f 1234/1243/1218 1236/1229/1204 1237/1245/1220
f 1234/1243/1218 1237/1245/1220 1233/1246/1221
f 1233/1246/1221 1237/1245/1220 1239/1247/1222
f 1242/1224/1199 1240/1248/1223 1239/1247/1222
f 1237/1245/1220 1241/1249/1224 1239/1247/1222
f 1239/1247/1222 1241/1249/1224 1242/1224/1199
f 1243/1250/1225 1240/1248/1223 1242/1224/1199
f 1242/1224/1199 1244/1222/1197 1243/1250/1225
f 1243/1250/1225 1244/1222/1197 1245/1217/1192
f 1247/1251/1226 1245/1217/1192 1246/1252/1227
f 1243/1250/1225 1245/1217/1192 1247/1251/1226
f 1288/1209/1184 1253/1253/1228 1252/1254/1229
f 1250/1255/1230 1288/1209/1184 1252/1254/1229
f 1254/1256/1231 1253/1253/1228 1288/1209/1184
f 1257/1257/1232 1255/1258/1233 1256/1259/1234
f 1256/1259/1234 1258/1260/1235 1257/1257/1232
f 1260/1261/1236 1259/1262/1237 1258/1260/1235
f 1258/1260/1235 1281/1263/1238 1260/1261/1236
f 1256/1259/1234 1281/1263/1238 1258/1260/1235
f 1261/1264/1239 1258/1260/1235 1259/1262/1237
f 1261/1264/1239 1262/1265/1240 1258/1260/1235
f 1258/1260/1235 1262/1265/1240 1263/1266/1241
f 1263/1266/1241 1257/1257/1232 1258/1260/1235
f 1278/1267/1242 1265/1268/1243 1264/1269/1244
f 1264/1269/1244 1279/1270/1245 1278/1267/1242
f 1259/1262/1237 1279/1270/1245 1264/1269/1244
f 1266/1271/1246 1265/1268/1243 1278/1267/1242
f 1276/1272/1247 1267/1273/1248 1266/1271/1246
f 1278/1267/1242 1276/1272/1247 1266/1271/1246
f 1268/1274/1249 1267/1273/1248 1276/1272/1247
f 1275/1275/1250 1269/1276/1251 1268/1274/1249
f 1276/1272/1247 1275/1275/1250 1268/1274/1249
f 1270/1277/1252 1269/1276/1251 1275/1275/1250
f 1270/1277/1252 1271/1278/1253 1272/1279/1254
f 1275/1275/1250 1271/1278/1253 1270/1277/1252
f 1273/1280/1255 1272/1279/1254 1271/1278/1253
f 1271/1278/1253 1285/1281/1256 1273/1280/1255
f 1274/1282/1257 1285/1281/1256 1271/1278/1253
f 1271/1278/1253 1275/1275/1250 1274/1282/1257
f 1276/1272/1247 1284/1283/1258 1275/1275/1250
f 1275/1275/1250 1284/1283/1258 1274/1282/1257
f 1277/1284/1259 1282/1285/1260 1276/1272/1247
f 1276/1272/1247 1278/1267/1242 1277/1284/1259
f 1277/1284/1259 1278/1267/1242 1279/1270/1245
f 1260/1261/1236 1280/1286/1261 1279/1270/1245
f 1279/1270/1245 1280/1286/1261 1277/1284/1259
f 1279/1270/1245 1259/1262/1237 1260/1261/1236
f 1282/1285/1260 1283/1287/1262 1276/1272/1247
f 1276/1272/1247 1283/1287/1262 1284/1283/1258
f 1273/1280/1255 1286/1288/1263 1205/1289/1264
f 1205/1289/1264 1286/1288/1263 1201/1200/1175
f 1205/1289/1264 1272/1279/1254 1273/1280/1255
f 1287/1205/1180 1254/1256/1231 1288/1209/1184
f 1204/1204/1179 1254/1256/1231 1287/1205/1180
f 1250/1255/1230 1289/1212/1187 1288/1209/1184
f 1290/1215/1190 1289/1212/1187 1250/1255/1230
f 1250/1255/1230 1251/1290/1265 1290/1215/1190
f 1290/1215/1190 1251/1290/1265 1248/1291/1266
f 1248/1291/1266 1291/1216/1191 1290/1215/1190
f 1292/1220/1195 1291/1216/1191 1248/1291/1266
f 1248/1291/1266 1249/1292/1267 1292/1220/1195
f 1292/1220/1195 1249/1292/1267 1246/1252/1227
f 1246/1252/1227 1245/1217/1192 1292/1220/1195
f 1235/1228/1203 1238/1244/1219 1221/1225/1200
f 1238/1244/1219 1232/1293/1268 1221/1225/1200
f 1221/1225/1200 1232/1293/1268 1222/1233/1208
f 1227/1240/1215 1293/1294/1269 1294/1295/1270
f 1294/1295/1270 1226/1241/1216 1227/1240/1215
f 1226/1241/1216 1294/1295/1270 1295/1296/1271
f 1295/1296/1271 1296/1297/1272 1226/1241/1216
f 1226/1241/1216 1296/1297/1272 1225/1239/1214
f 1229/1236/1211 1230/1242/1217 1224/1237/1212
f 1201/1200/1175 1202/1203/1178 1205/1289/1264
f 1299/1298/1273 1302/1299/1274 1298/1300/1275
f 1298/1300/1275 1377/1301/1276 1300/1302/1277
f 1302/1299/1274 1304/1303/1278 1306/1304/1279
f 1306/1304/1279 1298/1300/1275 1302/1299/1274
f 1302/1299/1274 1301/1305/1280 1303/1306/1281
f 1303/1306/1281 1304/1303/1278 1302/1299/1274
f 1306/1304/1279 1304/1303/1278 1305/1307/1282
f 1305/1307/1282 1304/1303/1278 1303/1306/1281
f 1309/1308/1283 1306/1304/1279 1305/1307/1282
f 1305/1307/1282 1303/1306/1281 1307/1309/1284
f 1307/1309/1284 1308/1310/1285 1305/1307/1282
f 1305/1307/1282 1308/1310/1285 1309/1308/1283
f 1307/1309/1284 1303/1306/1281 1310/1311/1286
f 1310/1311/1286 1312/1312/1287 1311/1313/1288
f 1311/1313/1288 1314/1314/1289 1310/1311/1286
f 1303/1306/1281 1313/1315/1290 1310/1311/1286
f 1310/1311/1286 1313/1315/1290 1312/1312/1287
f 1310/1311/1286 1314/1314/1289 1307/1309/1284
f 1311/1313/1288 1312/1312/1287 1318/1316/1291
f 1315/1317/1292 1317/1318/1293 1318/1316/1291
f 1312/1312/1287 1316/1319/1294 1318/1316/1291
f 1318/1316/1291 1317/1318/1293 1311/1313/1288
f 1322/1320/1295 1318/1316/1291 1316/1319/1294
f 1315/1317/1292 1318/1316/1291 1322/1320/1295
f 1319/1321/1296 1321/1322/1297 1322/1320/1295
f 1316/1319/1294 1320/1323/1298 1322/1320/1295
f 1322/1320/1295 1321/1322/1297 1315/1317/1292
f 1323/1324/1299 1322/1320/1295 1320/1323/1298
f 1319/1321/1296 1322/1320/1295 1323/1324/1299
f 1323/1324/1299 1325/1325/1300 1324/1326/1301
f 1324/1326/1301 1327/1327/1302 1323/1324/1299
f 1320/1323/1298 1326/1328/1303 1323/1324/1299
f 1323/1324/1299 1326/1328/1303 1325/1325/1300
f 1323/1324/1299 1327/1327/1302 1319/1321/1296
f 1324/1326/1301 1325/1325/1300 1332/1329/1304
f 1328/1330/1305 1331/1331/1306 1332/1329/1304
f 1325/1325/1300 1330/1332/1307 1332/1329/1304
f 1332/1329/1304 1330/1332/1307 1329/1333/1308
f 1332/1329/1304 1331/1331/1306 1324/1326/1301
f 1337/1334/1309 1332/1329/1304 1329/1333/1308
f 1328/1330/1305 1332/1329/1304 1337/1334/1309
f 1333/1335/1310 1336/1336/1311 1337/1334/1309
f 1329/1333/1308 1335/1337/1312 1337/1334/1309
f 1337/1334/1309 1335/1337/1312 1334/1338/1313
f 1337/1334/1309 1336/1336/1311 1328/1330/1305
f 1338/1339/1314 1337/1334/1309 1334/1338/1313
f 1333/1335/1310 1337/1334/1309 1338/1339/1314
f 1338/1339/1314 1340/1340/1315 1339/1341/1316
f 1339/1341/1316 1342/1342/1317 1338/1339/1314
f 1334/1338/1313 1341/1343/1318 1338/1339/1314
f 1338/1339/1314 1341/1343/1318 1340/1340/1315
f 1338/1339/1314 1342/1342/1317 1333/1335/1310
f 1339/1341/1316 1340/1340/1315 1343/1344/1319
f 1343/1344/1319 1346/1345/1320 1344/1346/1321
f 1343/1344/1319 1344/1346/1321 1345/1347/1322
f 1340/1340/1315 1346/1345/1320 1343/1344/1319
f 1345/1347/1322 1347/1348/1323 1343/1344/1319
f 1343/1344/1319 1347/1348/1323 1339/1341/1316
f 1344/1346/1321 1346/1345/1320 1348/1349/1324
f 1348/1349/1324 1346/1345/1320 1340/1340/1315
f 1348/1349/1324 1349/1350/1325 1344/1346/1321
f 1340/1340/1315 1350/1351/1326 1348/1349/1324
f 1329/1333/1308 1355/1352/1327 1353/1353/1328
f 1353/1353/1328 1351/1354/1329 1334/1338/1313
f 1334/1338/1313 1335/1337/1312 1353/1353/1328
f 1353/1353/1328 1335/1337/1312 1329/1333/1308
f 1354/1355/1330 1355/1352/1327 1329/1333/1308
f 1325/1325/1300 1358/1356/1331 1354/1355/1330
f 1329/1333/1308 1330/1332/1307 1354/1355/1330
f 1354/1355/1330 1330/1332/1307 1325/1325/1300
f 1357/1357/1332 1355/1352/1327 1354/1355/1330
f 1354/1355/1330 1358/1356/1331 1356/1358/1333
f 1356/1358/1333 1358/1356/1331 1359/1359/1334
f 1316/1319/1294 1366/1360/1335 1360/1361/1336
f 1360/1361/1336 1320/1323/1298 1316/1319/1294
f 1361/1362/1337 1366/1360/1335 1316/1319/1294
f 1312/1312/1287 1363/1363/1338 1361/1362/1337
f 1361/1362/1337 1316/1319/1294 1312/1312/1287
f 1303/1306/1281 1301/1305/1280 1362/1364/1339
f 1362/1364/1339 1363/1363/1338 1312/1312/1287
f 1312/1312/1287 1313/1315/1290 1362/1364/1339
f 1362/1364/1339 1313/1315/1290 1303/1306/1281
f 1363/1363/1338 1362/1364/1339 1364/1365/1340
f 1365/1366/1341 1361/1362/1337 1363/1363/1338
f 1366/1360/1335 1361/1362/1337 1365/1366/1341
f 1367/1367/1342 1360/1361/1336 1366/1360/1335
f 1367/1367/1342 1366/1360/1335 1369/1368/1343
f 1368/1369/1344 1360/1361/1336 1367/1367/1342
f 1369/1368/1343 1366/1360/1335 1365/1366/1341
f 1370/1370/1345 1363/1363/1338 1364/1365/1340
f 1365/1366/1341 1363/1363/1338 1370/1370/1345
f 1364/1365/1340 1301/1305/1280 1371/1371/1346
f 1371/1371/1346 1301/1305/1280 1299/1298/1273
f 1372/1372/1347 1298/1300/1275 1300/1302/1277
f 1299/1298/1273 1298/1300/1275 1372/1372/1347
f 1373/1373/1348 1375/1374/1349 1374/1375/1350
f 1300/1302/1277 1375/1374/1349 1373/1373/1348
f 1300/1302/1277 1377/1301/1276 1375/1374/1349
f 1375/1374/1349 1376/1376/1351 1374/1375/1350
f 1377/1301/1276 1298/1300/1275 1306/1304/1279
f 1306/1304/1279 1378/1377/1352 1377/1301/1276
f 1377/1301/1276 1378/1377/1352 1380/1378/1353
f 1380/1378/1353 1375/1374/1349 1377/1301/1276
f 1380/1378/1353 1378/1377/1352 1379/1379/1354
f 1379/1379/1354 1378/1377/1352 1306/1304/1279
f 1382/1380/1355 1380/1378/1353 1379/1379/1354
f 1309/1308/1283 1381/1381/1268 1379/1379/1354
f 1379/1379/1354 1381/1381/1268 1382/1380/1355
f 1379/1379/1354 1306/1304/1279 1309/1308/1283
f 1383/1382/1356 1380/1378/1353 1382/1380/1355
f 1382/1380/1355 1384/1383/1357 1383/1382/1356
f 1383/1382/1356 1384/1383/1357 1385/1384/1358
f 1386/1385/1359 1388/1386/1360 1385/1384/1358
f 1385/1384/1358 1387/1387/1361 1386/1385/1359
f 1385/1384/1358 1388/1386/1360 1383/1382/1356
f 1432/1388/1362 1433/1389/1363 1388/1386/1360
f 1388/1386/1360 1390/1390/1364 1432/1388/1362
f 1388/1386/1360 1433/1389/1363 1376/1376/1351
f 1388/1386/1360 1389/1391/1365 1383/1382/1356
f 1376/1376/1351 1389/1391/1365 1388/1386/1360
f 1386/1385/1359 1390/1390/1364 1388/1386/1360
f 1432/1388/1362 1390/1390/1364 1391/1392/1366
f 1391/1392/1366 1390/1390/1364 1386/1385/1359
f 1431/1393/1367 1435/1394/1368 1391/1392/1366
f 1391/1392/1366 1393/1395/1369 1431/1393/1367
f 1391/1392/1366 1435/1394/1368 1432/1388/1362
f 1392/1396/1370 1393/1395/1369 1391/1392/1366
f 1395/1397/1371 1394/1398/1372 1392/1396/1370
f 1392/1396/1370 1394/1398/1372 1396/1399/1373
f 1392/1396/1370 1391/1392/1366 1395/1397/1371
f 1401/1400/1374 1392/1396/1370 1396/1399/1373
f 1396/1399/1373 1397/1401/1375 1401/1400/1374
f 1401/1400/1374 1397/1401/1375 1398/1402/1376
f 1399/1403/1377 1401/1400/1374 1398/1402/1376
f 1398/1402/1376 1400/1404/1378 1399/1403/1377
f 1402/1405/1379 1401/1400/1374 1399/1403/1377
f 1430/1406/1380 1439/1407/1381 1402/1405/1379
f 1402/1405/1379 1403/1408/1382 1430/1406/1380
f 1399/1403/1377 1403/1408/1382 1402/1405/1379
f 1430/1406/1380 1403/1408/1382 1404/1409/1383
f 1404/1409/1383 1403/1408/1382 1399/1403/1377
f 1428/1410/1384 1429/1411/1385 1404/1409/1383
f 1404/1409/1383 1405/1412/1386 1428/1410/1384
f 1404/1409/1383 1429/1411/1385 1430/1406/1380
f 1406/1413/1387 1405/1412/1386 1404/1409/1383
f 1407/1414/1388 1405/1412/1386 1406/1413/1387
f 1409/1415/1389 1408/1416/1390 1406/1413/1387
f 1406/1413/1387 1408/1416/1390 1410/1417/1391
f 1406/1413/1387 1404/1409/1383 1409/1415/1389
f 1415/1418/1392 1406/1413/1387 1410/1417/1391
f 1410/1417/1391 1411/1419/1393 1415/1418/1392
f 1415/1418/1392 1411/1419/1393 1412/1420/1394
f 1413/1421/1395 1415/1418/1392 1412/1420/1394
f 1412/1420/1394 1414/1422/1396 1413/1421/1395
f 1416/1423/1397 1415/1418/1392 1413/1421/1395
f 1425/1424/1398 1445/1425/1399 1416/1423/1397
f 1416/1423/1397 1418/1426/1400 1425/1424/1398
f 1416/1423/1397 1445/1425/1399 1426/1427/1401
f 1416/1423/1397 1417/1428/1402 1415/1418/1392
f 1426/1427/1401 1417/1428/1402 1416/1423/1397
f 1413/1421/1395 1418/1426/1400 1416/1423/1397
f 1425/1424/1398 1418/1426/1400 1421/1429/1403
f 1421/1429/1403 1418/1426/1400 1413/1421/1395
f 1424/1430/1404 1447/1431/1405 1421/1429/1403
f 1421/1429/1403 1419/1432/1406 1424/1430/1404
f 1421/1429/1403 1447/1431/1405 1425/1424/1398
f 1420/1433/1407 1419/1432/1406 1421/1429/1403
f 1420/1433/1407 1421/1429/1403 1422/1434/1408
f 1422/1434/1408 1421/1429/1403 1413/1421/1395
f 1422/1434/1408 1423/1435/1409 1420/1433/1407
f 1413/1421/1395 1414/1422/1396 1422/1434/1408
f 1420/1433/1407 1423/1435/1409 1345/1347/1322
f 1344/1346/1321 1419/1432/1406 1420/1433/1407
f 1345/1347/1322 1344/1346/1321 1420/1433/1407
f 1424/1430/1404 1419/1432/1406 1344/1346/1321
f 1407/1414/1388 1427/1436/1410 1428/1410/1384
f 1426/1427/1401 1427/1436/1410 1407/1414/1388
f 1393/1395/1369 1437/1437/1411 1431/1393/1367
f 1439/1407/1381 1437/1437/1411 1393/1395/1369
f 1374/1375/1350 1376/1376/1351 1433/1389/1363
f 1433/1389/1363 1432/1388/1362 1434/1438/1412
f 1434/1438/1412 1432/1388/1362 1435/1394/1368
f 1435/1394/1368 1431/1393/1367 1436/1439/1413
f 1436/1439/1413 1431/1393/1367 1437/1437/1411
f 1437/1437/1411 1439/1407/1381 1438/1440/1414
f 1439/1407/1381 1430/1406/1380 1440/1441/1415
f 1440/1441/1415 1430/1406/1380 1441/1442/1416
f 1441/1442/1416 1428/1410/1384 1442/1443/1417
f 1441/1442/1416 1429/1411/1385 1428/1410/1384
f 1430/1406/1380 1429/1411/1385 1441/1442/1416
f 1442/1443/1417 1428/1410/1384 1443/1444/1418
f 1443/1444/1418 1426/1427/1401 1444/1445/1419
f 1443/1444/1418 1427/1436/1410 1426/1427/1401
f 1428/1410/1384 1427/1436/1410 1443/1444/1418
f 1444/1445/1419 1426/1427/1401 1445/1425/1399
f 1445/1425/1399 1425/1424/1398 1446/1446/1420
f 1446/1446/1420 1425/1424/1398 1447/1431/1405
f 1447/1431/1405 1424/1430/1404 1448/1447/1421
f 1448/1447/1421 1424/1430/1404 1349/1350/1325
f 1349/1350/1325 1449/1448/1422 1448/1447/1421
f 1450/1449/1423 1447/1431/1405 1448/1447/1421
f 1451/1450/1424 1348/1349/1324 1350/1351/1326
f 1451/1450/1424 1350/1351/1326 1452/1451/1425
f 1349/1350/1325 1348/1349/1324 1451/1450/1424
f 1451/1450/1424 1449/1448/1422 1349/1350/1325
f 1452/1451/1425 1350/1351/1326 1453/1452/1426
f 1453/1452/1426 1351/1354/1329 1454/1453/1427
f 1454/1453/1427 1351/1354/1329 1455/1454/1428
f 1455/1454/1428 1353/1353/1328 1357/1357/1332
f 1455/1454/1428 1357/1357/1332 1456/1455/1429
f 1351/1354/1329 1353/1353/1328 1455/1454/1428
f 1457/1456/1430 1458/1457/1431 1456/1455/1429
f 1456/1455/1429 1357/1357/1332 1457/1456/1430
f 1459/1458/1432 1458/1457/1431 1457/1456/1430
f 1457/1456/1430 1356/1358/1333 1459/1458/1432
f 1459/1458/1432 1356/1358/1333 1460/1459/1433
f 1460/1459/1433 1359/1359/1334 1360/1361/1336
f 1460/1459/1433 1360/1361/1336 1368/1369/1344
f 1356/1358/1333 1359/1359/1334 1460/1459/1433
f 1457/1456/1430 1354/1355/1330 1356/1358/1333
f 1357/1357/1332 1354/1355/1330 1457/1456/1430
f 1453/1452/1426 1352/1460/1434 1351/1354/1329
f 1350/1351/1326 1352/1460/1434 1453/1452/1426
f 1446/1446/1420 1447/1431/1405 1450/1449/1423
f 1461/1461/1435 1445/1425/1399 1446/1446/1420
f 1444/1445/1419 1445/1425/1399 1461/1461/1435
f 1462/1462/1436 1463/1463/1437 1442/1443/1417
f 1462/1462/1436 1443/1444/1418 1444/1445/1419
f 1442/1443/1417 1443/1444/1418 1462/1462/1436
f 1442/1443/1417 1463/1463/1437 1464/1464/1438
f 1464/1464/1438 1441/1442/1416 1442/1443/1417
f 1440/1441/1415 1441/1442/1416 1464/1464/1438
f 1465/1465/1439 1439/1407/1381 1440/1441/1415
f 1438/1440/1414 1439/1407/1381 1465/1465/1439
f 1466/1466/1440 1437/1437/1411 1438/1440/1414
f 1436/1439/1413 1437/1437/1411 1466/1466/1440
f 1467/1467/1441 1435/1394/1368 1436/1439/1413
f 1434/1438/1412 1435/1394/1368 1467/1467/1441
f 1468/1468/1442 1433/1389/1363 1434/1438/1412
f 1374/1375/1350 1433/1389/1363 1468/1468/1442
f 1344/1346/1321 1349/1350/1325 1424/1430/1404
f 1407/1414/1388 1417/1428/1402 1426/1427/1401
f 1415/1418/1392 1417/1428/1402 1407/1414/1388
f 1407/1414/1388 1406/1413/1387 1415/1418/1392
f 1409/1415/1389 1404/1409/1383 1399/1403/1377
f 1399/1403/1377 1400/1404/1378 1409/1415/1389
f 1428/1410/1384 1405/1412/1386 1407/1414/1388
f 1393/1395/1369 1402/1405/1379 1439/1407/1381
f 1401/1400/1374 1402/1405/1379 1393/1395/1369
f 1393/1395/1369 1392/1396/1370 1401/1400/1374
f 1395/1397/1371 1391/1392/1366 1386/1385/1359
f 1386/1385/1359 1387/1387/1361 1395/1397/1371
f 1383/1382/1356 1389/1391/1365 1380/1378/1353
f 1380/1378/1353 1389/1391/1365 1376/1376/1351
f 1376/1376/1351 1375/1374/1349 1380/1378/1353
f 1364/1365/1340 1362/1364/1339 1301/1305/1280
f 1320/1323/1298 1360/1361/1336 1359/1359/1334
f 1359/1359/1334 1358/1356/1331 1325/1325/1300
f 1325/1325/1300 1326/1328/1303 1359/1359/1334
f 1359/1359/1334 1326/1328/1303 1320/1323/1298
f 1353/1353/1328 1355/1352/1327 1357/1357/1332
f 1334/1338/1313 1351/1354/1329 1352/1460/1434
f 1352/1460/1434 1350/1351/1326 1340/1340/1315
f 1340/1340/1315 1341/1343/1318 1352/1460/1434
f 1352/1460/1434 1341/1343/1318 1334/1338/1313
f 1301/1305/1280 1302/1299/1274 1299/1298/1273
