# Blender 5.1.2
# www.blender.org
mtllib dpad_down.mtl
o dpad_down
v -0.687504 -0.255138 0.168953
v -0.688538 -0.286762 0.156634
v -0.687504 -0.288302 0.168953
v -0.688538 -0.253592 0.156634
v -0.688333 -0.251720 0.143501
v -0.688333 -0.284897 0.143501
v -0.685658 -0.282587 0.128654
v -0.685658 -0.249407 0.128654
v -0.678833 -0.247414 0.115507
v -0.678833 -0.280594 0.115507
v -0.666178 -0.279681 0.107471
v -0.666178 -0.246501 0.107471
v -0.648555 -0.246546 0.103360
v -0.648555 -0.279726 0.103360
v -0.626827 -0.280610 0.101990
v -0.626827 -0.247429 0.101990
v -0.605128 -0.248793 0.103306
v -0.605128 -0.281973 0.103306
v -0.587595 -0.283459 0.107252
v -0.587595 -0.250279 0.107252
v -0.574991 -0.252088 0.115062
v -0.574991 -0.285268 0.115062
v -0.568081 -0.287600 0.127967
v -0.568081 -0.254420 0.127967
v -0.565224 -0.256718 0.142742
v -0.565224 -0.289896 0.142742
v -0.564780 -0.291599 0.156165
v -0.564780 -0.258426 0.156165
v -0.565532 -0.259711 0.168764
v -0.565532 -0.292881 0.168762
v -0.566268 -0.293914 0.181072
v -0.566268 -0.260741 0.181072
v -0.567023 -0.261510 0.191522
v -0.567023 -0.294688 0.191523
v -0.567837 -0.295191 0.198548
v -0.567837 -0.262011 0.198548
v -0.569148 -0.262276 0.203296
v -0.569148 -0.295456 0.203296
v -0.571396 -0.295515 0.206912
v -0.571396 -0.262335 0.206912
v -0.576113 -0.262436 0.211845
v -0.584078 -0.295985 0.219703
v -0.575923 -0.295611 0.211634
v -0.594101 -0.263276 0.229478
v -0.604243 -0.296844 0.239325
v -0.594099 -0.296456 0.229476
v -0.604242 -0.263664 0.239325
v -0.613427 -0.263916 0.247359
v -0.620580 -0.297161 0.251696
v -0.613427 -0.297096 0.247359
v -0.620580 -0.263981 0.251696
v -0.626711 -0.263890 0.252922
v -0.632827 -0.296857 0.251627
v -0.626711 -0.297070 0.252922
v -0.632827 -0.263677 0.251627
v -0.639831 -0.263245 0.247311
v -0.648625 -0.295667 0.239474
v -0.639831 -0.296422 0.247311
v -0.648625 -0.262500 0.239474
v -0.658276 -0.261556 0.229914
v -0.667852 -0.293697 0.220428
v -0.658280 -0.294718 0.229910
v -0.667856 -0.260529 0.220424
v -0.675830 -0.259636 0.212445
v -0.680660 -0.292274 0.207416
v -0.675831 -0.292813 0.212444
v -0.680660 -0.259094 0.207416
v -0.683291 -0.258691 0.203493
v -0.684669 -0.291393 0.198832
v -0.683291 -0.291871 0.203493
v -0.684669 -0.258213 0.198832
v -0.685492 -0.257520 0.191949
v -0.686463 -0.289640 0.181358
v -0.685492 -0.290697 0.191951
v -0.686463 -0.256471 0.181356
v -0.687504 -0.255138 0.168953
v -0.687504 -0.288302 0.168953
v -0.649244 -0.314869 0.200594
v -0.639403 -0.312546 0.208798
v -0.642152 -0.314664 0.198244
v -0.649877 -0.312937 0.211618
v -0.656187 -0.315151 0.203207
v -0.653487 -0.317642 0.191617
v -0.668945 -0.318107 0.197505
v -0.662100 -0.318042 0.194763
v -0.662251 -0.315148 0.205668
v -0.654930 -0.312855 0.213532
v -0.659073 -0.312181 0.215177
v -0.666704 -0.314499 0.207565
v -0.671284 -0.316306 0.202885
v -0.669711 -0.312785 0.208896
v -0.673761 -0.317531 0.199291
v -0.674297 -0.314602 0.204202
v -0.676794 -0.315835 0.200560
v -0.679870 -0.313228 0.196900
v -0.678535 -0.312654 0.201288
v -0.678123 -0.316407 0.196184
v -0.675223 -0.318099 0.194731
v -0.679003 -0.316764 0.189235
v -0.670187 -0.318687 0.193034
v -0.662657 -0.318565 0.190265
v -0.681995 -0.318652 0.156526
v -0.672495 -0.320021 0.168487
v -0.678805 -0.320345 0.155682
v -0.683596 -0.310305 0.169045
v -0.683806 -0.315505 0.157102
v -0.680855 -0.313650 0.189014
v -0.682520 -0.309635 0.180749
v -0.681524 -0.309102 0.190742
v -0.680694 -0.308764 0.197238
v -0.679357 -0.308189 0.201631
v -0.676841 -0.306945 0.205315
v -0.672248 -0.305112 0.210019
v -0.676044 -0.311353 0.204969
v -0.664682 -0.302766 0.217473
v -0.653001 -0.308211 0.225326
v -0.658230 -0.305724 0.222642
v -0.655575 -0.300481 0.226349
v -0.662114 -0.310464 0.216422
v -0.645565 -0.303345 0.234949
v -0.646362 -0.298829 0.235320
v -0.637996 -0.297810 0.242655
v -0.637325 -0.302338 0.242168
v -0.631428 -0.297426 0.246624
v -0.631051 -0.301962 0.245932
v -0.625767 -0.305242 0.245430
v -0.625764 -0.301932 0.246943
v -0.630242 -0.305266 0.244605
v -0.635887 -0.305624 0.241163
v -0.625762 -0.297392 0.247760
v -0.620482 -0.301964 0.245905
v -0.620102 -0.297428 0.246595
v -0.613541 -0.297816 0.242579
v -0.605978 -0.303356 0.234813
v -0.605173 -0.298843 0.235163
v -0.614217 -0.302343 0.242101
v -0.615664 -0.305628 0.241114
v -0.621298 -0.305267 0.244584
v -0.607694 -0.306609 0.234064
v -0.622730 -0.307142 0.242462
v -0.618203 -0.307470 0.239430
v -0.610695 -0.308390 0.232754
v -0.624419 -0.308061 0.239897
v -0.601642 -0.309952 0.224055
v -0.614122 -0.309207 0.230902
v -0.598555 -0.308227 0.225158
v -0.605502 -0.310664 0.222612
v -0.617229 -0.309537 0.228641
v -0.609590 -0.310848 0.220957
v -0.601857 -0.312943 0.211528
v -0.596689 -0.312874 0.213398
v -0.592483 -0.312209 0.214957
v -0.584816 -0.314553 0.207135
v -0.589413 -0.310500 0.216115
v -0.581790 -0.312844 0.208416
v -0.589302 -0.315196 0.205302
v -0.589567 -0.318102 0.194155
v -0.595418 -0.315189 0.202909
v -0.582632 -0.318178 0.196806
v -0.580238 -0.316376 0.202266
v -0.574726 -0.315922 0.199690
v -0.577779 -0.317613 0.198474
v -0.577208 -0.314676 0.203541
v -0.575469 -0.311491 0.204273
v -0.572972 -0.312744 0.200389
v -0.582905 -0.308603 0.212081
v -0.579234 -0.305176 0.209498
v -0.574649 -0.307023 0.204618
v -0.572145 -0.308280 0.200719
v -0.571639 -0.313335 0.195747
v -0.570807 -0.308873 0.196068
v -0.570094 -0.309217 0.189425
v -0.570796 -0.313768 0.187586
v -0.569465 -0.309725 0.179552
v -0.568869 -0.310368 0.167923
v -0.568256 -0.311112 0.156009
v -0.569119 -0.315562 0.155680
v -0.570936 -0.318715 0.155076
v -0.574122 -0.320407 0.154268
v -0.579803 -0.320234 0.164978
v -0.574526 -0.321140 0.142402
v -0.571414 -0.319481 0.142919
v -0.579291 -0.321615 0.142835
v -0.589336 -0.322139 0.128420
v -0.581609 -0.322226 0.131071
v -0.577006 -0.321738 0.130418
v -0.586806 -0.322449 0.122802
v -0.574073 -0.320127 0.129927
v -0.582936 -0.322003 0.120533
v -0.580369 -0.320432 0.118879
v -0.572380 -0.317005 0.129640
v -0.578885 -0.317338 0.117921
v -0.590631 -0.317054 0.110924
v -0.591754 -0.320153 0.112337
v -0.593695 -0.321731 0.114783
v -0.608610 -0.321326 0.112064
v -0.596447 -0.322207 0.118023
v -0.607536 -0.319725 0.109166
v -0.610007 -0.321852 0.115787
v -0.600001 -0.321998 0.121817
v -0.611597 -0.321738 0.119935
v -0.626888 -0.321649 0.119421
v -0.626963 -0.321733 0.115152
v -0.627005 -0.321192 0.111270
v -0.627024 -0.319583 0.108227
v -0.646520 -0.319726 0.109538
v -0.643924 -0.321851 0.116127
v -0.645405 -0.321327 0.112418
v -0.660340 -0.321730 0.115522
v -0.662322 -0.320151 0.113117
v -0.671027 -0.321989 0.121683
v -0.657498 -0.322203 0.118723
v -0.673633 -0.320419 0.120069
v -0.667065 -0.322430 0.123906
v -0.653774 -0.321986 0.122497
v -0.664144 -0.322097 0.129544
v -0.672006 -0.322174 0.132643
v -0.676690 -0.321695 0.132001
v -0.679654 -0.320089 0.131499
v -0.681922 -0.319421 0.144638
v -0.673936 -0.321533 0.144696
v -0.678791 -0.321072 0.144170
v -0.683725 -0.316271 0.144906
v -0.684578 -0.311824 0.145032
v -0.684666 -0.311056 0.157415
v -0.681365 -0.316971 0.131207
v -0.682178 -0.312543 0.131066
v -0.675860 -0.312913 0.118687
v -0.664017 -0.312636 0.111064
v -0.675141 -0.317326 0.119133
v -0.663469 -0.317052 0.111726
v -0.647164 -0.316610 0.107875
v -0.647470 -0.312184 0.107084
v -0.627036 -0.316462 0.106470
v -0.627041 -0.312032 0.105635
v -0.606620 -0.312183 0.106697
v -0.606915 -0.316609 0.107492
v -0.590095 -0.312637 0.110250
v -0.578177 -0.312925 0.117463
v -0.571577 -0.312575 0.129502
v -0.568776 -0.311875 0.143355
v -0.569623 -0.316326 0.143215
v -0.665121 -0.319954 0.164975
v -0.656497 -0.319721 0.159282
v -0.649247 -0.321200 0.129590
v -0.637116 -0.318467 0.166779
v -0.639436 -0.320796 0.130667
v -0.653736 -0.318110 0.187269
v -0.646849 -0.318930 0.163878
v -0.645715 -0.317847 0.184594
v -0.636505 -0.317159 0.187291
v -0.645497 -0.317347 0.189069
v -0.636658 -0.317659 0.182797
v -0.625896 -0.317596 0.182189
v -0.625830 -0.317083 0.186755
v -0.615135 -0.317682 0.182567
v -0.626173 -0.318579 0.163210
v -0.615148 -0.318490 0.166477
v -0.598085 -0.318163 0.186626
v -0.605537 -0.318955 0.163564
v -0.596095 -0.319752 0.158792
v -0.595980 -0.321440 0.132235
v -0.604046 -0.321238 0.128850
v -0.613721 -0.320819 0.130263
v -0.626511 -0.320426 0.134087
v -0.642179 -0.321733 0.120275
v -0.657215 -0.321373 0.133462
v -0.587357 -0.319985 0.164494
v -0.588968 -0.318642 0.189475
v -0.581299 -0.318771 0.192089
v -0.598158 -0.317693 0.191159
v -0.606042 -0.317888 0.184167
v -0.606085 -0.317387 0.188772
v -0.609517 -0.314686 0.198079
v -0.615222 -0.317177 0.187117
v -0.617180 -0.314598 0.196226
v -0.602408 -0.314898 0.200366
v -0.612427 -0.312543 0.208747
v -0.616325 -0.310903 0.217715
v -0.625997 -0.310069 0.222487
v -0.625922 -0.311421 0.213070
v -0.631389 -0.312783 0.205231
v -0.624230 -0.313010 0.203251
v -0.634488 -0.314585 0.196320
v -0.625831 -0.314680 0.194985
v -0.635613 -0.310926 0.217660
v -0.634643 -0.309558 0.228561
v -0.642254 -0.310868 0.220890
v -0.646175 -0.310671 0.222572
v -0.637537 -0.309215 0.230844
v -0.640893 -0.308390 0.232765
v -0.649950 -0.309946 0.224113
v -0.633362 -0.307469 0.239447
v -0.643866 -0.306602 0.234155
v -0.627152 -0.308059 0.239906
v -0.625868 -0.308476 0.237639
v -0.628817 -0.307141 0.242474
v -0.625777 -0.307801 0.241066
v -0.625769 -0.307126 0.243070
v -0.627173 -0.308751 0.235077
v -0.576466 -0.318198 0.193883
v -0.572636 -0.316880 0.187824
v -0.575738 -0.318546 0.186973
v -0.573400 -0.316511 0.195067
v -0.586818 -0.302811 0.217093
v -0.595948 -0.300508 0.226087
v -0.596783 -0.305006 0.225790
v -0.638219 -0.251549 0.242818
v -0.631553 -0.251144 0.246855
v -0.646628 -0.252627 0.235444
v -0.655850 -0.254321 0.226458
v -0.664956 -0.256574 0.217585
v -0.672519 -0.258868 0.210139
v -0.677112 -0.260686 0.205434
v -0.679631 -0.261930 0.201746
v -0.680969 -0.262506 0.197351
v -0.681801 -0.262847 0.190850
v -0.682801 -0.263388 0.180845
v -0.683881 -0.264064 0.169128
v -0.683881 -0.304761 0.169128
v -0.680969 -0.303217 0.197351
v -0.681959 -0.303696 0.189524
v -0.677113 -0.301396 0.205434
v -0.655575 -0.300481 0.226349
v -0.671166 -0.298753 0.211512
v -0.664682 -0.302766 0.217473
v -0.672248 -0.305112 0.210019
v -0.676841 -0.306945 0.205315
v -0.679357 -0.308189 0.201631
v -0.679631 -0.302641 0.201746
v -0.680694 -0.308764 0.197238
v -0.681524 -0.309102 0.190742
v -0.682520 -0.309635 0.180749
v -0.683596 -0.310305 0.169045
v -0.646628 -0.293265 0.235444
v -0.631553 -0.291855 0.246855
v -0.638219 -0.292242 0.242818
v -0.619975 -0.251146 0.246825
v -0.613316 -0.292248 0.242739
v -0.619975 -0.291857 0.246825
v -0.595948 -0.300508 0.226087
v -0.604933 -0.293163 0.235307
v -0.605173 -0.298843 0.235163
v -0.613541 -0.297816 0.242579
v -0.620102 -0.297428 0.246595
v -0.625762 -0.297392 0.247760
v -0.625761 -0.291820 0.248032
v -0.631428 -0.297426 0.246624
v -0.637996 -0.297810 0.242655
v -0.646362 -0.298829 0.235320
v -0.574375 -0.301475 0.204733
v -0.579841 -0.299268 0.210533
v -0.574375 -0.260764 0.204733
v -0.578962 -0.258933 0.209613
v -0.571869 -0.262023 0.200829
v -0.570530 -0.262616 0.196175
v -0.569815 -0.262962 0.189528
v -0.569815 -0.303671 0.189528
v -0.570530 -0.303327 0.196175
v -0.568869 -0.310368 0.167923
v -0.569184 -0.304163 0.179682
v -0.569465 -0.309725 0.179552
v -0.570094 -0.309217 0.189425
v -0.570807 -0.308873 0.196068
v -0.572145 -0.308280 0.200719
v -0.571869 -0.302734 0.200829
v -0.574649 -0.307023 0.204618
v -0.579234 -0.305176 0.209498
v -0.586818 -0.302811 0.217093
v -0.567969 -0.305567 0.156086
v -0.571309 -0.307039 0.129456
v -0.568493 -0.306333 0.143401
v -0.571309 -0.266328 0.129456
v -0.568493 -0.265624 0.143401
v -0.577941 -0.266683 0.117311
v -0.589916 -0.266395 0.110026
v -0.606521 -0.265937 0.106432
v -0.627043 -0.265786 0.105357
v -0.647572 -0.265938 0.106821
v -0.664199 -0.266393 0.110843
v -0.676100 -0.266672 0.118538
v -0.682449 -0.266297 0.131019
v -0.684863 -0.265574 0.145074
v -0.684954 -0.264811 0.157491
v -0.683881 -0.264064 0.169128
v -0.683881 -0.304760 0.169128
v -0.684954 -0.305512 0.157491
v -0.684863 -0.306282 0.145074
v -0.682449 -0.307008 0.131019
v -0.676100 -0.307383 0.118538
v -0.664199 -0.307104 0.110843
v -0.647572 -0.306649 0.106821
v -0.627043 -0.306497 0.105357
v -0.589916 -0.307106 0.110026
v -0.606620 -0.312183 0.106697
v -0.606521 -0.306648 0.106432
v -0.590095 -0.312637 0.110250
v -0.578177 -0.312925 0.117463
v -0.577941 -0.307395 0.117311
v -0.571577 -0.312575 0.129502
v -0.568776 -0.311875 0.143355
v -0.568256 -0.311112 0.156009
v -0.627041 -0.312032 0.105635
v -0.647470 -0.312184 0.107084
v -0.664017 -0.312636 0.111064
v -0.675860 -0.312913 0.118687
v -0.682178 -0.312543 0.131066
v -0.684578 -0.311824 0.145032
v -0.684666 -0.311056 0.157415
v -0.683596 -0.310305 0.169045
v -0.567969 -0.264866 0.156086
v -0.568583 -0.264126 0.168002
v -0.569182 -0.263479 0.179642
v -0.586541 -0.256620 0.217198
v -0.595669 -0.254349 0.226187
v -0.604904 -0.252642 0.235280
v -0.613316 -0.251556 0.242739
v -0.625761 -0.251110 0.248032
v -0.625926 -0.305026 0.211956
v -0.639836 -0.306175 0.207635
v -0.631553 -0.306432 0.203873
v -0.635909 -0.304511 0.216717
v -0.624169 -0.306655 0.201899
v -0.616939 -0.308273 0.194672
v -0.601865 -0.308587 0.198850
v -0.612030 -0.306170 0.207578
v -0.616027 -0.304485 0.216787
v -0.609058 -0.308363 0.196580
v -0.597628 -0.311286 0.189959
v -0.614978 -0.310759 0.185856
v -0.605637 -0.310971 0.187556
v -0.605674 -0.311435 0.183383
v -0.614935 -0.311223 0.181759
v -0.605298 -0.312468 0.163307
v -0.625899 -0.311136 0.181365
v -0.626171 -0.312091 0.162911
v -0.637249 -0.311980 0.166490
v -0.614996 -0.312002 0.166208
v -0.636859 -0.311200 0.181989
v -0.645955 -0.311346 0.184109
v -0.656733 -0.313236 0.158957
v -0.647576 -0.312975 0.155190
v -0.654023 -0.311654 0.186434
v -0.669062 -0.312344 0.191840
v -0.654019 -0.311235 0.190406
v -0.668364 -0.311856 0.195679
v -0.672657 -0.312126 0.193384
v -0.671678 -0.311627 0.197001
v -0.672969 -0.310871 0.197651
v -0.673554 -0.309476 0.198206
v -0.671014 -0.309845 0.200521
v -0.669574 -0.310581 0.199997
v -0.661915 -0.309077 0.203371
v -0.665237 -0.308923 0.204355
v -0.666839 -0.308211 0.204754
v -0.671682 -0.308334 0.201012
v -0.659293 -0.305884 0.212233
v -0.657572 -0.306593 0.212021
v -0.645593 -0.304498 0.220687
v -0.650147 -0.303567 0.221220
v -0.648342 -0.304291 0.221131
v -0.653245 -0.306513 0.212185
v -0.649805 -0.308562 0.199068
v -0.642625 -0.308344 0.196739
v -0.645946 -0.310930 0.187849
v -0.634742 -0.308261 0.194762
v -0.636755 -0.310739 0.186028
v -0.625833 -0.310671 0.185424
v -0.625837 -0.308358 0.193391
v -0.625938 -0.303454 0.223049
v -0.633888 -0.303207 0.226762
v -0.630060 -0.302193 0.235241
v -0.636989 -0.302999 0.229138
v -0.639309 -0.302718 0.229821
v -0.632034 -0.301801 0.236416
v -0.634011 -0.300975 0.236590
v -0.629523 -0.299016 0.240331
v -0.634552 -0.299405 0.237019
v -0.629026 -0.300621 0.239917
v -0.642147 -0.300363 0.230139
v -0.628074 -0.301465 0.239238
v -0.625777 -0.301444 0.239704
v -0.626976 -0.301913 0.237809
v -0.625779 -0.300578 0.240561
v -0.625779 -0.298965 0.241089
v -0.622040 -0.299020 0.240309
v -0.622538 -0.300625 0.239897
v -0.623489 -0.301467 0.239227
v -0.617889 -0.301009 0.236737
v -0.619549 -0.301805 0.236399
v -0.612300 -0.302724 0.229812
v -0.610418 -0.301978 0.229893
v -0.601446 -0.303594 0.221067
v -0.603280 -0.304303 0.221081
v -0.594031 -0.306620 0.211824
v -0.589681 -0.309118 0.203029
v -0.584739 -0.308261 0.204331
v -0.592293 -0.305922 0.211960
v -0.586342 -0.308968 0.203965
v -0.582004 -0.310643 0.199430
v -0.580562 -0.309911 0.199935
v -0.578604 -0.310955 0.196873
v -0.579903 -0.311706 0.196244
v -0.583268 -0.311923 0.195001
v -0.598408 -0.306522 0.212106
v -0.606105 -0.304489 0.220743
v -0.615439 -0.302959 0.229469
v -0.625453 -0.301798 0.238508
v -0.620668 -0.303320 0.224872
v -0.582511 -0.312433 0.190928
v -0.578831 -0.312231 0.192223
v -0.577706 -0.311476 0.193244
v -0.577285 -0.311810 0.187418
v -0.577086 -0.310117 0.193841
v -0.576525 -0.310480 0.186796
v -0.576923 -0.314396 0.154142
v -0.580868 -0.313683 0.167198
v -0.575633 -0.313647 0.154925
v -0.574899 -0.312287 0.155768
v -0.580248 -0.315238 0.142298
v -0.577242 -0.315120 0.142602
v -0.575994 -0.314412 0.143511
v -0.577637 -0.313679 0.132175
v -0.575287 -0.313072 0.144079
v -0.578302 -0.314971 0.131938
v -0.579481 -0.315661 0.131500
v -0.583854 -0.315221 0.122326
v -0.587400 -0.316018 0.123350
v -0.584940 -0.315890 0.122515
v -0.594927 -0.315668 0.117273
v -0.593942 -0.315024 0.116573
v -0.608377 -0.314709 0.113747
v -0.609064 -0.315332 0.114786
v -0.597717 -0.315777 0.118913
v -0.595720 -0.314965 0.131779
v -0.610210 -0.315458 0.116902
v -0.603761 -0.314773 0.128293
v -0.613575 -0.314357 0.129614
v -0.582960 -0.315824 0.130900
v -0.595846 -0.313275 0.158360
v -0.597793 -0.311708 0.185807
v -0.587512 -0.313499 0.163711
v -0.649549 -0.314738 0.129012
v -0.626514 -0.313963 0.133415
v -0.665002 -0.313465 0.164260
v -0.671525 -0.313618 0.168233
v -0.672995 -0.315157 0.144083
v -0.666455 -0.315999 0.124426
v -0.657499 -0.314899 0.133018
v -0.670663 -0.315773 0.132400
v -0.656199 -0.315773 0.119579
v -0.639583 -0.314332 0.130028
v -0.643701 -0.315457 0.117238
v -0.626920 -0.315348 0.116606
v -0.626973 -0.315220 0.114067
v -0.645573 -0.314706 0.114093
v -0.626973 -0.314603 0.112917
v -0.644889 -0.315331 0.115125
v -0.659041 -0.315664 0.117968
v -0.668962 -0.315873 0.123592
v -0.660021 -0.315017 0.117282
v -0.670043 -0.315201 0.123399
v -0.660570 -0.313743 0.116845
v -0.670658 -0.313935 0.123234
v -0.676032 -0.313633 0.133565
v -0.675365 -0.314923 0.133359
v -0.674183 -0.315612 0.132989
v -0.677334 -0.314342 0.145056
v -0.676077 -0.315047 0.144261
v -0.676019 -0.314342 0.155512
v -0.674740 -0.313418 0.169849
v -0.677317 -0.313581 0.156164
v -0.674496 -0.310068 0.194676
v -0.673847 -0.311396 0.194197
v -0.678041 -0.312201 0.156842
v -0.678362 -0.310714 0.145835
v -0.678378 -0.309886 0.157269
v -0.678040 -0.313006 0.145562
v -0.677360 -0.309081 0.168479
v -0.676281 -0.308470 0.179983
v -0.675327 -0.308021 0.189624
v -0.674684 -0.307698 0.195245
v -0.673726 -0.307131 0.198590
v -0.671827 -0.305949 0.201401
v -0.667795 -0.304156 0.205520
v -0.660438 -0.301752 0.212788
v -0.651455 -0.299411 0.221579
v -0.642545 -0.297803 0.230264
v -0.654648 -0.302761 0.217918
v -0.634903 -0.296847 0.237149
v -0.629723 -0.296460 0.240541
v -0.625778 -0.296410 0.241359
v -0.621837 -0.296464 0.240521
v -0.616663 -0.296857 0.237088
v -0.617018 -0.299416 0.236962
v -0.609426 -0.300384 0.230017
v -0.609018 -0.297824 0.230126
v -0.600103 -0.299445 0.221346
v -0.597477 -0.302668 0.218227
v -0.591120 -0.301801 0.212460
v -0.583763 -0.304219 0.205078
v -0.579929 -0.308385 0.200486
v -0.579728 -0.306026 0.200806
v -0.577821 -0.307222 0.197798
v -0.578005 -0.309565 0.197418
v -0.576848 -0.307807 0.194211
v -0.576315 -0.308135 0.188467
v -0.575726 -0.308563 0.178989
v -0.575123 -0.309148 0.167595
v -0.574547 -0.309950 0.156104
v -0.574961 -0.310776 0.144377
v -0.577332 -0.311434 0.132279
v -0.582960 -0.311741 0.122036
v -0.583242 -0.313956 0.122157
v -0.593395 -0.313751 0.116122
v -0.593150 -0.311509 0.115878
v -0.607841 -0.311134 0.112834
v -0.608003 -0.313416 0.113134
v -0.626973 -0.313304 0.112253
v -0.626973 -0.311009 0.111936
v -0.646110 -0.311132 0.113192
v -0.660819 -0.311502 0.116610
v -0.645947 -0.313414 0.113487
v -0.670945 -0.311720 0.123121
v -0.676339 -0.311392 0.133657
v -0.625778 -0.251110 0.241387
v -0.629757 -0.251144 0.240575
v -0.621804 -0.251146 0.240554
v -0.616626 -0.251554 0.237145
v -0.609009 -0.252635 0.230210
v -0.600130 -0.254339 0.221468
v -0.591178 -0.256613 0.212651
v -0.583840 -0.258931 0.205330
v -0.579799 -0.260767 0.201068
v -0.577869 -0.262023 0.198050
v -0.576831 -0.262617 0.194415
v -0.576245 -0.262962 0.188632
v -0.575671 -0.263466 0.179363
v -0.575070 -0.264125 0.167756
v -0.575612 -0.304999 0.179098
v -0.575006 -0.305603 0.167703
v -0.576773 -0.304214 0.194340
v -0.576214 -0.304504 0.188605
v -0.577772 -0.303625 0.197941
v -0.579675 -0.302379 0.200939
v -0.583763 -0.304219 0.205078
v -0.583755 -0.300518 0.205260
v -0.579728 -0.306026 0.200806
v -0.577821 -0.307222 0.197798
v -0.576848 -0.307807 0.194211
v -0.576315 -0.308135 0.188467
v -0.575726 -0.308563 0.178989
v -0.575123 -0.309148 0.167595
v -0.591554 -0.298017 0.213073
v -0.600103 -0.299445 0.221346
v -0.591120 -0.301801 0.212460
v -0.608776 -0.294064 0.230063
v -0.621772 -0.292769 0.240589
v -0.616552 -0.293140 0.237134
v -0.629788 -0.292756 0.240609
v -0.634903 -0.296847 0.237149
v -0.635012 -0.293122 0.237196
v -0.629723 -0.296460 0.240541
v -0.625778 -0.296411 0.241415
v -0.621837 -0.296464 0.240521
v -0.616663 -0.296857 0.237088
v -0.609018 -0.297824 0.230126
v -0.651455 -0.299411 0.221579
v -0.642801 -0.294029 0.230192
v -0.642545 -0.297803 0.230264
v -0.660373 -0.256567 0.212985
v -0.642550 -0.252620 0.230352
v -0.651422 -0.254311 0.221708
v -0.667711 -0.258866 0.205774
v -0.671747 -0.260689 0.201665
v -0.673669 -0.261930 0.198843
v -0.674695 -0.262507 0.195452
v -0.675394 -0.262846 0.189793
v -0.676326 -0.263376 0.180340
v -0.677407 -0.264063 0.168637
v -0.678442 -0.264813 0.157383
v -0.678443 -0.265574 0.145962
v -0.676418 -0.266297 0.133714
v -0.671012 -0.266672 0.123097
v -0.660870 -0.266393 0.116545
v -0.646142 -0.265938 0.113112
v -0.626972 -0.265786 0.111850
v -0.607810 -0.265937 0.112752
v -0.593102 -0.266395 0.115811
v -0.582899 -0.266683 0.122011
v -0.577254 -0.266328 0.132339
v -0.574878 -0.265624 0.144513
v -0.574479 -0.264868 0.156221
v -0.575070 -0.264125 0.167756
v -0.575006 -0.305603 0.167703
v -0.574432 -0.306394 0.156219
v -0.574852 -0.307157 0.144492
v -0.577270 -0.311433 0.132314
v -0.593071 -0.307961 0.115797
v -0.593150 -0.311509 0.115878
v -0.607841 -0.311134 0.112834
v -0.607789 -0.307541 0.112736
v -0.582960 -0.311741 0.122036
v -0.582869 -0.308220 0.121997
v -0.574961 -0.310776 0.144377
v -0.574547 -0.309950 0.156104
v -0.575123 -0.309148 0.167595
v -0.626973 -0.307410 0.111832
v -0.626973 -0.311009 0.111936
v -0.646110 -0.311132 0.113192
v -0.646162 -0.307537 0.113095
v -0.660899 -0.307968 0.116532
v -0.660819 -0.311502 0.116610
v -0.670945 -0.311720 0.123121
v -0.671039 -0.308192 0.123083
v -0.676401 -0.311391 0.133689
v -0.678362 -0.310714 0.145835
v -0.678470 -0.307101 0.145939
v -0.678490 -0.306330 0.157378
v -0.678378 -0.309886 0.157269
v -0.677360 -0.309081 0.168479
v -0.676697 -0.305023 0.176984
v -0.676281 -0.308470 0.179983
v -0.675327 -0.308021 0.189624
v -0.675424 -0.304357 0.189778
v -0.674756 -0.304094 0.195376
v -0.674684 -0.307698 0.195245
v -0.673726 -0.307131 0.198590
v -0.673771 -0.303547 0.198733
v -0.671876 -0.302302 0.201535
v -0.671827 -0.305949 0.201401
v -0.667795 -0.304156 0.205520
v -0.666443 -0.299744 0.207071
v -0.660438 -0.301752 0.212788
v -0.634938 -0.251548 0.237207
v -0.635024 -0.250155 0.237887
v -0.642585 -0.251193 0.231152
v -0.637996 -0.250186 0.242243
v -0.629797 -0.249774 0.241173
v -0.651748 -0.252921 0.222240
v -0.634983 -0.250367 0.237293
v -0.651521 -0.253093 0.221821
v -0.642643 -0.251403 0.230470
v -0.642550 -0.251859 0.230351
v -0.655772 -0.254510 0.217479
v -0.651421 -0.254311 0.221708
v -0.642552 -0.252620 0.230350
v -0.634937 -0.251548 0.237208
v -0.629749 -0.250383 0.240577
v -0.629750 -0.251144 0.240578
v -0.625778 -0.251110 0.241386
v -0.625778 -0.249929 0.241479
v -0.621812 -0.250385 0.240557
v -0.621811 -0.251146 0.240557
v -0.616627 -0.251554 0.237146
v -0.616582 -0.250373 0.237232
v -0.609009 -0.251874 0.230208
v -0.609007 -0.252635 0.230208
v -0.600130 -0.254339 0.221467
v -0.596103 -0.254460 0.217521
v -0.591178 -0.256613 0.212651
v -0.583840 -0.258931 0.205330
v -0.579884 -0.259868 0.201212
v -0.579805 -0.260764 0.201076
v -0.577870 -0.262023 0.198051
v -0.577784 -0.260844 0.198094
v -0.576833 -0.261855 0.194425
v -0.576832 -0.262616 0.194423
v -0.576244 -0.262962 0.188639
v -0.576121 -0.262272 0.187235
v -0.575658 -0.263478 0.179148
v -0.575071 -0.264125 0.167756
v -0.574479 -0.264092 0.156232
v -0.574480 -0.264865 0.156268
v -0.574877 -0.265624 0.144518
v -0.574783 -0.264444 0.144500
v -0.577254 -0.265567 0.132340
v -0.577254 -0.266328 0.132340
v -0.582899 -0.266683 0.122011
v -0.582832 -0.265501 0.121947
v -0.593103 -0.265634 0.115811
v -0.593102 -0.266395 0.115811
v -0.607811 -0.265937 0.112752
v -0.626973 -0.265025 0.111850
v -0.626973 -0.265786 0.111850
v -0.646141 -0.265938 0.113112
v -0.660870 -0.265632 0.116545
v -0.660870 -0.266393 0.116545
v -0.671012 -0.266672 0.123097
v -0.676418 -0.265536 0.133715
v -0.676419 -0.266297 0.133715
v -0.678444 -0.265574 0.145968
v -0.678440 -0.264810 0.157427
v -0.677407 -0.264063 0.168637
v -0.678441 -0.264036 0.157397
v -0.676345 -0.263387 0.180143
v -0.675394 -0.262846 0.189799
v -0.674693 -0.261745 0.195461
v -0.675541 -0.262150 0.188535
v -0.674694 -0.262506 0.195459
v -0.673668 -0.261930 0.198843
v -0.671742 -0.260686 0.201671
v -0.667711 -0.258866 0.205774
v -0.671711 -0.259814 0.201732
v -0.660373 -0.256567 0.212985
v -0.667819 -0.257649 0.205880
v -0.660476 -0.255349 0.213095
v -0.671861 -0.259468 0.201761
v -0.668014 -0.257451 0.206318
v -0.674287 -0.260580 0.199036
v -0.672229 -0.259316 0.202022
v -0.673753 -0.260752 0.198886
v -0.674836 -0.261288 0.195504
v -0.675380 -0.261156 0.195456
v -0.675608 -0.261654 0.189305
v -0.680344 -0.261116 0.197436
v -0.681761 -0.261754 0.185570
v -0.679034 -0.260541 0.201569
v -0.674425 -0.259316 0.203555
v -0.672163 -0.257531 0.209611
v -0.676621 -0.259316 0.205087
v -0.679545 -0.260752 0.201701
v -0.672407 -0.257649 0.210037
v -0.676990 -0.259468 0.205347
v -0.677113 -0.259925 0.205434
v -0.677113 -0.260686 0.205434
v -0.679631 -0.261930 0.201746
v -0.672519 -0.258868 0.210139
v -0.672519 -0.258106 0.210139
v -0.664956 -0.256574 0.217585
v -0.655850 -0.254321 0.226458
v -0.661937 -0.254941 0.220537
v -0.655746 -0.253094 0.226347
v -0.664848 -0.255350 0.217477
v -0.655497 -0.252955 0.225955
v -0.646249 -0.251251 0.234971
v -0.664688 -0.255241 0.216988
v -0.638174 -0.250368 0.242732
v -0.646533 -0.251404 0.235326
v -0.646628 -0.251863 0.235444
v -0.646628 -0.252627 0.235444
v -0.638219 -0.251549 0.242818
v -0.631553 -0.250383 0.246855
v -0.625761 -0.251110 0.248032
v -0.631553 -0.251144 0.246855
v -0.631512 -0.249926 0.246715
v -0.625761 -0.249928 0.247937
v -0.620017 -0.249928 0.246685
v -0.619975 -0.250385 0.246825
v -0.613362 -0.250375 0.242653
v -0.613316 -0.251556 0.242739
v -0.619975 -0.251146 0.246825
v -0.604904 -0.251878 0.235280
v -0.604904 -0.252642 0.235280
v -0.595669 -0.254349 0.226187
v -0.589069 -0.255109 0.219701
v -0.586541 -0.256620 0.217198
v -0.578962 -0.258933 0.209613
v -0.578962 -0.258171 0.209613
v -0.574375 -0.260003 0.204733
v -0.574375 -0.260764 0.204733
v -0.571869 -0.262023 0.200829
v -0.570530 -0.261855 0.196175
v -0.570530 -0.262616 0.196175
v -0.569815 -0.262962 0.189527
v -0.569815 -0.262201 0.189527
v -0.569166 -0.262721 0.179345
v -0.569182 -0.263479 0.179643
v -0.568583 -0.264126 0.168002
v -0.567969 -0.264104 0.156086
v -0.567969 -0.264866 0.156086
v -0.568493 -0.265624 0.143401
v -0.571309 -0.265567 0.129456
v -0.571309 -0.266328 0.129456
v -0.577941 -0.266683 0.117311
v -0.589916 -0.265634 0.110026
v -0.589916 -0.266395 0.110026
v -0.606521 -0.265937 0.106432
v -0.627043 -0.265025 0.105357
v -0.627043 -0.265786 0.105357
v -0.606541 -0.264757 0.106525
v -0.627042 -0.264568 0.105507
v -0.589983 -0.265177 0.110154
v -0.578009 -0.265501 0.117376
v -0.571440 -0.265111 0.129516
v -0.568588 -0.264443 0.143417
v -0.578354 -0.265315 0.117707
v -0.571768 -0.264952 0.129871
v -0.569061 -0.264242 0.143701
v -0.576731 -0.264958 0.132099
v -0.582476 -0.265310 0.121607
v -0.574306 -0.264262 0.144304
v -0.568634 -0.263338 0.158434
v -0.573875 -0.263495 0.156252
v -0.577124 -0.265111 0.132280
v -0.607830 -0.264566 0.112162
v -0.607790 -0.264758 0.112659
v -0.593036 -0.265177 0.115684
v -0.592816 -0.265025 0.115305
v -0.606587 -0.264567 0.107020
v -0.590184 -0.265025 0.110536
v -0.627037 -0.264415 0.105960
v -0.647492 -0.264568 0.107406
v -0.663894 -0.265023 0.111335
v -0.647550 -0.264758 0.106914
v -0.664129 -0.265176 0.110969
v -0.664199 -0.265632 0.110843
v -0.647572 -0.265938 0.106821
v -0.664199 -0.266393 0.110843
v -0.676100 -0.266672 0.118538
v -0.682449 -0.265536 0.131019
v -0.682449 -0.266297 0.131019
v -0.676029 -0.265491 0.118601
v -0.682317 -0.265079 0.131076
v -0.675680 -0.265305 0.118923
v -0.681980 -0.264921 0.131427
v -0.671443 -0.265300 0.122705
v -0.661150 -0.265023 0.116043
v -0.676949 -0.264927 0.133491
v -0.679021 -0.264213 0.145771
v -0.684287 -0.264191 0.145360
v -0.679045 -0.263440 0.157435
v -0.678538 -0.264394 0.145953
v -0.676551 -0.265079 0.133659
v -0.671081 -0.265490 0.123034
v -0.660940 -0.265176 0.116420
v -0.646164 -0.264758 0.113019
v -0.626974 -0.264568 0.111700
v -0.646141 -0.264567 0.112522
v -0.626978 -0.264416 0.111250
v -0.678599 -0.263569 0.157326
v -0.677985 -0.262677 0.168952
v -0.684188 -0.263270 0.159921
v -0.684767 -0.264393 0.145087
v -0.683111 -0.262436 0.175893
v -0.684803 -0.263593 0.157489
v -0.684954 -0.264050 0.157491
v -0.684954 -0.264811 0.157491
v -0.684863 -0.265574 0.145074
v -0.683881 -0.264064 0.169128
v -0.682801 -0.263388 0.180845
v -0.681801 -0.262847 0.190850
v -0.682099 -0.262197 0.188246
v -0.681651 -0.261629 0.190826
v -0.680825 -0.261288 0.197308
v -0.680969 -0.261745 0.197351
v -0.680969 -0.262506 0.197351
v -0.574325 -0.263623 0.156163
v -0.576032 -0.261776 0.188019
v -0.576689 -0.261398 0.194465
v -0.579684 -0.259547 0.201164
v -0.583730 -0.257713 0.205434
v -0.591074 -0.255396 0.212761
v -0.600030 -0.253121 0.221579
v -0.608915 -0.251418 0.230327
v -0.621770 -0.249928 0.240696
v -0.629790 -0.249926 0.240717
v -0.625777 -0.249741 0.241965
v -0.621762 -0.249776 0.241152
v -0.616474 -0.250168 0.237777
v -0.613526 -0.250193 0.242153
v -0.620144 -0.249776 0.246267
v -0.625762 -0.249740 0.247447
v -0.631387 -0.249774 0.246296
v -0.605286 -0.251265 0.234809
v -0.596021 -0.252984 0.225682
v -0.605000 -0.251419 0.235162
v -0.595774 -0.253123 0.226076
v -0.586650 -0.255397 0.217091
v -0.579075 -0.257714 0.209513
v -0.574500 -0.259547 0.204649
v -0.571956 -0.260844 0.200786
v -0.570675 -0.261398 0.196135
v -0.569965 -0.261744 0.189506
v -0.569154 -0.262427 0.176271
v -0.568121 -0.263647 0.156090
v -0.574478 -0.262742 0.167995
v -0.570097 -0.261802 0.185384
v -0.571156 -0.261226 0.196281
v -0.572483 -0.260625 0.200717
v -0.577259 -0.260668 0.198245
v -0.577092 -0.259394 0.202906
v -0.574873 -0.259394 0.204395
v -0.579271 -0.257614 0.209034
v -0.586796 -0.255293 0.216585
v -0.583505 -0.257521 0.205852
v -0.590748 -0.255243 0.213080
v -0.579311 -0.259394 0.201416
v -0.576255 -0.261246 0.194584
v -0.575554 -0.261644 0.187697
v -0.599805 -0.252948 0.222001
v -0.608973 -0.251207 0.231012
v -0.660798 -0.255197 0.213419
v -0.649858 -0.307971 0.198925
v -0.639864 -0.305579 0.207514
v -0.642670 -0.307751 0.196598
v -0.653230 -0.305923 0.212049
v -0.661929 -0.308503 0.203182
v -0.654070 -0.310634 0.190293
v -0.668375 -0.311266 0.195534
v -0.669412 -0.310048 0.199727
v -0.672604 -0.310415 0.197381
v -0.665101 -0.308403 0.204055
v -0.666571 -0.307786 0.204366
v -0.671477 -0.311079 0.196787
v -0.670705 -0.309405 0.200178
v -0.673082 -0.309188 0.197921
v -0.671269 -0.308055 0.200646
v -0.673194 -0.306966 0.198309
v -0.667378 -0.303997 0.205098
v -0.671355 -0.305787 0.201036
v -0.660038 -0.301595 0.212348
v -0.651063 -0.299256 0.221131
v -0.641820 -0.300097 0.229685
v -0.654353 -0.302504 0.217433
v -0.642181 -0.297652 0.229789
v -0.634609 -0.296699 0.236632
v -0.629376 -0.298755 0.239796
v -0.634287 -0.299143 0.236532
v -0.629562 -0.296314 0.239967
v -0.625780 -0.296264 0.240753
v -0.622189 -0.298760 0.239775
v -0.622002 -0.296318 0.239947
v -0.625780 -0.298704 0.240527
v -0.625780 -0.300152 0.240088
v -0.628909 -0.300196 0.239463
v -0.622658 -0.300200 0.239444
v -0.628004 -0.300938 0.238926
v -0.625778 -0.300917 0.239377
v -0.623561 -0.300941 0.238915
v -0.621512 -0.301607 0.235071
v -0.619677 -0.301278 0.236111
v -0.625791 -0.301237 0.238308
v -0.617777 -0.300561 0.236121
v -0.617286 -0.299155 0.236475
v -0.609754 -0.300119 0.229565
v -0.612451 -0.302195 0.229535
v -0.603433 -0.303774 0.220803
v -0.601718 -0.303164 0.220683
v -0.606124 -0.303904 0.220593
v -0.615490 -0.302360 0.229399
v -0.598431 -0.305932 0.211965
v -0.594174 -0.306097 0.211531
v -0.589671 -0.308542 0.202842
v -0.586484 -0.308447 0.203668
v -0.592562 -0.305495 0.211571
v -0.585014 -0.307834 0.203948
v -0.580347 -0.308105 0.200127
v -0.580878 -0.309470 0.199599
v -0.582171 -0.310109 0.199164
v -0.578973 -0.310498 0.196612
v -0.580107 -0.311157 0.196036
v -0.577727 -0.311344 0.187390
v -0.579128 -0.311676 0.192183
v -0.578116 -0.311014 0.193078
v -0.582539 -0.311835 0.190832
v -0.581100 -0.313188 0.165370
v -0.576681 -0.312458 0.166677
v -0.577855 -0.312971 0.167986
v -0.577177 -0.313851 0.154172
v -0.577496 -0.314564 0.142620
v -0.576421 -0.313951 0.143564
v -0.580343 -0.314646 0.142210
v -0.576080 -0.313216 0.155139
v -0.575444 -0.311994 0.155768
v -0.575715 -0.308981 0.167566
v -0.575817 -0.312782 0.144158
v -0.575140 -0.309784 0.156114
v -0.575541 -0.310611 0.144473
v -0.578119 -0.313384 0.132399
v -0.577868 -0.311266 0.132536
v -0.583405 -0.311569 0.122459
v -0.593644 -0.313459 0.116594
v -0.593434 -0.311341 0.116401
v -0.583634 -0.313657 0.122531
v -0.584157 -0.314751 0.122618
v -0.578683 -0.314505 0.132107
v -0.594132 -0.314562 0.116948
v -0.579706 -0.315101 0.131592
v -0.585116 -0.315328 0.122684
v -0.595035 -0.315112 0.117495
v -0.610231 -0.314859 0.116952
v -0.609106 -0.314783 0.115040
v -0.597824 -0.315172 0.118915
v -0.587458 -0.315417 0.123403
v -0.608454 -0.314257 0.114170
v -0.608104 -0.313132 0.113658
v -0.626967 -0.313023 0.112794
v -0.626968 -0.314154 0.113356
v -0.626970 -0.314673 0.114331
v -0.645487 -0.314254 0.114514
v -0.643681 -0.314858 0.117285
v -0.644840 -0.314781 0.115377
v -0.626926 -0.314746 0.116642
v -0.595729 -0.314365 0.131605
v -0.583135 -0.315237 0.130485
v -0.595833 -0.312661 0.158419
v -0.597765 -0.311102 0.185736
v -0.605256 -0.311862 0.163276
v -0.614986 -0.311383 0.166364
v -0.625898 -0.310530 0.181289
v -0.614917 -0.310617 0.181683
v -0.626176 -0.311486 0.162823
v -0.605639 -0.310830 0.183310
v -0.605595 -0.310369 0.187444
v -0.597580 -0.310685 0.189845
v -0.625833 -0.310069 0.185302
v -0.614956 -0.310157 0.185739
v -0.601814 -0.307996 0.198708
v -0.609015 -0.307770 0.196440
v -0.616916 -0.307680 0.194526
v -0.583251 -0.311334 0.194859
v -0.624173 -0.306061 0.201762
v -0.625838 -0.307765 0.193241
v -0.612008 -0.305573 0.207459
v -0.625927 -0.304427 0.211852
v -0.615996 -0.303884 0.216698
v -0.626971 -0.302898 0.222544
v -0.635940 -0.303909 0.216632
v -0.623878 -0.302661 0.224740
v -0.630086 -0.301609 0.235070
v -0.636265 -0.302383 0.229247
v -0.645582 -0.303912 0.220539
v -0.639160 -0.302188 0.229545
v -0.631908 -0.301273 0.236127
v -0.633785 -0.300548 0.236180
v -0.649878 -0.303135 0.220834
v -0.648192 -0.303761 0.220853
v -0.657434 -0.306070 0.211727
v -0.659030 -0.305458 0.211840
v -0.631569 -0.305836 0.203745
v -0.634765 -0.307668 0.194616
v -0.636778 -0.310137 0.185911
v -0.645991 -0.310328 0.187736
v -0.636878 -0.310594 0.181913
v -0.647326 -0.312022 0.160624
v -0.646101 -0.310778 0.183814
v -0.654065 -0.311050 0.186360
v -0.669038 -0.311745 0.191744
v -0.672419 -0.311573 0.193245
v -0.673426 -0.310936 0.194055
v -0.673971 -0.309777 0.194538
v -0.674745 -0.307859 0.189526
v -0.674118 -0.307535 0.195065
v -0.675693 -0.308305 0.179915
v -0.676770 -0.308913 0.168428
v -0.677785 -0.309719 0.157256
v -0.677497 -0.311905 0.156819
v -0.676877 -0.313113 0.156138
v -0.676907 -0.313878 0.145092
v -0.677509 -0.312713 0.145621
v -0.677780 -0.310548 0.145910
v -0.675545 -0.313336 0.133772
v -0.675795 -0.311222 0.133896
v -0.670490 -0.311548 0.123530
v -0.670257 -0.313635 0.123597
v -0.660310 -0.313450 0.117309
v -0.660522 -0.311333 0.117126
v -0.645983 -0.310970 0.113764
v -0.645835 -0.313130 0.114009
v -0.626966 -0.310849 0.112528
v -0.607955 -0.310972 0.113409
v -0.659823 -0.314554 0.117651
v -0.669734 -0.314730 0.123680
v -0.674980 -0.314455 0.133514
v -0.658928 -0.315107 0.118187
v -0.668784 -0.315310 0.123754
v -0.673957 -0.315052 0.133071
v -0.672906 -0.314560 0.144042
v -0.666396 -0.315398 0.124476
v -0.675823 -0.314490 0.144269
v -0.670518 -0.315186 0.132017
v -0.657488 -0.314291 0.132943
v -0.639593 -0.313723 0.130005
v -0.649569 -0.314128 0.129012
v -0.656087 -0.315168 0.119563
v -0.637270 -0.311368 0.166536
v -0.656750 -0.312623 0.159012
v -0.671369 -0.313128 0.166355
v -0.675758 -0.313784 0.155478
v -0.674457 -0.312846 0.170007
v -0.613546 -0.313752 0.129529
v -0.626512 -0.313360 0.133299
v -0.603728 -0.314167 0.128245
v -0.576317 -0.308398 0.178940
v -0.576899 -0.307973 0.188383
v -0.577060 -0.310191 0.186608
v -0.577601 -0.309826 0.193668
v -0.577417 -0.307643 0.194043
v -0.578356 -0.307057 0.197529
v -0.580205 -0.305863 0.200450
v -0.578481 -0.309275 0.197143
v -0.584187 -0.304060 0.204664
v -0.591525 -0.301645 0.212026
v -0.600498 -0.299291 0.220901
v -0.609384 -0.297673 0.229653
v -0.597778 -0.302411 0.217745
v -0.616960 -0.296709 0.236573
v -0.634706 -0.292923 0.236670
v -0.629587 -0.250528 0.239986
v -0.629593 -0.296315 0.240001
v -0.634630 -0.250932 0.236682
v -0.642167 -0.252004 0.229875
v -0.625780 -0.296265 0.240799
v -0.634609 -0.296699 0.236632
v -0.642181 -0.297652 0.229789
v -0.651063 -0.299256 0.221131
v -0.660038 -0.301595 0.212348
v -0.667378 -0.303997 0.205098
v -0.671355 -0.305787 0.201036
v -0.673194 -0.306966 0.198309
v -0.674745 -0.307859 0.189526
v -0.675693 -0.308305 0.179915
v -0.676770 -0.308913 0.168428
v -0.677785 -0.309719 0.157256
v -0.660522 -0.311333 0.117126
v -0.645983 -0.310970 0.113764
v -0.626966 -0.310849 0.112528
v -0.607955 -0.310972 0.113409
v -0.593434 -0.311341 0.116401
v -0.607908 -0.307328 0.113327
v -0.626966 -0.307206 0.112440
v -0.607932 -0.265321 0.113345
v -0.593367 -0.307748 0.116338
v -0.577811 -0.265712 0.132610
v -0.577817 -0.311265 0.132574
v -0.575481 -0.310607 0.144548
v -0.575042 -0.306189 0.156233
v -0.575089 -0.264251 0.156238
v -0.575476 -0.265008 0.144619
v -0.583364 -0.266067 0.122452
v -0.593400 -0.265778 0.116353
v -0.626967 -0.265169 0.112459
v -0.660558 -0.265777 0.117079
v -0.646029 -0.307337 0.113684
v -0.660589 -0.307735 0.117065
v -0.670537 -0.311549 0.123515
v -0.646007 -0.265322 0.113701
v -0.670535 -0.266056 0.123524
v -0.675853 -0.265680 0.133966
v -0.677841 -0.264957 0.146047
v -0.675845 -0.311221 0.133932
v -0.677838 -0.310544 0.145981
v -0.677831 -0.264197 0.157379
v -0.677880 -0.306118 0.157368
v -0.676114 -0.304833 0.176678
v -0.675722 -0.262760 0.180263
v -0.676800 -0.263447 0.168592
v -0.674106 -0.261890 0.195276
v -0.674794 -0.262231 0.189686
v -0.671242 -0.260072 0.201314
v -0.673109 -0.261314 0.198573
v -0.667260 -0.258250 0.205366
v -0.659943 -0.255951 0.212554
v -0.651006 -0.253694 0.221263
v -0.575678 -0.263508 0.167734
v -0.576277 -0.262850 0.179304
v -0.575614 -0.305406 0.167677
v -0.576699 -0.304630 0.187176
v -0.577375 -0.307641 0.194082
v -0.577423 -0.262001 0.194253
v -0.576899 -0.307973 0.188383
v -0.576317 -0.308398 0.178940
v -0.575715 -0.308981 0.167566
v -0.578356 -0.307057 0.197529
v -0.580205 -0.305863 0.200450
v -0.584187 -0.304060 0.204664
v -0.591525 -0.301645 0.212026
v -0.600498 -0.299291 0.220901
v -0.609384 -0.297673 0.229653
v -0.616960 -0.296709 0.236573
v -0.616861 -0.292934 0.236610
v -0.621970 -0.296319 0.239981
v -0.621977 -0.250530 0.239966
v -0.609152 -0.293908 0.229579
v -0.585376 -0.299601 0.206068
v -0.580309 -0.260151 0.200727
v -0.580173 -0.302171 0.200586
v -0.578327 -0.303410 0.197675
v -0.578433 -0.261406 0.197792
v -0.576847 -0.262347 0.188549
v -0.584298 -0.258315 0.204930
v -0.591613 -0.255997 0.212225
v -0.600549 -0.253723 0.221025
v -0.609392 -0.252019 0.229733
v -0.616938 -0.250938 0.236621
v -0.625780 -0.250494 0.240762
v -0.642415 -0.293843 0.229718
v -0.666011 -0.299497 0.206644
v -0.671383 -0.302098 0.201172
v -0.673219 -0.303346 0.198455
v -0.674159 -0.307533 0.195101
v -0.674823 -0.304150 0.189704
v -0.575678 -0.263508 0.167734
v -0.575614 -0.305406 0.167677
v -0.575715 -0.308981 0.167566
v -0.575140 -0.309784 0.156114
v -0.583352 -0.311570 0.122441
v -0.608049 -0.263948 0.112744
v -0.587429 -0.264424 0.105506
v -0.627098 -0.263784 0.100283
v -0.582941 -0.264694 0.122040
v -0.593124 -0.264410 0.115849
v -0.583297 -0.264885 0.122387
v -0.593335 -0.264561 0.116226
v -0.593402 -0.265017 0.116353
v -0.607911 -0.264140 0.113252
v -0.583364 -0.266067 0.122452
v -0.593401 -0.265778 0.116353
v -0.607932 -0.265321 0.113345
v -0.577812 -0.264951 0.132611
v -0.575475 -0.265008 0.144623
v -0.575381 -0.263828 0.144605
v -0.577681 -0.264494 0.132551
v -0.577811 -0.265712 0.132610
v -0.575679 -0.263508 0.167734
v -0.574935 -0.263004 0.156191
v -0.575090 -0.264248 0.156286
v -0.575090 -0.263474 0.156251
v -0.576847 -0.262346 0.188558
v -0.576637 -0.261162 0.187955
v -0.576265 -0.262861 0.179103
v -0.576728 -0.261655 0.187188
v -0.577425 -0.261239 0.194262
v -0.578434 -0.261406 0.197793
v -0.578347 -0.260229 0.197833
v -0.577280 -0.260784 0.194300
v -0.577424 -0.262000 0.194261
v -0.584298 -0.258315 0.204930
v -0.584187 -0.257095 0.205031
v -0.580192 -0.258930 0.200819
v -0.580315 -0.260148 0.200734
v -0.580389 -0.259252 0.200864
v -0.600549 -0.253723 0.221025
v -0.600448 -0.252505 0.221137
v -0.591508 -0.254778 0.212334
v -0.591613 -0.255997 0.212225
v -0.596557 -0.253837 0.217113
v -0.609394 -0.251258 0.229734
v -0.616939 -0.250938 0.236623
v -0.616892 -0.249757 0.236708
v -0.609300 -0.250801 0.229852
v -0.609392 -0.252019 0.229733
v -0.621984 -0.249769 0.239969
v -0.625780 -0.249312 0.240855
v -0.625780 -0.250494 0.240762
v -0.621942 -0.249311 0.240108
v -0.621984 -0.250530 0.239969
v -0.621868 -0.249157 0.240542
v -0.625779 -0.249120 0.241342
v -0.616953 -0.249533 0.237390
v -0.600393 -0.252294 0.221730
v -0.609210 -0.250616 0.230394
v -0.591331 -0.254581 0.212801
v -0.580005 -0.258676 0.201319
v -0.583921 -0.256910 0.205409
v -0.574391 -0.260066 0.199534
v -0.580944 -0.256903 0.207768
v -0.577841 -0.260050 0.197994
v -0.576821 -0.260642 0.194354
v -0.576140 -0.261067 0.187136
v -0.574486 -0.262879 0.156248
v -0.577300 -0.264344 0.132325
v -0.574933 -0.263664 0.144108
v -0.566668 -0.264360 0.127196
v -0.562882 -0.262852 0.155930
v -0.575126 -0.262075 0.168821
v -0.564116 -0.261590 0.179922
v -0.564770 -0.261155 0.190069
v -0.563511 -0.262140 0.168166
v -0.563508 -0.263627 0.142516
v -0.574071 -0.264725 0.113635
v -0.605513 -0.263944 0.101493
v -0.648690 -0.263947 0.101905
v -0.666797 -0.264426 0.106387
v -0.645912 -0.263950 0.113098
v -0.660849 -0.264408 0.116581
v -0.626980 -0.263799 0.111860
v -0.626968 -0.263951 0.112309
v -0.626966 -0.264408 0.112459
v -0.646030 -0.264141 0.113609
v -0.626966 -0.265169 0.112459
v -0.646007 -0.265322 0.113701
v -0.660558 -0.265016 0.117080
v -0.660558 -0.265777 0.117079
v -0.670535 -0.266056 0.123524
v -0.675853 -0.264919 0.133968
v -0.675853 -0.265680 0.133968
v -0.670604 -0.264874 0.123461
v -0.660627 -0.264559 0.116954
v -0.675985 -0.264463 0.133912
v -0.677937 -0.263776 0.146037
v -0.677830 -0.263420 0.157387
v -0.677988 -0.262950 0.157330
v -0.677829 -0.264194 0.157422
v -0.677842 -0.264957 0.146052
v -0.676800 -0.263447 0.168592
v -0.675740 -0.262771 0.180078
v -0.674793 -0.262230 0.189702
v -0.674104 -0.261128 0.195285
v -0.674105 -0.261889 0.195284
v -0.674940 -0.261534 0.188436
v -0.675006 -0.261040 0.189219
v -0.674248 -0.260674 0.195326
v -0.673194 -0.260136 0.198614
v -0.671358 -0.258851 0.201407
v -0.671235 -0.259308 0.201322
v -0.667369 -0.257031 0.205469
v -0.671237 -0.260069 0.201320
v -0.673108 -0.261314 0.198573
v -0.667260 -0.258250 0.205366
v -0.664986 -0.256617 0.207625
v -0.659943 -0.255951 0.212554
v -0.651006 -0.253694 0.221263
v -0.642293 -0.251175 0.229754
v -0.642169 -0.252004 0.229873
v -0.651105 -0.252476 0.221376
v -0.660047 -0.254732 0.212663
v -0.642261 -0.250787 0.229993
v -0.629621 -0.249309 0.240128
v -0.629580 -0.249767 0.239989
v -0.634673 -0.249751 0.236768
v -0.634629 -0.250932 0.236683
v -0.629580 -0.250528 0.239989
v -0.629694 -0.249155 0.240562
v -0.642353 -0.250602 0.230529
v -0.660222 -0.254535 0.213130
v -0.667635 -0.256847 0.205846
v -0.671497 -0.258577 0.201945
v -0.673696 -0.259959 0.198784
v -0.674704 -0.260532 0.195392
v -0.678435 -0.262824 0.157410
v -0.676370 -0.264313 0.133697
v -0.670968 -0.264682 0.123122
v -0.687157 -0.264329 0.128905
v -0.678401 -0.263614 0.145561
v -0.690045 -0.262794 0.157526
v -0.677312 -0.262014 0.169668
v -0.687863 -0.261509 0.181204
v -0.675587 -0.260979 0.187847
v -0.685957 -0.260702 0.198553
v -0.677126 -0.259975 0.200383
v -0.677861 -0.258676 0.205694
v -0.670571 -0.256837 0.208256
v -0.669093 -0.254613 0.220633
v -0.651166 -0.252267 0.221965
v -0.649843 -0.250633 0.239397
v -0.634617 -0.249528 0.237443
v -0.632973 -0.249088 0.251761
v -0.625747 -0.249040 0.253236
v -0.640801 -0.249538 0.247189
v -0.618529 -0.249091 0.251723
v -0.610711 -0.249544 0.247096
v -0.601666 -0.250643 0.239214
v -0.592146 -0.252325 0.229838
v -0.582498 -0.254623 0.220333
v -0.574994 -0.256830 0.212774
v -0.573629 -0.258756 0.204997
v -0.569974 -0.258745 0.207314
v -0.567055 -0.260121 0.202682
v -0.565535 -0.260802 0.197295
v -0.659347 -0.252304 0.230135
v -0.676445 -0.256761 0.213351
v -0.681487 -0.258663 0.208073
v -0.684435 -0.260032 0.203665
v -0.686837 -0.261053 0.191502
v -0.688944 -0.262076 0.169480
v -0.689876 -0.263575 0.144362
v -0.680070 -0.264717 0.114973
vn 0.9993 -0.0000 -0.0383
vn 0.9994 -0.0000 -0.0340
vn 0.9965 -0.0000 -0.0836
vn 0.9953 -0.0000 0.0967
vn 0.9960 -0.0000 0.0892
vn 0.9508 -0.0000 0.3097
vn 0.9465 -0.0000 0.3227
vn 0.7373 -0.0000 0.6755
vn 0.7481 -0.0000 0.6636
vn 0.3899 -0.0000 0.9208
vn 0.3871 -0.0000 0.9220
vn 0.1457 -0.0000 0.9893
vn 0.1444 -0.0000 0.9895
vn -0.0008 -0.0000 1.0000
vn 0.0012 -0.0000 1.0000
vn -0.1405 -0.0000 0.9901
vn -0.1442 -0.0000 0.9896
vn -0.3883 -0.0000 0.9215
vn -0.3784 -0.0000 0.9256
vn -0.7293 -0.0000 0.6842
vn -0.7450 -0.0000 0.6671
vn -0.9472 -0.0000 0.3206
vn -0.9423 -0.0000 0.3347
vn -0.9937 -0.0000 0.1118
vn -0.9945 -0.0000 0.1048
vn -0.9999 -0.0000 -0.0167
vn -0.9999 -0.0000 -0.0132
vn -0.9982 -0.0000 -0.0596
vn -0.9978 -0.0000 -0.0662
vn -0.9978 -0.0000 -0.0656
vn -0.9956 -0.0000 -0.0934
vn -0.9955 -0.0000 -0.0946
vn -0.9810 -0.0000 -0.1942
vn -0.9816 -0.0000 -0.1912
vn -0.9160 -0.0000 -0.4011
vn -0.9147 -0.0000 -0.4041
vn -0.7893 0.0001 -0.6140
vn -0.7904 -0.0000 -0.6126
vn -0.7119 -0.0004 -0.7023
vn -0.7126 0.0004 -0.7016
vn -0.7006 -0.0001 -0.7135
vn -0.6981 -0.0004 -0.7160
vn -0.6774 -0.0000 -0.7356
vn -0.6777 -0.0000 -0.7354
vn -0.6974 -0.0000 -0.7167
vn -0.5906 -0.0000 -0.8069
vn -0.3631 -0.0000 -0.9318
vn -0.3624 -0.0000 -0.9320
vn -0.5900 -0.0000 -0.8074
vn 0.0056 -0.0000 -1.0000
vn 0.3669 -0.0000 -0.9303
vn 0.3714 -0.0000 -0.9285
vn 0.0024 -0.0000 -1.0000
vn 0.5973 -0.0000 -0.8020
vn 0.6839 -0.0000 -0.7295
vn 0.6848 -0.0000 -0.7288
vn 0.5946 -0.0000 -0.8040
vn 0.7038 -0.0000 -0.7104
vn 0.7055 -0.0000 -0.7087
vn 0.7056 -0.0000 -0.7086
vn 0.7144 -0.0000 -0.6997
vn 0.7760 -0.0000 -0.6307
vn 0.7788 -0.0000 -0.6273
vn 0.7140 -0.0000 -0.7002
vn 0.9051 -0.0000 -0.4252
vn 0.9783 -0.0000 -0.2071
vn 0.9794 -0.0000 -0.2018
vn 0.9013 -0.0000 -0.4332
vn 0.9945 -0.0000 -0.1050
vn 0.9961 -0.0000 -0.0877
vn 0.9962 -0.0000 -0.0872
vn 0.9944 -0.0000 -0.1059
vn 0.1059 -0.9720 0.2097
vn 0.0786 -0.9731 0.2164
vn 0.0620 -0.9843 0.1655
vn 0.0742 -0.9815 0.1767
vn 0.0717 -0.9806 0.1825
vn 0.1001 -0.9804 0.1699
vn 0.0912 -0.9800 0.1766
vn 0.1029 -0.9701 0.2199
vn 0.0434 -0.9596 0.2781
vn 0.0207 -0.9775 0.2101
vn 0.0112 -0.9688 0.2477
vn -0.1522 -0.9028 0.4022
vn -0.1239 -0.8988 0.4204
vn -0.1230 -0.8951 0.4286
vn -0.4022 -0.6661 0.6281
vn -0.4344 -0.6722 0.5995
vn -0.1851 -0.9363 0.2983
vn -0.5537 -0.7156 0.4259
vn -0.9069 -0.3557 0.2258
vn -0.6561 -0.7259 0.2065
vn -0.8093 -0.3559 0.4673
vn -0.6684 -0.3300 0.6666
vn -0.2731 -0.9529 0.1321
vn -0.0219 -0.9953 0.0943
vn -0.6833 -0.7212 0.1139
vn 0.0496 -0.9972 0.0559
vn 0.0601 -0.9952 0.0776
vn -0.0240 -0.9979 0.0605
vn -0.6881 -0.7219 0.0737
vn -0.2840 -0.9562 0.0711
vn -0.9291 -0.3501 0.1194
vn -0.9337 -0.3526 0.0617
vn -0.9871 -0.1256 0.0988
vn -0.9873 -0.1241 0.0988
vn -0.9854 -0.1205 0.1202
vn -0.9680 -0.1234 0.2187
vn -0.8839 -0.1240 0.4509
vn -0.7473 -0.1167 0.6542
vn -0.6821 -0.1184 0.7216
vn -0.6219 -0.3166 0.7162
vn -0.6790 -0.1114 0.7256
vn -0.4195 -0.6661 0.6167
vn -0.4421 -0.6711 0.5951
vn -0.6818 -0.1108 0.7231
vn -0.6158 -0.3209 0.7196
vn -0.6652 -0.1122 0.7382
vn -0.5803 -0.1100 0.8069
vn -0.5422 -0.3116 0.7803
vn -0.3332 -0.2997 0.8940
vn -0.3563 -0.1093 0.9279
vn -0.2590 -0.6318 0.7306
vn 0.0018 -0.6162 0.7876
vn 0.0024 -0.2941 0.9558
vn 0.0026 -0.1099 0.9939
vn -0.4066 -0.6584 0.6334
vn 0.3378 -0.2993 0.8924
vn 0.3613 -0.1091 0.9260
vn 0.5847 -0.1096 0.8038
vn 0.6202 -0.3182 0.7170
vn 0.6691 -0.1113 0.7348
vn 0.5464 -0.3103 0.7779
vn 0.4101 -0.6567 0.6330
vn 0.2625 -0.6312 0.7299
vn 0.1416 -0.8899 0.4336
vn 0.4499 -0.6689 0.5917
vn 0.1998 -0.9115 0.3596
vn 0.2040 -0.9039 0.3759
vn 0.0461 -0.9733 0.2248
vn 0.0471 -0.9787 0.1998
vn 0.1826 -0.9071 0.3793
vn 0.4463 -0.6649 0.5989
vn 0.0207 -0.9745 0.2235
vn -0.0124 -0.9914 0.1302
vn -0.0444 -0.9870 0.1542
vn -0.0711 -0.9807 0.1820
vn -0.0090 -0.9690 0.2469
vn 0.1577 -0.9020 0.4020
vn 0.4281 -0.6659 0.6110
vn 0.1299 -0.8959 0.4248
vn 0.4163 -0.6589 0.6266
vn -0.0396 -0.9605 0.2755
vn -0.0907 -0.9805 0.1745
vn -0.0220 -0.9782 0.2065
vn -0.1003 -0.9708 0.2180
vn 0.1275 -0.9010 0.4147
vn 0.1925 -0.9375 0.2901
vn 0.5634 -0.7174 0.4099
vn 0.4475 -0.6763 0.5852
vn 0.6822 -0.3353 0.6497
vn 0.8203 -0.3559 0.4477
vn 0.8935 -0.1247 0.4314
vn 0.6230 -0.3167 0.7153
vn 0.6941 -0.1171 0.7103
vn 0.7624 -0.1189 0.6361
vn 0.9108 -0.3562 0.2087
vn 0.9717 -0.1236 0.2013
vn 0.9883 -0.1201 0.0937
vn 0.9327 -0.3491 0.0905
vn 0.9900 -0.1281 0.0594
vn 0.9904 -0.1250 0.0592
vn 0.9360 -0.3511 0.0267
vn 0.9924 -0.1219 0.0133
vn 0.6914 -0.7209 0.0468
vn 0.6884 -0.7191 0.0947
vn 0.2811 -0.9569 0.0729
vn 0.2834 -0.9570 0.0615
vn 0.0254 -0.9979 0.0590
vn 0.0354 -0.9981 0.0504
vn 0.2916 -0.9564 0.0171
vn 0.6971 -0.7156 -0.0449
vn -0.0457 -0.9975 0.0541
vn 0.0363 -0.9990 0.0261
vn -0.0496 -0.9972 0.0561
vn 0.2818 -0.9568 -0.0708
vn 0.0171 -0.9996 -0.0213
vn 0.1986 -0.9579 -0.2072
vn 0.4913 -0.7206 -0.4893
vn 0.6650 -0.7128 -0.2229
vn 0.8872 -0.3371 -0.3150
vn 0.6735 -0.3436 -0.6545
vn 0.3342 -0.3355 -0.8807
vn 0.2327 -0.7082 -0.6666
vn 0.0822 -0.9504 -0.3001
vn 0.0206 -0.9491 -0.3143
vn 0.0753 -0.7080 -0.7022
vn -0.0096 -0.9982 -0.0596
vn -0.0071 -0.9985 -0.0542
vn -0.0386 -0.9979 0.0519
vn -0.0191 -0.9984 0.0541
vn 0.0004 -0.9985 0.0542
vn -0.0006 -0.9983 -0.0585
vn -0.0030 -0.9505 -0.3108
vn -0.0905 -0.7083 -0.7001
vn -0.0067 -0.7120 -0.7021
vn -0.0275 -0.9493 -0.3130
vn 0.0082 -0.9982 -0.0590
vn -0.0904 -0.9511 -0.2953
vn -0.5046 -0.7236 -0.4709
vn -0.2505 -0.7094 -0.6588
vn -0.2036 -0.9591 -0.1965
vn -0.0175 -0.9997 -0.0175
vn 0.0054 -0.9986 -0.0521
vn 0.0396 -0.9979 0.0516
vn 0.0466 -0.9974 0.0546
vn -0.0346 -0.9990 0.0299
vn -0.2800 -0.9582 -0.0588
vn -0.6940 -0.7197 -0.0208
vn -0.6679 -0.7172 -0.1989
vn -0.0337 -0.9978 0.0571
vn -0.2873 -0.9574 0.0283
vn -0.9363 -0.3453 -0.0637
vn -0.9896 -0.1189 -0.0813
vn -0.9911 -0.1230 0.0504
vn -0.8951 -0.3413 -0.2868
vn -0.9436 -0.1173 -0.3095
vn -0.7360 -0.1192 -0.6664
vn -0.3872 -0.1159 -0.9147
vn -0.3574 -0.3365 -0.8713
vn -0.6921 -0.3462 -0.6333
vn -0.1356 -0.3357 -0.9322
vn -0.1495 -0.1155 -0.9820
vn -0.0089 -0.3382 -0.9410
vn -0.0094 -0.1164 -0.9932
vn 0.1283 -0.1154 -0.9850
vn 0.1153 -0.3354 -0.9350
vn 0.3632 -0.1156 -0.9245
vn 0.7165 -0.1182 -0.6875
vn 0.9342 -0.1156 -0.3375
vn 0.9867 -0.1172 -0.1128
vn 0.9353 -0.3411 -0.0944
vn 0.0603 -0.9960 0.0665
vn 0.0597 -0.9965 0.0585
vn 0.0426 -0.9975 0.0565
vn 0.0432 -0.9962 0.0759
vn 0.0212 -0.9970 0.0744
vn 0.0196 -0.9983 0.0556
vn 0.0670 -0.9949 0.0760
vn 0.0482 -0.9958 0.0780
vn 0.0232 -0.9965 0.0797
vn 0.0385 -0.9817 0.1863
vn 0.0004 -0.9968 0.0804
vn 0.0021 -0.9813 0.1927
vn -0.0338 -0.9822 0.1847
vn -0.0201 -0.9982 0.0560
vn -0.0236 -0.9965 0.0797
vn -0.0002 -0.9983 0.0586
vn -0.0598 -0.9964 0.0596
vn -0.0668 -0.9949 0.0761
vn -0.0428 -0.9974 0.0572
vn -0.0205 -0.9970 0.0750
vn -0.0595 -0.9959 0.0675
vn -0.0426 -0.9962 0.0764
vn 0.0003 -0.9974 0.0716
vn 0.0198 -0.9983 0.0541
vn -0.0586 -0.9952 0.0781
vn 0.0234 -0.9957 0.0897
vn -0.0973 -0.9805 0.1706
vn -0.0478 -0.9958 0.0784
vn -0.0729 -0.9817 0.1758
vn -0.1036 -0.9727 0.2074
vn -0.0775 -0.9734 0.2158
vn -0.0438 -0.9730 0.2266
vn -0.0596 -0.9844 0.1654
vn -0.0421 -0.9885 0.1452
vn 0.0009 -0.9922 0.1245
vn 0.0001 -0.9882 0.1534
vn 0.0272 -0.9840 0.1763
vn 0.0429 -0.9887 0.1437
vn -0.0131 -0.9841 0.1770
vn 0.0442 -0.9729 0.2268
vn -0.0007 -0.9728 0.2314
vn 0.0136 -0.9911 0.1321
vn 0.0443 -0.9870 0.1547
vn -0.0198 -0.9744 0.2238
vn -0.0470 -0.9785 0.2007
vn -0.1971 -0.9126 0.3582
vn -0.1781 -0.9086 0.3778
vn -0.2023 -0.9046 0.3753
vn -0.0459 -0.9737 0.2231
vn -0.4453 -0.6723 0.5914
vn -0.0135 -0.9925 0.1219
vn -0.0133 -0.9887 0.1491
vn -0.1548 -0.8875 0.4340
vn 0.0004 -0.9625 0.2712
vn 0.0009 -0.8802 0.4745
vn 0.2579 -0.9569 0.1338
vn 0.6577 -0.7284 0.1917
vn 0.6843 -0.1113 0.7206
vn 0.6848 -0.1111 0.7202
vn 0.6292 -0.3170 0.7097
vn -0.9954 0.0002 0.0955
vn -0.9958 -0.0000 0.0918
vn -0.9951 -0.0276 0.0953
vn -0.9935 -0.0266 0.1110
vn -0.9770 -0.0264 0.2117
vn -0.9768 -0.0001 0.2143
vn -0.9935 0.0001 0.1140
vn -0.8990 -0.0277 0.4371
vn -0.8935 -0.0000 0.4491
vn -0.7639 -0.0001 0.6453
vn -0.7686 -0.0256 0.6392
vn -0.7024 -0.0234 0.7114
vn -0.7078 0.0003 0.7064
vn -0.6993 -0.0000 0.7149
vn -0.6787 -0.1111 0.7260
vn -0.6807 -0.1143 0.7236
vn -0.6843 -0.1135 0.7203
vn -0.7468 -0.1184 0.6544
vn -0.8836 -0.1244 0.4514
vn -0.9680 -0.1233 0.2187
vn -0.9851 -0.1231 0.1201
vn -0.9882 -0.1168 0.0987
vn -0.9875 -0.1218 0.0997
vn -0.6768 -0.0239 0.7357
vn -0.6775 -0.0001 0.7355
vn -0.6978 -0.0004 0.7162
vn -0.5900 -0.0234 0.8071
vn -0.5875 -0.0000 0.8092
vn -0.3631 -0.0232 0.9315
vn -0.3609 -0.0000 0.9326
vn 0.0026 -0.0242 0.9997
vn 0.0026 -0.0000 1.0000
vn 0.3660 -0.0000 0.9306
vn 0.3681 -0.0234 0.9295
vn 0.5943 -0.0231 0.8039
vn 0.5921 -0.0000 0.8059
vn 0.6809 -0.0232 0.7321
vn 0.6814 -0.0000 0.7319
vn 0.6694 -0.1104 0.7347
vn 0.6853 -0.1111 0.7198
vn 0.5849 -0.1094 0.8037
vn -0.3564 -0.1092 0.9279
vn 0.7115 -0.0242 0.7023
vn 0.7040 -0.0000 0.7102
vn 0.7016 -0.0000 0.7125
vn 0.7167 0.0003 0.6974
vn 0.7839 -0.0253 0.6204
vn 0.7787 -0.0001 0.6275
vn 0.9081 -0.0277 0.4178
vn 0.9036 -0.0000 0.4283
vn 0.9804 -0.0000 0.1970
vn 0.9804 -0.0266 0.1952
vn 0.9959 -0.0258 0.0868
vn 0.9963 -0.0000 0.0862
vn 0.9979 -0.0258 0.0590
vn 0.9983 -0.0000 0.0579
vn 0.9906 -0.1213 0.0632
vn 0.9908 -0.1225 0.0580
vn 0.9885 -0.1211 0.0906
vn 0.9717 -0.1235 0.2012
vn 0.8935 -0.1246 0.4314
vn 0.7624 -0.1188 0.6361
vn 0.6945 -0.1149 0.7102
vn 0.6835 -0.1077 0.7219
vn 0.9987 -0.0000 0.0514
vn 0.9996 -0.0259 0.0069
vn 1.0000 -0.0000 0.0069
vn 0.9927 -0.0249 -0.1182
vn 0.9931 -0.0000 -0.1173
vn 0.9396 -0.0245 -0.3414
vn 0.9408 -0.0000 -0.3391
vn 0.7240 -0.0249 -0.6893
vn 0.7237 -0.0000 -0.6901
vn -0.9953 -0.0249 0.0931
vn -0.9990 -0.0000 0.0443
vn -0.9987 -0.0262 0.0441
vn -0.9959 -0.0253 -0.0868
vn -0.9503 -0.0000 -0.3114
vn -0.9492 -0.0249 -0.3138
vn -0.9963 -0.0000 -0.0857
vn -0.7429 -0.0252 -0.6690
vn -0.7431 -0.0000 -0.6692
vn -0.3923 -0.0000 -0.9198
vn -0.3941 -0.0247 -0.9187
vn -0.1536 -0.0246 -0.9878
vn -0.0094 -0.0000 -1.0000
vn -0.0094 -0.0248 -0.9996
vn -0.1528 -0.0000 -0.9883
vn 0.1315 -0.0000 -0.9913
vn 0.1322 -0.0247 -0.9909
vn 0.3684 -0.0000 -0.9297
vn 0.3702 -0.0249 -0.9286
vn 0.3633 -0.1156 -0.9245
vn 0.9926 -0.1212 0.0126
vn -0.9436 -0.1172 -0.3095
vn -0.9896 -0.1190 -0.0812
vn -0.9912 -0.1224 0.0497
vn -0.9875 -0.1230 0.0982
vn -0.0613 0.9844 -0.1647
vn -0.0411 0.9885 -0.1454
vn -0.0000 0.9881 -0.1535
vn -0.0273 0.9840 -0.1759
vn 0.0122 0.9845 -0.1748
vn -0.0011 0.9925 -0.1222
vn 0.0403 0.9884 -0.1463
vn 0.0599 0.9843 -0.1658
vn 0.0771 0.9737 -0.2144
vn 0.0433 0.9733 -0.2256
vn 0.1023 0.9728 -0.2079
vn 0.0738 0.9814 -0.1771
vn 0.0968 0.9804 -0.1714
vn 0.0389 0.9820 -0.1851
vn 0.0482 0.9956 -0.0800
vn 0.0238 0.9964 -0.0811
vn 0.0655 0.9949 -0.0772
vn 0.0201 0.9982 -0.0560
vn 0.0428 0.9974 -0.0572
vn 0.0005 0.9966 -0.0819
vn 0.0002 0.9983 -0.0586
vn -0.0209 0.9982 -0.0557
vn -0.0224 0.9965 -0.0808
vn -0.0486 0.9955 -0.0808
vn -0.0413 0.9973 -0.0599
vn -0.0587 0.9966 -0.0575
vn -0.0663 0.9948 -0.0774
vn -0.0603 0.9966 -0.0554
vn -0.0243 0.9960 -0.0861
vn -0.0598 0.9784 -0.1978
vn -0.0984 0.9802 -0.1721
vn -0.0122 0.9983 -0.0578
vn 0.2338 0.9692 -0.0770
vn 0.2442 0.9602 -0.1358
vn 0.5558 0.7143 -0.4253
vn 0.1569 0.9434 -0.2922
vn 0.6711 0.7159 -0.1924
vn 0.9271 0.3119 -0.2077
vn 0.8257 0.3249 -0.4612
vn 0.6744 0.3194 -0.6657
vn 0.4268 0.6735 -0.6035
vn 0.0952 0.9069 -0.4104
vn -0.0742 0.9653 -0.2504
vn 0.3937 0.6754 -0.6236
vn 0.1050 0.9046 -0.4132
vn 0.6346 0.2849 -0.7184
vn 0.4282 0.6537 -0.6239
vn 0.1359 0.9105 -0.3906
vn 0.4524 0.6569 -0.6031
vn 0.1662 0.9152 -0.3671
vn -0.0138 0.9815 -0.1908
vn -0.0481 0.9780 -0.2032
vn -0.1037 0.9726 -0.2080
vn -0.0785 0.9734 -0.2152
vn -0.0750 0.9812 -0.1781
vn -0.0438 0.9732 -0.2257
vn -0.0376 0.9816 -0.1872
vn 0.0007 0.9818 -0.1901
vn -0.0016 0.9732 -0.2299
vn -0.0290 0.9925 -0.1189
vn 0.0309 0.9868 -0.1592
vn 0.0143 0.9857 -0.1681
vn 0.1737 0.9260 -0.3351
vn 0.4453 0.6263 -0.6399
vn 0.1933 0.9119 -0.3620
vn 0.3623 0.2266 -0.9041
vn 0.2898 0.5697 -0.7691
vn 0.5727 0.2559 -0.7788
vn 0.6292 0.2992 -0.7173
vn 0.1429 0.8851 -0.4429
vn -0.0023 0.5232 -0.8522
vn 0.0020 0.8625 -0.5060
vn -0.0134 0.9764 -0.2155
vn 0.0282 0.9831 -0.1811
vn -0.0027 0.2060 -0.9785
vn -0.3672 0.2267 -0.9021
vn -0.2930 0.5675 -0.7695
vn -0.1447 0.8846 -0.4433
vn -0.4397 0.6296 -0.6405
vn -0.1940 0.9119 -0.3616
vn -0.1851 0.9206 -0.3438
vn -0.4689 0.6485 -0.5996
vn -0.4623 0.6476 -0.6057
vn -0.1725 0.9128 -0.3702
vn 0.0142 0.9808 -0.1947
vn -0.0112 0.9880 -0.1543
vn -0.1433 0.9088 -0.3919
vn -0.1118 0.9052 -0.4101
vn 0.0726 0.9655 -0.2501
vn 0.0465 0.9781 -0.2030
vn -0.4405 0.6455 -0.6240
vn -0.4083 0.6684 -0.6217
vn -0.1028 0.9098 -0.4020
vn -0.4403 0.6785 -0.5880
vn 0.0556 0.9797 -0.1927
vn -0.5645 0.7166 -0.4096
vn -0.1622 0.9454 -0.2825
vn 0.0171 0.9941 -0.1067
vn 0.0235 0.9961 -0.0848
vn -0.2574 0.9599 -0.1114
vn -0.6797 0.7106 -0.1817
vn -0.7085 0.7006 -0.0842
vn -0.9324 0.3081 -0.1890
vn -0.9478 0.3090 -0.0791
vn 0.0214 0.9982 -0.0554
vn -0.7038 0.7089 -0.0464
vn -0.2597 0.9638 -0.0609
vn -0.9444 0.3270 -0.0344
vn -0.7263 0.6859 0.0459
vn 0.0074 0.9983 -0.0573
vn -0.2792 0.9599 -0.0246
vn -0.9073 0.2672 0.3246
vn -0.7198 0.6476 0.2502
vn -0.9520 0.2918 0.0926
vn -0.2928 0.9528 0.0804
vn -0.5443 0.6361 0.5468
vn -0.2253 0.9451 0.2367
vn 0.0065 1.0000 -0.0050
vn 0.0060 0.9993 -0.0367
vn -0.0925 0.9445 0.3152
vn -0.2561 0.6455 0.7195
vn -0.0789 0.6758 0.7329
vn -0.0206 0.9542 0.2985
vn 0.0271 0.9996 0.0059
vn 0.0148 0.9999 -0.0060
vn 0.0204 0.9971 -0.0735
vn 0.0393 0.9965 -0.0735
vn 0.0579 0.9961 -0.0667
vn 0.0595 0.9964 -0.0596
vn 0.0603 0.9966 -0.0563
vn -0.0000 0.9975 -0.0712
vn -0.0209 0.9971 -0.0734
vn -0.0408 0.9963 -0.0753
vn -0.0586 0.9961 -0.0657
vn -0.0084 0.9982 -0.0586
vn -0.0062 0.9991 -0.0412
vn 0.0038 1.0000 -0.0092
vn -0.0254 0.9996 0.0114
vn -0.0157 0.9999 -0.0062
vn -0.0002 0.9999 -0.0172
vn 0.0027 0.9604 0.2786
vn 0.0067 0.6901 0.7237
vn 0.0271 0.9544 0.2972
vn 0.0947 0.6758 0.7309
vn 0.1011 0.9456 0.3093
vn 0.2281 0.9479 0.2225
vn 0.2750 0.6474 0.7108
vn 0.5564 0.6445 0.5245
vn 0.3635 0.2804 0.8884
vn 0.7078 0.2760 0.6503
vn 0.9145 0.2760 0.2957
vn 0.7177 0.6600 0.2222
vn 0.2871 0.9557 0.0652
vn 0.2716 0.9618 -0.0345
vn 0.7189 0.6948 0.0206
vn 0.2570 0.9635 -0.0750
vn 0.7022 0.7079 -0.0762
vn 0.9433 0.3252 -0.0659
vn 0.9521 0.2996 0.0613
vn 0.9937 0.0812 0.0777
vn 0.9942 0.0939 -0.0526
vn 0.9902 0.0993 -0.0981
vn 0.9898 0.1031 -0.0982
vn 0.9907 0.0823 -0.1082
vn 0.9756 0.0779 -0.2052
vn 0.8948 0.0857 -0.4382
vn 0.7517 0.0932 -0.6529
vn 0.6856 0.1012 -0.7209
vn 0.6841 0.0901 -0.7238
vn 0.6871 0.0870 -0.7214
vn 0.6745 0.0854 -0.7333
vn 0.6042 0.0760 -0.7932
vn 0.3786 0.0665 -0.9232
vn -0.0026 0.0624 -0.9981
vn -0.3837 0.0668 -0.9210
vn -0.6085 0.0760 -0.7899
vn -0.5784 0.2616 -0.7727
vn -0.6375 0.2809 -0.7174
vn -0.6784 0.0846 -0.7298
vn -0.6908 0.0857 -0.7180
vn -0.6392 0.2805 -0.7161
vn -0.6893 0.0919 -0.7186
vn -0.6908 0.1125 -0.7142
vn -0.7693 0.0899 -0.6325
vn -0.6856 0.3205 -0.6536
vn -0.9039 0.0861 -0.4189
vn -0.8350 0.3273 -0.4424
vn -0.9798 0.0794 -0.1836
vn -0.9928 0.0867 -0.0832
vn -0.9935 0.0984 -0.0578
vn -0.9938 0.0954 -0.0576
vn -0.9957 0.0916 -0.0139
vn -0.9909 0.0793 0.1090
vn -0.9383 0.0720 0.3382
vn -0.7187 0.0769 0.6910
vn -0.3399 0.2803 0.8977
vn -0.6891 0.2713 0.6720
vn -0.3618 0.0811 0.9287
vn -0.1234 0.0818 0.9890
vn 0.0089 0.2947 0.9556
vn -0.1138 0.2904 0.9501
vn 0.0093 0.0817 0.9966
vn 0.1445 0.0813 0.9862
vn 0.1341 0.2897 0.9477
vn 0.3858 0.0807 0.9190
vn 0.7382 0.0781 0.6700
vn 0.9477 0.0744 0.3104
vn -0.9984 -0.0011 -0.0571
vn -0.9987 -0.0020 -0.0508
vn -0.9985 0.0172 -0.0525
vn -0.9981 0.0162 -0.0587
vn -0.9966 0.0147 -0.0814
vn -0.9829 0.0134 -0.1835
vn -0.9810 -0.0011 -0.1939
vn -0.9966 -0.0007 -0.0820
vn -0.7754 -0.0004 -0.6314
vn -0.9025 -0.0010 -0.4307
vn -0.9111 0.0154 -0.4119
vn -0.7855 0.0169 -0.6186
vn -0.7671 0.0957 -0.6344
vn -0.6963 0.0964 -0.7112
vn -0.7141 0.0175 -0.6998
vn -0.9034 0.0868 -0.4199
vn -0.9798 0.0793 -0.1836
vn -0.9932 0.0849 -0.0800
vn -0.9937 0.0936 -0.0613
vn -0.9937 0.0966 -0.0569
vn -0.7026 0.0170 -0.7114
vn -0.7146 -0.0005 -0.6996
vn -0.6892 0.0930 -0.7186
vn -0.6896 0.0898 -0.7186
vn -0.6866 0.0149 -0.7269
vn -0.6865 -0.0012 -0.7272
vn -0.7019 -0.0012 -0.7123
vn -0.7038 -0.0008 -0.7104
vn -0.3799 -0.0007 -0.9250
vn -0.6100 -0.0009 -0.7924
vn -0.6136 0.0133 -0.7895
vn -0.3861 0.0088 -0.9224
vn -0.0143 0.0165 -0.9998
vn 0.3813 0.0082 -0.9244
vn 0.3748 -0.0007 -0.9271
vn -0.0026 -0.0006 -1.0000
vn 0.3847 0.0667 -0.9206
vn 0.6043 0.0759 -0.7931
vn 0.6091 0.0132 -0.7930
vn -0.3898 0.0670 -0.9185
vn -0.6086 0.0759 -0.7898
vn -0.6781 0.0845 -0.7301
vn 0.6829 0.0149 -0.7303
vn 0.6825 -0.0012 -0.7308
vn 0.6056 -0.0009 -0.7958
vn 0.6741 0.0853 -0.7337
vn 0.6863 0.0889 -0.7219
vn 0.6983 -0.0009 -0.7158
vn 0.7033 0.0171 -0.7107
vn 0.6991 -0.0003 -0.7150
vn -0.9985 0.0160 -0.0526
vn -0.9987 -0.0020 -0.0518
vn -0.9999 -0.0011 -0.0100
vn -0.9998 0.0154 -0.0090
vn -0.9936 0.0121 0.1127
vn -0.9420 -0.0006 0.3356
vn -0.9391 0.0050 0.3436
vn -0.9939 -0.0007 0.1102
vn -0.7233 0.0122 0.6904
vn -0.7234 -0.0008 0.6904
vn -0.3640 -0.0006 0.9314
vn -0.1247 -0.0005 0.9922
vn -0.1258 0.0142 0.9920
vn -0.3665 0.0139 0.9303
vn -0.7169 0.0782 0.6928
vn -0.9911 0.0792 0.1070
vn -0.9937 0.0966 -0.0571
vn 0.0093 0.0141 0.9999
vn 0.1470 0.0141 0.9890
vn 0.0093 -0.0004 1.0000
vn 0.1459 -0.0005 0.9893
vn 0.3879 -0.0006 0.9217
vn 0.3903 0.0142 0.9206
vn 0.7429 -0.0007 0.6694
vn 0.7425 0.0126 0.6697
vn 0.3858 0.0806 0.9190
vn 0.7365 0.0792 0.6718
vn 0.9488 0.0053 0.3159
vn 0.9966 0.0125 0.0810
vn 0.9938 0.0813 0.0755
vn 0.9514 -0.0006 0.3080
vn 0.9969 -0.0007 0.0786
vn 0.9989 -0.0010 -0.0475
vn 0.9958 -0.0014 -0.0917
vn 0.9953 0.0170 -0.0956
vn 0.9988 0.0158 -0.0462
vn 0.9906 0.0961 -0.0970
vn 0.9944 0.0927 -0.0512
vn 0.9904 0.0944 -0.1010
vn 0.9905 0.0850 -0.1085
vn 0.9938 0.0150 -0.1099
vn 0.9954 -0.0010 -0.0954
vn 0.9938 -0.0007 -0.1108
vn 0.9772 -0.0012 -0.2121
vn 0.8918 -0.0010 -0.4524
vn 0.9024 0.0153 -0.4307
vn 0.9795 0.0132 -0.2012
vn 0.9765 0.0785 -0.2009
vn 0.8940 0.0859 -0.4397
vn 0.7705 0.0165 -0.6372
vn 0.6879 0.0952 -0.7195
vn 0.7517 0.0948 -0.6526
vn 0.7609 -0.0003 -0.6489
vn 0.7064 -0.0005 -0.7078
vn 0.6836 0.0913 -0.7242
vn 0.0194 0.9820 -0.1880
vn -0.1798 0.9771 0.1137
vn 0.0264 0.9841 -0.1754
vn 0.0258 0.9869 -0.1595
vn 0.4403 0.6066 -0.6619
vn 0.4097 0.7070 -0.5765
vn 0.4259 0.6826 -0.5938
vn -0.0000 0.9763 -0.2163
vn 0.6607 0.1569 -0.7341
vn 0.6968 0.0071 -0.7172
vn 0.6537 0.2144 -0.7258
vn 0.6838 -0.0011 -0.7296
vn 0.6013 0.0756 -0.7954
vn 0.3688 0.1516 -0.9171
vn 0.3787 -0.0011 -0.9255
vn -0.0026 0.0703 -0.9975
vn -0.0073 0.6157 -0.7880
vn -0.3738 0.1515 -0.9151
vn -0.3838 -0.0011 -0.9234
vn -0.6058 0.0754 -0.7921
vn -0.4443 0.6076 -0.6584
vn -0.6646 0.1569 -0.7306
vn -0.6877 -0.0012 -0.7260
vn -0.6996 0.0134 -0.7144
vn -0.6579 0.2070 -0.7241
vn -0.7127 -0.0489 -0.6998
vn -0.7262 -0.2245 -0.6498
vn -0.7247 0.1742 -0.6667
vn -0.7896 0.0198 -0.6132
vn -0.9033 0.0709 -0.4230
vn -0.6488 0.6047 -0.4619
vn -0.9664 0.1560 -0.2041
vn -0.9821 -0.0011 -0.1886
vn -0.9956 -0.0088 -0.0928
vn -0.9837 0.1642 -0.0727
vn -0.9971 -0.0593 -0.0483
vn -0.9983 -0.0260 -0.0513
vn -0.9874 0.1570 -0.0205
vn -0.9999 -0.0003 -0.0100
vn -0.9912 0.0770 0.1078
vn -0.7974 0.6012 0.0529
vn -0.9319 0.1510 0.3297
vn -0.9406 -0.0008 0.3396
vn -0.7212 0.0757 0.6885
vn -0.5510 0.6585 0.5125
vn -0.3591 0.1510 0.9210
vn -0.3668 -0.0006 0.9303
vn -0.1239 0.0784 0.9892
vn 0.0092 0.1550 0.9879
vn 0.0093 -0.0005 1.0000
vn -0.0770 0.6226 0.7787
vn 0.1451 0.0780 0.9863
vn 0.3827 0.1509 0.9115
vn 0.3906 -0.0006 0.9205
vn 0.1098 0.6010 0.7917
vn 0.7401 0.0753 0.6683
vn 0.9413 0.1511 0.3020
vn 0.9500 -0.0007 0.3121
vn 0.5957 0.6238 0.5060
vn 0.9941 0.0774 0.0763
vn 0.9861 0.1562 -0.0560
vn 0.9989 -0.0000 -0.0472
vn 0.7956 0.6057 0.0097
vn 0.9956 -0.0181 -0.0916
vn 0.9806 0.1634 -0.1086
vn 0.9952 -0.0375 -0.0898
vn 0.9931 -0.0037 -0.1176
vn 0.9623 0.1561 -0.2228
vn 0.9783 -0.0011 -0.2071
vn 0.8937 0.0703 -0.4431
vn 0.7169 0.1859 -0.6720
vn 0.7721 0.0159 -0.6353
vn 0.6261 0.5954 -0.5036
vn 0.7190 -0.1506 -0.6784
vn 0.7049 -0.0287 -0.7087
vn 0.3844 0.6640 -0.6413
vn 0.4027 0.6870 -0.6049
vn -0.0288 0.9676 -0.2509
vn -0.0487 0.9560 -0.2892
vn -0.0589 0.9339 -0.3527
vn 0.3956 0.6828 -0.6143
vn 0.0330 0.9608 -0.2754
vn 0.1047 0.9871 -0.1213
vn 0.6543 0.7200 -0.2313
vn 0.7041 0.6998 -0.1209
vn -0.1985 0.9789 -0.0486
vn -0.1876 0.9816 -0.0369
vn -0.2678 0.9571 -0.1105
vn -0.1645 0.9563 -0.2419
vn -0.2747 0.9583 -0.0791
vn -0.2767 0.9535 -0.1193
vn -0.7821 0.5801 0.2277
vn -0.6112 0.6988 0.3716
vn -0.6580 0.6951 0.2896
vn -0.7897 0.1573 0.5930
vn -0.9044 0.0737 0.4203
vn -0.7736 -0.0000 0.6337
vn -0.7084 0.0003 0.7058
vn -0.7262 0.1590 0.6689
vn -0.7085 0.2108 0.6735
vn -0.7041 0.0184 0.7099
vn -0.6969 -0.0071 0.7171
vn -0.5838 0.6736 0.4532
vn -0.5963 0.6847 0.4191
vn -0.2483 0.9684 -0.0245
vn -0.2219 0.9750 0.0106
vn -0.1985 0.9788 0.0498
vn -0.5422 0.6973 0.4688
vn -0.5019 0.5975 0.6254
vn -0.6840 0.1563 0.7125
vn -0.6789 -0.0000 0.7343
vn -0.5940 0.0765 0.8008
vn -0.3640 0.1530 0.9187
vn 0.0026 0.0737 0.9973
vn 0.0022 0.5994 0.8004
vn -0.3639 -0.0000 0.9314
vn -0.2786 0.7028 0.6545
vn -0.0837 0.9843 0.1553
vn 0.0034 0.9772 0.2123
vn 0.1081 0.9827 0.1504
vn 0.2821 0.7028 0.6530
vn 0.3695 0.1503 0.9170
vn 0.5125 0.5964 0.6178
vn 0.5986 0.0769 0.7974
vn 0.3691 -0.0000 0.9294
vn 0.6878 0.1563 0.7089
vn 0.6828 -0.0000 0.7306
vn 0.7004 -0.0088 0.7137
vn 0.7122 0.2106 0.6696
vn 0.7103 0.0231 0.7035
vn 0.7178 0.0004 0.6962
vn 0.7350 0.1588 0.6592
vn 0.8031 0.1574 0.5747
vn 0.7884 -0.0000 0.6151
vn 0.9133 0.0738 0.4005
vn 0.7731 0.5907 0.2309
vn 0.9721 0.1563 0.1750
vn 0.9813 -0.0000 0.1924
vn 0.9964 0.0001 0.0851
vn 0.9845 0.1582 0.0759
vn 0.9820 0.1828 0.0477
vn 0.9983 0.0016 0.0588
vn 0.9987 -0.0015 0.0515
vn 0.9873 0.1587 -0.0039
vn 1.0000 -0.0000 0.0050
vn 0.9891 0.0787 -0.1241
vn 0.8037 0.5820 -0.1240
vn 0.9266 0.1522 -0.3438
vn 0.9395 -0.0000 -0.3424
vn 0.7212 0.0764 -0.6885
vn 0.6001 0.5169 -0.6105
vn 0.3696 0.1518 -0.9167
vn 0.3709 -0.0000 -0.9287
vn 0.1333 0.0784 -0.9880
vn -0.0093 0.1556 -0.9878
vn 0.1094 0.5967 -0.7950
vn -0.0016 0.9862 -0.1655
vn 0.0476 0.9813 -0.1866
vn -0.0068 0.7024 -0.7118
vn 0.0992 0.9826 -0.1567
vn 0.2802 0.6991 -0.6579
vn 0.1412 0.9784 -0.1511
vn 0.1545 0.9838 -0.0911
vn 0.6590 0.7009 -0.2727
vn 0.1786 0.9810 -0.0759
vn -0.1828 0.9826 -0.0315
vn -0.1683 0.9857 0.0065
vn -0.1025 0.9893 0.1043
vn 0.1978 0.9790 -0.0491
vn -0.1346 0.9886 -0.0676
vn -0.6833 0.6975 0.2156
vn -0.0362 0.9864 0.1601
vn -0.2449 0.6977 0.6732
vn 0.0015 0.9846 0.1746
vn -0.1001 0.9826 -0.1566
vn -0.0457 0.9826 -0.1802
vn -0.1254 0.5956 -0.7935
vn -0.2953 0.6994 -0.6509
vn -0.3931 0.1518 -0.9069
vn -0.1545 0.0787 -0.9848
vn -0.3946 -0.0000 -0.9188
vn -0.7403 0.0769 -0.6679
vn -0.9363 0.1520 -0.3166
vn -0.5956 0.5947 -0.5401
vn -0.9491 -0.0000 -0.3149
vn -0.1657 0.9829 -0.0799
vn -0.1691 0.9763 -0.1351
vn -0.6725 0.6998 -0.2411
vn 0.1079 0.9888 0.1027
vn 0.1665 0.9859 0.0169
vn 0.0475 0.9864 0.1577
vn 0.1816 0.9826 -0.0387
vn -0.1879 0.9801 -0.0646
vn -0.2042 0.9780 -0.0431
vn 0.1320 0.9886 -0.0726
vn 0.6787 0.7307 -0.0744
vn 0.6899 0.6973 0.1947
vn 0.2637 0.6974 0.6663
vn 0.0042 0.9838 0.1794
vn -0.0015 0.9868 0.1622
vn 0.0067 0.7016 0.7125
vn 0.1926 0.9783 -0.0759
vn -0.7938 0.5980 -0.1107
vn -0.6937 0.7202 -0.0110
vn -0.7013 0.7125 0.0235
vn -0.9869 0.1581 0.0326
vn -0.9926 0.0784 -0.0930
vn -0.9991 -0.0000 0.0423
vn -0.9957 0.0101 0.0918
vn -0.9781 0.1884 0.0880
vn -0.9956 0.0231 0.0907
vn -0.9925 0.0233 0.1204
vn -0.7094 0.7031 0.0492
vn -0.7077 0.6994 0.1002
vn -0.9688 0.1563 0.1923
vn -0.9777 -0.0000 0.2098
vn -0.6815 0.7298 -0.0547
vn -0.1534 0.9859 -0.0665
vn -0.2030 0.9769 -0.0663
vn -0.6950 0.7113 -0.1049
vn -0.1281 0.9833 -0.1290
vn -0.6755 0.7074 -0.2081
vn 0.0504 0.9390 -0.3402
vn -0.0401 0.9645 -0.2610
vn -0.4229 0.6809 -0.5980
vn -0.3811 0.6779 -0.6286
vn 0.0240 0.9676 -0.2515
vn 0.0534 0.9572 -0.2846
vn -0.4038 0.6849 -0.6065
vn -0.4304 0.6817 -0.5917
vn -0.0231 0.9817 -0.1889
vn -0.0013 0.9762 -0.2170
vn -0.4129 0.7069 -0.5743
vn -0.0292 0.9898 -0.1397
vn -0.0359 0.9829 -0.1804
vn -0.2403 0.7036 -0.6687
vn -0.0061 0.9855 -0.1698
vn 0.2368 0.7036 -0.6699
vn 0.1810 0.9772 0.1109
vn 0.1984 0.9788 0.0501
vn 0.5449 0.6973 0.4657
vn 0.5872 0.6718 0.4515
vn 0.2241 0.9745 0.0086
vn 0.2493 0.9680 -0.0279
vn 0.6007 0.6843 0.4134
vn 0.6148 0.6993 0.3647
vn 0.2810 0.9516 -0.1244
vn 0.2753 0.9579 -0.0810
vn 0.6631 0.6953 0.2773
vn 0.1910 0.9802 -0.0523
vn 0.2544 0.9616 -0.1026
vn 0.7090 0.6995 0.0891
vn 0.6994 0.7143 0.0241
vn 0.1919 0.9806 -0.0406
vn 0.6831 0.7303 -0.0061
vn 0.6937 0.7192 -0.0375
vn 0.1571 0.9578 -0.2405
vn 0.1046 -0.9724 0.2088
vn 0.0781 -0.9735 0.2148
vn 0.0620 -0.9843 0.1650
vn 0.0750 -0.9812 0.1778
vn 0.0517 -0.9786 0.1991
vn 0.0996 -0.9803 0.1705
vn 0.0623 -0.9790 0.1941
vn 0.0776 -0.9661 0.2462
vn -0.0995 -0.9084 0.4062
vn -0.1016 -0.9062 0.4105
vn -0.4247 -0.6747 0.6037
vn -0.5548 -0.7150 0.4253
vn -0.1507 -0.9449 0.2907
vn -0.3911 -0.6783 0.6221
vn -0.6738 -0.3122 0.6697
vn -0.8294 -0.3168 0.4601
vn -0.8970 -0.0756 0.4355
vn -0.7538 -0.0854 0.6515
vn -0.6869 -0.0954 0.7205
vn -0.6356 -0.2717 0.7226
vn -0.6855 -0.0836 0.7232
vn -0.6883 -0.0800 0.7210
vn -0.6317 -0.2925 0.7179
vn -0.6760 -0.0785 0.7327
vn -0.6071 -0.0687 0.7916
vn -0.3659 -0.2127 0.9060
vn -0.3812 -0.0585 0.9226
vn -0.5769 -0.2458 0.7790
vn 0.0027 -0.0538 0.9985
vn 0.0027 -0.1889 0.9820
vn 0.3709 -0.2128 0.9040
vn 0.3862 -0.0588 0.9205
vn 0.0024 -0.5003 0.8659
vn -0.2942 -0.5552 0.7780
vn -0.1433 -0.8851 0.4428
vn 0.2984 -0.5540 0.7772
vn 0.1450 -0.8847 0.4431
vn 0.0012 -0.8540 0.5204
vn -0.0029 -0.9776 0.2106
vn 0.4531 -0.6177 0.6428
vn 0.0245 -0.9878 0.1537
vn 0.1938 -0.9122 0.3610
vn 0.5809 -0.2441 0.7765
vn 0.6362 -0.2890 0.7153
vn 0.1741 -0.9260 0.3350
vn 0.4652 -0.6437 0.6076
vn 0.0052 -0.9883 0.1521
vn 0.1711 -0.9135 0.3692
vn -0.0186 -0.9820 0.1880
vn -0.0505 -0.9789 0.1978
vn 0.1415 -0.9096 0.3906
vn -0.0751 -0.9672 0.2425
vn 0.1086 -0.9067 0.4075
vn 0.4433 -0.6416 0.6260
vn 0.4063 -0.6705 0.6208
vn 0.4381 -0.6802 0.5877
vn 0.6934 -0.3167 0.6472
vn 0.0980 -0.9114 0.3996
vn 0.6420 -0.2717 0.7169
vn -0.0617 -0.9792 0.1931
vn 0.1563 -0.9467 0.2816
vn 0.5636 -0.7175 0.4093
vn 0.2406 -0.9632 0.1201
vn 0.6823 -0.7086 0.1798
vn 0.7076 -0.7020 0.0808
vn -0.0295 -0.9960 0.0840
vn -0.0224 -0.9980 0.0585
vn 0.2503 -0.9658 0.0672
vn 0.6854 -0.7238 0.0797
vn 0.2446 -0.9675 0.0638
vn 0.7009 -0.7113 0.0532
vn -0.0119 -0.9984 0.0556
vn 0.2713 -0.9623 0.0207
vn 0.7328 -0.6789 -0.0466
vn 0.9497 -0.3118 0.0297
vn 0.9518 -0.2977 0.0735
vn 0.9946 -0.0868 0.0571
vn 0.9563 -0.2772 -0.0927
vn 0.9965 -0.0826 0.0138
vn 0.9917 -0.0684 -0.1087
vn 0.9132 -0.2434 -0.3269
vn 0.9392 -0.0581 -0.3384
vn 0.7193 -0.0614 -0.6919
vn 0.3417 -0.2584 -0.9036
vn 0.3617 -0.0678 -0.9298
vn 0.6942 -0.2432 -0.6775
vn 0.5579 -0.6114 -0.5612
vn 0.7334 -0.6297 -0.2560
vn 0.2950 -0.9520 -0.0815
vn 0.2613 -0.6277 -0.7333
vn 0.0941 -0.9437 -0.3171
vn 0.2302 -0.9426 -0.2417
vn -0.0254 -0.9997 -0.0013
vn -0.0169 -0.9997 0.0157
vn 0.0200 -0.9562 -0.2921
vn -0.0118 -0.9999 0.0112
vn 0.0795 -0.6679 -0.7400
vn 0.1137 -0.2748 -0.9548
vn -0.0089 -0.2809 -0.9597
vn -0.0068 -0.6854 -0.7282
vn -0.0026 -0.9630 -0.2695
vn 0.0001 -0.9996 0.0273
vn -0.0954 -0.6679 -0.7381
vn -0.0264 -0.9564 -0.2909
vn 0.0167 -0.9997 0.0161
vn 0.0002 -0.9975 0.0713
vn 0.0209 -0.9971 0.0738
vn -0.0204 -0.9970 0.0741
vn -0.0416 -0.9964 0.0733
vn -0.0064 -0.9992 0.0399
vn -0.0582 -0.9960 0.0671
vn -0.0587 -0.9965 0.0594
vn -0.0655 -0.9949 0.0771
vn -0.0427 -0.9974 0.0572
vn -0.0201 -0.9982 0.0559
vn -0.0239 -0.9964 0.0811
vn -0.0001 -0.9966 0.0823
vn -0.0482 -0.9956 0.0802
vn -0.0002 -0.9983 0.0587
vn -0.0376 -0.9817 0.1867
vn -0.0741 -0.9813 0.1778
vn -0.0973 -0.9804 0.1714
vn 0.0023 -0.9816 0.1910
vn -0.1021 -0.9730 0.2069
vn -0.0770 -0.9738 0.2142
vn -0.0436 -0.9734 0.2249
vn -0.0085 -0.9845 0.1753
vn 0.0016 -0.9732 0.2297
vn -0.0594 -0.9846 0.1646
vn -0.0407 -0.9885 0.1454
vn -0.0001 -0.9882 0.1533
vn 0.0066 -0.9925 0.1218
vn 0.0418 -0.9887 0.1442
vn -0.0114 -0.9934 0.1137
vn -0.0267 -0.9869 0.1589
vn -0.0086 -0.9882 0.1529
vn 0.0167 -0.9823 0.1866
vn -0.1678 -0.9288 0.3303
vn -0.1921 -0.9129 0.3601
vn -0.4479 -0.6210 0.6432
vn -0.1645 -0.9161 0.3657
vn -0.4544 -0.6541 0.6047
vn -0.1339 -0.9113 0.3893
vn -0.4301 -0.6509 0.6256
vn 0.0254 -0.9844 0.1740
vn 0.0438 -0.9733 0.2254
vn 0.0399 -0.9817 0.1863
vn 0.0480 -0.9956 0.0805
vn 0.0233 -0.9964 0.0810
vn 0.0201 -0.9983 0.0555
vn 0.0420 -0.9974 0.0578
vn 0.0658 -0.9948 0.0774
vn 0.0309 -0.9960 0.0844
vn 0.0228 -0.9980 0.0591
vn -0.2235 -0.9718 0.0758
vn -0.2385 -0.9619 0.1337
vn -0.6703 -0.7167 0.1922
vn -0.9318 -0.3028 0.2001
vn -0.9770 -0.0685 0.2019
vn -0.9916 -0.0721 0.1078
vn -0.9909 -0.0922 0.0976
vn -0.9912 -0.0900 0.0975
vn -0.9950 -0.0850 0.0526
vn -0.9454 -0.3195 0.0647
vn -0.7238 -0.6897 -0.0203
vn -0.7049 -0.7055 0.0738
vn -0.9563 -0.2859 -0.0612
vn -0.9945 -0.0702 -0.0775
vn -0.9204 -0.2531 -0.2979
vn -0.9486 -0.0603 -0.3107
vn -0.7389 -0.0623 -0.6709
vn -0.7131 -0.2482 -0.6557
vn -0.3655 -0.2580 -0.8943
vn -0.3858 -0.0672 -0.9201
vn -0.1439 -0.0704 -0.9871
vn -0.1341 -0.2739 -0.9523
vn -0.0093 -0.0716 -0.9974
vn 0.1228 -0.0710 -0.9899
vn -0.5697 -0.6214 -0.5378
vn -0.2806 -0.6299 -0.7242
vn -0.1021 -0.9449 -0.3110
vn -0.7300 -0.6447 -0.2268
vn -0.2880 -0.9554 -0.0657
vn -0.2323 -0.9459 -0.2266
vn 0.0106 -0.9993 0.0370
vn 0.0114 -0.9982 0.0584
vn -0.2637 -0.9641 0.0318
vn 0.0122 -0.9998 0.0137
vn 0.0401 -0.9964 0.0742
vn 0.0289 -0.9996 0.0024
vn 0.0588 -0.9961 0.0660
vn 0.0587 -0.9966 0.0579
vn -0.2528 -0.9651 0.0689
vn 0.9943 -0.0898 0.0573
vn 0.9936 -0.0784 0.0816
vn 0.9368 -0.2962 0.1863
vn 0.9811 -0.0688 0.1810
vn 0.9060 -0.0761 0.4163
vn 0.7714 -0.0819 0.6311
vn 0.8386 -0.3194 0.4414
vn 0.6920 -0.1072 0.7139
vn 0.6906 -0.0858 0.7181
vn 0.6920 -0.0786 0.7176
vn 0.6799 -0.0777 0.7291
vn 0.6114 -0.0688 0.7883
vn -0.3764 0.0008 0.9264
vn -0.6076 0.0009 0.7943
vn -0.6114 -0.0092 0.7913
vn -0.3879 -0.0037 0.9217
vn -0.6831 0.0012 0.7303
vn -0.6836 -0.0130 0.7297
vn -0.6104 -0.0688 0.7891
vn -0.6757 -0.0785 0.7330
vn -0.6876 -0.0819 0.7215
vn -0.7035 -0.0150 0.7105
vn -0.6849 -0.0846 0.7237
vn -0.6894 -0.0886 0.7189
vn -0.7713 -0.0145 0.6363
vn -0.7538 -0.0872 0.6513
vn -0.8935 -0.0739 0.4429
vn -0.9038 -0.0102 0.4278
vn -0.9812 -0.0089 0.1929
vn -0.9953 -0.0145 0.0954
vn -0.9912 -0.0861 0.1004
vn -0.9918 -0.0767 0.1021
vn -0.9941 -0.0103 0.1083
vn -0.9915 -0.0877 0.0966
vn -0.9989 -0.0118 0.0464
vn -0.9950 -0.0837 0.0538
vn -0.9971 -0.0043 -0.0764
vn -0.3897 -0.0102 -0.9209
vn -0.3843 -0.0671 -0.9208
vn -0.7483 -0.0060 -0.6634
vn -0.0093 -0.0117 -0.9999
vn -0.0093 -0.0715 -0.9974
vn -0.1462 -0.0115 -0.9892
vn 0.3657 -0.0103 -0.9307
vn 0.3600 -0.0678 -0.9305
vn 0.1249 -0.0117 -0.9921
vn 0.1240 0.0005 -0.9923
vn 0.9421 0.0002 -0.3352
vn 0.9392 0.0002 -0.3432
vn 0.7161 -0.0059 -0.6980
vn 0.9921 -0.0057 -0.1255
vn 0.9940 0.0001 -0.1093
vn 0.9999 0.0008 0.0102
vn 0.9999 -0.0121 0.0085
vn -0.7430 0.0004 -0.6693
vn -0.3874 0.0006 -0.9219
vn -0.1451 0.0005 -0.9894
vn -0.9515 0.0001 -0.3076
vn -0.9970 -0.0000 -0.0777
vn -0.9487 0.0001 -0.3163
vn -0.9989 0.0007 0.0477
vn -0.9955 0.0011 0.0953
vn -0.9958 0.0014 0.0917
vn -0.6991 0.0004 0.7151
vn -0.7062 0.0006 0.7080
vn -0.6983 0.0009 0.7158
vn 0.9984 -0.0150 0.0545
vn 0.9987 0.0017 0.0509
vn 0.9984 0.0013 0.0567
vn 0.9971 -0.0133 0.0744
vn 0.9811 0.0010 0.1936
vn 0.9846 -0.0081 0.1746
vn 0.9966 0.0005 0.0819
vn 0.9937 -0.0826 0.0759
vn 0.9956 -0.0747 0.0572
vn 0.9945 -0.0870 0.0584
vn 0.7856 -0.0143 0.6185
vn 0.7690 -0.0881 0.6331
vn 0.9031 -0.0750 0.4228
vn 0.9132 -0.0112 0.4074
vn 0.6990 -0.0894 0.7095
vn 0.7114 -0.0153 0.7026
vn 0.6895 -0.0819 0.7197
vn 0.6920 -0.0794 0.7175
vn 0.6876 -0.0129 0.7260
vn 0.6796 -0.0777 0.7295
vn 0.6147 -0.0689 0.7858
vn 0.6157 -0.0094 0.7879
vn 0.3934 -0.0037 0.9194
vn 0.3815 0.0008 0.9244
vn 0.6120 0.0009 0.7908
vn 0.7021 0.0007 0.7121
vn 0.7749 0.0003 0.6321
vn 0.7145 0.0006 0.6996
vn 0.9023 0.0011 0.4311
vn 0.7034 0.0003 0.7108
vn 0.6870 0.0013 0.7266
vn 0.0026 0.0008 1.0000
vn 0.0027 0.0004 1.0000
vn -0.7605 0.0003 0.6493
vn -0.8916 0.0011 0.4528
vn -0.9773 0.0012 0.2120
vn -0.9939 0.0007 0.1105
vn -0.0093 0.0004 -1.0000
vn 0.3635 0.0006 -0.9316
vn 0.7235 0.0005 -0.6903
vn 0.9987 0.0018 0.0519
vn 0.9985 -0.0137 0.0524
vn 0.9945 -0.0883 0.0567
vn 0.9964 -0.0826 0.0165
vn -0.0222 -0.9997 -0.0110
vn 0.0420 -0.9865 -0.1582
vn 0.0037 -0.9836 -0.1803
vn 0.0037 -0.9871 -0.1602
vn -0.0000 -1.0000 -0.0015
vn 0.2444 -0.6978 -0.6733
vn 0.0925 -0.6015 -0.7935
vn 0.1174 -0.9874 -0.1062
vn 0.5795 -0.6312 -0.5156
vn 0.3585 -0.1509 -0.9212
vn 0.1233 -0.0776 -0.9893
vn 0.7209 -0.0752 -0.6889
vn 0.3664 0.0006 -0.9305
vn 0.9320 -0.1511 -0.3294
vn 0.7948 -0.6043 -0.0559
vn 0.9912 -0.0778 -0.1070
vn 0.9407 0.0008 -0.3393
vn 0.6844 -0.6975 -0.2124
vn 0.9876 -0.1559 0.0198
vn 0.9983 0.0264 0.0513
vn 0.9999 0.0002 0.0103
vn 0.6815 -0.7301 0.0491
vn 0.9837 -0.1645 0.0729
vn 0.9957 0.0082 0.0922
vn 0.9971 0.0582 0.0484
vn 0.6951 -0.7113 0.1043
vn 0.9663 -0.1566 0.2043
vn 0.6543 -0.5935 0.4686
vn 0.9031 -0.0711 0.4235
vn 0.9821 0.0012 0.1883
vn 0.6695 -0.7117 0.2129
vn 0.7271 -0.1744 0.6641
vn 0.7262 0.2249 0.6496
vn 0.7892 -0.0197 0.6139
vn 0.4176 -0.6908 0.5903
vn 0.3872 -0.6698 0.6336
vn 0.6591 -0.2065 0.7232
vn 0.6997 -0.0133 0.7143
vn 0.7127 0.0484 0.6998
vn 0.4037 -0.6890 0.6020
vn 0.4267 -0.6836 0.5921
vn 0.6650 -0.1568 0.7302
vn 0.4528 -0.6151 0.6454
vn 0.6077 -0.0754 0.7906
vn 0.6882 0.0012 0.7255
vn 0.4205 -0.7047 0.5715
vn 0.3758 -0.1512 0.9143
vn 0.2492 -0.7022 0.6669
vn 0.0026 -0.6136 0.7897
vn 0.0026 -0.0695 0.9976
vn 0.3855 0.0011 0.9227
vn 0.0332 -0.9863 0.1617
vn 0.0059 -0.9864 0.1640
vn 0.0338 -0.9831 0.1798
vn -0.0527 -0.9514 0.3033
vn -0.0154 -0.9669 0.2547
vn 0.0074 -0.9763 0.2165
vn -0.0530 -0.9391 0.3395
vn 0.0486 -0.9573 0.2851
vn -0.1495 -0.9685 0.1992
vn -0.0965 -0.9763 0.1938
vn 0.1075 -0.9859 0.1283
vn 0.2105 -0.9754 0.0650
vn 0.1422 -0.9878 0.0633
vn 0.1308 -0.9894 0.0624
vn 0.1753 -0.9841 0.0270
vn 0.1569 -0.9873 -0.0232
vn 0.0144 -0.9992 0.0361
vn 0.0041 -0.9981 0.0612
vn -0.0111 -0.9988 0.0484
vn -0.0029 -0.9986 0.0520
vn -0.0184 -0.9989 0.0437
vn 0.0111 -0.9987 0.0504
vn -0.0015 -1.0000 0.0044
vn -0.0158 -0.9999 -0.0049
vn 0.0157 -0.9999 -0.0050
vn -0.0051 -0.9838 -0.1793
vn 0.0215 -0.9997 -0.0109
vn -0.0264 -0.9873 -0.1566
vn -0.0069 -0.7013 -0.7128
vn -0.1098 -0.6011 -0.7916
vn -0.0092 -0.1550 -0.9879
vn -0.1441 -0.0783 -0.9865
vn -0.0093 0.0005 -1.0000
vn -0.3822 -0.1510 -0.9117
vn -0.3902 0.0006 -0.9207
vn -0.7405 -0.0756 -0.6678
vn -0.9413 -0.1509 -0.3019
vn -0.5807 -0.6194 -0.5284
vn -0.9501 0.0008 -0.3118
vn -0.1701 -0.9854 -0.0043
vn -0.1169 -0.9875 -0.1057
vn -0.6895 -0.6978 -0.1938
vn -0.2622 -0.6979 -0.6665
vn -0.7982 -0.6024 -0.0052
vn -0.1271 -0.9889 0.0767
vn -0.1696 -0.9849 0.0338
vn -0.6737 -0.7348 0.0788
vn -0.9858 -0.1578 0.0569
vn -0.9942 -0.0767 -0.0756
vn -0.9989 0.0003 0.0478
vn -0.9957 0.0169 0.0916
vn -0.9807 -0.1625 0.1084
vn -0.9953 0.0369 0.0899
vn -0.9931 0.0039 0.1173
vn -0.9621 -0.1568 0.2231
vn -0.9784 0.0012 0.2068
vn -0.6957 -0.7077 0.1231
vn -0.1103 -0.9851 0.1320
vn -0.1423 -0.9875 0.0684
vn -0.6641 -0.7124 0.2271
vn -0.6402 -0.5897 0.4923
vn 0.0692 -0.9334 0.3520
vn -0.0334 -0.9583 0.2838
vn -0.3865 -0.6669 0.6371
vn -0.7252 -0.1540 0.6711
vn -0.7148 0.0301 0.6987
vn -0.6517 -0.2092 0.7290
vn -0.3720 -0.6738 0.6385
vn -0.8933 -0.0702 0.4440
vn -0.7730 0.0004 0.6344
vn -0.6999 0.0150 0.7141
vn -0.6991 0.0077 0.7150
vn -0.6826 0.0025 0.7308
vn -0.6549 -0.1929 0.7307
vn -0.4402 -0.6592 0.6096
vn -0.0187 -0.9813 0.1916
vn -0.0043 -0.9767 0.2145
vn -0.3917 -0.7303 0.5596
vn 0.0180 -0.9668 0.2549
vn -0.4049 -0.6742 0.6177
vn -0.4462 -0.6093 0.6555
vn -0.0073 -0.9867 0.1622
vn -0.0348 -0.9835 0.1776
vn -0.2417 -0.7021 0.6699
vn -0.3703 -0.1513 0.9165
vn -0.6037 -0.0750 0.7937
vn -0.3804 0.0011 0.9248
vn 0.0563 -0.9509 0.3044
vn -0.2140 -0.9738 0.0765
vn -0.0134 -0.9992 0.0365
vn -0.0023 -0.9980 0.0629
vn 0.0130 -0.9987 0.0494
vn 0.0416 -0.9954 0.0867
vn 0.1027 -0.9748 0.1983
vn 0.1471 -0.9617 0.2314
vn 0.1531 -0.9681 0.1984
vn 0.1286 -0.9814 0.1426
vn 0.0884 -0.9936 0.0705
vn 0.0265 -0.9995 0.0150
vn -0.0001 -1.0000 0.0068
vn 0.0593 -0.9975 0.0374
vn -0.0253 -0.9996 0.0149
vn -0.0590 -0.9975 0.0380
vn -0.0878 -0.9936 0.0713
vn -0.1038 -0.9894 0.1019
vn -0.1268 -0.9815 0.1437
vn -0.1377 -0.9729 0.1857
vn -0.1407 -0.9634 0.2281
vn -0.1350 -0.9662 0.2194
vn -0.0876 -0.9819 0.1681
vn -0.0385 -0.9956 0.0853
vn 0.0212 -0.9814 0.1909
vn 0.1047 -0.9894 0.1008
vn 0.1411 -0.9725 0.1851
vn 0.1407 -0.9650 0.2214
vn 0.0930 -0.9808 0.1715
vn 0.0203 -0.9988 0.0443
vn 0.0049 -0.9986 0.0533
vn -0.0096 -0.9986 0.0520
vn 0.0010 -1.0000 0.0052
vt 0.405828 0.993478
vt 0.392927 0.993802
vt 0.395048 0.996945
vt 0.404721 0.996702
vt 0.392164 0.989225
vt 0.405068 0.988901
vt 0.404138 0.983660
vt 0.391232 0.983984
vt 0.390402 0.978379
vt 0.403307 0.978054
vt 0.402849 0.972383
vt 0.389943 0.972708
vt 0.389800 0.966372
vt 0.402705 0.966047
vt 0.402820 0.958447
vt 0.389914 0.958771
vt 0.390195 0.951182
vt 0.403101 0.950858
vt 0.403456 0.944557
vt 0.390551 0.944881
vt 0.391035 0.939252
vt 0.403941 0.938928
vt 0.404607 0.933354
vt 0.391702 0.933678
vt 0.392365 0.928411
vt 0.405269 0.928087
vt 0.405739 0.923380
vt 0.392837 0.923705
vt 0.393172 0.919330
vt 0.406072 0.919006
vt 0.406323 0.914734
vt 0.393421 0.915058
vt 0.393595 0.911427
vt 0.406500 0.911103
vt 0.406612 0.908650
vt 0.393707 0.908975
vt 0.393755 0.907224
vt 0.406660 0.906900
vt 0.406642 0.905375
vt 0.393737 0.905699
vt 0.393714 0.903338
vt 0.406618 0.903111
vt 0.406648 0.899142
vt 0.393784 0.894621
vt 0.406700 0.889406
vt 0.393795 0.889731
vt 0.406689 0.894297
vt 0.393775 0.885473
vt 0.406629 0.882203
vt 0.393724 0.882528
vt 0.406681 0.885149
vt 0.393635 0.880239
vt 0.406409 0.877627
vt 0.393503 0.877951
vt 0.406540 0.879914
vt 0.393281 0.875059
vt 0.405820 0.870633
vt 0.392920 0.870957
vt 0.406185 0.874734
vt 0.392476 0.866268
vt 0.404903 0.861291
vt 0.392004 0.861615
vt 0.405373 0.865944
vt 0.391597 0.857723
vt 0.404254 0.854992
vt 0.391349 0.855316
vt 0.404501 0.857398
vt 0.391167 0.853630
vt 0.403863 0.851574
vt 0.390958 0.851898
vt 0.404072 0.853305
vt 0.390658 0.849506
vt 0.403104 0.845513
vt 0.390203 0.845837
vt 0.403562 0.849182
vt 0.391416 0.842566
vt 0.401089 0.842323
vt 0.538712 0.490158
vt 0.542629 0.491202
vt 0.543776 0.485674
vt 0.541156 0.496474
vt 0.538054 0.484134
vt 0.536706 0.495373
vt 0.532172 0.494100
vt 0.534868 0.488995
vt 0.531497 0.487866
vt 0.528287 0.492827
vt 0.535229 0.483218
vt 0.532891 0.482354
vt 0.526784 0.489826
vt 0.528999 0.486929
vt 0.527043 0.485931
vt 0.524862 0.488907
vt 0.525646 0.491988
vt 0.523730 0.491158
vt 0.521047 0.492726
vt 0.523004 0.493573
vt 0.521899 0.490150
vt 0.523099 0.487727
vt 0.524970 0.494474
vt 0.527670 0.495251
vt 0.522484 0.497315
vt 0.531055 0.510069
vt 0.531739 0.496459
vt 0.526829 0.508463
vt 0.521602 0.515281
vt 0.523789 0.515585
vt 0.520345 0.497147
vt 0.519414 0.515080
vt 0.517729 0.501473
vt 0.517351 0.508216
vt 0.518324 0.495694
vt 0.519101 0.491847
vt 0.520111 0.489052
vt 0.521405 0.486429
vt 0.523670 0.483160
vt 0.532197 0.476681
vt 0.527592 0.478427
vt 0.530919 0.481339
vt 0.535715 0.476089
vt 0.532484 0.473065
vt 0.539090 0.469609
vt 0.537660 0.467908
vt 0.542562 0.463801
vt 0.543729 0.465646
vt 0.547319 0.463638
vt 0.546636 0.461587
vt 0.548071 0.465533
vt 0.550480 0.465087
vt 0.550401 0.463063
vt 0.550318 0.460882
vt 0.545020 0.467334
vt 0.553518 0.463399
vt 0.554042 0.461302
vt 0.558283 0.463202
vt 0.562209 0.468734
vt 0.563513 0.466939
vt 0.557258 0.465129
vt 0.556097 0.466905
vt 0.552914 0.465346
vt 0.552149 0.466990
vt 0.560751 0.470360
vt 0.558988 0.471648
vt 0.554664 0.468383
vt 0.551356 0.468432
vt 0.557186 0.472855
vt 0.564206 0.476079
vt 0.566085 0.474932
vt 0.562119 0.477062
vt 0.555606 0.474243
vt 0.559910 0.478088
vt 0.564306 0.483101
vt 0.567110 0.481978
vt 0.569405 0.480970
vt 0.571310 0.479846
vt 0.573680 0.485317
vt 0.575563 0.484192
vt 0.571248 0.486423
vt 0.571048 0.492797
vt 0.574839 0.491269
vt 0.567953 0.487789
vt 0.576125 0.488113
vt 0.577430 0.490270
vt 0.579293 0.489314
vt 0.577983 0.487064
vt 0.579669 0.485773
vt 0.581060 0.488191
vt 0.582779 0.486984
vt 0.575574 0.481087
vt 0.578735 0.481199
vt 0.581269 0.484361
vt 0.582120 0.490833
vt 0.584012 0.489844
vt 0.585033 0.493716
vt 0.583102 0.495347
vt 0.585907 0.499379
vt 0.586588 0.506035
vt 0.584854 0.513149
vt 0.587034 0.512888
vt 0.582683 0.513506
vt 0.580984 0.495646
vt 0.578940 0.496337
vt 0.580525 0.513956
vt 0.577291 0.508237
vt 0.577580 0.520089
vt 0.580300 0.520310
vt 0.582395 0.520094
vt 0.571841 0.527596
vt 0.576455 0.526326
vt 0.573052 0.508565
vt 0.578944 0.526631
vt 0.573742 0.530793
vt 0.575829 0.531939
vt 0.577493 0.533028
vt 0.580879 0.527022
vt 0.582805 0.527596
vt 0.579108 0.534239
vt 0.572770 0.538668
vt 0.571602 0.536968
vt 0.570332 0.535353
vt 0.562620 0.537290
vt 0.563363 0.539244
vt 0.561774 0.535264
vt 0.568802 0.533648
vt 0.566856 0.531681
vt 0.560826 0.533029
vt 0.552734 0.533668
vt 0.552793 0.536016
vt 0.552862 0.538170
vt 0.542448 0.539918
vt 0.552935 0.540257
vt 0.543053 0.537913
vt 0.543771 0.535828
vt 0.535191 0.536438
vt 0.527861 0.534495
vt 0.534031 0.538136
vt 0.529455 0.533294
vt 0.531487 0.531994
vt 0.536620 0.534626
vt 0.538483 0.532506
vt 0.533325 0.528650
vt 0.528522 0.527515
vt 0.526026 0.528027
vt 0.522215 0.521699
vt 0.524111 0.528577
vt 0.527067 0.521227
vt 0.524328 0.521726
vt 0.520108 0.521855
vt 0.518004 0.522101
vt 0.517225 0.514955
vt 0.522220 0.529282
vt 0.520341 0.530066
vt 0.524806 0.537170
vt 0.531969 0.541731
vt 0.532975 0.539914
vt 0.526320 0.535805
vt 0.541949 0.541986
vt 0.541504 0.544086
vt 0.553009 0.542402
vt 0.553082 0.544575
vt 0.564583 0.543311
vt 0.564000 0.541262
vt 0.573887 0.540408
vt 0.580699 0.535511
vt 0.584726 0.528262
vt 0.586621 0.520206
vt 0.584504 0.520096
vt 0.536445 0.526650
vt 0.535912 0.512809
vt 0.540888 0.510051
vt 0.540441 0.528522
vt 0.545771 0.527801
vt 0.546086 0.508228
vt 0.536439 0.497723
vt 0.541012 0.498896
vt 0.545973 0.499603
vt 0.546010 0.497154
vt 0.551829 0.499670
vt 0.551740 0.497178
vt 0.557454 0.496773
vt 0.558022 0.507888
vt 0.557669 0.499243
vt 0.552100 0.509882
vt 0.568381 0.511706
vt 0.567068 0.496797
vt 0.563304 0.509279
vt 0.559469 0.527454
vt 0.568656 0.525946
vt 0.564785 0.527922
vt 0.552592 0.525657
vt 0.544610 0.533520
vt 0.571675 0.495224
vt 0.575661 0.493765
vt 0.566617 0.494382
vt 0.562576 0.498233
vt 0.562252 0.495774
vt 0.564194 0.489229
vt 0.560368 0.490557
vt 0.556239 0.491690
vt 0.558681 0.485096
vt 0.556149 0.479670
vt 0.550864 0.477641
vt 0.551114 0.482708
vt 0.548318 0.487087
vt 0.545794 0.480119
vt 0.552381 0.488174
vt 0.546841 0.492029
vt 0.551570 0.492543
vt 0.545945 0.474663
vt 0.541969 0.478861
vt 0.539775 0.478002
vt 0.544358 0.473412
vt 0.542503 0.472319
vt 0.537660 0.477139
vt 0.546559 0.468707
vt 0.549858 0.468491
vt 0.540659 0.471136
vt 0.549182 0.471666
vt 0.550608 0.469715
vt 0.548962 0.467115
vt 0.550587 0.467886
vt 0.550547 0.466793
vt 0.578286 0.492701
vt 0.580216 0.491795
vt 0.574430 0.476724
vt 0.569105 0.471712
vt 0.567669 0.473415
vt 0.857837 0.381167
vt 0.858313 0.385931
vt 0.880247 0.387275
vt 0.879534 0.376229
vt 0.879266 0.371979
vt 0.857261 0.372226
vt 0.857484 0.375755
vt 0.878928 0.369427
vt 0.856923 0.369674
vt 0.856224 0.367193
vt 0.878229 0.366946
vt 0.876951 0.362335
vt 0.855206 0.363663
vt 0.853907 0.357960
vt 0.879150 0.357677
vt 0.877840 0.350844
vt 0.880480 0.363379
vt 0.881508 0.366910
vt 0.882207 0.369390
vt 0.882545 0.371942
vt 0.882767 0.375471
vt 0.883115 0.380884
vt 0.882603 0.385659
vt 0.873592 0.343957
vt 0.851627 0.344204
vt 0.852617 0.351127
vt 0.872973 0.337887
vt 0.850978 0.338134
vt 0.872716 0.333617
vt 0.850711 0.333864
vt 0.872660 0.330246
vt 0.850655 0.330493
vt 0.850637 0.327121
vt 0.872642 0.326874
vt 0.872805 0.322588
vt 0.850809 0.322835
vt 0.873287 0.316503
vt 0.851326 0.316721
vt 0.876570 0.316438
vt 0.877391 0.309448
vt 0.876083 0.322551
vt 0.875920 0.326837
vt 0.875939 0.330209
vt 0.875995 0.333580
vt 0.876252 0.337851
vt 0.876870 0.343920
vt 0.876343 0.297477
vt 0.853313 0.302819
vt 0.852167 0.309731
vt 0.854493 0.297029
vt 0.877444 0.293162
vt 0.855439 0.293409
vt 0.878092 0.290575
vt 0.856087 0.290823
vt 0.856377 0.288133
vt 0.878382 0.287886
vt 0.878526 0.284279
vt 0.856523 0.284526
vt 0.878740 0.278963
vt 0.856741 0.279187
vt 0.882019 0.278903
vt 0.882295 0.272622
vt 0.881805 0.284243
vt 0.881660 0.287849
vt 0.881371 0.290539
vt 0.880722 0.293125
vt 0.879767 0.296745
vt 0.878556 0.302535
vt 0.857019 0.272906
vt 0.879345 0.266229
vt 0.857345 0.266476
vt 0.879680 0.259316
vt 0.857676 0.259563
vt 0.879974 0.251587
vt 0.857969 0.251834
vt 0.880073 0.243407
vt 0.858068 0.243654
vt 0.877660 0.156811
vt 0.855953 0.158623
vt 0.856158 0.163325
vt 0.878158 0.163078
vt 0.878648 0.169836
vt 0.857121 0.177825
vt 0.879126 0.177578
vt 0.856645 0.170083
vt 0.879421 0.185855
vt 0.857416 0.186102
vt 0.857360 0.194466
vt 0.879365 0.194219
vt 0.879224 0.203550
vt 0.857263 0.214978
vt 0.879268 0.214731
vt 0.857219 0.203797
vt 0.857469 0.226135
vt 0.879475 0.225888
vt 0.857820 0.235390
vt 0.879825 0.235143
vt 0.883104 0.235107
vt 0.882753 0.225851
vt 0.883352 0.243370
vt 0.883252 0.251550
vt 0.882959 0.259279
vt 0.882624 0.266192
vt 0.882546 0.214695
vt 0.882503 0.203513
vt 0.882643 0.194182
vt 0.882700 0.185818
vt 0.882405 0.177542
vt 0.881927 0.169800
vt 0.881436 0.163041
vt 0.880244 0.158350
vt 0.118441 0.055386
vt 0.116347 0.049640
vt 0.110869 0.052293
vt 0.113738 0.056827
vt 0.109525 0.057919
vt 0.111164 0.046313
vt 0.105692 0.049143
vt 0.103059 0.054742
vt 0.101311 0.060333
vt 0.105562 0.061510
vt 0.097436 0.059004
vt 0.099410 0.065387
vt 0.095006 0.063982
vt 0.104331 0.066427
vt 0.099138 0.067617
vt 0.104147 0.068653
vt 0.094625 0.066189
vt 0.103817 0.077020
vt 0.098461 0.078406
vt 0.110109 0.069109
vt 0.109817 0.079051
vt 0.115922 0.077417
vt 0.116089 0.069059
vt 0.121159 0.068202
vt 0.121185 0.083819
vt 0.126125 0.082114
vt 0.125760 0.067239
vt 0.130827 0.079608
vt 0.133785 0.064932
vt 0.133408 0.062848
vt 0.125561 0.065097
vt 0.134542 0.077764
vt 0.136355 0.077025
vt 0.135734 0.064238
vt 0.136079 0.061830
vt 0.135258 0.062247
vt 0.136544 0.063756
vt 0.137329 0.063327
vt 0.136791 0.061258
vt 0.135905 0.059421
vt 0.135182 0.060058
vt 0.134275 0.060437
vt 0.130282 0.058172
vt 0.133143 0.057414
vt 0.132133 0.057754
vt 0.127209 0.049039
vt 0.129258 0.052899
vt 0.128179 0.053166
vt 0.124462 0.047610
vt 0.123346 0.047835
vt 0.121829 0.048041
vt 0.125948 0.053553
vt 0.123566 0.060046
vt 0.119593 0.061059
vt 0.121064 0.066178
vt 0.115250 0.061892
vt 0.116079 0.066856
vt 0.110195 0.066893
vt 0.110373 0.062405
vt 0.115552 0.044495
vt 0.113639 0.039927
vt 0.117301 0.043295
vt 0.118569 0.042924
vt 0.115838 0.039000
vt 0.114708 0.039278
vt 0.113656 0.036315
vt 0.113206 0.037154
vt 0.116457 0.038156
vt 0.120580 0.042000
vt 0.112629 0.037740
vt 0.111463 0.036779
vt 0.111432 0.037474
vt 0.111216 0.038100
vt 0.111928 0.038457
vt 0.111501 0.035852
vt 0.109317 0.036140
vt 0.109696 0.037012
vt 0.110221 0.037642
vt 0.107076 0.038513
vt 0.108027 0.038995
vt 0.103882 0.042286
vt 0.102770 0.041944
vt 0.097590 0.046511
vt 0.098704 0.046778
vt 0.100240 0.047067
vt 0.105349 0.042885
vt 0.093411 0.051736
vt 0.089053 0.056053
vt 0.090869 0.056607
vt 0.095633 0.052272
vt 0.092346 0.051417
vt 0.088073 0.055644
vt 0.086679 0.058622
vt 0.085804 0.058177
vt 0.087364 0.061163
vt 0.084747 0.059958
vt 0.085539 0.060434
vt 0.108296 0.045212
vt 0.086776 0.063336
vt 0.084869 0.062591
vt 0.084111 0.061929
vt 0.083639 0.065053
vt 0.083367 0.061375
vt 0.082730 0.065241
vt 0.085299 0.076101
vt 0.082101 0.082704
vt 0.082979 0.083133
vt 0.081185 0.082232
vt 0.082246 0.088874
vt 0.084818 0.089495
vt 0.083092 0.089332
vt 0.082652 0.095136
vt 0.083440 0.095078
vt 0.081367 0.088635
vt 0.084225 0.095239
vt 0.086332 0.100293
vt 0.087034 0.100076
vt 0.088365 0.099639
vt 0.086159 0.095469
vt 0.092178 0.103097
vt 0.091560 0.103616
vt 0.099115 0.105501
vt 0.099544 0.104778
vt 0.093501 0.102014
vt 0.100201 0.103638
vt 0.102293 0.096800
vt 0.096906 0.097239
vt 0.093052 0.095241
vt 0.093395 0.080952
vt 0.088886 0.078008
vt 0.109268 0.095035
vt 0.116173 0.097193
vt 0.121574 0.097946
vt 0.125560 0.096056
vt 0.134289 0.090793
vt 0.132587 0.096781
vt 0.130116 0.100971
vt 0.124799 0.103075
vt 0.117970 0.104260
vt 0.109070 0.104203
vt 0.109023 0.105595
vt 0.108988 0.106398
vt 0.118548 0.105454
vt 0.118912 0.106209
vt 0.126052 0.104267
vt 0.131426 0.101530
vt 0.126622 0.104832
vt 0.132107 0.101810
vt 0.127087 0.105519
vt 0.132742 0.102261
vt 0.136143 0.096821
vt 0.135359 0.096687
vt 0.134563 0.096743
vt 0.136061 0.090858
vt 0.136945 0.090534
vt 0.136519 0.084827
vt 0.137435 0.084544
vt 0.138381 0.084225
vt 0.137839 0.090392
vt 0.138737 0.090341
vt 0.139343 0.083976
vt 0.139246 0.077716
vt 0.138954 0.071323
vt 0.138542 0.065938
vt 0.138081 0.062705
vt 0.137449 0.060610
vt 0.136524 0.058638
vt 0.134561 0.055867
vt 0.130813 0.051377
vt 0.126127 0.046153
vt 0.121349 0.041181
vt 0.117110 0.037301
vt 0.114043 0.035351
vt 0.111544 0.034807
vt 0.109009 0.035147
vt 0.105786 0.036845
vt 0.106369 0.037749
vt 0.101928 0.041249
vt 0.101220 0.040378
vt 0.096021 0.044959
vt 0.095029 0.047444
vt 0.090900 0.049803
vt 0.086775 0.054007
vt 0.084564 0.056669
vt 0.085157 0.057456
vt 0.083456 0.058651
vt 0.084072 0.059340
vt 0.082637 0.060819
vt 0.081959 0.064074
vt 0.081269 0.069320
vt 0.080662 0.075603
vt 0.080233 0.081968
vt 0.080470 0.088505
vt 0.081862 0.095303
vt 0.085025 0.101189
vt 0.091045 0.104269
vt 0.085668 0.100695
vt 0.090581 0.104988
vt 0.098541 0.107163
vt 0.108953 0.107269
vt 0.098800 0.106310
vt 0.108919 0.108174
vt 0.119357 0.107911
vt 0.119163 0.107041
vt 0.127500 0.106268
vt 0.133353 0.102796
vt 0.136919 0.097051
vt 0.563375 0.268728
vt 0.563837 0.273312
vt 0.586167 0.274640
vt 0.585824 0.268520
vt 0.585503 0.263402
vt 0.585314 0.260288
vt 0.562831 0.260475
vt 0.563050 0.263608
vt 0.561791 0.256398
vt 0.562489 0.258387
vt 0.584976 0.258222
vt 0.584282 0.256248
vt 0.586575 0.256233
vt 0.585551 0.253088
vt 0.583244 0.253103
vt 0.587253 0.258206
vt 0.587596 0.260269
vt 0.587802 0.263381
vt 0.588072 0.268499
vt 0.587747 0.273095
vt 0.581833 0.247527
vt 0.560767 0.253249
vt 0.584168 0.247511
vt 0.582813 0.240741
vt 0.579628 0.234117
vt 0.557163 0.234230
vt 0.558156 0.240928
vt 0.559456 0.247680
vt 0.556260 0.225247
vt 0.556518 0.228648
vt 0.578995 0.228433
vt 0.578756 0.225003
vt 0.580995 0.222633
vt 0.578692 0.220317
vt 0.556202 0.220623
vt 0.556213 0.222935
vt 0.580994 0.220286
vt 0.581155 0.216859
vt 0.578844 0.216893
vt 0.581053 0.224978
vt 0.581302 0.228411
vt 0.581873 0.234020
vt 0.579335 0.211217
vt 0.556880 0.211663
vt 0.556375 0.217227
vt 0.581583 0.211269
vt 0.582351 0.204566
vt 0.557702 0.204983
vt 0.582234 0.193232
vt 0.558828 0.198236
vt 0.583351 0.066983
vt 0.561249 0.068856
vt 0.561479 0.073519
vt 0.583922 0.073190
vt 0.584435 0.079570
vt 0.562473 0.086641
vt 0.587193 0.086262
vt 0.561987 0.079906
vt 0.585221 0.093243
vt 0.562773 0.093594
vt 0.562724 0.100636
vt 0.562601 0.108829
vt 0.585085 0.108482
vt 0.585188 0.100283
vt 0.587373 0.108447
vt 0.587452 0.100248
vt 0.587469 0.093208
vt 0.586728 0.079536
vt 0.586166 0.073157
vt 0.585158 0.068511
vt 0.585170 0.118904
vt 0.587462 0.118870
vt 0.587683 0.129311
vt 0.585394 0.129344
vt 0.562675 0.119239
vt 0.562912 0.129667
vt 0.563278 0.137914
vt 0.585748 0.137596
vt 0.563532 0.145034
vt 0.585972 0.144715
vt 0.588003 0.137564
vt 0.588223 0.144683
vt 0.588144 0.151723
vt 0.585580 0.158502
vt 0.587870 0.158468
vt 0.563430 0.152082
vt 0.563136 0.158838
vt 0.562814 0.165082
vt 0.562494 0.171149
vt 0.584734 0.175359
vt 0.585252 0.164739
vt 0.587135 0.170771
vt 0.587495 0.164705
vt 0.586904 0.177001
vt 0.586750 0.182227
vt 0.584434 0.182263
vt 0.562211 0.177376
vt 0.561999 0.182606
vt 0.561859 0.185681
vt 0.561576 0.187652
vt 0.584067 0.187266
vt 0.584335 0.185319
vt 0.586621 0.185282
vt 0.586336 0.187227
vt 0.583422 0.189167
vt 0.584772 0.192233
vt 0.585713 0.189127
vt 0.560932 0.189568
vt 0.559992 0.192679
vt 0.583533 0.197800
vt 0.804434 0.138127
vt 0.807403 0.144230
vt 0.808805 0.141752
vt 0.811810 0.143531
vt 0.808989 0.141423
vt 0.804644 0.137847
vt 0.799667 0.133201
vt 0.799449 0.133449
vt 0.804830 0.137576
vt 0.800049 0.132667
vt 0.797505 0.130575
vt 0.805010 0.137299
vt 0.809279 0.140882
vt 0.811992 0.142923
vt 0.812082 0.142620
vt 0.814157 0.143057
vt 0.814141 0.143651
vt 0.816320 0.143045
vt 0.816245 0.142739
vt 0.819113 0.141135
vt 0.819381 0.141687
vt 0.823697 0.137998
vt 0.823528 0.137715
vt 0.828682 0.133261
vt 0.831132 0.131435
vt 0.833769 0.128557
vt 0.837873 0.124535
vt 0.840220 0.122439
vt 0.840081 0.122127
vt 0.841142 0.120433
vt 0.841616 0.120784
vt 0.842093 0.118680
vt 0.841809 0.118548
vt 0.842311 0.115554
vt 0.842710 0.114883
vt 0.842877 0.110532
vt 0.843332 0.104475
vt 0.843826 0.098350
vt 0.843499 0.098373
vt 0.842972 0.092195
vt 0.843564 0.092089
vt 0.841622 0.085780
vt 0.841345 0.085911
vt 0.838134 0.080528
vt 0.838552 0.080125
vt 0.832997 0.076782
vt 0.832857 0.077055
vt 0.825299 0.075111
vt 0.815253 0.073990
vt 0.815247 0.074315
vt 0.825417 0.074522
vt 0.805155 0.074736
vt 0.797350 0.076163
vt 0.797480 0.076440
vt 0.805060 0.074143
vt 0.792042 0.079798
vt 0.788388 0.085040
vt 0.788662 0.085178
vt 0.791637 0.079383
vt 0.786884 0.091448
vt 0.785925 0.097451
vt 0.786250 0.097475
vt 0.786295 0.091332
vt 0.786337 0.103467
vt 0.786826 0.114177
vt 0.786718 0.109632
vt 0.787207 0.114785
vt 0.787328 0.117867
vt 0.787615 0.117742
vt 0.788185 0.119532
vt 0.788980 0.121456
vt 0.789160 0.121185
vt 0.787703 0.119871
vt 0.791253 0.123627
vt 0.795173 0.127782
vt 0.790860 0.124138
vt 0.794791 0.128312
vt 0.794565 0.128547
vt 0.790629 0.124353
vt 0.788457 0.121827
vt 0.788718 0.121637
vt 0.787365 0.120049
vt 0.786713 0.117982
vt 0.787035 0.117985
vt 0.786547 0.114643
vt 0.783918 0.118903
vt 0.783159 0.112609
vt 0.784695 0.121266
vt 0.787225 0.122606
vt 0.788417 0.126154
vt 0.785998 0.123386
vt 0.784352 0.121400
vt 0.788149 0.126351
vt 0.785716 0.123547
vt 0.785416 0.123676
vt 0.783753 0.121560
vt 0.785108 0.123790
vt 0.787572 0.126661
vt 0.787866 0.126514
vt 0.793643 0.132579
vt 0.791684 0.131065
vt 0.796731 0.136151
vt 0.797249 0.135743
vt 0.792235 0.130703
vt 0.792486 0.130489
vt 0.797484 0.135515
vt 0.802675 0.140364
vt 0.802464 0.140614
vt 0.807214 0.144538
vt 0.802237 0.140848
vt 0.802001 0.141073
vt 0.806866 0.145027
vt 0.810805 0.146921
vt 0.814036 0.147903
vt 0.814050 0.147315
vt 0.810700 0.147211
vt 0.810907 0.146628
vt 0.811002 0.146329
vt 0.814059 0.146969
vt 0.817148 0.146488
vt 0.817228 0.146791
vt 0.817317 0.147088
vt 0.821023 0.144870
vt 0.821350 0.145372
vt 0.817409 0.147381
vt 0.826163 0.141364
vt 0.826391 0.141599
vt 0.831875 0.136861
vt 0.835405 0.133134
vt 0.837148 0.131955
vt 0.841457 0.127684
vt 0.841169 0.127527
vt 0.843744 0.124726
vt 0.844049 0.124850
vt 0.845506 0.122582
vt 0.844913 0.122404
vt 0.846089 0.119955
vt 0.846413 0.120011
vt 0.847045 0.116395
vt 0.846717 0.116365
vt 0.847359 0.110820
vt 0.847676 0.110992
vt 0.848149 0.104604
vt 0.847982 0.098078
vt 0.848307 0.098033
vt 0.847634 0.091110
vt 0.847046 0.091277
vt 0.845340 0.083816
vt 0.845616 0.083662
vt 0.841666 0.077105
vt 0.841246 0.077523
vt 0.835053 0.073126
vt 0.835200 0.072851
vt 0.826373 0.070466
vt 0.815334 0.069836
vt 0.826240 0.071055
vt 0.815340 0.069513
vt 0.815321 0.070487
vt 0.826162 0.071400
vt 0.815327 0.070160
vt 0.834757 0.073675
vt 0.834906 0.073401
vt 0.841003 0.077760
vt 0.844777 0.084117
vt 0.845064 0.083967
vt 0.846692 0.091363
vt 0.843914 0.092016
vt 0.842179 0.085507
vt 0.838802 0.079884
vt 0.847286 0.099450
vt 0.844477 0.098344
vt 0.841900 0.085646
vt 0.833288 0.076232
vt 0.833139 0.076509
vt 0.825491 0.074184
vt 0.795696 0.073004
vt 0.804432 0.070996
vt 0.804367 0.070650
vt 0.795556 0.072723
vt 0.795418 0.072445
vt 0.804258 0.070058
vt 0.795282 0.072166
vt 0.788612 0.076277
vt 0.784720 0.082992
vt 0.789019 0.076706
vt 0.784450 0.082831
vt 0.785275 0.083306
vt 0.789254 0.076949
vt 0.784992 0.083150
vt 0.791395 0.079136
vt 0.787839 0.084755
vt 0.797079 0.075607
vt 0.785946 0.091252
vt 0.783181 0.090548
vt 0.782451 0.098550
vt 0.785274 0.097432
vt 0.785598 0.097399
vt 0.788114 0.084900
vt 0.797217 0.075886
vt 0.804998 0.073803
vt 0.815266 0.073342
vt 0.815259 0.073666
vt 0.785360 0.103520
vt 0.782828 0.090454
vt 0.782097 0.097154
vt 0.782404 0.107274
vt 0.781772 0.097110
vt 0.782245 0.090276
vt 0.781448 0.097059
vt 0.781518 0.103520
vt 0.782643 0.114056
vt 0.781911 0.109997
vt 0.782453 0.115510
vt 0.783108 0.115459
vt 0.783616 0.118977
vt 0.783294 0.119035
vt 0.782968 0.119082
vt 0.844151 0.098307
vt 0.843319 0.115241
vt 0.844309 0.104542
vt 0.842980 0.115362
vt 0.842690 0.118911
vt 0.842384 0.118803
vt 0.840766 0.122788
vt 0.841947 0.120969
vt 0.840510 0.122590
vt 0.838249 0.125057
vt 0.834350 0.129342
vt 0.838475 0.125282
vt 0.834132 0.129099
vt 0.829045 0.133808
vt 0.824072 0.138563
vt 0.829254 0.134063
vt 0.823873 0.138276
vt 0.816471 0.143660
vt 0.819548 0.142018
vt 0.816395 0.143351
vt 0.814132 0.143999
vt 0.811902 0.143226
vt 0.820846 0.144553
vt 0.825744 0.140865
vt 0.825945 0.141123
vt 0.831372 0.136434
vt 0.831145 0.136197
vt 0.836365 0.131352
vt 0.836609 0.131574
vt 0.840890 0.127354
vt 0.843172 0.124418
vt 0.840630 0.127149
vt 0.843449 0.124587
vt 0.845468 0.119805
vt 0.844578 0.122262
vt 0.845768 0.119888
vt 0.846391 0.116328
vt 0.846328 0.114055
vt 0.847155 0.109135
vt 0.847656 0.098117
vt 0.841971 0.123602
vt 0.943795 0.376694
vt 0.947775 0.377700
vt 0.948936 0.372014
vt 0.946306 0.382806
vt 0.941450 0.370224
vt 0.941803 0.381731
vt 0.933969 0.379508
vt 0.937096 0.374857
vt 0.933199 0.377163
vt 0.935332 0.374498
vt 0.932387 0.376837
vt 0.931517 0.378564
vt 0.932235 0.378942
vt 0.934408 0.374221
vt 0.931759 0.376251
vt 0.930908 0.378035
vt 0.930353 0.377430
vt 0.931236 0.375522
vt 0.933169 0.372797
vt 0.940399 0.365950
vt 0.936909 0.368326
vt 0.941586 0.363111
vt 0.947030 0.358884
vt 0.946329 0.358150
vt 0.950504 0.354286
vt 0.953830 0.353221
vt 0.953474 0.352359
vt 0.951105 0.355047
vt 0.955858 0.351832
vt 0.955896 0.352768
vt 0.957992 0.353052
vt 0.958277 0.352163
vt 0.955931 0.353591
vt 0.954250 0.353958
vt 0.954796 0.354447
vt 0.957634 0.353821
vt 0.957132 0.354351
vt 0.955957 0.354186
vt 0.955984 0.354783
vt 0.960359 0.355442
vt 0.958314 0.356331
vt 0.959298 0.355701
vt 0.960864 0.354650
vt 0.965259 0.358142
vt 0.963428 0.358995
vt 0.969646 0.363313
vt 0.962030 0.359504
vt 0.968605 0.363495
vt 0.967140 0.363709
vt 0.971751 0.368928
vt 0.973909 0.368461
vt 0.976542 0.373269
vt 0.978276 0.372778
vt 0.974896 0.368220
vt 0.979174 0.372438
vt 0.981426 0.374940
vt 0.981981 0.374279
vt 0.980643 0.375327
vt 0.972165 0.364356
vt 0.980054 0.377792
vt 0.981764 0.377107
vt 0.982455 0.376677
vt 0.982407 0.379178
vt 0.983062 0.378601
vt 0.983506 0.381654
vt 0.980619 0.379937
vt 0.981591 0.392958
vt 0.983737 0.392225
vt 0.984579 0.392904
vt 0.984269 0.399691
vt 0.985020 0.399166
vt 0.982532 0.406114
vt 0.984165 0.405897
vt 0.984896 0.405419
vt 0.985825 0.398812
vt 0.984307 0.381951
vt 0.986228 0.392221
vt 0.985660 0.405159
vt 0.986658 0.398544
vt 0.986442 0.405009
vt 0.984420 0.411570
vt 0.985104 0.411688
vt 0.982026 0.417444
vt 0.976188 0.420515
vt 0.976592 0.421137
vt 0.981472 0.417027
vt 0.980897 0.416701
vt 0.983736 0.411559
vt 0.983055 0.411765
vt 0.975731 0.419960
vt 0.975169 0.419536
vt 0.980277 0.416557
vt 0.973884 0.418530
vt 0.967209 0.420155
vt 0.967839 0.421189
vt 0.979012 0.416176
vt 0.968240 0.421799
vt 0.968528 0.422498
vt 0.958456 0.423441
vt 0.958425 0.422685
vt 0.958394 0.422000
vt 0.958350 0.420735
vt 0.948559 0.422517
vt 0.948903 0.421876
vt 0.949457 0.420792
vt 0.958147 0.411653
vt 0.951243 0.413767
vt 0.965131 0.413398
vt 0.970516 0.413818
vt 0.981082 0.412069
vt 0.974353 0.411891
vt 0.974016 0.397476
vt 0.972799 0.382781
vt 0.968955 0.394975
vt 0.963589 0.393488
vt 0.963263 0.385246
vt 0.957289 0.385705
vt 0.968283 0.384208
vt 0.957588 0.395653
vt 0.963083 0.383042
vt 0.968015 0.381999
vt 0.972424 0.380595
vt 0.957203 0.383513
vt 0.969993 0.375634
vt 0.966112 0.376961
vt 0.961849 0.378142
vt 0.957869 0.374548
vt 0.957023 0.379042
vt 0.964348 0.371362
vt 0.961713 0.365743
vt 0.956521 0.368904
vt 0.955609 0.363306
vt 0.951026 0.366247
vt 0.958089 0.361016
vt 0.953763 0.356541
vt 0.950289 0.360050
vt 0.945567 0.364693
vt 0.948903 0.359633
vt 0.952746 0.355981
vt 0.951678 0.355792
vt 0.944130 0.364556
vt 0.943094 0.364412
vt 0.939291 0.369903
vt 0.938295 0.369709
vt 0.953646 0.373453
vt 0.952131 0.378531
vt 0.951303 0.383479
vt 0.946216 0.384931
vt 0.951297 0.385660
vt 0.951473 0.393953
vt 0.946205 0.397453
vt 0.941611 0.383853
vt 0.933612 0.381561
vt 0.933401 0.394648
vt 0.931200 0.393531
vt 0.931778 0.380896
vt 0.931081 0.380422
vt 0.930407 0.380016
vt 0.929763 0.379452
vt 0.929337 0.382622
vt 0.928948 0.387975
vt 0.928669 0.394344
vt 0.928576 0.400563
vt 0.929420 0.400823
vt 0.930731 0.407103
vt 0.930247 0.401146
vt 0.929951 0.406934
vt 0.929166 0.406857
vt 0.931608 0.413273
vt 0.930935 0.413449
vt 0.934416 0.419063
vt 0.934942 0.418610
vt 0.940503 0.421779
vt 0.940145 0.422426
vt 0.948156 0.423995
vt 0.948329 0.423236
vt 0.958487 0.424231
vt 0.968759 0.423241
vt 0.935493 0.418240
vt 0.940916 0.421192
vt 0.941435 0.420725
vt 0.932288 0.413191
vt 0.932985 0.413298
vt 0.936095 0.418036
vt 0.934989 0.413398
vt 0.933183 0.407416
vt 0.931502 0.407452
vt 0.937344 0.417535
vt 0.945844 0.414517
vt 0.942651 0.419612
vt 0.941858 0.412677
vt 0.941271 0.398662
vt 0.931044 0.401442
vt 0.985629 0.385968
vt 0.984960 0.380758
vt 0.983697 0.378084
vt 0.984319 0.377566
vt 0.983546 0.375471
vt 0.982481 0.373550
vt 0.983029 0.376109
vt 0.980302 0.370935
vt 0.976184 0.366757
vt 0.971072 0.361928
vt 0.965906 0.357361
vt 0.961402 0.353843
vt 0.889615 0.427863
vt 0.889788 0.431177
vt 0.912482 0.431519
vt 0.914703 0.428208
vt 0.890293 0.436692
vt 0.912974 0.437143
vt 0.914864 0.431554
vt 0.915290 0.437097
vt 0.916056 0.443777
vt 0.915857 0.455095
vt 0.917234 0.450536
vt 0.918472 0.456089
vt 0.917056 0.459109
vt 0.919412 0.459152
vt 0.920036 0.460993
vt 0.917702 0.460952
vt 0.920321 0.462880
vt 0.918377 0.472865
vt 0.920604 0.471100
vt 0.920452 0.465890
vt 0.918067 0.465853
vt 0.920833 0.477321
vt 0.918880 0.483329
vt 0.921193 0.483365
vt 0.921563 0.489553
vt 0.919365 0.510097
vt 0.921699 0.510130
vt 0.921917 0.503127
vt 0.921382 0.518283
vt 0.918801 0.528619
vt 0.921160 0.528654
vt 0.919029 0.518249
vt 0.921069 0.539008
vt 0.918812 0.547070
vt 0.921144 0.547108
vt 0.918710 0.538971
vt 0.896008 0.538614
vt 0.895879 0.560473
vt 0.920884 0.560864
vt 0.921159 0.554033
vt 0.920416 0.567497
vt 0.895392 0.567116
vt 0.894883 0.573455
vt 0.917547 0.573793
vt 0.896943 0.502767
vt 0.896689 0.509772
vt 0.896322 0.517918
vt 0.896841 0.495835
vt 0.896546 0.489172
vt 0.921839 0.496204
vt 0.896225 0.482978
vt 0.895624 0.470715
vt 0.895906 0.476932
vt 0.892239 0.450084
vt 0.893404 0.455624
vt 0.891114 0.443348
vt 0.919798 0.374458
vt 0.897243 0.375784
vt 0.896782 0.380362
vt 0.919168 0.384934
vt 0.896239 0.388551
vt 0.921289 0.388758
vt 0.896457 0.385463
vt 0.921499 0.385692
vt 0.921767 0.380593
vt 0.921423 0.376002
vt 0.917911 0.392662
vt 0.920271 0.392677
vt 0.920948 0.390762
vt 0.918599 0.390746
vt 0.919248 0.395778
vt 0.916641 0.396654
vt 0.917867 0.401339
vt 0.916514 0.408099
vt 0.913265 0.414708
vt 0.915576 0.414797
vt 0.915007 0.420359
vt 0.912625 0.420337
vt 0.914761 0.423711
vt 0.889670 0.423439
vt 0.889928 0.420121
vt 0.891564 0.407915
vt 0.895200 0.392518
vt 0.894176 0.395625
vt 0.895897 0.390584
vt 0.892865 0.401175
vt 0.890572 0.414588
vt 0.889624 0.425651
vt 0.914704 0.425959
vt 0.894345 0.458693
vt 0.894988 0.460554
vt 0.895272 0.462470
vt 0.895413 0.465503
vt 0.896083 0.528275
vt 0.896131 0.546708
vt 0.896179 0.553634
vt 0.894652 0.578097
vt 0.916977 0.579973
vt 0.918830 0.578453
vt 0.919857 0.573827
vt 0.196752 0.354448
vt 0.200128 0.359871
vt 0.207857 0.357692
vt 0.218049 0.356573
vt 0.217748 0.350354
vt 0.200285 0.360138
vt 0.207940 0.358020
vt 0.194808 0.363587
vt 0.195071 0.363817
vt 0.200436 0.360404
vt 0.208074 0.358602
vt 0.195504 0.364197
vt 0.200585 0.360669
vt 0.192428 0.369526
vt 0.190988 0.375893
vt 0.191582 0.375958
vt 0.192710 0.369639
vt 0.192145 0.369410
vt 0.191170 0.382115
vt 0.192010 0.388175
vt 0.191497 0.382116
vt 0.190844 0.382097
vt 0.192940 0.398547
vt 0.193349 0.399188
vt 0.192676 0.394200
vt 0.192680 0.399025
vt 0.193603 0.402278
vt 0.194080 0.404330
vt 0.194544 0.403971
vt 0.193883 0.402139
vt 0.193315 0.402407
vt 0.195465 0.405912
vt 0.197815 0.407921
vt 0.195599 0.405602
vt 0.195182 0.406072
vt 0.197452 0.408451
vt 0.204621 0.414656
vt 0.207055 0.416417
vt 0.201955 0.411820
vt 0.201603 0.412368
vt 0.206700 0.416967
vt 0.211980 0.421114
vt 0.216194 0.424787
vt 0.216456 0.424235
vt 0.212147 0.420830
vt 0.211808 0.421393
vt 0.219137 0.426112
vt 0.219067 0.426418
vt 0.221193 0.426670
vt 0.221161 0.426082
vt 0.219207 0.425807
vt 0.218996 0.426725
vt 0.221212 0.427017
vt 0.216024 0.425128
vt 0.197228 0.408678
vt 0.201391 0.412610
vt 0.206496 0.417223
vt 0.194940 0.406262
vt 0.193755 0.404514
vt 0.195695 0.410029
vt 0.191893 0.405411
vt 0.193007 0.402517
vt 0.191081 0.388289
vt 0.192378 0.398946
vt 0.190521 0.382148
vt 0.190627 0.375842
vt 0.191855 0.369286
vt 0.186049 0.366625
vt 0.184278 0.382109
vt 0.185527 0.395144
vt 0.184822 0.388760
vt 0.186282 0.400591
vt 0.184489 0.374846
vt 0.189843 0.359231
vt 0.206235 0.351686
vt 0.229358 0.350577
vt 0.228316 0.356706
vt 0.239135 0.352481
vt 0.236269 0.358181
vt 0.218064 0.356896
vt 0.228264 0.357041
vt 0.218079 0.357219
vt 0.228186 0.357634
vt 0.218095 0.357543
vt 0.236011 0.358740
vt 0.235888 0.359017
vt 0.241314 0.362126
vt 0.244850 0.367258
vt 0.241712 0.361711
vt 0.244579 0.367393
vt 0.245400 0.366975
vt 0.241954 0.361460
vt 0.245123 0.367120
vt 0.236137 0.358462
vt 0.246800 0.373510
vt 0.247718 0.379571
vt 0.247156 0.373433
vt 0.247394 0.379541
vt 0.247068 0.379583
vt 0.246213 0.373620
vt 0.246744 0.379608
vt 0.246643 0.385572
vt 0.246420 0.396257
vt 0.246381 0.391728
vt 0.246060 0.396875
vt 0.246072 0.399930
vt 0.245783 0.399813
vt 0.246712 0.396722
vt 0.246686 0.400120
vt 0.247034 0.396281
vt 0.246370 0.400035
vt 0.245814 0.401905
vt 0.245157 0.403828
vt 0.246154 0.402059
vt 0.244904 0.403664
vt 0.244667 0.403456
vt 0.242492 0.405711
vt 0.241520 0.407315
vt 0.242902 0.406204
vt 0.245322 0.401584
vt 0.244447 0.403231
vt 0.238787 0.409981
vt 0.234199 0.415053
vt 0.229593 0.419933
vt 0.229847 0.420135
vt 0.234605 0.415566
vt 0.230204 0.420719
vt 0.234836 0.415802
vt 0.229986 0.420460
vt 0.239424 0.410713
vt 0.239190 0.410493
vt 0.225975 0.424265
vt 0.223386 0.426484
vt 0.226178 0.424586
vt 0.223283 0.426185
vt 0.223181 0.425888
vt 0.225658 0.423741
vt 0.223080 0.425591
vt 0.243146 0.406409
vt 0.247579 0.385621
vt 0.250971 0.363859
vt 0.253945 0.379091
vt 0.253579 0.392127
vt 0.252878 0.401496
vt 0.248096 0.402784
vt 0.248665 0.405760
vt 0.244799 0.407612
vt 0.244186 0.414734
vt 0.234346 0.425404
vt 0.225409 0.432469
vt 0.221547 0.433453
vt 0.229553 0.429822
vt 0.217600 0.432882
vt 0.213195 0.430674
vt 0.207961 0.426743
vt 0.202405 0.421927
vt 0.197030 0.417066
vt 0.192560 0.412806
vt 0.191636 0.408503
vt 0.189698 0.409819
vt 0.187989 0.407296
vt 0.186976 0.404431
vt 0.211616 0.421672
vt 0.239364 0.420083
vt 0.248175 0.410085
vt 0.250721 0.406894
vt 0.252172 0.404312
vt 0.253221 0.397688
vt 0.253854 0.385649
vt 0.253202 0.371984
vt 0.246525 0.356697
s 1
usemtl 1011
f 2/1/1 4/2/2 1/3/3
f 1/3/3 3/4/3 2/1/1
f 5/5/4 4/2/2 2/1/1
f 5/5/4 6/6/5 7/7/6
f 2/1/1 6/6/5 5/5/4
f 7/7/6 8/8/7 5/5/4
f 9/9/8 8/8/7 7/7/6
f 9/9/8 10/10/9 11/11/10
f 7/7/6 10/10/9 9/9/8
f 11/11/10 12/12/11 9/9/8
f 13/13/12 12/12/11 11/11/10
f 11/11/10 14/14/13 13/13/12
f 13/13/12 14/14/13 15/15/14
f 15/15/14 16/16/15 13/13/12
f 17/17/16 16/16/15 15/15/14
f 17/17/16 18/18/17 19/19/18
f 15/15/14 18/18/17 17/17/16
f 19/19/18 20/20/19 17/17/16
f 21/21/20 20/20/19 19/19/18
f 19/19/18 22/22/21 21/21/20
f 21/21/20 22/22/21 23/23/22
f 23/23/22 24/24/23 21/21/20
f 25/25/24 24/24/23 23/23/22
f 25/25/24 26/26/25 27/27/26
f 23/23/22 26/26/25 25/25/24
f 27/27/26 28/28/27 25/25/24
f 29/29/28 28/28/27 27/27/26
f 27/27/26 30/30/28 29/29/28
f 29/29/28 30/30/28 31/31/29
f 31/31/29 32/32/30 29/29/28
f 33/33/31 32/32/30 31/31/29
f 33/33/31 34/34/32 35/35/33
f 31/31/29 34/34/32 33/33/31
f 35/35/33 36/36/34 33/33/31
f 37/37/35 36/36/34 35/35/33
f 35/35/33 38/38/36 37/37/35
f 37/37/35 38/38/36 39/39/37
f 39/39/37 40/40/38 37/37/35
f 41/41/39 40/40/38 39/39/37
f 41/41/39 43/42/40 42/43/41
f 39/39/37 43/42/40 41/41/39
f 44/44/42 41/41/39 42/43/41
f 45/45/43 47/46/44 44/44/42
f 44/44/42 46/47/45 45/45/43
f 42/43/41 46/47/45 44/44/42
f 48/48/46 47/46/44 45/45/43
f 49/49/47 51/50/48 48/48/46
f 48/48/46 50/51/49 49/49/47
f 45/45/43 50/51/49 48/48/46
f 52/52/50 51/50/48 49/49/47
f 53/53/51 55/54/52 52/52/50
f 52/52/50 54/55/53 53/53/51
f 49/49/47 54/55/53 52/52/50
f 56/56/54 55/54/52 53/53/51
f 57/57/55 59/58/56 56/56/54
f 56/56/54 58/59/57 57/57/55
f 53/53/51 58/59/57 56/56/54
f 60/60/58 59/58/56 57/57/55
f 61/61/59 63/62/60 60/60/58
f 60/60/58 62/63/58 61/61/59
f 57/57/55 62/63/58 60/60/58
f 64/64/61 63/62/60 61/61/59
f 65/65/62 67/66/63 64/64/61
f 64/64/61 66/67/64 65/65/62
f 61/61/59 66/67/64 64/64/61
f 68/68/65 67/66/63 65/65/62
f 69/69/66 71/70/67 68/68/65
f 68/68/65 70/71/68 69/69/66
f 65/65/62 70/71/68 68/68/65
f 72/72/69 71/70/67 69/69/66
f 73/73/70 75/74/71 72/72/69
f 72/72/69 74/75/72 73/73/70
f 69/69/66 74/75/72 72/72/69
f 76/76/3 75/74/71 73/73/70
f 73/73/70 77/77/3 76/76/3
usemtl 1001
f 78/78/73 80/79/74 79/80/75
f 252/81/76 80/79/74 78/78/73
f 78/78/73 79/80/75 81/82/77
f 78/78/73 83/83/78 252/81/76
f 85/84/79 83/83/78 78/78/73
f 81/82/77 82/85/80 78/78/73
f 78/78/73 82/85/80 85/84/79
f 86/86/81 84/87/82 85/84/79
f 85/84/79 82/85/80 86/86/81
f 81/82/77 87/88/83 86/86/81
f 86/86/81 82/85/80 81/82/77
f 86/86/81 87/88/83 88/89/84
f 90/90/85 84/87/82 86/86/81
f 88/89/84 89/91/86 86/86/81
f 86/86/81 89/91/86 90/90/85
f 90/90/85 89/91/86 91/92/87
f 91/92/87 93/93/88 90/90/85
f 90/90/85 92/94/89 84/87/82
f 94/95/90 92/94/89 90/90/85
f 90/90/85 93/93/88 94/95/90
f 95/96/91 97/97/92 94/95/90
f 94/95/90 96/98/93 95/96/91
f 114/99/94 96/98/93 94/95/90
f 94/95/90 97/97/92 98/100/95
f 94/95/90 93/93/88 114/99/94
f 98/100/95 92/94/89 94/95/90
f 98/100/95 100/101/96 84/87/82
f 98/100/95 97/97/92 99/102/97
f 84/87/82 92/94/89 98/100/95
f 243/103/98 101/104/99 100/101/96
f 100/101/96 103/105/100 243/103/98
f 98/100/95 103/105/100 100/101/96
f 98/100/95 99/102/97 102/106/101
f 102/106/101 104/107/102 98/100/95
f 98/100/95 104/107/102 103/105/100
f 102/106/101 99/102/97 107/108/103
f 107/108/103 106/109/104 102/106/101
f 107/108/103 108/110/105 105/111/106
f 105/111/106 106/109/104 107/108/103
f 109/112/107 108/110/105 107/108/103
f 109/112/107 107/108/103 95/96/91
f 95/96/91 110/113/108 109/112/107
f 111/114/109 110/113/108 95/96/91
f 95/96/91 96/98/93 111/114/109
f 114/99/94 112/115/110 111/114/109
f 111/114/109 96/98/93 114/99/94
f 113/116/111 112/115/110 114/99/94
f 113/116/111 114/99/94 117/117/112
f 117/117/112 115/118/113 113/116/111
f 117/117/112 119/119/114 116/120/115
f 118/121/116 115/118/113 117/117/112
f 91/92/87 119/119/114 117/117/112
f 117/117/112 114/99/94 91/92/87
f 88/89/84 119/119/114 91/92/87
f 116/120/115 119/119/114 88/89/84
f 120/122/117 121/123/118 118/121/116
f 118/121/116 117/117/112 120/122/117
f 122/124/119 121/123/118 120/122/117
f 120/122/117 123/125/120 122/124/119
f 122/124/119 123/125/120 125/126/121
f 125/126/121 124/127/122 122/124/119
f 125/126/121 128/128/123 126/129/124
f 126/129/124 127/130/125 125/126/121
f 125/126/121 127/130/125 130/131/126
f 129/132/127 128/128/123 125/126/121
f 125/126/121 123/125/120 129/132/127
f 130/131/126 124/127/122 125/126/121
f 131/133/128 132/134/129 130/131/126
f 130/131/126 127/130/125 131/133/128
f 133/135/130 132/134/129 131/133/128
f 134/136/131 135/137/132 133/135/130
f 133/135/130 136/138/133 134/136/131
f 131/133/128 136/138/133 133/135/130
f 134/136/131 136/138/133 137/139/134
f 137/139/134 136/138/133 131/133/128
f 131/133/128 138/140/135 137/139/134
f 137/139/134 138/140/135 140/141/136
f 137/139/134 139/142/137 134/136/131
f 142/143/138 139/142/137 137/139/134
f 140/141/136 141/144/139 137/139/134
f 137/139/134 141/144/139 142/143/138
f 142/143/138 141/144/139 143/145/140
f 143/145/140 145/146/141 142/143/138
f 142/143/138 144/147/142 146/148/143
f 147/149/144 144/147/142 142/143/138
f 142/143/138 145/146/141 147/149/144
f 146/148/143 139/142/137 142/143/138
f 148/150/145 149/151/146 147/149/144
f 147/149/144 145/146/141 148/150/145
f 147/149/144 149/151/146 150/152/147
f 150/152/147 151/153/148 147/149/144
f 147/149/144 151/153/148 152/154/149
f 152/154/149 144/147/142 147/149/144
f 146/148/143 144/147/142 152/154/149
f 152/154/149 154/155/150 146/148/143
f 152/154/149 153/156/151 155/157/152
f 156/158/153 153/156/151 152/154/149
f 155/157/152 154/155/150 152/154/149
f 152/154/149 151/153/148 156/158/153
f 157/159/154 159/160/155 156/158/153
f 156/158/153 158/161/156 157/159/154
f 150/152/147 158/161/156 156/158/153
f 156/158/153 159/160/155 160/162/157
f 156/158/153 151/153/148 150/152/147
f 160/162/157 153/156/151 156/158/153
f 160/162/157 162/163/158 161/164/159
f 161/164/159 163/165/160 160/162/157
f 159/160/155 162/163/158 160/162/157
f 155/157/152 153/156/151 160/162/157
f 160/162/157 163/165/160 155/157/152
f 164/166/161 163/165/160 161/164/159
f 155/157/152 163/165/160 164/166/161
f 161/164/159 165/167/162 164/166/161
f 164/166/161 165/167/162 169/168/163
f 164/166/161 166/169/164 155/157/152
f 167/170/165 166/169/164 164/166/161
f 164/166/161 168/171/166 167/170/165
f 169/168/163 168/171/166 164/166/161
f 170/172/167 171/173/168 169/168/163
f 169/168/163 165/167/162 170/172/167
f 172/174/169 171/173/168 170/172/167
f 170/172/167 173/175/170 172/174/169
f 173/175/170 174/176/171 172/174/169
f 175/177/172 174/176/171 173/175/170
f 173/175/170 177/178/173 175/177/172
f 177/178/173 176/179/174 175/177/172
f 178/180/175 177/178/173 173/175/170
f 173/175/170 302/181/176 178/180/175
f 178/180/175 302/181/176 303/182/177
f 303/182/177 179/183/178 178/180/175
f 180/184/179 183/185/180 179/183/178
f 179/183/178 181/186/181 182/187/182
f 183/185/180 181/186/181 179/183/178
f 182/187/182 178/180/175 179/183/178
f 184/188/183 185/189/184 183/185/180
f 268/190/185 184/188/183 183/185/180
f 183/185/180 185/189/184 186/191/186
f 186/191/186 181/186/181 183/185/180
f 186/191/186 185/189/184 187/192/187
f 187/192/187 189/193/188 186/191/186
f 182/187/182 181/186/181 186/191/186
f 190/194/189 188/195/190 186/191/186
f 186/191/186 188/195/190 182/187/182
f 186/191/186 189/193/188 190/194/189
f 191/196/191 188/195/190 190/194/189
f 190/194/189 192/197/192 191/196/191
f 193/198/193 192/197/192 190/194/189
f 190/194/189 194/199/194 193/198/193
f 195/200/195 194/199/194 190/194/189
f 190/194/189 189/193/188 195/200/195
f 195/200/195 196/201/196 198/202/197
f 199/203/198 196/201/196 195/200/195
f 187/192/187 197/204/199 195/200/195
f 195/200/195 197/204/199 199/203/198
f 195/200/195 189/193/188 187/192/187
f 198/202/197 194/199/194 195/200/195
f 200/205/200 201/206/201 199/203/198
f 199/203/198 197/204/199 200/205/200
f 199/203/198 201/206/201 202/207/202
f 202/207/202 203/208/203 199/203/198
f 199/203/198 203/208/203 204/209/204
f 204/209/204 196/201/196 199/203/198
f 198/202/197 196/201/196 204/209/204
f 206/210/205 205/211/206 204/209/204
f 204/209/204 205/211/206 198/202/197
f 204/209/204 208/212/207 206/210/205
f 204/209/204 203/208/203 207/213/208
f 207/213/208 208/212/207 204/209/204
f 206/210/205 208/212/207 209/214/209
f 209/214/209 208/212/207 207/213/208
f 213/215/210 210/216/211 209/214/209
f 209/214/209 210/216/211 206/210/205
f 209/214/209 211/217/212 213/215/210
f 214/218/213 211/217/212 209/214/209
f 207/213/208 212/219/214 209/214/209
f 209/214/209 212/219/214 214/218/213
f 215/220/215 216/221/216 214/218/213
f 214/218/213 212/219/214 215/220/215
f 216/221/216 217/222/217 214/218/213
f 214/218/213 217/222/217 218/223/218
f 218/223/218 211/217/212 214/218/213
f 220/224/219 219/225/220 218/223/218
f 218/223/218 219/225/220 213/215/210
f 213/215/210 211/217/212 218/223/218
f 218/223/218 217/222/217 221/226/221
f 218/223/218 222/227/222 220/224/219
f 221/226/221 222/227/222 218/223/218
f 220/224/219 222/227/222 104/107/102
f 104/107/102 222/227/222 221/226/221
f 104/107/102 221/226/221 103/105/100
f 104/107/102 102/106/101 220/224/219
f 220/224/219 102/106/101 106/109/104
f 106/109/104 223/228/223 220/224/219
f 224/229/224 223/228/223 106/109/104
f 106/109/104 225/230/225 224/229/224
f 105/111/106 225/230/225 106/109/104
f 226/231/226 223/228/223 224/229/224
f 224/229/224 227/232/227 226/231/226
f 226/231/226 227/232/227 228/233/228
f 228/233/228 229/234/229 231/235/230
f 228/233/228 230/236/231 226/231/226
f 231/235/230 230/236/231 228/233/228
f 231/235/230 210/216/211 213/215/210
f 213/215/210 230/236/231 231/235/230
f 206/210/205 210/216/211 231/235/230
f 231/235/230 232/237/232 206/210/205
f 233/238/233 232/237/232 231/235/230
f 231/235/230 229/234/229 233/238/233
f 234/239/234 232/237/232 233/238/233
f 233/238/233 235/240/235 234/239/234
f 234/239/234 235/240/235 236/241/236
f 236/241/236 237/242/237 234/239/234
f 193/198/193 237/242/237 236/241/236
f 236/241/236 238/243/238 193/198/193
f 193/198/193 238/243/238 239/244/239
f 239/244/239 192/197/192 193/198/193
f 191/196/191 192/197/192 239/244/239
f 239/244/239 240/245/240 191/196/191
f 191/196/191 240/245/240 241/246/241
f 241/246/241 242/247/242 191/196/191
f 177/178/173 242/247/242 241/246/241
f 241/246/241 176/179/174 177/178/173
f 191/196/191 242/247/242 182/187/182
f 182/187/182 242/247/242 177/178/173
f 234/239/234 237/242/237 198/202/197
f 198/202/197 237/242/237 193/198/193
f 198/202/197 205/211/206 234/239/234
f 234/239/234 205/211/206 206/210/205
f 206/210/205 232/237/232 234/239/234
f 226/231/226 230/236/231 213/215/210
f 226/231/226 219/225/220 220/224/219
f 220/224/219 223/228/223 226/231/226
f 213/215/210 219/225/220 226/231/226
f 103/105/100 221/226/221 243/103/98
f 267/248/243 244/249/244 243/103/98
f 243/103/98 216/221/216 267/248/243
f 221/226/221 216/221/216 243/103/98
f 249/250/245 244/249/244 267/248/243
f 267/248/243 245/251/246 249/250/245
f 249/250/245 247/252/247 246/253/248
f 249/250/245 245/251/246 247/252/247
f 249/250/245 248/254/249 244/249/244
f 248/254/249 249/250/245 250/255/250
f 250/255/250 249/250/245 246/253/248
f 250/255/250 253/256/251 251/257/252
f 251/257/252 252/81/76 250/255/250
f 83/83/78 248/254/249 250/255/250
f 250/255/250 252/81/76 83/83/78
f 246/253/248 253/256/251 250/255/250
f 251/257/252 253/256/251 254/258/253
f 254/258/253 253/256/251 246/253/248
f 254/258/253 255/259/254 251/257/252
f 275/260/255 255/259/254 254/258/253
f 258/261/256 256/262/257 254/258/253
f 254/258/253 256/262/257 275/260/255
f 258/261/256 254/258/253 257/263/258
f 257/263/258 254/258/253 246/253/248
f 261/264/259 259/265/260 260/266/261
f 258/261/256 264/267/262 260/266/261
f 262/268/263 261/264/259 260/266/261
f 260/266/261 263/269/264 262/268/263
f 264/267/262 263/269/264 260/266/261
f 265/270/265 264/267/262 258/261/256
f 258/261/256 257/263/258 265/270/265
f 265/270/265 257/263/258 246/253/248
f 246/253/248 247/252/247 265/270/265
f 262/268/263 263/269/264 200/205/200
f 200/205/200 263/269/264 264/267/262
f 200/205/200 184/188/183 262/268/263
f 187/192/187 184/188/183 200/205/200
f 247/252/247 245/251/246 215/220/215
f 202/207/202 265/270/265 247/252/247
f 215/220/215 266/271/266 247/252/247
f 247/252/247 266/271/266 202/207/202
f 202/207/202 266/271/266 207/213/208
f 207/213/208 266/271/266 215/220/215
f 215/220/215 245/251/246 267/248/243
f 267/248/243 216/221/216 215/220/215
f 264/267/262 265/270/265 202/207/202
f 264/267/262 201/206/201 200/205/200
f 202/207/202 201/206/201 264/267/262
f 262/268/263 184/188/183 268/190/185
f 268/190/185 261/264/259 262/268/263
f 268/190/185 259/265/260 261/264/259
f 268/190/185 269/272/267 259/265/260
f 270/273/268 269/272/267 268/190/185
f 180/184/179 270/273/268 268/190/185
f 303/182/177 270/273/268 180/184/179
f 271/274/269 259/265/260 269/272/267
f 269/272/267 270/273/268 159/160/155
f 159/160/155 157/159/154 269/272/267
f 269/272/267 157/159/154 271/274/269
f 272/275/270 259/265/260 271/274/269
f 271/274/269 273/276/271 272/275/270
f 277/277/272 274/278/273 273/276/271
f 273/276/271 274/278/273 276/279/274
f 276/279/274 275/260/255 273/276/271
f 273/276/271 271/274/269 277/277/272
f 157/159/154 158/161/156 277/277/272
f 277/277/272 271/274/269 157/159/154
f 278/280/275 274/278/273 277/277/272
f 150/152/147 278/280/275 277/277/272
f 277/277/272 158/161/156 150/152/147
f 279/281/276 278/280/275 150/152/147
f 279/281/276 149/151/146 148/150/145
f 150/152/147 149/151/146 279/281/276
f 279/281/276 148/150/145 280/282/277
f 281/283/278 279/281/276 280/282/277
f 278/280/275 279/281/276 281/283/278
f 79/80/75 282/284/279 281/283/278
f 281/283/278 286/285/280 79/80/75
f 280/282/277 286/285/280 281/283/278
f 281/283/278 282/284/279 283/286/281
f 281/283/278 283/286/281 278/280/275
f 278/280/275 283/286/281 276/279/274
f 283/286/281 282/284/279 284/287/282
f 284/287/282 285/288/283 283/286/281
f 283/286/281 285/288/283 276/279/274
f 255/259/254 285/288/283 284/287/282
f 276/279/274 285/288/283 255/259/254
f 284/287/282 251/257/252 255/259/254
f 255/259/254 275/260/255 276/279/274
f 252/81/76 251/257/252 284/287/282
f 284/287/282 80/79/74 252/81/76
f 79/80/75 80/79/74 284/287/282
f 284/287/282 282/284/279 79/80/75
f 81/82/77 79/80/75 286/285/280
f 280/282/277 287/289/284 286/285/280
f 287/289/284 288/290/285 286/285/280
f 286/285/280 288/290/285 81/82/77
f 81/82/77 288/290/285 289/291/286
f 289/291/286 288/290/285 287/289/284
f 287/289/284 290/292/287 289/291/286
f 289/291/286 290/292/287 291/293/288
f 289/291/286 87/88/83 81/82/77
f 88/89/84 87/88/83 289/291/286
f 291/293/288 292/294/289 289/291/286
f 289/291/286 292/294/289 88/89/84
f 88/89/84 292/294/289 116/120/115
f 116/120/115 292/294/289 291/293/288
f 291/293/288 293/295/290 129/132/127
f 295/296/291 293/295/290 291/293/288
f 129/132/127 294/297/292 291/293/288
f 291/293/288 294/297/292 116/120/115
f 291/293/288 290/292/287 295/296/291
f 295/296/291 300/298/293 296/299/294
f 287/289/284 300/298/293 295/296/291
f 295/296/291 290/292/287 287/289/284
f 297/300/295 293/295/290 295/296/291
f 297/300/295 295/296/291 298/301/296
f 297/300/295 128/128/123 129/132/127
f 129/132/127 293/295/290 297/300/295
f 298/301/296 299/302/297 297/300/295
f 297/300/295 299/302/297 126/129/124
f 126/129/124 128/128/123 297/300/295
f 140/141/136 299/302/297 298/301/296
f 126/129/124 299/302/297 140/141/136
f 298/301/296 295/296/291 296/299/294
f 298/301/296 143/145/140 140/141/136
f 296/299/294 143/145/140 298/301/296
f 148/150/145 296/299/294 300/298/293
f 280/282/277 148/150/145 300/298/293
f 300/298/293 287/289/284 280/282/277
f 143/145/140 296/299/294 148/150/145
f 120/122/117 294/297/292 129/132/127
f 116/120/115 294/297/292 120/122/117
f 276/279/274 274/278/273 278/280/275
f 272/275/270 273/276/271 275/260/255
f 272/275/270 260/266/261 259/265/260
f 272/275/270 256/262/257 258/261/256
f 258/261/256 260/266/261 272/275/270
f 275/260/255 256/262/257 272/275/270
f 159/160/155 270/273/268 301/303/298
f 301/303/298 304/304/299 161/164/159
f 161/164/159 162/163/158 301/303/298
f 301/303/298 303/182/177 302/181/176
f 302/181/176 304/304/299 301/303/298
f 270/273/268 303/182/177 301/303/298
f 301/303/298 162/163/158 159/160/155
f 170/172/167 304/304/299 302/181/176
f 161/164/159 304/304/299 170/172/167
f 302/181/176 173/175/170 170/172/167
f 101/104/99 248/254/249 83/83/78
f 248/254/249 101/104/99 243/103/98
f 244/249/244 248/254/249 243/103/98
f 221/226/221 217/222/217 216/221/216
f 215/220/215 212/219/214 207/213/208
f 207/213/208 203/208/203 202/207/202
f 200/205/200 197/204/199 187/192/187
f 193/198/193 194/199/194 198/202/197
f 182/187/182 188/195/190 191/196/191
f 187/192/187 185/189/184 184/188/183
f 268/190/185 183/185/180 180/184/179
f 177/178/173 178/180/175 182/187/182
f 180/184/179 179/183/178 303/182/177
f 170/172/167 165/167/162 161/164/159
f 167/170/165 305/305/300 166/169/164
f 166/169/164 305/305/300 306/306/301
f 306/306/301 307/307/302 166/169/164
f 134/136/131 307/307/302 306/306/301
f 306/306/301 135/137/132 134/136/131
f 166/169/164 307/307/302 146/148/143
f 146/148/143 307/307/302 134/136/131
f 146/148/143 154/155/150 166/169/164
f 166/169/164 154/155/150 155/157/152
f 148/150/145 145/146/141 143/145/140
f 134/136/131 139/142/137 146/148/143
f 143/145/140 141/144/139 140/141/136
f 140/141/136 138/140/135 126/129/124
f 126/129/124 138/140/135 131/133/128
f 131/133/128 127/130/125 126/129/124
f 129/132/127 123/125/120 120/122/117
f 120/122/117 117/117/112 116/120/115
f 95/96/91 107/108/103 99/102/97
f 84/87/82 100/101/96 101/104/99
f 101/104/99 85/84/79 84/87/82
f 83/83/78 85/84/79 101/104/99
f 99/102/97 97/97/92 95/96/91
f 114/99/94 93/93/88 91/92/87
f 91/92/87 89/91/86 88/89/84
f 318/308/303 319/309/304 320/310/305
f 320/310/305 322/311/306 318/308/303
f 322/311/306 321/312/307 316/313/308
f 322/311/306 317/314/309 318/308/303
f 316/313/308 317/314/309 322/311/306
f 316/313/308 321/312/307 330/315/310
f 330/315/310 315/316/311 316/313/308
f 314/317/312 315/316/311 330/315/310
f 330/315/310 323/318/313 314/317/312
f 314/317/312 323/318/313 325/319/314
f 325/319/314 313/320/315 314/317/312
f 312/321/316 313/320/315 325/319/314
f 325/319/314 326/322/317 324/323/318
f 327/324/319 326/322/317 325/319/314
f 327/324/319 325/319/314 323/318/313
f 323/318/313 328/325/320 327/324/319
f 329/326/321 328/325/320 323/318/313
f 323/318/313 330/315/310 329/326/321
f 329/326/321 330/315/310 321/312/307
f 321/312/307 331/327/322 329/326/321
f 332/328/323 331/327/322 321/312/307
f 321/312/307 322/311/306 332/328/323
f 322/311/306 333/329/324 332/328/323
f 334/330/325 333/329/324 322/311/306
f 322/311/306 320/310/305 334/330/325
f 325/319/314 335/331/326 310/332/327
f 325/319/314 311/333/328 312/321/316
f 310/332/327 311/333/328 325/319/314
f 310/332/327 335/331/326 337/334/329
f 337/334/329 308/335/330 310/332/327
f 337/334/329 336/336/331 309/337/332
f 309/337/332 308/335/330 337/334/329
f 309/337/332 336/336/331 347/338/333
f 347/338/333 418/339/334 309/337/332
f 338/340/335 418/339/334 347/338/333
f 347/338/333 340/341/336 338/340/335
f 338/340/335 340/341/336 339/342/337
f 339/342/337 417/343/338 338/340/335
f 339/342/337 342/344/339 416/345/340
f 416/345/340 417/343/338 339/342/337
f 342/344/339 343/346/341 341/347/342
f 344/348/343 343/346/341 342/344/339
f 342/344/339 339/342/337 344/348/343
f 344/348/343 339/342/337 340/341/336
f 340/341/336 345/349/129 344/348/343
f 346/350/126 345/349/129 340/341/336
f 340/341/336 347/338/333 346/350/126
f 346/350/126 347/338/333 336/336/331
f 336/336/331 348/351/344 346/350/126
f 349/352/119 348/351/344 336/336/331
f 336/336/331 337/334/329 349/352/119
f 349/352/119 337/334/329 335/331/326
f 335/331/326 350/353/118 349/352/119
f 324/323/318 350/353/118 335/331/326
f 342/344/339 352/354/345 414/355/346
f 415/356/347 342/344/339 414/355/346
f 352/354/345 354/357/348 414/355/346
f 352/354/345 351/358/349 353/359/350
f 353/359/350 354/357/348 352/354/345
f 353/359/350 351/358/349 366/360/351
f 366/360/351 355/361/352 353/359/350
f 356/362/353 355/361/352 366/360/351
f 366/360/351 359/363/354 356/362/353
f 356/362/353 359/363/354 358/364/355
f 358/364/355 357/365/356 356/362/353
f 358/364/355 361/366/357 413/367/358
f 413/367/358 357/365/356 358/364/355
f 361/366/357 362/368/359 360/369/360
f 363/370/361 362/368/359 361/366/357
f 361/366/357 358/364/355 363/370/361
f 363/370/361 358/364/355 359/363/354
f 359/363/354 364/371/362 363/370/361
f 365/372/363 364/371/362 359/363/354
f 359/363/354 366/360/351 365/372/363
f 365/372/363 366/360/351 351/358/349
f 351/358/349 367/373/364 365/372/363
f 368/374/365 367/373/364 351/358/349
f 351/358/349 352/354/345 368/374/365
f 352/354/345 369/375/366 368/374/365
f 341/347/342 369/375/366 352/354/345
f 412/376/367 361/366/357 370/377/368
f 412/376/367 370/377/368 411/378/369
f 413/367/358 361/366/357 412/376/367
f 411/378/369 370/377/368 372/379/370
f 372/379/370 374/380/371 411/378/369
f 372/379/370 371/381/372 373/382/373
f 373/382/373 374/380/371 372/379/370
f 373/382/373 371/381/372 399/383/374
f 399/383/374 375/384/375 373/382/373
f 386/385/376 385/386/304 384/387/377
f 384/387/377 387/388/378 386/385/376
f 388/389/379 387/388/378 384/387/377
f 382/390/380 389/391/381 388/389/379
f 388/389/379 383/392/382 382/390/380
f 384/387/377 383/392/382 388/389/379
f 390/393/383 381/394/384 380/395/385
f 382/390/380 381/394/384 390/393/383
f 390/393/383 389/391/381 382/390/380
f 380/395/385 391/396/386 390/393/383
f 392/397/387 391/396/386 380/395/385
f 378/398/388 393/399/389 392/397/387
f 380/395/385 379/400/390 392/397/387
f 392/397/387 379/400/390 378/398/388
f 378/398/388 377/401/391 396/402/392
f 396/402/392 393/399/389 378/398/388
f 396/402/392 377/401/391 376/403/393
f 376/403/393 375/384/375 399/383/374
f 399/383/374 394/404/394 376/403/393
f 376/403/393 394/404/394 396/402/392
f 394/404/394 397/405/395 395/406/236
f 395/406/236 396/402/392 394/404/394
f 398/407/239 397/405/395 394/404/394
f 394/404/394 399/383/374 398/407/239
f 398/407/239 399/383/374 371/381/372
f 371/381/372 400/408/240 398/407/239
f 401/409/241 400/408/240 371/381/372
f 371/381/372 372/379/370 401/409/241
f 401/409/241 372/379/370 370/377/368
f 370/377/368 402/410/396 401/409/241
f 360/369/360 402/410/396 370/377/368
f 393/399/389 396/402/392 395/406/236
f 395/406/236 403/411/235 393/399/389
f 393/399/389 403/411/235 404/412/233
f 404/412/233 392/397/387 393/399/389
f 391/396/386 392/397/387 404/412/233
f 404/412/233 405/413/229 391/396/386
f 391/396/386 405/413/229 406/414/228
f 389/391/381 390/393/383 406/414/228
f 406/414/228 407/415/397 389/391/381
f 406/414/228 390/393/383 391/396/386
f 389/391/381 407/415/397 408/416/398
f 387/388/378 388/389/379 408/416/398
f 408/416/398 409/417/399 387/388/378
f 408/416/398 388/389/379 389/391/381
f 387/388/378 409/417/399 410/418/400
f 410/418/400 386/385/376 387/388/378
f 370/377/368 361/366/357 360/369/360
f 416/345/340 342/344/339 415/356/347
f 352/354/345 342/344/339 341/347/342
f 335/331/326 325/319/314 324/323/318
f 420/419/401 422/420/402 419/421/403
f 419/421/403 421/422/404 420/419/401
f 423/423/405 421/422/404 419/421/403
f 419/421/403 422/420/402 470/424/406
f 470/424/406 427/425/407 419/421/403
f 419/421/403 427/425/407 426/426/408
f 426/426/408 423/423/405 419/421/403
f 426/426/408 428/427/409 424/428/410
f 424/428/410 423/423/405 426/426/408
f 425/429/411 428/427/409 426/426/408
f 424/428/410 428/427/409 431/430/412
f 431/430/412 428/427/409 425/429/411
f 425/429/411 429/431/413 431/430/412
f 431/430/412 430/432/414 424/428/410
f 430/432/414 431/430/412 432/433/415
f 432/433/415 431/430/412 429/431/413
f 432/433/415 433/434/416 430/432/414
f 429/431/413 541/435/417 432/433/415
f 438/436/418 433/434/416 432/433/415
f 541/435/417 434/437/419 432/433/415
f 432/433/415 434/437/419 438/436/418
f 435/438/420 433/434/416 438/436/418
f 436/439/421 435/438/420 438/436/418
f 437/440/422 435/438/420 436/439/421
f 437/440/422 439/441/423 435/438/420
f 440/442/424 439/441/423 437/440/422
f 440/442/424 442/443/425 441/444/426
f 441/444/426 443/445/427 440/442/424
f 437/440/422 442/443/425 440/442/424
f 545/446/428 444/447/429 443/445/427
f 444/447/429 446/448/430 445/449/431
f 445/449/431 443/445/427 444/447/429
f 545/446/428 546/450/432 444/447/429
f 444/447/429 546/450/432 571/451/433
f 571/451/433 447/452/434 444/447/429
f 449/453/435 448/454/436 447/452/434
f 447/452/434 448/454/436 446/448/430
f 447/452/434 574/455/437 449/453/435
f 446/448/430 444/447/429 447/452/434
f 573/456/438 450/457/439 449/453/435
f 449/453/435 574/455/437 573/456/438
f 449/453/435 450/457/439 456/458/440
f 456/458/440 451/459/441 449/453/435
f 449/453/435 451/459/441 452/460/442
f 452/460/442 448/454/436 449/453/435
f 446/448/430 448/454/436 452/460/442
f 453/461/443 446/448/430 452/460/442
f 452/460/442 451/459/441 455/462/444
f 452/460/442 454/463/445 453/461/443
f 455/462/444 454/463/445 452/460/442
f 589/464/446 457/465/447 455/462/444
f 455/462/444 456/458/440 589/464/446
f 455/462/444 457/465/447 458/466/448
f 455/462/444 451/459/441 456/458/440
f 458/466/448 454/463/445 455/462/444
f 458/466/448 457/465/447 460/467/449
f 458/466/448 461/468/450 459/469/451
f 459/469/451 462/470/452 458/466/448
f 460/467/449 461/468/450 458/466/448
f 453/461/443 454/463/445 458/466/448
f 458/466/448 462/470/452 453/461/443
f 462/470/452 459/469/451 422/420/402
f 422/420/402 420/419/401 462/470/452
f 462/470/452 420/419/401 463/471/453
f 463/471/453 453/461/443 462/470/452
f 463/471/453 464/472/454 465/473/455
f 420/419/401 464/472/454 463/471/453
f 465/473/455 445/449/431 463/471/453
f 463/471/453 445/449/431 446/448/430
f 446/448/430 453/461/443 463/471/453
f 465/473/455 464/472/454 466/474/456
f 466/474/456 467/475/457 465/473/455
f 467/475/457 468/476/458 435/438/420
f 440/442/424 465/473/455 467/475/457
f 467/475/457 439/441/423 440/442/424
f 435/438/420 439/441/423 467/475/457
f 435/438/420 468/476/458 430/432/414
f 466/474/456 469/477/459 468/476/458
f 468/476/458 469/477/459 424/428/410
f 424/428/410 430/432/414 468/476/458
f 468/476/458 467/475/457 466/474/456
f 424/428/410 469/477/459 423/423/405
f 423/423/405 469/477/459 466/474/456
f 466/474/456 464/472/454 420/419/401
f 466/474/456 421/422/404 423/423/405
f 420/419/401 421/422/404 466/474/456
f 445/449/431 465/473/455 440/442/424
f 422/420/402 459/469/451 471/478/460
f 471/478/460 472/479/461 470/424/406
f 471/478/460 473/480/462 472/479/461
f 459/469/451 473/480/462 471/478/460
f 472/479/461 473/480/462 474/481/463
f 474/481/463 473/480/462 459/469/451
f 459/469/451 461/468/450 474/481/463
f 474/481/463 461/468/450 460/467/449
f 460/467/449 476/482/464 474/481/463
f 476/482/464 475/483/465 474/481/463
f 474/481/463 475/483/465 472/479/461
f 477/484/466 479/485/467 476/482/464
f 476/482/464 478/486/468 477/484/466
f 480/487/469 478/486/468 476/482/464
f 476/482/464 479/485/467 481/488/470
f 481/488/470 475/483/465 476/482/464
f 472/479/461 475/483/465 481/488/470
f 484/489/471 482/490/472 481/488/470
f 481/488/470 482/490/472 508/491/473
f 481/488/470 479/485/467 484/489/471
f 481/488/470 483/492/474 472/479/461
f 508/491/473 483/492/474 481/488/470
f 477/484/466 485/493/475 484/489/471
f 484/489/471 479/485/467 477/484/466
f 484/489/471 485/493/475 486/494/476
f 486/494/476 487/495/477 484/489/471
f 484/489/471 487/495/477 488/496/478
f 488/496/478 482/490/472 484/489/471
f 488/496/478 487/495/477 489/497/479
f 488/496/478 490/498/480 508/491/473
f 508/491/473 482/490/472 488/496/478
f 489/497/479 490/498/480 488/496/478
f 508/491/473 490/498/480 491/499/481
f 491/499/481 490/498/480 489/497/479
f 491/499/481 492/500/482 493/501/483
f 489/497/479 492/500/482 491/499/481
f 491/499/481 494/502/484 506/503/485
f 506/503/485 507/504/486 491/499/481
f 493/501/483 494/502/484 491/499/481
f 491/499/481 507/504/486 508/491/473
f 506/503/485 494/502/484 495/505/487
f 495/505/487 494/502/484 493/501/483
f 495/505/487 499/506/488 496/507/489
f 496/507/489 505/508/490 495/505/487
f 495/505/487 498/509/491 497/510/492
f 497/510/492 499/506/488 495/505/487
f 493/501/483 498/509/491 495/505/487
f 495/505/487 505/508/490 506/503/485
f 500/511/493 499/506/488 497/510/492
f 496/507/489 499/506/488 500/511/493
f 497/510/492 501/512/494 500/511/493
f 500/511/493 504/513/495 496/507/489
f 500/511/493 501/512/494 502/514/496
f 502/514/496 503/515/497 500/511/493
f 500/511/493 503/515/497 504/513/495
f 504/513/495 429/431/413 425/429/411
f 425/429/411 496/507/489 504/513/495
f 505/508/490 496/507/489 425/429/411
f 427/425/407 506/503/485 505/508/490
f 425/429/411 426/426/408 505/508/490
f 505/508/490 426/426/408 427/425/407
f 507/504/486 506/503/485 427/425/407
f 507/504/486 509/516/498 470/424/406
f 470/424/406 508/491/473 507/504/486
f 427/425/407 509/516/498 507/504/486
f 470/424/406 509/516/498 427/425/407
f 483/492/474 508/491/473 470/424/406
f 470/424/406 472/479/461 483/492/474
f 429/431/413 504/513/495 510/517/499
f 510/517/499 541/435/417 429/431/413
f 511/518/500 510/517/499 504/513/495
f 504/513/495 503/515/497 511/518/500
f 511/518/500 503/515/497 502/514/496
f 502/514/496 512/519/501 511/518/500
f 511/518/500 512/519/501 513/520/502
f 514/521/503 515/522/504 513/520/502
f 513/520/502 512/519/501 514/521/503
f 511/518/500 517/523/505 510/517/499
f 518/524/506 516/525/507 511/518/500
f 511/518/500 516/525/507 517/523/505
f 511/518/500 513/520/502 518/524/506
f 518/524/506 513/520/502 515/522/504
f 518/524/506 515/522/504 519/526/508
f 516/525/507 518/524/506 522/527/509
f 516/525/507 520/528/510 517/523/505
f 516/525/507 521/529/511 520/528/510
f 522/527/509 521/529/511 516/525/507
f 523/530/512 525/531/513 522/527/509
f 522/527/509 524/532/514 523/530/512
f 519/526/508 524/532/514 522/527/509
f 522/527/509 525/531/513 526/533/515
f 522/527/509 518/524/506 519/526/508
f 526/533/515 521/529/511 522/527/509
f 526/533/515 525/531/513 527/534/516
f 527/534/516 529/535/517 526/533/515
f 526/533/515 529/535/517 528/536/518
f 528/536/518 539/537/519 526/533/515
f 520/528/510 521/529/511 526/533/515
f 526/533/515 539/537/519 520/528/510
f 530/538/520 529/535/517 527/534/516
f 528/536/518 529/535/517 530/538/520
f 530/538/520 531/539/521 532/540/522
f 527/534/516 531/539/521 530/538/520
f 532/540/522 533/541/523 530/538/520
f 530/538/520 534/542/524 528/536/518
f 530/538/520 533/541/523 536/543/525
f 536/543/525 534/542/524 530/538/520
f 534/542/524 536/543/525 538/544/526
f 538/544/526 537/545/527 534/542/524
f 534/542/524 539/537/519 528/536/518
f 535/546/528 539/537/519 534/542/524
f 534/542/524 537/545/527 535/546/528
f 434/437/419 540/547/529 535/546/528
f 535/546/528 537/545/527 434/437/419
f 535/546/528 540/547/529 542/548/530
f 542/548/530 539/537/519 535/546/528
f 520/528/510 539/537/519 542/548/530
f 517/523/505 520/528/510 542/548/530
f 434/437/419 541/435/417 540/547/529
f 540/547/529 541/435/417 542/548/530
f 510/517/499 517/523/505 542/548/530
f 541/435/417 510/517/499 542/548/530
f 434/437/419 537/545/527 538/544/526
f 434/437/419 538/544/526 438/436/418
f 438/436/418 538/544/526 544/549/531
f 544/549/531 552/550/532 437/440/422
f 437/440/422 436/439/421 544/549/531
f 544/549/531 436/439/421 438/436/418
f 552/550/532 543/551/533 442/443/425
f 437/440/422 552/550/532 442/443/425
f 442/443/425 543/551/533 549/552/534
f 549/552/534 441/444/426 442/443/425
f 545/446/428 441/444/426 549/552/534
f 545/446/428 547/553/535 546/450/432
f 545/446/428 550/554/536 547/553/535
f 549/552/534 550/554/536 545/446/428
f 548/555/537 550/554/536 551/556/538
f 551/556/538 550/554/536 549/552/534
f 551/556/538 543/551/533 552/550/532
f 549/552/534 543/551/533 551/556/538
f 552/550/532 553/557/539 551/556/538
f 554/558/540 553/557/539 552/550/532
f 554/558/540 544/549/531 538/544/526
f 538/544/526 536/543/525 554/558/540
f 552/550/532 544/549/531 554/558/540
f 553/557/539 554/558/540 555/559/541
f 555/559/541 554/558/540 536/543/525
f 555/559/541 533/541/523 532/540/522
f 532/540/522 557/560/542 555/559/541
f 555/559/541 558/561/543 553/557/539
f 536/543/525 533/541/523 555/559/541
f 555/559/541 557/560/542 556/562/544
f 556/562/544 558/561/543 555/559/541
f 553/557/539 558/561/543 559/563/545
f 559/563/545 558/561/543 556/562/544
f 559/563/545 560/564/546 548/555/537
f 548/555/537 551/556/538 559/563/545
f 559/563/545 551/556/538 553/557/539
f 556/562/544 561/565/547 559/563/545
f 562/566/548 560/564/546 559/563/545
f 559/563/545 561/565/547 562/566/548
f 563/567/549 564/568/550 562/566/548
f 562/566/548 561/565/547 563/567/549
f 562/566/548 564/568/550 565/569/551
f 565/569/551 566/570/552 562/566/548
f 562/566/548 566/570/552 567/571/553
f 567/571/553 560/564/546 562/566/548
f 567/571/553 550/554/536 548/555/537
f 548/555/537 560/564/546 567/571/553
f 567/571/553 569/572/554 547/553/535
f 547/553/535 550/554/536 567/571/553
f 567/571/553 566/570/552 568/573/555
f 568/573/555 569/572/554 567/571/553
f 547/553/535 569/572/554 570/574/556
f 570/574/556 569/572/554 568/573/555
f 568/573/555 572/575/557 570/574/556
f 572/575/557 571/451/433 570/574/556
f 570/574/556 571/451/433 546/450/432
f 546/450/432 547/553/535 570/574/556
f 572/575/557 575/576/558 573/456/438
f 573/456/438 574/455/437 572/575/557
f 572/575/557 574/455/437 571/451/433
f 575/576/558 578/577/559 576/578/560
f 576/578/560 577/579/561 575/576/558
f 575/576/558 577/579/561 579/580/562
f 568/573/555 578/577/559 575/576/558
f 575/576/558 572/575/557 568/573/555
f 573/456/438 575/576/558 579/580/562
f 579/580/562 580/581/563 573/456/438
f 573/456/438 580/581/563 581/582/564
f 581/582/564 582/583/565 573/456/438
f 573/456/438 582/583/565 583/584/566
f 583/584/566 450/457/439 573/456/438
f 456/458/440 450/457/439 583/584/566
f 583/584/566 584/585/567 456/458/440
f 456/458/440 584/585/567 585/586/568
f 589/464/446 456/458/440 585/586/568
f 585/586/568 586/587/569 589/464/446
f 589/464/446 586/587/569 587/588/570
f 480/487/469 589/464/446 587/588/570
f 587/588/570 588/589/571 480/487/469
f 460/467/449 589/464/446 480/487/469
f 480/487/469 588/589/571 590/590/572
f 477/484/466 478/486/468 590/590/572
f 590/590/572 591/591/573 477/484/466
f 590/590/572 478/486/468 480/487/469
f 477/484/466 591/591/573 592/592/574
f 486/494/476 485/493/475 592/592/574
f 592/592/574 593/593/575 486/494/476
f 592/592/574 485/493/475 477/484/466
f 486/494/476 593/593/575 594/594/576
f 594/594/576 595/595/577 486/494/476
f 596/596/578 595/595/577 594/594/576
f 594/594/576 597/597/579 596/596/578
f 596/596/578 597/597/579 598/598/580
f 598/598/580 599/599/581 596/596/578
f 598/598/580 600/600/582 599/599/581
f 599/599/581 600/600/582 601/601/583
f 601/601/583 603/602/584 602/603/585
f 601/601/583 602/603/585 599/599/581
f 599/599/581 602/603/585 497/510/492
f 602/603/585 603/602/584 604/604/586
f 514/521/503 605/605/587 604/604/586
f 604/604/586 605/605/587 602/603/585
f 604/604/586 606/606/588 514/521/503
f 514/521/503 606/606/588 607/607/589
f 607/607/589 515/522/504 514/521/503
f 607/607/589 608/608/590 515/522/504
f 515/522/504 608/608/590 609/609/591
f 519/526/508 515/522/504 609/609/591
f 609/609/591 610/610/592 519/526/508
f 519/526/508 610/610/592 611/611/593
f 523/530/512 524/532/514 611/611/593
f 611/611/593 612/612/594 523/530/512
f 611/611/593 524/532/514 519/526/508
f 523/530/512 612/612/594 613/613/595
f 615/614/596 614/615/597 613/613/595
f 613/613/595 614/615/597 523/530/512
f 613/613/595 616/616/598 615/614/596
f 615/614/596 616/616/598 617/617/599
f 619/618/600 618/619/601 617/617/599
f 617/617/599 618/619/601 615/614/596
f 617/617/599 620/620/602 619/618/600
f 619/618/600 620/620/602 621/621/603
f 563/567/549 623/622/604 621/621/603
f 621/621/603 622/623/605 563/567/549
f 621/621/603 623/622/604 619/618/600
f 556/562/544 623/622/604 563/567/549
f 619/618/600 623/622/604 556/562/544
f 563/567/549 622/623/605 624/624/606
f 565/569/551 564/568/550 624/624/606
f 624/624/606 564/568/550 563/567/549
f 624/624/606 625/625/607 565/569/551
f 565/569/551 625/625/607 576/578/560
f 619/618/600 557/560/542 532/540/522
f 532/540/522 618/619/601 619/618/600
f 556/562/544 557/560/542 619/618/600
f 615/614/596 618/619/601 532/540/522
f 615/614/596 531/539/521 527/534/516
f 527/534/516 614/615/597 615/614/596
f 532/540/522 531/539/521 615/614/596
f 523/530/512 614/615/597 527/534/516
f 502/514/496 605/605/587 514/521/503
f 602/603/585 605/605/587 502/514/496
f 602/603/585 501/512/494 497/510/492
f 502/514/496 501/512/494 602/603/585
f 497/510/492 498/509/491 599/599/581
f 599/599/581 498/509/491 493/501/483
f 596/596/578 599/599/581 493/501/483
f 493/501/483 492/500/482 596/596/578
f 596/596/578 492/500/482 489/497/479
f 489/497/479 595/595/577 596/596/578
f 486/494/476 595/595/577 489/497/479
f 565/569/551 578/577/559 568/573/555
f 576/578/560 578/577/559 565/569/551
f 568/573/555 566/570/552 565/569/551
f 563/567/549 561/565/547 556/562/544
f 527/534/516 525/531/513 523/530/512
f 514/521/503 512/519/501 502/514/496
f 489/497/479 487/495/477 486/494/476
f 480/487/469 476/482/464 460/467/449
f 422/420/402 471/478/460 470/424/406
f 460/467/449 457/465/447 589/464/446
f 574/455/437 447/452/434 571/451/433
f 440/442/424 443/445/427 445/449/431
f 545/446/428 443/445/427 441/444/426
f 430/432/414 433/434/416 435/438/420
f 638/626/608 639/627/609 641/628/610
f 641/628/610 640/629/611 638/626/608
f 638/626/608 640/629/611 643/630/612
f 643/630/612 642/631/613 636/632/614
f 636/632/614 637/633/615 643/630/612
f 643/630/612 637/633/615 638/626/608
f 634/634/616 635/635/617 644/636/618
f 644/636/618 635/635/617 636/632/614
f 644/636/618 645/637/619 634/634/616
f 636/632/614 642/631/613 644/636/618
f 645/637/619 648/638/620 646/639/621
f 646/639/621 647/640/622 645/637/619
f 649/641/623 648/638/620 645/637/619
f 645/637/619 644/636/618 649/641/623
f 649/641/623 644/636/618 642/631/613
f 642/631/613 650/642/624 649/641/623
f 651/643/625 650/642/624 642/631/613
f 642/631/613 643/630/612 651/643/625
f 651/643/625 643/630/612 640/629/611
f 640/629/611 652/644/626 651/643/625
f 653/645/627 652/644/626 640/629/611
f 640/629/611 641/628/610 653/645/627
f 634/634/616 645/637/619 647/640/622
f 654/646/628 633/647/629 647/640/622
f 647/640/622 633/647/629 634/634/616
f 654/646/628 656/648/630 655/649/631
f 655/649/631 657/650/632 654/646/628
f 646/639/621 656/648/630 654/646/628
f 654/646/628 647/640/622 646/639/621
f 630/651/633 631/652/634 657/650/632
f 657/650/632 631/652/634 654/646/628
f 631/652/634 632/653/635 654/646/628
f 654/646/628 632/653/635 633/647/629
f 628/654/636 629/655/637 659/656/638
f 659/656/638 629/655/637 630/651/633
f 659/656/638 658/657/639 628/654/636
f 630/651/633 657/650/632 659/656/638
f 628/654/636 658/657/639 664/658/640
f 664/658/640 660/659/641 627/660/642
f 627/660/642 626/661/643 664/658/640
f 664/658/640 626/661/643 628/654/636
f 660/659/641 663/662/644 661/663/645
f 661/663/645 662/664/646 660/659/641
f 664/658/640 663/662/644 660/659/641
f 658/657/639 665/665/647 664/658/640
f 666/666/648 665/665/647 658/657/639
f 658/657/639 659/656/638 666/666/648
f 666/666/648 659/656/638 657/650/632
f 657/650/632 667/667/649 666/666/648
f 655/649/631 667/667/649 657/650/632
f 662/664/646 669/668/650 672/669/651
f 627/660/642 660/659/641 662/664/646
f 672/669/651 735/670/652 662/664/646
f 662/664/646 735/670/652 627/660/642
f 669/668/650 670/671/653 668/672/654
f 661/663/645 670/671/653 669/668/650
f 669/668/650 662/664/646 661/663/645
f 672/669/651 669/668/650 673/673/655
f 673/673/655 669/668/650 733/674/656
f 733/674/656 671/675/657 673/673/655
f 695/676/658 694/677/659 693/678/660
f 693/678/660 696/679/661 695/676/658
f 697/680/662 696/679/661 693/678/660
f 691/681/663 698/682/664 697/680/662
f 693/678/660 692/683/665 697/680/662
f 697/680/662 692/683/665 691/681/663
f 704/684/666 698/682/664 691/681/663
f 690/685/667 704/684/666 691/681/663
f 689/686/668 704/684/666 690/685/667
f 689/686/668 688/687/669 702/688/670
f 702/688/670 699/689/671 689/686/668
f 689/686/668 699/689/671 704/684/666
f 701/690/599 700/691/598 699/689/671
f 699/689/671 700/691/598 703/692/672
f 699/689/671 702/688/670 701/690/599
f 703/692/672 704/684/666 699/689/671
f 698/682/664 704/684/666 703/692/672
f 696/679/661 697/680/662 705/693/673
f 705/693/673 706/694/592 696/679/661
f 705/693/673 697/680/662 698/682/664
f 696/679/661 706/694/592 707/695/674
f 707/695/674 695/676/658 696/679/661
f 701/690/599 702/688/670 708/696/675
f 708/696/675 709/697/602 701/690/599
f 710/698/603 709/697/602 708/696/675
f 708/696/675 711/699/676 710/698/603
f 711/699/676 708/696/675 687/700/677
f 687/700/677 708/696/675 702/688/670
f 687/700/677 686/701/678 711/699/676
f 702/688/670 688/687/669 687/700/677
f 686/701/678 685/702/679 712/703/680
f 712/703/680 684/704/681 715/705/682
f 712/703/680 685/702/679 684/704/681
f 711/699/676 686/701/678 712/703/680
f 712/703/680 713/706/683 710/698/603
f 710/698/603 711/699/676 712/703/680
f 714/707/684 713/706/683 712/703/680
f 712/703/680 715/705/682 714/707/684
f 714/707/684 715/705/682 716/708/685
f 716/708/685 718/709/686 717/710/687
f 718/709/686 716/708/685 683/711/688
f 683/711/688 716/708/685 715/705/682
f 715/705/682 684/704/681 683/711/688
f 683/711/688 682/712/689 718/709/686
f 718/709/686 682/712/689 681/713/690
f 681/713/690 680/714/691 722/715/692
f 722/715/692 719/716/693 681/713/690
f 681/713/690 719/716/693 718/709/686
f 721/717/694 720/718/695 719/716/693
f 719/716/693 720/718/695 717/710/687
f 719/716/693 722/715/692 721/717/694
f 717/710/687 718/709/686 719/716/693
f 722/715/692 723/719/696 721/717/694
f 724/720/697 723/719/696 722/715/692
f 722/715/692 725/721/698 724/720/697
f 725/721/698 722/715/692 679/722/699
f 679/722/699 678/723/700 725/721/698
f 722/715/692 680/714/691 679/722/699
f 725/721/698 678/723/700 677/724/701
f 677/724/701 676/725/702 729/726/703
f 729/726/703 726/727/704 677/724/701
f 677/724/701 726/727/704 725/721/698
f 726/727/704 727/728/705 724/720/697
f 724/720/697 725/721/698 726/727/704
f 728/729/706 727/728/705 726/727/704
f 726/727/704 729/726/703 728/729/706
f 728/729/706 729/726/703 730/730/707
f 732/731/708 731/732/709 730/730/707
f 730/730/707 731/732/709 728/729/706
f 730/730/707 733/674/656 732/731/708
f 733/674/656 730/730/707 675/733/710
f 675/733/710 730/730/707 729/726/703
f 729/726/703 676/725/702 675/733/710
f 675/733/710 674/734/711 733/674/656
f 674/734/711 671/675/657 733/674/656
f 733/674/656 734/735/712 732/731/708
f 668/672/654 734/735/712 733/674/656
f 733/674/656 669/668/650 668/672/654
f 737/736/713 738/737/714 736/738/715
f 736/738/715 738/737/714 739/739/716
f 737/736/713 736/738/715 741/740/717
f 741/740/717 743/741/718 737/736/713
f 742/742/719 740/743/720 737/736/713
f 737/736/713 743/741/718 742/742/719
f 744/744/721 743/741/718 741/740/717
f 742/742/719 743/741/718 744/744/721
f 746/745/722 745/746/723 744/744/721
f 744/744/721 745/746/723 742/742/719
f 744/744/721 747/747/724 746/745/722
f 748/748/725 747/747/724 744/744/721
f 744/744/721 741/740/717 748/748/725
f 749/749/726 750/750/727 748/748/725
f 748/748/725 741/740/717 749/749/726
f 751/751/728 750/750/727 749/749/726
f 751/751/728 752/752/729 753/753/730
f 749/749/726 752/752/729 751/751/728
f 753/753/730 754/754/731 751/751/728
f 755/755/732 754/754/731 753/753/730
f 755/755/732 756/756/733 757/757/734
f 753/753/730 756/756/733 755/755/732
f 757/757/734 758/758/735 755/755/732
f 759/759/736 758/758/735 757/757/734
f 757/757/734 760/760/737 759/759/736
f 760/760/737 761/761/738 759/759/736
f 762/762/739 761/761/738 760/760/737
f 760/760/737 763/763/740 762/762/739
f 763/763/740 764/764/741 762/762/739
f 765/765/742 764/764/741 763/763/740
f 765/765/742 766/766/743 767/767/744
f 763/763/740 766/766/743 765/765/742
f 767/767/744 768/768/745 765/765/742
f 769/769/746 768/768/745 767/767/744
f 767/767/744 770/770/747 769/769/746
f 770/770/747 771/771/748 769/769/746
f 772/772/749 771/771/748 770/770/747
f 770/770/747 773/773/750 772/772/749
f 773/773/750 774/774/751 772/772/749
f 775/775/752 774/774/751 773/773/750
f 775/775/752 776/776/753 777/777/754
f 773/773/750 776/776/753 775/775/752
f 777/777/754 778/778/755 775/775/752
f 779/779/756 778/778/755 777/777/754
f 779/779/756 780/780/757 781/781/758
f 777/777/754 780/780/757 779/779/756
f 781/781/758 782/782/759 779/779/756
f 783/783/760 782/782/759 781/781/758
f 784/784/761 785/785/762 783/783/760
f 783/783/760 897/786/763 784/784/761
f 781/781/758 897/786/763 783/783/760
f 786/787/764 785/785/762 784/784/761
f 787/788/765 788/789/766 786/787/764
f 786/787/764 927/790/767 787/788/765
f 784/784/761 927/790/767 786/787/764
f 789/791/768 788/789/766 787/788/765
f 790/792/769 791/793/770 789/791/768
f 789/791/768 925/794/771 790/792/769
f 787/788/765 925/794/771 789/791/768
f 792/795/772 791/793/770 790/792/769
f 795/796/773 793/797/774 792/795/772
f 792/795/772 923/798/775 795/796/773
f 790/792/769 923/798/775 792/795/772
f 794/799/776 793/797/774 795/796/773
f 799/800/777 796/801/778 794/799/776
f 794/799/776 795/796/773 799/800/777
f 797/802/779 796/801/778 799/800/777
f 798/803/780 800/804/781 797/802/779
f 797/802/779 799/800/777 798/803/780
f 801/805/782 800/804/781 798/803/780
f 804/806/783 802/807/784 801/805/782
f 801/805/782 812/808/785 804/806/783
f 798/803/780 812/808/785 801/805/782
f 803/809/786 802/807/784 804/806/783
f 745/746/723 805/810/787 803/809/786
f 803/809/786 804/806/783 745/746/723
f 746/745/722 805/810/787 745/746/723
f 745/746/723 804/806/783 806/811/788
f 806/811/788 807/812/789 745/746/723
f 993/813/790 807/812/789 806/811/788
f 806/811/788 809/814/791 993/813/790
f 811/815/792 809/814/791 806/811/788
f 804/806/783 808/816/793 806/811/788
f 806/811/788 808/816/793 811/815/792
f 812/808/785 810/817/794 811/815/792
f 811/815/792 808/816/793 812/808/785
f 812/808/785 808/816/793 804/806/783
f 814/818/795 810/817/794 812/808/785
f 798/803/780 813/819/796 812/808/785
f 812/808/785 813/819/796 814/818/795
f 814/818/795 813/819/796 815/820/797
f 810/817/794 814/818/795 816/821/798
f 816/821/798 814/818/795 817/822/799
f 816/821/798 818/823/800 810/817/794
f 810/817/794 818/823/800 819/824/801
f 819/824/801 820/825/802 809/814/791
f 809/814/791 811/815/792 819/824/801
f 819/824/801 811/815/792 810/817/794
f 819/824/801 821/826/803 820/825/802
f 818/823/800 821/826/803 819/824/801
f 821/826/803 818/823/800 822/827/804
f 823/828/805 820/825/802 821/826/803
f 822/827/804 824/829/806 821/826/803
f 821/826/803 824/829/806 823/828/805
f 825/830/807 824/829/806 822/827/804
f 823/828/805 824/829/806 825/830/807
f 827/831/808 826/832/809 825/830/807
f 825/830/807 826/832/809 828/833/810
f 825/830/807 822/827/804 827/831/808
f 828/833/810 829/834/811 825/830/807
f 825/830/807 829/834/811 823/828/805
f 823/828/805 829/834/811 832/835/812
f 832/835/812 829/834/811 828/833/810
f 828/833/810 830/836/813 832/835/812
f 832/835/812 830/836/813 831/837/814
f 833/838/815 834/839/816 832/835/812
f 832/835/812 834/839/816 823/828/805
f 823/828/805 834/839/816 837/840/817
f 837/840/817 834/839/816 833/838/815
f 837/840/817 820/825/802 823/828/805
f 833/838/815 835/841/818 837/840/817
f 835/841/818 836/842/819 737/736/713
f 836/842/819 835/841/818 833/838/815
f 836/842/819 839/843/820 838/844/821
f 838/844/821 738/737/714 836/842/819
f 833/838/815 839/843/820 836/842/819
f 838/844/821 839/843/820 840/845/822
f 840/845/822 839/843/820 833/838/815
f 831/837/814 841/846/823 840/845/822
f 840/845/822 841/846/823 842/847/824
f 840/845/822 832/835/812 831/837/814
f 833/838/815 832/835/812 840/845/822
f 842/847/824 838/844/821 840/845/822
f 843/848/825 838/844/821 842/847/824
f 844/849/826 847/850/827 843/848/825
f 843/848/825 845/851/828 844/849/826
f 842/847/824 845/851/828 843/848/825
f 843/848/825 846/852/829 838/844/821
f 847/850/827 846/852/829 843/848/825
f 964/853/830 846/852/829 847/850/827
f 847/850/827 963/854/831 964/853/830
f 962/855/832 963/854/831 847/850/827
f 847/850/827 848/856/833 962/855/832
f 849/857/834 848/856/833 847/850/827
f 850/858/835 848/856/833 849/857/834
f 849/857/834 847/850/827 844/849/826
f 851/859/836 850/858/835 849/857/834
f 849/857/834 852/860/837 851/859/836
f 844/849/826 852/860/837 849/857/834
f 853/861/838 850/858/835 851/859/836
f 851/859/836 854/862/839 853/861/838
f 853/861/838 854/862/839 855/863/840
f 855/863/840 856/864/841 853/861/838
f 855/863/840 857/865/842 856/864/841
f 856/864/841 857/865/842 858/866/843
f 858/866/843 859/867/844 856/864/841
f 860/868/845 859/867/844 858/866/843
f 858/866/843 861/869/846 860/868/845
f 860/868/845 861/869/846 862/870/847
f 862/870/847 972/871/848 860/868/845
f 863/872/849 972/871/848 862/870/847
f 862/870/847 864/873/850 863/872/849
f 863/872/849 864/873/850 865/874/851
f 865/874/851 866/875/852 863/872/849
f 867/876/853 866/875/852 865/874/851
f 865/874/851 868/877/854 867/876/853
f 867/876/853 868/877/854 869/878/855
f 870/879/856 867/876/853 869/878/855
f 869/878/855 871/880/857 870/879/856
f 870/879/856 871/880/857 872/881/858
f 872/881/858 886/882/859 870/879/856
f 873/883/860 886/882/859 872/881/858
f 872/881/858 874/884/861 873/883/860
f 873/883/860 874/884/861 875/885/862
f 875/885/862 884/886/863 873/883/860
f 876/887/864 884/886/863 875/885/862
f 875/885/862 877/888/865 876/887/864
f 876/887/864 877/888/865 878/889/866
f 879/890/867 881/891/868 878/889/866
f 878/889/866 880/892/388 879/890/867
f 878/889/866 881/891/868 876/887/864
f 902/893/869 900/894/870 881/891/868
f 881/891/868 882/895/871 902/893/869
f 879/890/867 882/895/871 881/891/868
f 881/891/868 900/894/870 901/896/872
f 901/896/872 883/897/873 881/891/868
f 881/891/868 883/897/873 876/887/864
f 876/887/864 883/897/873 884/886/863
f 884/886/863 883/897/873 901/896/872
f 901/896/872 887/898/874 884/886/863
f 884/886/863 887/898/874 888/899/875
f 884/886/863 885/900/876 873/883/860
f 888/899/875 885/900/876 884/886/863
f 888/899/875 889/901/877 886/882/859
f 886/882/859 885/900/876 888/899/875
f 892/902/878 889/901/877 888/899/875
f 888/899/875 890/903/879 892/902/878
f 891/904/880 890/903/879 888/899/875
f 888/899/875 887/898/874 891/904/880
f 893/905/881 889/901/877 892/902/878
f 892/902/878 894/906/882 893/905/881
f 890/903/879 891/904/880 780/780/757
f 780/780/757 895/907/883 890/903/879
f 890/903/879 895/907/883 776/776/753
f 776/776/753 892/902/878 890/903/879
f 776/776/753 895/907/883 777/777/754
f 777/777/754 895/907/883 780/780/757
f 780/780/757 891/904/880 899/908/884
f 899/908/884 898/909/885 780/780/757
f 899/908/884 896/910/886 897/786/763
f 897/786/763 898/909/885 899/908/884
f 899/908/884 900/894/870 896/910/886
f 899/908/884 901/896/872 900/894/870
f 887/898/874 901/896/872 899/908/884
f 891/904/880 887/898/874 899/908/884
f 904/911/887 903/912/888 905/913/889
f 905/913/889 903/912/888 902/893/869
f 905/913/889 906/914/890 904/911/887
f 907/915/891 906/914/890 905/913/889
f 902/893/869 882/895/871 905/913/889
f 905/913/889 882/895/871 879/890/867
f 907/915/891 905/913/889 908/916/892
f 908/916/892 905/913/889 879/890/867
f 908/916/892 909/917/893 907/915/891
f 879/890/867 880/892/388 908/916/892
f 907/915/891 909/917/893 910/918/894
f 911/919/895 913/920/896 910/918/894
f 910/918/894 912/921/897 911/919/895
f 910/918/894 913/920/896 907/915/891
f 916/922/898 915/923/899 913/920/896
f 913/920/896 914/924/900 916/922/898
f 911/919/895 914/924/900 913/920/896
f 913/920/896 915/923/899 904/911/887
f 904/911/887 906/914/890 913/920/896
f 913/920/896 906/914/890 907/915/891
f 916/922/898 917/925/901 915/923/899
f 915/923/899 917/925/901 904/911/887
f 916/922/898 919/926/902 917/925/901
f 917/925/901 918/927/903 904/911/887
f 920/928/904 919/926/902 916/922/898
f 916/922/898 921/929/905 920/928/904
f 920/928/904 921/929/905 933/930/906
f 933/930/906 922/931/907 920/928/904
f 923/798/775 920/928/904 922/931/907
f 919/926/902 920/928/904 923/798/775
f 923/798/775 931/932/908 795/796/773
f 922/931/907 931/932/908 923/798/775
f 790/792/769 924/933/909 923/798/775
f 923/798/775 924/933/909 919/926/902
f 919/926/902 924/933/909 925/794/771
f 925/794/771 924/933/909 790/792/769
f 925/794/771 917/925/901 919/926/902
f 918/927/903 917/925/901 925/794/771
f 787/788/765 926/934/910 925/794/771
f 925/794/771 926/934/910 918/927/903
f 918/927/903 926/934/910 927/790/767
f 927/790/767 926/934/910 787/788/765
f 927/790/767 929/935/911 918/927/903
f 930/936/912 929/935/911 927/790/767
f 784/784/761 928/937/913 927/790/767
f 927/790/767 928/937/913 930/936/912
f 897/786/763 896/910/886 930/936/912
f 930/936/912 928/937/913 897/786/763
f 902/893/869 930/936/912 896/910/886
f 929/935/911 930/936/912 902/893/869
f 902/893/869 903/912/888 929/935/911
f 929/935/911 903/912/888 904/911/887
f 904/911/887 918/927/903 929/935/911
f 897/786/763 928/937/913 784/784/761
f 799/800/777 795/796/773 931/932/908
f 931/932/908 815/820/797 799/800/777
f 814/818/795 815/820/797 931/932/908
f 931/932/908 932/938/914 814/818/795
f 922/931/907 932/938/914 931/932/908
f 932/938/914 933/930/906 814/818/795
f 932/938/914 922/931/907 933/930/906
f 933/930/906 817/822/799 814/818/795
f 933/930/906 921/929/905 934/939/915
f 934/939/915 936/940/916 933/930/906
f 933/930/906 936/940/916 935/941/917
f 937/942/918 936/940/916 934/939/915
f 935/941/917 936/940/916 937/942/918
f 939/943/919 938/944/920 937/942/918
f 937/942/918 938/944/920 940/945/921
f 937/942/918 934/939/915 939/943/919
f 940/945/921 943/946/922 937/942/918
f 937/942/918 943/946/922 935/941/917
f 940/945/921 941/947/923 943/946/922
f 943/946/922 941/947/923 942/948/924
f 944/949/925 935/941/917 943/946/922
f 817/822/799 935/941/917 944/949/925
f 816/821/798 817/822/799 944/949/925
f 944/949/925 945/950/926 816/821/798
f 946/951/927 945/950/926 944/949/925
f 944/949/925 943/946/922 946/951/927
f 942/948/924 947/952/928 946/951/927
f 946/951/927 947/952/928 827/831/808
f 946/951/927 943/946/922 942/948/924
f 827/831/808 822/827/804 946/951/927
f 822/827/804 945/950/926 946/951/927
f 816/821/798 945/950/926 822/827/804
f 822/827/804 818/823/800 816/821/798
f 939/943/919 934/939/915 911/919/895
f 911/919/895 912/921/897 939/943/919
f 817/822/799 933/930/906 935/941/917
f 934/939/915 921/929/905 916/922/898
f 916/922/898 914/924/900 934/939/915
f 934/939/915 914/924/900 911/919/895
f 896/910/886 900/894/870 902/893/869
f 780/780/757 898/909/885 781/781/758
f 781/781/758 898/909/885 897/786/763
f 894/906/882 892/902/878 776/776/753
f 776/776/753 948/953/929 894/906/882
f 773/773/750 948/953/929 776/776/753
f 948/953/929 773/773/750 770/770/747
f 990/954/930 977/955/931 948/953/929
f 948/953/929 949/956/932 990/954/930
f 948/953/929 977/955/931 894/906/882
f 770/770/747 949/956/932 948/953/929
f 949/956/932 770/770/747 767/767/744
f 989/957/933 990/954/930 949/956/932
f 949/956/932 950/958/934 989/957/933
f 767/767/744 950/958/934 949/956/932
f 989/957/933 950/958/934 766/766/743
f 766/766/743 950/958/934 767/767/744
f 988/959/935 981/960/936 766/766/743
f 766/766/743 951/961/937 988/959/935
f 766/766/743 981/960/936 989/957/933
f 763/763/740 951/961/937 766/766/743
f 988/959/935 951/961/937 952/962/938
f 952/962/938 951/961/937 763/763/740
f 952/962/938 763/763/740 760/760/737
f 987/963/939 986/964/940 952/962/938
f 952/962/938 953/965/941 987/963/939
f 952/962/938 986/964/940 988/959/935
f 760/760/737 953/965/941 952/962/938
f 987/963/939 953/965/941 954/966/942
f 954/966/942 953/965/941 760/760/737
f 954/966/942 760/760/737 757/757/734
f 992/967/943 991/968/944 954/966/942
f 954/966/942 955/969/945 992/967/943
f 954/966/942 991/968/944 987/963/939
f 757/757/734 955/969/945 954/966/942
f 992/967/943 955/969/945 756/756/733
f 756/756/733 955/969/945 757/757/734
f 959/970/946 960/971/947 756/756/733
f 756/756/733 956/972/948 959/970/946
f 756/756/733 960/971/947 992/967/943
f 753/753/730 956/972/948 756/756/733
f 959/970/946 956/972/948 752/752/729
f 752/752/729 956/972/948 753/753/730
f 739/739/716 958/973/949 752/752/729
f 752/752/729 957/974/950 739/739/716
f 752/752/729 958/973/949 959/970/946
f 749/749/726 957/974/950 752/752/729
f 739/739/716 957/974/950 741/740/717
f 741/740/717 957/974/950 749/749/726
f 739/739/716 963/854/831 958/973/949
f 958/973/949 963/854/831 959/970/946
f 961/975/951 960/971/947 959/970/946
f 959/970/946 962/855/832 961/975/951
f 963/854/831 962/855/832 959/970/946
f 739/739/716 964/853/830 963/854/831
f 738/737/714 964/853/830 739/739/716
f 992/967/943 960/971/947 961/975/951
f 961/975/951 965/976/952 992/967/943
f 965/976/952 961/975/951 850/858/835
f 850/858/835 967/977/953 965/976/952
f 965/976/952 967/977/953 968/978/954
f 968/978/954 966/979/955 965/976/952
f 985/980/956 966/979/955 968/978/954
f 853/861/838 856/864/841 968/978/954
f 968/978/954 967/977/953 853/861/838
f 968/978/954 969/981/957 985/980/956
f 856/864/841 969/981/957 968/978/954
f 985/980/956 969/981/957 970/982/958
f 970/982/958 969/981/957 856/864/841
f 983/983/959 984/984/960 970/982/958
f 970/982/958 984/984/960 985/980/956
f 856/864/841 859/867/844 970/982/958
f 970/982/958 859/867/844 860/868/845
f 970/982/958 971/985/961 983/983/959
f 860/868/845 971/985/961 970/982/958
f 983/983/959 971/985/961 972/871/848
f 972/871/848 971/985/961 860/868/845
f 979/986/962 980/987/963 972/871/848
f 972/871/848 980/987/963 983/983/959
f 972/871/848 973/988/964 979/986/962
f 863/872/849 973/988/964 972/871/848
f 979/986/962 973/988/964 974/989/965
f 974/989/965 973/988/964 863/872/849
f 974/989/965 978/990/966 979/986/962
f 863/872/849 866/875/852 974/989/965
f 974/989/965 866/875/852 867/876/853
f 974/989/965 975/991/967 978/990/966
f 867/876/853 975/991/967 974/989/965
f 975/991/967 893/905/881 978/990/966
f 975/991/967 867/876/853 870/879/856
f 975/991/967 976/992/968 893/905/881
f 870/879/856 976/992/968 975/991/967
f 893/905/881 976/992/968 886/882/859
f 886/882/859 976/992/968 870/879/856
f 886/882/859 889/901/877 893/905/881
f 893/905/881 977/955/931 990/954/930
f 990/954/930 978/990/966 893/905/881
f 978/990/966 990/954/930 979/986/962
f 979/986/962 981/960/936 980/987/963
f 980/987/963 981/960/936 982/993/969
f 982/993/969 983/983/959 980/987/963
f 984/984/960 983/983/959 982/993/969
f 984/984/960 986/964/940 985/980/956
f 982/993/969 986/964/940 984/984/960
f 986/964/940 987/963/939 985/980/956
f 982/993/969 988/959/935 986/964/940
f 981/960/936 988/959/935 982/993/969
f 979/986/962 989/957/933 981/960/936
f 990/954/930 989/957/933 979/986/962
f 893/905/881 894/906/882 977/955/931
f 985/980/956 987/963/939 991/968/944
f 991/968/944 966/979/955 985/980/956
f 992/967/943 966/979/955 991/968/944
f 853/861/838 967/977/953 850/858/835
f 992/967/943 965/976/952 966/979/955
f 850/858/835 961/975/951 962/855/832
f 873/883/860 885/900/876 886/882/859
f 962/855/832 848/856/833 850/858/835
f 964/853/830 738/737/714 838/844/821
f 838/844/821 846/852/829 964/853/830
f 737/736/713 836/842/819 738/737/714
f 837/840/817 835/841/818 740/743/720
f 740/743/720 993/813/790 837/840/817
f 809/814/791 820/825/802 837/840/817
f 837/840/817 993/813/790 809/814/791
f 740/743/720 835/841/818 737/736/713
f 798/803/780 799/800/777 815/820/797
f 815/820/797 813/819/796 798/803/780
f 993/813/790 740/743/720 742/742/719
f 742/742/719 807/812/789 993/813/790
f 745/746/723 807/812/789 742/742/719
f 741/740/717 736/738/715 739/739/716
f 994/994/970 996/995/971 995/996/972
f 1134/997/973 996/995/971 994/994/970
f 994/994/970 995/996/972 997/998/974
f 994/994/970 999/999/975 1134/997/973
f 1000/1000/976 999/999/975 994/994/970
f 997/998/974 998/1001/977 994/994/970
f 994/994/970 998/1001/977 1000/1000/976
f 1001/1002/978 1000/1000/976 998/1001/977
f 998/1001/977 1003/1003/979 1001/1002/978
f 1001/1002/978 1006/1004/980 1002/1005/981
f 1002/1005/981 1005/1006/982 1001/1002/978
f 1001/1002/978 1003/1003/979 1004/1007/983
f 1004/1007/983 1006/1004/980 1001/1002/978
f 1001/1002/978 1005/1006/982 1000/1000/976
f 1002/1005/981 1006/1004/980 1008/1008/984
f 1008/1008/984 1006/1004/980 1004/1007/983
f 1008/1008/984 1007/1009/985 1002/1005/981
f 1009/1010/986 1007/1009/985 1008/1008/984
f 1008/1008/984 1011/1011/987 1009/1010/986
f 1010/1012/988 1011/1011/987 1008/1008/984
f 1015/1013/989 1012/1014/990 1010/1012/988
f 1010/1012/988 1008/1008/984 1015/1013/989
f 1013/1015/991 1012/1014/990 1015/1013/989
f 1014/1016/992 1016/1017/993 1013/1015/991
f 1013/1015/991 1015/1013/989 1014/1016/992
f 1017/1018/994 1016/1017/993 1014/1016/992
f 1018/1019/995 1020/1020/996 1017/1018/994
f 1017/1018/994 1019/1021/997 1018/1019/995
f 1014/1016/992 1019/1021/997 1017/1018/994
f 1021/1022/998 1020/1020/996 1018/1019/995
f 1018/1019/995 1024/1023/999 1021/1022/998
f 1022/1024/1000 1023/1025/1001 1021/1022/998
f 1021/1022/998 1024/1023/999 1022/1024/1000
f 1022/1024/1000 1024/1023/999 1025/1026/1002
f 1025/1026/1002 1024/1023/999 1018/1019/995
f 1018/1019/995 1026/1027/1003 1025/1026/1002
f 1025/1026/1002 1026/1027/1003 1028/1028/1004
f 1025/1026/1002 1027/1029/1005 1022/1024/1000
f 1030/1030/1006 1027/1029/1005 1025/1026/1002
f 1028/1028/1004 1029/1031/1007 1025/1026/1002
f 1025/1026/1002 1029/1031/1007 1030/1030/1006
f 1030/1030/1006 1029/1031/1007 1033/1032/1008
f 1034/1033/1009 1027/1029/1005 1030/1030/1006
f 1030/1030/1006 1033/1032/1008 1031/1034/1010
f 1031/1034/1010 1032/1035/1011 1030/1030/1006
f 1030/1030/1006 1032/1035/1011 1034/1033/1009
f 1022/1024/1000 1027/1029/1005 1034/1033/1009
f 1034/1033/1009 1035/1036/1012 1022/1024/1000
f 1036/1037/1013 1035/1036/1012 1034/1033/1009
f 1034/1033/1009 1032/1035/1011 1037/1038/1014
f 1039/1039/1015 1034/1033/1009 1037/1038/1014
f 1037/1038/1014 1032/1035/1011 1031/1034/1010
f 1031/1034/1010 1041/1040/1016 1037/1038/1014
f 1037/1038/1014 1038/1041/1017 1039/1039/1015
f 1040/1042/1018 1038/1041/1017 1037/1038/1014
f 1037/1038/1014 1041/1040/1016 1040/1042/1018
f 1040/1042/1018 1042/1043/1019 1043/1044/1020
f 1043/1044/1020 1038/1041/1017 1040/1042/1018
f 1043/1044/1020 1042/1043/1019 1044/1045/1021
f 1044/1045/1021 1045/1046/1022 1043/1044/1020
f 1039/1039/1015 1038/1041/1017 1043/1044/1020
f 1043/1044/1020 1046/1047/1023 1039/1039/1015
f 1043/1044/1020 1045/1046/1022 1047/1048/1024
f 1047/1048/1024 1046/1047/1023 1043/1044/1020
f 1047/1048/1024 1049/1049/1025 1048/1050/1026
f 1050/1051/1027 1049/1049/1025 1047/1048/1024
f 1047/1048/1024 1048/1050/1026 1197/1052/1028
f 1197/1052/1028 1046/1047/1023 1047/1048/1024
f 1047/1048/1024 1045/1046/1022 1050/1051/1027
f 1050/1051/1027 1045/1046/1022 1044/1045/1021
f 1044/1045/1021 1112/1053/1029 1050/1051/1027
f 1050/1051/1027 1052/1054/1030 1051/1055/1031
f 1051/1055/1031 1049/1049/1025 1050/1051/1027
f 1112/1053/1029 1052/1054/1030 1050/1051/1027
f 1051/1055/1031 1052/1054/1030 1054/1056/1032
f 1054/1056/1032 1052/1054/1030 1112/1053/1029
f 1054/1056/1032 1055/1057/1033 1051/1055/1031
f 1053/1058/1034 1055/1057/1033 1054/1056/1032
f 1112/1053/1029 1056/1059/1035 1054/1056/1032
f 1056/1059/1035 1057/1060/1036 1059/1061/1037
f 1059/1061/1037 1054/1056/1032 1056/1059/1035
f 1058/1062/1038 1053/1058/1034 1059/1061/1037
f 1053/1058/1034 1054/1056/1032 1059/1061/1037
f 1058/1062/1038 1059/1061/1037 1060/1063/1039
f 1060/1063/1039 1059/1061/1037 1057/1060/1036
f 1060/1063/1039 1064/1064/1040 1058/1062/1038
f 1057/1060/1036 1063/1065/1041 1060/1063/1039
f 1060/1063/1039 1061/1066/1042 1062/1067/1043
f 1063/1065/1041 1061/1066/1042 1060/1063/1039
f 1062/1067/1043 1064/1064/1040 1060/1063/1039
f 1058/1062/1038 1064/1064/1040 1065/1068/1044
f 1065/1068/1044 1064/1064/1040 1062/1067/1043
f 1065/1068/1044 1187/1069/1045 1058/1062/1038
f 1066/1070/1046 1187/1069/1045 1065/1068/1044
f 1062/1067/1043 1067/1071/1047 1065/1068/1044
f 1065/1068/1044 1068/1072/1048 1066/1070/1046
f 1065/1068/1044 1067/1071/1047 1069/1073/1049
f 1069/1073/1049 1068/1072/1048 1065/1068/1044
f 1070/1074/1050 1071/1075/1051 1069/1073/1049
f 1069/1073/1049 1067/1071/1047 1070/1074/1050
f 1072/1076/1052 1071/1075/1051 1070/1074/1050
f 1073/1077/1053 1074/1078/1054 1072/1076/1052
f 1072/1076/1052 1075/1079/1055 1073/1077/1053
f 1070/1074/1050 1075/1079/1055 1072/1076/1052
f 1073/1077/1053 1075/1079/1055 1076/1080/1056
f 1076/1080/1056 1075/1079/1055 1070/1074/1050
f 1070/1074/1050 1077/1081/1057 1076/1080/1056
f 1076/1080/1056 1077/1081/1057 1079/1082/1058
f 1076/1080/1056 1078/1083/1059 1073/1077/1053
f 1081/1084/1060 1078/1083/1059 1076/1080/1056
f 1079/1082/1058 1080/1085/1061 1076/1080/1056
f 1076/1080/1056 1080/1085/1061 1081/1084/1060
f 1081/1084/1060 1084/1086/1062 1082/1087/1063
f 1082/1087/1063 1083/1088/1064 1081/1084/1060
f 1081/1084/1060 1080/1085/1061 1085/1089/1065
f 1081/1084/1060 1083/1088/1064 1086/1090/1066
f 1085/1089/1065 1084/1086/1062 1081/1084/1060
f 1086/1090/1066 1078/1083/1059 1081/1084/1060
f 1073/1077/1053 1078/1083/1059 1086/1090/1066
f 1086/1090/1066 1087/1091/1067 1073/1077/1053
f 1088/1092/1068 1087/1091/1067 1086/1090/1066
f 1086/1090/1066 1089/1093/1069 1088/1092/1068
f 1090/1094/1070 1089/1093/1069 1086/1090/1066
f 1086/1090/1066 1083/1088/1064 1090/1094/1070
f 1090/1094/1070 1083/1088/1064 1082/1087/1063
f 1082/1087/1063 1094/1095/1071 1090/1094/1070
f 1091/1096/1072 1089/1093/1069 1090/1094/1070
f 1090/1094/1070 1093/1097/1073 1091/1096/1072
f 1090/1094/1070 1094/1095/1071 1092/1098/1074
f 1092/1098/1074 1093/1097/1073 1090/1094/1070
f 1094/1095/1071 1183/1099/1075 1174/1100/1076
f 1174/1100/1076 1092/1098/1074 1094/1095/1071
f 1094/1095/1071 1082/1087/1063 1182/1101/1077
f 1182/1101/1077 1183/1099/1075 1094/1095/1071
f 1084/1086/1062 1184/1102/1078 1182/1101/1077
f 1182/1101/1077 1082/1087/1063 1084/1086/1062
f 1085/1089/1065 1096/1103/1079 1084/1086/1062
f 1084/1086/1062 1096/1103/1079 1095/1104/1080
f 1095/1104/1080 1184/1102/1078 1084/1086/1062
f 1095/1104/1080 1096/1103/1079 1057/1060/1036
f 1057/1060/1036 1096/1103/1079 1063/1065/1041
f 1057/1060/1036 1097/1105/1081 1095/1104/1080
f 1057/1060/1036 1098/1106/1082 1097/1105/1081
f 1097/1105/1081 1098/1106/1082 1099/1107/1083
f 1100/1108/1084 1102/1109/1085 1101/1110/1086
f 1104/1111/1087 1102/1109/1085 1100/1108/1084
f 1100/1108/1084 1101/1110/1086 1103/1112/1088
f 1100/1108/1084 1099/1107/1083 1104/1111/1087
f 1108/1113/1089 1102/1109/1085 1104/1111/1087
f 1104/1111/1087 1105/1114/1090 1108/1113/1089
f 1106/1115/1091 1105/1114/1090 1104/1111/1087
f 1104/1111/1087 1098/1106/1082 1106/1115/1091
f 1104/1111/1087 1099/1107/1083 1098/1106/1082
f 1108/1113/1089 1107/1116/1092 1101/1110/1086
f 1101/1110/1086 1102/1109/1085 1108/1113/1089
f 1105/1114/1090 1106/1115/1091 1109/1117/1093
f 1109/1117/1093 1110/1118/1094 1105/1114/1090
f 1105/1114/1090 1110/1118/1094 1111/1119/1095
f 1111/1119/1095 1108/1113/1089 1105/1114/1090
f 1109/1117/1093 1106/1115/1091 1112/1053/1029
f 1112/1053/1029 1044/1045/1021 1109/1117/1093
f 1056/1059/1035 1112/1053/1029 1106/1115/1091
f 1109/1117/1093 1044/1045/1021 1042/1043/1019
f 1113/1120/1096 1114/1121/1097 1111/1119/1095
f 1115/1122/1098 1113/1120/1096 1111/1119/1095
f 1111/1119/1095 1114/1121/1097 1107/1116/1092
f 1107/1116/1092 1108/1113/1089 1111/1119/1095
f 1111/1119/1095 1110/1118/1094 1115/1122/1098
f 1115/1122/1098 1117/1123/1099 1116/1124/1100
f 1116/1124/1100 1113/1120/1096 1115/1122/1098
f 1115/1122/1098 1110/1118/1094 1109/1117/1093
f 1117/1123/1099 1115/1122/1098 1042/1043/1019
f 1042/1043/1019 1115/1122/1098 1109/1117/1093
f 1116/1124/1100 1117/1123/1099 1118/1125/1101
f 1118/1125/1101 1119/1126/1102 1116/1124/1100
f 1117/1123/1099 1120/1127/1103 1118/1125/1101
f 1033/1032/1008 1121/1128/1104 1120/1127/1103
f 1120/1127/1103 1031/1034/1010 1033/1032/1008
f 1041/1040/1016 1031/1034/1010 1120/1127/1103
f 1120/1127/1103 1121/1128/1104 1122/1129/1105
f 1122/1129/1105 1118/1125/1101 1120/1127/1103
f 1119/1126/1102 1118/1125/1101 1122/1129/1105
f 1122/1129/1105 1123/1130/1106 1119/1126/1102
f 1124/1131/1107 1122/1129/1105 1121/1128/1104
f 1123/1130/1106 1122/1129/1105 1124/1131/1107
f 1121/1128/1104 1125/1132/1108 1124/1131/1107
f 1124/1131/1107 1125/1132/1108 1126/1133/1109
f 1124/1131/1107 1128/1134/1110 1123/1130/1106
f 1124/1131/1107 1126/1133/1109 1127/1135/1111
f 1127/1135/1111 1128/1134/1110 1124/1131/1107
f 1129/1136/1112 1128/1134/1110 1127/1135/1111
f 1123/1130/1106 1128/1134/1110 1129/1136/1112
f 1129/1136/1112 1003/1003/979 998/1001/977
f 998/1001/977 997/998/974 1129/1136/1112
f 1004/1007/983 1003/1003/979 1129/1136/1112
f 1127/1135/1111 1130/1137/1113 1129/1136/1112
f 1129/1136/1112 1130/1137/1113 1004/1007/983
f 1129/1136/1112 997/998/974 1123/1130/1106
f 1004/1007/983 1130/1137/1113 1015/1013/989
f 1015/1013/989 1130/1137/1113 1127/1135/1111
f 1014/1016/992 1015/1013/989 1127/1135/1111
f 1127/1135/1111 1126/1133/1109 1014/1016/992
f 1018/1019/995 1019/1021/997 1126/1133/1109
f 1126/1133/1109 1026/1027/1003 1018/1019/995
f 1028/1028/1004 1026/1027/1003 1126/1133/1109
f 1126/1133/1109 1019/1021/997 1014/1016/992
f 1126/1133/1109 1125/1132/1108 1028/1028/1004
f 1028/1028/1004 1125/1132/1108 1121/1128/1104
f 1119/1126/1102 1123/1130/1106 997/998/974
f 1121/1128/1104 1033/1032/1008 1028/1028/1004
f 1116/1124/1100 1119/1126/1102 995/996/972
f 997/998/974 995/996/972 1119/1126/1102
f 1041/1040/1016 1120/1127/1103 1117/1123/1099
f 1042/1043/1019 1040/1042/1018 1117/1123/1099
f 1117/1123/1099 1040/1042/1018 1041/1040/1016
f 1116/1124/1100 1131/1138/1114 1113/1120/1096
f 995/996/972 1131/1138/1114 1116/1124/1100
f 1113/1120/1096 1131/1138/1114 1132/1139/1115
f 1132/1139/1115 1131/1138/1114 995/996/972
f 1132/1139/1115 1114/1121/1097 1113/1120/1096
f 1107/1116/1092 1114/1121/1097 1132/1139/1115
f 1132/1139/1115 1133/1140/1116 1107/1116/1092
f 1134/997/973 1133/1140/1116 1132/1139/1115
f 1132/1139/1115 996/995/971 1134/997/973
f 995/996/972 996/995/971 1132/1139/1115
f 1101/1110/1086 1107/1116/1092 1133/1140/1116
f 1137/1141/1117 1135/1142/1118 1133/1140/1116
f 1133/1140/1116 1134/997/973 1137/1141/1117
f 1133/1140/1116 1135/1142/1118 1101/1110/1086
f 1177/1143/1119 1135/1142/1118 1137/1141/1117
f 1101/1110/1086 1135/1142/1118 1177/1143/1119
f 1103/1112/1088 1101/1110/1086 1177/1143/1119
f 1177/1143/1119 1137/1141/1117 1136/1144/1120
f 1136/1144/1120 1137/1141/1117 1138/1145/1121
f 1138/1145/1121 1139/1146/1122 1179/1147/1123
f 1139/1146/1122 1138/1145/1121 999/999/975
f 999/999/975 1000/1000/976 1139/1146/1122
f 1181/1148/1124 1179/1147/1123 1139/1146/1122
f 1139/1146/1122 1140/1149/1125 1181/1148/1124
f 1140/1149/1125 1005/1006/982 1002/1005/981
f 1002/1005/981 1141/1150/1126 1140/1149/1125
f 1140/1149/1125 1139/1146/1122 1000/1000/976
f 1000/1000/976 1005/1006/982 1140/1149/1125
f 1181/1148/1124 1140/1149/1125 1141/1150/1126
f 1142/1151/1127 1141/1150/1126 1002/1005/981
f 1002/1005/981 1007/1009/985 1142/1151/1127
f 1142/1151/1127 1007/1009/985 1009/1010/986
f 1142/1151/1127 1144/1152/1128 1143/1153/1129
f 1009/1010/986 1144/1152/1128 1142/1151/1127
f 1143/1153/1129 1145/1154/1130 1142/1151/1127
f 1142/1151/1127 1145/1154/1130 1146/1155/1131
f 1146/1155/1131 1147/1156/1132 1148/1157/1133
f 1146/1155/1131 1148/1157/1133 1142/1151/1127
f 1150/1158/1134 1149/1159/1135 1148/1157/1133
f 1148/1157/1133 1151/1160/1136 1150/1158/1134
f 1152/1161/1137 1151/1160/1136 1148/1157/1133
f 1148/1157/1133 1147/1156/1132 1152/1161/1137
f 1153/1162/1138 1151/1160/1136 1152/1161/1137
f 1152/1161/1137 1154/1163/1139 1153/1162/1138
f 1153/1162/1138 1154/1163/1139 1155/1164/1140
f 1155/1164/1140 1156/1165/1141 1153/1162/1138
f 1157/1166/1142 1156/1165/1141 1155/1164/1140
f 1155/1164/1140 1158/1167/1143 1157/1166/1142
f 1157/1166/1142 1158/1167/1143 1159/1168/1144
f 1159/1168/1144 1160/1169/1145 1157/1166/1142
f 1088/1092/1068 1160/1169/1145 1159/1168/1144
f 1159/1168/1144 1161/1170/1146 1088/1092/1068
f 1088/1092/1068 1161/1170/1146 1162/1171/1147
f 1162/1171/1147 1074/1078/1054 1073/1077/1053
f 1162/1171/1147 1087/1091/1067 1088/1092/1068
f 1073/1077/1053 1087/1091/1067 1162/1171/1147
f 1157/1166/1142 1160/1169/1145 1091/1096/1072
f 1091/1096/1072 1160/1169/1145 1088/1092/1068
f 1164/1172/1148 1156/1165/1141 1157/1166/1142
f 1091/1096/1072 1163/1173/1149 1157/1166/1142
f 1157/1166/1142 1163/1173/1149 1164/1172/1148
f 1153/1162/1138 1156/1165/1141 1164/1172/1148
f 1164/1172/1148 1163/1173/1149 1166/1174/1150
f 1164/1172/1148 1165/1175/1151 1153/1162/1138
f 1168/1176/1152 1165/1175/1151 1164/1172/1148
f 1166/1174/1150 1167/1177/1153 1164/1172/1148
f 1164/1172/1148 1167/1177/1153 1168/1176/1152
f 1168/1176/1152 1172/1178/1154 1169/1179/1155
f 1169/1179/1155 1171/1180/1156 1168/1176/1152
f 1168/1176/1152 1167/1177/1153 1170/1181/1157
f 1170/1181/1157 1172/1178/1154 1168/1176/1152
f 1168/1176/1152 1171/1180/1156 1150/1158/1134
f 1150/1158/1134 1165/1175/1151 1168/1176/1152
f 1174/1100/1076 1175/1182/1158 1176/1183/1159
f 1176/1183/1159 1175/1182/1158 1173/1184/1160
f 1176/1183/1159 1092/1098/1074 1174/1100/1076
f 1173/1184/1160 1172/1178/1154 1176/1183/1159
f 1176/1183/1159 1172/1178/1154 1170/1181/1157
f 1092/1098/1074 1176/1183/1159 1166/1174/1150
f 1166/1174/1150 1176/1183/1159 1170/1181/1157
f 1173/1184/1160 1175/1182/1158 1136/1144/1120
f 1136/1144/1120 1175/1182/1158 1174/1100/1076
f 1136/1144/1120 1178/1185/1161 1173/1184/1160
f 1136/1144/1120 1174/1100/1076 1177/1143/1119
f 1173/1184/1160 1178/1185/1161 1179/1147/1123
f 1169/1179/1155 1172/1178/1154 1179/1147/1123
f 1179/1147/1123 1172/1178/1154 1173/1184/1160
f 1180/1186/1162 1169/1179/1155 1179/1147/1123
f 1179/1147/1123 1181/1148/1124 1180/1186/1162
f 1180/1186/1162 1181/1148/1124 1149/1159/1135
f 1180/1186/1162 1171/1180/1156 1169/1179/1155
f 1150/1158/1134 1171/1180/1156 1180/1186/1162
f 1180/1186/1162 1149/1159/1135 1150/1158/1134
f 1177/1143/1119 1174/1100/1076 1183/1099/1075
f 1183/1099/1075 1182/1101/1077 1100/1108/1084
f 1100/1108/1084 1103/1112/1088 1183/1099/1075
f 1183/1099/1075 1103/1112/1088 1177/1143/1119
f 1100/1108/1084 1182/1101/1077 1099/1107/1083
f 1182/1101/1077 1184/1102/1078 1099/1107/1083
f 1099/1107/1083 1184/1102/1078 1095/1104/1080
f 1178/1185/1161 1138/1145/1121 1179/1147/1123
f 1136/1144/1120 1138/1145/1121 1178/1185/1161
f 1170/1181/1157 1167/1177/1153 1166/1174/1150
f 1166/1174/1150 1163/1173/1149 1091/1096/1072
f 1091/1096/1072 1093/1097/1073 1166/1174/1150
f 1166/1174/1150 1093/1097/1073 1092/1098/1074
f 1153/1162/1138 1165/1175/1151 1150/1158/1134
f 1150/1158/1134 1151/1160/1136 1153/1162/1138
f 1142/1151/1127 1148/1157/1133 1149/1159/1135
f 1149/1159/1135 1141/1150/1126 1142/1151/1127
f 1181/1148/1124 1141/1150/1126 1149/1159/1135
f 999/999/975 1138/1145/1121 1137/1141/1117
f 1137/1141/1117 1134/997/973 999/999/975
f 1106/1115/1091 1098/1106/1082 1056/1059/1035
f 1057/1060/1036 1056/1059/1035 1098/1106/1082
f 1095/1104/1080 1097/1105/1081 1099/1107/1083
f 1079/1082/1058 1096/1103/1079 1085/1089/1065
f 1063/1065/1041 1096/1103/1079 1079/1082/1058
f 1088/1092/1068 1089/1093/1069 1091/1096/1072
f 1085/1089/1065 1080/1085/1061 1079/1082/1058
f 1062/1067/1043 1061/1066/1042 1079/1082/1058
f 1079/1082/1058 1061/1066/1042 1063/1065/1041
f 1079/1082/1058 1077/1081/1057 1062/1067/1043
f 1062/1067/1043 1077/1081/1057 1070/1074/1050
f 1070/1074/1050 1067/1071/1047 1062/1067/1043
f 1066/1070/1046 1185/1187/1163 1187/1069/1045
f 1187/1069/1045 1185/1187/1163 1186/1188/1164
f 1188/1189/1165 1187/1069/1045 1186/1188/1164
f 1186/1188/1164 1189/1190/1166 1188/1189/1165
f 1188/1189/1165 1189/1190/1166 1190/1191/1167
f 1190/1191/1167 1191/1192/1168 1048/1050/1026
f 1190/1191/1167 1192/1193/1169 1188/1189/1165
f 1048/1050/1026 1192/1193/1169 1190/1191/1167
f 1188/1189/1165 1192/1193/1169 1051/1055/1031
f 1051/1055/1031 1192/1193/1169 1048/1050/1026
f 1048/1050/1026 1191/1192/1168 1193/1194/1170
f 1197/1052/1028 1048/1050/1026 1193/1194/1170
f 1193/1194/1170 1194/1195/1171 1197/1052/1028
f 1197/1052/1028 1194/1195/1171 1195/1196/1172
f 1195/1196/1172 1196/1197/1173 1036/1037/1013
f 1036/1037/1013 1197/1052/1028 1195/1196/1172
f 1039/1039/1015 1197/1052/1028 1036/1037/1013
f 1036/1037/1013 1196/1197/1173 1198/1198/1174
f 1198/1198/1174 1035/1036/1012 1036/1037/1013
f 1022/1024/1000 1035/1036/1012 1198/1198/1174
f 1198/1198/1174 1023/1025/1001 1022/1024/1000
f 1188/1189/1165 1055/1057/1033 1053/1058/1034
f 1053/1058/1034 1187/1069/1045 1188/1189/1165
f 1051/1055/1031 1055/1057/1033 1188/1189/1165
f 1187/1069/1045 1053/1058/1034 1058/1062/1038
f 1048/1050/1026 1049/1049/1025 1051/1055/1031
f 1039/1039/1015 1046/1047/1023 1197/1052/1028
f 1036/1037/1013 1034/1033/1009 1039/1039/1015
f 1033/1032/1008 1029/1031/1007 1028/1028/1004
f 1015/1013/989 1008/1008/984 1004/1007/983
f 1200/1199/1175 1202/1200/1176 1199/1201/1177
f 1199/1201/1177 1201/1202/1178 1200/1199/1175
f 1199/1201/1177 1202/1200/1176 1203/1203/1179
f 1203/1203/1179 1288/1204/1180 1199/1201/1177
f 1201/1202/1178 1199/1201/1177 1205/1205/1181
f 1288/1204/1180 1206/1206/1182 1205/1205/1181
f 1205/1205/1181 1199/1201/1177 1288/1204/1180
f 1207/1207/1183 1206/1206/1182 1288/1204/1180
f 1289/1208/1184 1208/1209/1185 1207/1207/1183
f 1207/1207/1183 1288/1204/1180 1289/1208/1184
f 1209/1210/1186 1208/1209/1185 1289/1208/1184
f 1290/1211/1187 1210/1212/1188 1209/1210/1186
f 1209/1210/1186 1289/1208/1184 1290/1211/1187
f 1211/1213/1189 1210/1212/1188 1290/1211/1187
f 1211/1213/1189 1291/1214/1190 1292/1215/1191
f 1290/1211/1187 1291/1214/1190 1211/1213/1189
f 1246/1216/1192 1213/1217/1193 1212/1218/1194
f 1212/1218/1194 1293/1219/1195 1246/1216/1192
f 1292/1215/1191 1293/1219/1195 1212/1218/1194
f 1214/1220/1196 1213/1217/1193 1246/1216/1192
f 1245/1221/1197 1215/1222/1198 1214/1220/1196
f 1214/1220/1196 1246/1216/1192 1245/1221/1197
f 1243/1223/1199 1215/1222/1198 1245/1221/1197
f 1236/1224/1200 1216/1225/1201 1237/1226/1202
f 1217/1227/1144 1216/1225/1201 1236/1224/1200
f 1222/1228/1203 1218/1229/1204 1217/1227/1144
f 1217/1227/1144 1235/1230/1205 1222/1228/1203
f 1236/1224/1200 1235/1230/1205 1217/1227/1144
f 1219/1231/1147 1218/1229/1204 1222/1228/1203
f 1224/1232/1206 1220/1233/1207 1219/1231/1147
f 1222/1228/1203 1221/1234/1208 1219/1231/1147
f 1219/1231/1147 1221/1234/1208 1224/1232/1206
f 1222/1228/1203 1223/1235/1209 1221/1234/1208
f 1221/1234/1208 1223/1235/1209 1224/1232/1206
f 1225/1236/1210 1226/1237/1211 1298/1238/1212
f 1227/1239/1213 1226/1237/1211 1225/1236/1210
f 1225/1236/1210 1230/1240/1214 1227/1239/1213
f 1229/1241/1215 1228/1242/1216 1227/1239/1213
f 1227/1239/1213 1230/1240/1214 1229/1241/1215
f 1239/1243/1217 1234/1244/1218 1236/1224/1200
f 1236/1224/1200 1234/1244/1218 1238/1245/1219
f 1236/1224/1200 1238/1245/1219 1235/1230/1205
f 1237/1226/1202 1239/1243/1217 1236/1224/1200
f 1240/1246/1220 1239/1243/1217 1237/1226/1202
f 1243/1223/1199 1241/1247/1221 1240/1246/1220
f 1237/1226/1202 1242/1248/1222 1240/1246/1220
f 1240/1246/1220 1242/1248/1222 1243/1223/1199
f 1244/1249/1223 1241/1247/1221 1243/1223/1199
f 1243/1223/1199 1245/1221/1197 1244/1249/1223
f 1244/1249/1223 1245/1221/1197 1246/1216/1192
f 1247/1250/1224 1248/1251/1225 1246/1216/1192
f 1246/1216/1192 1248/1251/1225 1244/1249/1223
f 1289/1208/1184 1254/1252/1226 1253/1253/1227
f 1255/1254/1228 1254/1252/1226 1289/1208/1184
f 1258/1255/1229 1256/1256/1230 1257/1257/1231
f 1257/1257/1231 1259/1258/1232 1258/1255/1229
f 1261/1259/1233 1260/1260/1234 1259/1258/1232
f 1259/1258/1232 1281/1261/1235 1261/1259/1233
f 1257/1257/1231 1281/1261/1235 1259/1258/1232
f 1262/1262/1236 1259/1258/1232 1260/1260/1234
f 1262/1262/1236 1263/1263/1237 1259/1258/1232
f 1259/1258/1232 1263/1263/1237 1264/1264/1238
f 1264/1264/1238 1258/1255/1229 1259/1258/1232
f 1278/1265/1239 1266/1266/1240 1265/1267/1241
f 1265/1267/1241 1279/1268/1242 1278/1265/1239
f 1260/1260/1234 1279/1268/1242 1265/1267/1241
f 1267/1269/1243 1266/1266/1240 1278/1265/1239
f 1276/1270/1244 1268/1271/1245 1267/1269/1243
f 1278/1265/1239 1276/1270/1244 1267/1269/1243
f 1269/1272/1246 1268/1271/1245 1276/1270/1244
f 1275/1273/1247 1270/1274/1248 1269/1272/1246
f 1276/1270/1244 1275/1273/1247 1269/1272/1246
f 1271/1275/1249 1270/1274/1248 1275/1273/1247
f 1271/1275/1249 1272/1276/1250 1273/1277/1251
f 1275/1273/1247 1272/1276/1250 1271/1275/1249
f 1274/1278/1252 1273/1277/1251 1272/1276/1250
f 1272/1276/1250 1286/1279/1253 1274/1278/1252
f 1275/1273/1247 1286/1279/1253 1272/1276/1250
f 1276/1270/1244 1284/1280/1254 1275/1273/1247
f 1277/1281/1255 1282/1282/1256 1276/1270/1244
f 1276/1270/1244 1278/1265/1239 1277/1281/1255
f 1277/1281/1255 1278/1265/1239 1279/1268/1242
f 1261/1259/1233 1280/1283/1257 1279/1268/1242
f 1279/1268/1242 1280/1283/1257 1277/1281/1255
f 1279/1268/1242 1260/1260/1234 1261/1259/1233
f 1282/1282/1256 1283/1284/1258 1276/1270/1244
f 1276/1270/1244 1283/1284/1258 1284/1280/1254
f 1284/1280/1254 1285/1285/1259 1275/1273/1247
f 1275/1273/1247 1285/1285/1259 1286/1279/1253
f 1274/1278/1252 1287/1286/1260 1204/1287/1261
f 1204/1287/1261 1287/1286/1260 1200/1199/1175
f 1204/1287/1261 1273/1277/1251 1274/1278/1252
f 1288/1204/1180 1255/1254/1228 1289/1208/1184
f 1203/1203/1179 1255/1254/1228 1288/1204/1180
f 1289/1208/1184 1253/1253/1227 1251/1288/1262
f 1251/1288/1262 1290/1211/1187 1289/1208/1184
f 1291/1214/1190 1290/1211/1187 1251/1288/1262
f 1251/1288/1262 1252/1289/1263 1291/1214/1190
f 1291/1214/1190 1252/1289/1263 1249/1290/1264
f 1249/1290/1264 1292/1215/1191 1291/1214/1190
f 1293/1219/1195 1292/1215/1191 1249/1290/1264
f 1249/1290/1264 1250/1291/1265 1293/1219/1195
f 1293/1219/1195 1250/1291/1265 1247/1250/1224
f 1247/1250/1224 1246/1216/1192 1293/1219/1195
f 1235/1230/1205 1238/1245/1219 1222/1228/1203
f 1238/1245/1219 1233/1292/1266 1222/1228/1203
f 1222/1228/1203 1233/1292/1266 1223/1235/1209
f 1223/1235/1209 1232/1293/1267 1224/1232/1206
f 1224/1232/1206 1232/1293/1267 1231/1294/1268
f 1229/1241/1215 1294/1295/1269 1295/1296/1270
f 1295/1296/1270 1228/1242/1216 1229/1241/1215
f 1228/1242/1216 1295/1296/1270 1296/1297/1271
f 1296/1297/1271 1297/1298/1272 1228/1242/1216
f 1228/1242/1216 1297/1298/1272 1227/1239/1213
f 1298/1238/1212 1220/1233/1207 1224/1232/1206
f 1225/1236/1210 1298/1238/1212 1231/1294/1268
f 1231/1294/1268 1298/1238/1212 1224/1232/1206
f 1200/1199/1175 1201/1202/1178 1204/1287/1261
f 1300/1299/1273 1303/1300/1274 1299/1301/1275
f 1299/1301/1275 1378/1302/1276 1301/1303/1277
f 1303/1300/1274 1305/1304/1278 1307/1305/1279
f 1307/1305/1279 1299/1301/1275 1303/1300/1274
f 1303/1300/1274 1302/1306/1280 1304/1307/1281
f 1304/1307/1281 1305/1304/1278 1303/1300/1274
f 1307/1305/1279 1305/1304/1278 1306/1308/1282
f 1306/1308/1282 1305/1304/1278 1304/1307/1281
f 1310/1309/1283 1307/1305/1279 1306/1308/1282
f 1306/1308/1282 1304/1307/1281 1308/1310/1284
f 1308/1310/1284 1309/1311/1285 1306/1308/1282
f 1306/1308/1282 1309/1311/1285 1310/1309/1283
f 1308/1310/1284 1304/1307/1281 1311/1312/1286
f 1311/1312/1286 1313/1313/1287 1312/1314/1288
f 1312/1314/1288 1315/1315/1289 1311/1312/1286
f 1304/1307/1281 1314/1316/1290 1311/1312/1286
f 1311/1312/1286 1314/1316/1290 1313/1313/1287
f 1311/1312/1286 1315/1315/1289 1308/1310/1284
f 1312/1314/1288 1313/1313/1287 1319/1317/1291
f 1316/1318/1292 1318/1319/1293 1319/1317/1291
f 1313/1313/1287 1317/1320/1294 1319/1317/1291
f 1319/1317/1291 1318/1319/1293 1312/1314/1288
f 1323/1321/1295 1319/1317/1291 1317/1320/1294
f 1316/1318/1292 1319/1317/1291 1323/1321/1295
f 1320/1322/1296 1322/1323/1297 1323/1321/1295
f 1317/1320/1294 1321/1324/1298 1323/1321/1295
f 1323/1321/1295 1322/1323/1297 1316/1318/1292
f 1324/1325/1299 1323/1321/1295 1321/1324/1298
f 1320/1322/1296 1323/1321/1295 1324/1325/1299
f 1324/1325/1299 1326/1326/1300 1325/1327/1301
f 1325/1327/1301 1328/1328/1302 1324/1325/1299
f 1321/1324/1298 1327/1329/1303 1324/1325/1299
f 1324/1325/1299 1327/1329/1303 1326/1326/1300
f 1324/1325/1299 1328/1328/1302 1320/1322/1296
f 1325/1327/1301 1326/1326/1300 1333/1330/1304
f 1329/1331/1305 1332/1332/1306 1333/1330/1304
f 1326/1326/1300 1331/1333/1307 1333/1330/1304
f 1333/1330/1304 1331/1333/1307 1330/1334/1308
f 1333/1330/1304 1332/1332/1306 1325/1327/1301
f 1338/1335/1309 1333/1330/1304 1330/1334/1308
f 1329/1331/1305 1333/1330/1304 1338/1335/1309
f 1334/1336/1310 1337/1337/1311 1338/1335/1309
f 1330/1334/1308 1336/1338/1312 1338/1335/1309
f 1338/1335/1309 1336/1338/1312 1335/1339/1313
f 1338/1335/1309 1337/1337/1311 1329/1331/1305
f 1339/1340/1314 1338/1335/1309 1335/1339/1313
f 1334/1336/1310 1338/1335/1309 1339/1340/1314
f 1339/1340/1314 1341/1341/1315 1340/1342/1316
f 1340/1342/1316 1343/1343/1317 1339/1340/1314
f 1335/1339/1313 1342/1344/1318 1339/1340/1314
f 1339/1340/1314 1342/1344/1318 1341/1341/1315
f 1339/1340/1314 1343/1343/1317 1334/1336/1310
f 1340/1342/1316 1341/1341/1315 1344/1345/1319
f 1344/1345/1319 1347/1346/1320 1345/1347/1321
f 1344/1345/1319 1345/1347/1321 1346/1348/1322
f 1341/1341/1315 1347/1346/1320 1344/1345/1319
f 1346/1348/1322 1348/1349/1323 1344/1345/1319
f 1344/1345/1319 1348/1349/1323 1340/1342/1316
f 1345/1347/1321 1347/1346/1320 1349/1350/1324
f 1349/1350/1324 1347/1346/1320 1341/1341/1315
f 1349/1350/1324 1350/1351/1325 1345/1347/1321
f 1341/1341/1315 1351/1352/1326 1349/1350/1324
f 1330/1334/1308 1356/1353/1327 1354/1354/1328
f 1354/1354/1328 1352/1355/1329 1335/1339/1313
f 1335/1339/1313 1336/1338/1312 1354/1354/1328
f 1354/1354/1328 1336/1338/1312 1330/1334/1308
f 1355/1356/1330 1356/1353/1327 1330/1334/1308
f 1326/1326/1300 1359/1357/1331 1355/1356/1330
f 1330/1334/1308 1331/1333/1307 1355/1356/1330
f 1355/1356/1330 1331/1333/1307 1326/1326/1300
f 1358/1358/1332 1356/1353/1327 1355/1356/1330
f 1355/1356/1330 1359/1357/1331 1357/1359/1333
f 1357/1359/1333 1359/1357/1331 1360/1360/1334
f 1317/1320/1294 1367/1361/1335 1361/1362/1336
f 1361/1362/1336 1321/1324/1298 1317/1320/1294
f 1362/1363/1337 1367/1361/1335 1317/1320/1294
f 1313/1313/1287 1364/1364/1338 1362/1363/1337
f 1362/1363/1337 1317/1320/1294 1313/1313/1287
f 1304/1307/1281 1302/1306/1280 1363/1365/1339
f 1363/1365/1339 1364/1364/1338 1313/1313/1287
f 1313/1313/1287 1314/1316/1290 1363/1365/1339
f 1363/1365/1339 1314/1316/1290 1304/1307/1281
f 1364/1364/1338 1363/1365/1339 1365/1366/1340
f 1366/1367/1341 1362/1363/1337 1364/1364/1338
f 1367/1361/1335 1362/1363/1337 1366/1367/1341
f 1368/1368/1342 1361/1362/1336 1367/1361/1335
f 1368/1368/1342 1367/1361/1335 1370/1369/1343
f 1369/1370/1344 1361/1362/1336 1368/1368/1342
f 1370/1369/1343 1367/1361/1335 1366/1367/1341
f 1371/1371/1345 1364/1364/1338 1365/1366/1340
f 1366/1367/1341 1364/1364/1338 1371/1371/1345
f 1365/1366/1340 1302/1306/1280 1372/1372/1346
f 1372/1372/1346 1302/1306/1280 1300/1299/1273
f 1373/1373/1347 1299/1301/1275 1301/1303/1277
f 1300/1299/1273 1299/1301/1275 1373/1373/1347
f 1374/1374/1348 1376/1375/1349 1375/1376/1350
f 1301/1303/1277 1376/1375/1349 1374/1374/1348
f 1301/1303/1277 1378/1302/1276 1376/1375/1349
f 1376/1375/1349 1377/1377/1351 1375/1376/1350
f 1378/1302/1276 1299/1301/1275 1307/1305/1279
f 1307/1305/1279 1379/1378/1352 1378/1302/1276
f 1378/1302/1276 1379/1378/1352 1381/1379/1353
f 1381/1379/1353 1376/1375/1349 1378/1302/1276
f 1381/1379/1353 1379/1378/1352 1380/1380/1354
f 1380/1380/1354 1379/1378/1352 1307/1305/1279
f 1383/1381/1355 1381/1379/1353 1380/1380/1354
f 1310/1309/1283 1382/1382/1356 1380/1380/1354
f 1380/1380/1354 1382/1382/1356 1383/1381/1355
f 1380/1380/1354 1307/1305/1279 1310/1309/1283
f 1384/1383/1357 1381/1379/1353 1383/1381/1355
f 1383/1381/1355 1385/1384/1358 1384/1383/1357
f 1384/1383/1357 1385/1384/1358 1386/1385/1359
f 1387/1386/1360 1389/1387/1361 1386/1385/1359
f 1386/1385/1359 1388/1388/1362 1387/1386/1360
f 1386/1385/1359 1389/1387/1361 1384/1383/1357
f 1433/1389/1363 1434/1390/1364 1389/1387/1361
f 1389/1387/1361 1391/1391/1365 1433/1389/1363
f 1389/1387/1361 1434/1390/1364 1377/1377/1351
f 1389/1387/1361 1390/1392/1366 1384/1383/1357
f 1377/1377/1351 1390/1392/1366 1389/1387/1361
f 1387/1386/1360 1391/1391/1365 1389/1387/1361
f 1433/1389/1363 1391/1391/1365 1392/1393/1367
f 1392/1393/1367 1391/1391/1365 1387/1386/1360
f 1432/1394/1368 1436/1395/1369 1392/1393/1367
f 1392/1393/1367 1394/1396/1370 1432/1394/1368
f 1392/1393/1367 1436/1395/1369 1433/1389/1363
f 1393/1397/1371 1394/1396/1370 1392/1393/1367
f 1396/1398/1372 1395/1399/1373 1393/1397/1371
f 1393/1397/1371 1395/1399/1373 1397/1400/1374
f 1393/1397/1371 1392/1393/1367 1396/1398/1372
f 1402/1401/1375 1393/1397/1371 1397/1400/1374
f 1397/1400/1374 1398/1402/1376 1402/1401/1375
f 1402/1401/1375 1398/1402/1376 1399/1403/1377
f 1400/1404/1378 1402/1401/1375 1399/1403/1377
f 1399/1403/1377 1401/1405/1379 1400/1404/1378
f 1403/1406/1380 1402/1401/1375 1400/1404/1378
f 1431/1407/1381 1440/1408/1382 1403/1406/1380
f 1403/1406/1380 1404/1409/1383 1431/1407/1381
f 1400/1404/1378 1404/1409/1383 1403/1406/1380
f 1431/1407/1381 1404/1409/1383 1405/1410/1384
f 1405/1410/1384 1404/1409/1383 1400/1404/1378
f 1429/1411/1385 1430/1412/1386 1405/1410/1384
f 1405/1410/1384 1406/1413/1387 1429/1411/1385
f 1405/1410/1384 1430/1412/1386 1431/1407/1381
f 1407/1414/1388 1406/1413/1387 1405/1410/1384
f 1411/1415/1389 1412/1416/1390 1407/1414/1388
f 1407/1414/1388 1412/1416/1390 1408/1417/1391
f 1408/1417/1391 1406/1413/1387 1407/1414/1388
f 1410/1418/1392 1409/1419/1393 1407/1414/1388
f 1407/1414/1388 1409/1419/1393 1411/1415/1389
f 1407/1414/1388 1405/1410/1384 1410/1418/1392
f 1411/1415/1389 1413/1420/1394 1412/1416/1390
f 1412/1416/1390 1413/1420/1394 1414/1421/1395
f 1414/1421/1395 1416/1422/1396 1415/1423/1397
f 1414/1421/1395 1415/1423/1397 1412/1416/1390
f 1412/1416/1390 1415/1423/1397 1417/1424/1398
f 1426/1425/1399 1446/1426/1400 1417/1424/1398
f 1417/1424/1398 1419/1427/1401 1426/1425/1399
f 1417/1424/1398 1446/1426/1400 1427/1428/1402
f 1417/1424/1398 1418/1429/1403 1412/1416/1390
f 1427/1428/1402 1418/1429/1403 1417/1424/1398
f 1415/1423/1397 1419/1427/1401 1417/1424/1398
f 1426/1425/1399 1419/1427/1401 1422/1430/1404
f 1422/1430/1404 1419/1427/1401 1415/1423/1397
f 1425/1431/1405 1448/1432/1406 1422/1430/1404
f 1422/1430/1404 1420/1433/1407 1425/1431/1405
f 1422/1430/1404 1448/1432/1406 1426/1425/1399
f 1421/1434/1408 1420/1433/1407 1422/1430/1404
f 1421/1434/1408 1422/1430/1404 1423/1435/1409
f 1423/1435/1409 1422/1430/1404 1415/1423/1397
f 1423/1435/1409 1424/1436/1410 1421/1434/1408
f 1415/1423/1397 1416/1422/1396 1423/1435/1409
f 1421/1434/1408 1424/1436/1410 1346/1348/1322
f 1345/1347/1321 1420/1433/1407 1421/1434/1408
f 1346/1348/1322 1345/1347/1321 1421/1434/1408
f 1425/1431/1405 1420/1433/1407 1345/1347/1321
f 1408/1417/1391 1428/1437/1411 1429/1411/1385
f 1427/1428/1402 1428/1437/1411 1408/1417/1391
f 1394/1396/1370 1438/1438/1412 1432/1394/1368
f 1440/1408/1382 1438/1438/1412 1394/1396/1370
f 1375/1376/1350 1377/1377/1351 1434/1390/1364
f 1434/1390/1364 1433/1389/1363 1435/1439/1413
f 1435/1439/1413 1433/1389/1363 1436/1395/1369
f 1436/1395/1369 1432/1394/1368 1437/1440/1414
f 1437/1440/1414 1432/1394/1368 1438/1438/1412
f 1438/1438/1412 1440/1408/1382 1439/1441/1415
f 1440/1408/1382 1431/1407/1381 1441/1442/1416
f 1441/1442/1416 1431/1407/1381 1442/1443/1417
f 1442/1443/1417 1429/1411/1385 1443/1444/1418
f 1442/1443/1417 1430/1412/1386 1429/1411/1385
f 1431/1407/1381 1430/1412/1386 1442/1443/1417
f 1443/1444/1418 1429/1411/1385 1444/1445/1419
f 1444/1445/1419 1427/1428/1402 1445/1446/1420
f 1444/1445/1419 1428/1437/1411 1427/1428/1402
f 1429/1411/1385 1428/1437/1411 1444/1445/1419
f 1445/1446/1420 1427/1428/1402 1446/1426/1400
f 1446/1426/1400 1426/1425/1399 1447/1447/1421
f 1447/1447/1421 1426/1425/1399 1448/1432/1406
f 1448/1432/1406 1425/1431/1405 1449/1448/1422
f 1449/1448/1422 1425/1431/1405 1350/1351/1325
f 1350/1351/1325 1450/1449/1423 1449/1448/1422
f 1451/1450/1424 1448/1432/1406 1449/1448/1422
f 1452/1451/1425 1349/1350/1324 1351/1352/1326
f 1452/1451/1425 1351/1352/1326 1453/1452/1426
f 1350/1351/1325 1349/1350/1324 1452/1451/1425
f 1452/1451/1425 1450/1449/1423 1350/1351/1325
f 1453/1452/1426 1351/1352/1326 1454/1453/1427
f 1454/1453/1427 1352/1355/1329 1455/1454/1428
f 1455/1454/1428 1352/1355/1329 1456/1455/1429
f 1456/1455/1429 1354/1354/1328 1358/1358/1332
f 1456/1455/1429 1358/1358/1332 1457/1456/1430
f 1352/1355/1329 1354/1354/1328 1456/1455/1429
f 1458/1457/1431 1459/1458/1432 1457/1456/1430
f 1457/1456/1430 1358/1358/1332 1458/1457/1431
f 1460/1459/1433 1459/1458/1432 1458/1457/1431
f 1458/1457/1431 1357/1359/1333 1460/1459/1433
f 1460/1459/1433 1357/1359/1333 1461/1460/1434
f 1461/1460/1434 1360/1360/1334 1361/1362/1336
f 1461/1460/1434 1361/1362/1336 1369/1370/1344
f 1357/1359/1333 1360/1360/1334 1461/1460/1434
f 1458/1457/1431 1355/1356/1330 1357/1359/1333
f 1358/1358/1332 1355/1356/1330 1458/1457/1431
f 1454/1453/1427 1353/1461/1435 1352/1355/1329
f 1351/1352/1326 1353/1461/1435 1454/1453/1427
f 1447/1447/1421 1448/1432/1406 1451/1450/1424
f 1462/1462/1436 1446/1426/1400 1447/1447/1421
f 1445/1446/1420 1446/1426/1400 1462/1462/1436
f 1463/1463/1437 1464/1464/1438 1443/1444/1418
f 1463/1463/1437 1444/1445/1419 1445/1446/1420
f 1443/1444/1418 1444/1445/1419 1463/1463/1437
f 1443/1444/1418 1464/1464/1438 1465/1465/1439
f 1465/1465/1439 1442/1443/1417 1443/1444/1418
f 1441/1442/1416 1442/1443/1417 1465/1465/1439
f 1466/1466/1440 1440/1408/1382 1441/1442/1416
f 1439/1441/1415 1440/1408/1382 1466/1466/1440
f 1467/1467/1441 1438/1438/1412 1439/1441/1415
f 1437/1440/1414 1438/1438/1412 1467/1467/1441
f 1468/1468/1442 1436/1395/1369 1437/1440/1414
f 1435/1439/1413 1436/1395/1369 1468/1468/1442
f 1469/1469/1443 1434/1390/1364 1435/1439/1413
f 1375/1376/1350 1434/1390/1364 1469/1469/1443
f 1345/1347/1321 1350/1351/1325 1425/1431/1405
f 1408/1417/1391 1418/1429/1403 1427/1428/1402
f 1412/1416/1390 1418/1429/1403 1408/1417/1391
f 1410/1418/1392 1405/1410/1384 1400/1404/1378
f 1400/1404/1378 1401/1405/1379 1410/1418/1392
f 1429/1411/1385 1406/1413/1387 1408/1417/1391
f 1394/1396/1370 1403/1406/1380 1440/1408/1382
f 1402/1401/1375 1403/1406/1380 1394/1396/1370
f 1394/1396/1370 1393/1397/1371 1402/1401/1375
f 1396/1398/1372 1392/1393/1367 1387/1386/1360
f 1387/1386/1360 1388/1388/1362 1396/1398/1372
f 1384/1383/1357 1390/1392/1366 1381/1379/1353
f 1381/1379/1353 1390/1392/1366 1377/1377/1351
f 1377/1377/1351 1376/1375/1349 1381/1379/1353
f 1365/1366/1340 1363/1365/1339 1302/1306/1280
f 1321/1324/1298 1361/1362/1336 1360/1360/1334
f 1360/1360/1334 1359/1357/1331 1326/1326/1300
f 1326/1326/1300 1327/1329/1303 1360/1360/1334
f 1360/1360/1334 1327/1329/1303 1321/1324/1298
f 1354/1354/1328 1356/1353/1327 1358/1358/1332
f 1335/1339/1313 1352/1355/1329 1353/1461/1435
f 1353/1461/1435 1351/1352/1326 1341/1341/1315
f 1341/1341/1315 1342/1344/1318 1353/1461/1435
f 1353/1461/1435 1342/1344/1318 1335/1339/1313
f 1302/1306/1280 1303/1300/1274 1300/1299/1273
