# Blender 5.1.2
# www.blender.org
mtllib dpad_right.mtl
o dpad_right
v -0.576951 -0.265950 0.305732
v -0.586511 -0.298900 0.295862
v -0.576951 -0.299078 0.305732
v -0.586511 -0.265754 0.295862
v -0.567543 -0.299371 0.315445
v -0.567544 -0.266225 0.315444
v -0.559619 -0.266530 0.323494
v -0.559620 -0.299701 0.323493
v -0.554508 -0.299992 0.328377
v -0.554508 -0.266812 0.328377
v -0.550400 -0.267025 0.331062
v -0.550400 -0.300205 0.331062
v -0.545488 -0.300301 0.332519
v -0.545488 -0.267121 0.332519
v -0.537454 -0.267242 0.333435
v -0.538275 -0.300408 0.333344
v -0.527260 -0.300650 0.334133
v -0.514577 -0.267761 0.334891
v -0.514584 -0.300941 0.334891
v -0.502353 -0.301196 0.335621
v -0.502353 -0.268016 0.335621
v -0.489495 -0.268242 0.335143
v -0.489495 -0.301422 0.335143
v -0.474907 -0.301629 0.332275
v -0.474907 -0.268449 0.332275
v -0.462002 -0.268515 0.325365
v -0.462002 -0.301695 0.325365
v -0.454192 -0.301497 0.312761
v -0.454192 -0.268318 0.312761
v -0.450246 -0.267900 0.295228
v -0.450246 -0.301079 0.295228
v -0.448930 -0.300484 0.273529
v -0.448930 -0.267305 0.273529
v -0.450300 -0.266656 0.251801
v -0.450300 -0.299836 0.251801
v -0.454411 -0.299258 0.234178
v -0.454411 -0.266078 0.234178
v -0.462447 -0.265576 0.221523
v -0.462447 -0.298756 0.221523
v -0.475594 -0.298335 0.214698
v -0.475594 -0.265155 0.214698
v -0.490441 -0.264825 0.212023
v -0.503574 -0.264596 0.211818
v -0.490441 -0.298006 0.212023
v -0.503574 -0.297776 0.211818
v -0.515893 -0.264404 0.212852
v -0.515893 -0.297584 0.212852
v -0.598636 -0.298550 0.279776
v -0.594361 -0.298752 0.286866
v -0.594361 -0.265581 0.286866
v -0.598636 -0.265370 0.279776
v -0.599862 -0.265156 0.273645
v -0.599862 -0.298336 0.273645
v -0.598567 -0.298151 0.267528
v -0.598567 -0.264971 0.267528
v -0.594225 -0.264692 0.260498
v -0.594225 -0.297865 0.260498
v -0.586312 -0.297344 0.251628
v -0.586312 -0.264191 0.251628
v -0.576700 -0.263737 0.241924
v -0.576699 -0.296876 0.241923
v -0.567262 -0.296748 0.232397
v -0.567261 -0.263594 0.232396
v -0.559359 -0.263629 0.224500
v -0.559360 -0.296802 0.224501
v -0.554356 -0.296883 0.219696
v -0.554356 -0.263703 0.219696
v -0.550433 -0.263793 0.217064
v -0.550433 -0.296974 0.217064
v -0.545772 -0.297056 0.215687
v -0.545772 -0.263876 0.215687
v -0.537846 -0.264013 0.214746
v -0.537354 -0.297202 0.214694
v -0.515893 -0.264404 0.212852
v -0.515893 -0.297584 0.212852
v -0.547594 -0.314869 0.250127
v -0.555961 -0.312546 0.259831
v -0.545361 -0.314664 0.257257
v -0.558606 -0.312937 0.249314
v -0.550093 -0.315151 0.243142
v -0.538549 -0.317642 0.246033
v -0.544182 -0.318107 0.230480
v -0.541552 -0.318042 0.237370
v -0.552455 -0.315148 0.237039
v -0.560438 -0.312855 0.244231
v -0.562014 -0.312181 0.240061
v -0.554278 -0.314499 0.232556
v -0.549524 -0.316306 0.228053
v -0.555559 -0.312785 0.229528
v -0.545890 -0.317531 0.225635
v -0.550792 -0.314602 0.225019
v -0.547108 -0.315835 0.222582
v -0.543399 -0.313228 0.219567
v -0.547808 -0.312654 0.220829
v -0.542712 -0.316407 0.221325
v -0.541307 -0.318099 0.224248
v -0.535738 -0.316764 0.220557
v -0.539692 -0.318687 0.229312
v -0.537047 -0.318565 0.236886
v -0.502993 -0.318652 0.218103
v -0.515097 -0.320022 0.227404
v -0.502205 -0.320345 0.221306
v -0.515486 -0.310305 0.216297
v -0.503541 -0.315505 0.216283
v -0.535491 -0.313651 0.218710
v -0.527206 -0.309635 0.217181
v -0.537214 -0.309102 0.218013
v -0.543724 -0.308764 0.218737
v -0.548138 -0.308189 0.220002
v -0.551862 -0.306945 0.222457
v -0.556641 -0.305112 0.226972
v -0.551530 -0.311353 0.223261
v -0.564217 -0.302766 0.234416
v -0.572262 -0.308211 0.245966
v -0.569482 -0.305727 0.240772
v -0.573242 -0.300481 0.243376
v -0.563209 -0.310464 0.237000
v -0.582004 -0.303345 0.253243
v -0.582363 -0.298829 0.252440
v -0.589834 -0.297810 0.260685
v -0.589358 -0.302338 0.261364
v -0.593910 -0.297426 0.267188
v -0.593224 -0.301962 0.267575
v -0.592808 -0.305242 0.272867
v -0.594321 -0.301932 0.272845
v -0.591911 -0.305266 0.268406
v -0.588376 -0.305624 0.262818
v -0.595138 -0.297392 0.272834
v -0.593370 -0.301964 0.278143
v -0.594066 -0.297428 0.278512
v -0.590159 -0.297816 0.285138
v -0.582517 -0.303356 0.292827
v -0.582880 -0.298843 0.293627
v -0.589669 -0.302343 0.284470
v -0.588659 -0.305628 0.283040
v -0.592036 -0.305267 0.277350
v -0.581741 -0.306609 0.291124
v -0.589891 -0.307142 0.275953
v -0.586933 -0.307470 0.280528
v -0.580381 -0.308390 0.288145
v -0.587299 -0.308061 0.274307
v -0.571832 -0.309952 0.297338
v -0.578473 -0.309207 0.284748
v -0.572985 -0.308227 0.300407
v -0.570326 -0.310664 0.293503
v -0.576161 -0.309537 0.281678
v -0.568604 -0.310848 0.289442
v -0.559303 -0.312943 0.297329
v -0.561257 -0.312874 0.302466
v -0.562885 -0.312209 0.306645
v -0.555190 -0.314553 0.314440
v -0.564093 -0.310500 0.309697
v -0.556520 -0.312844 0.317445
v -0.553283 -0.315196 0.309984
v -0.542134 -0.318102 0.309903
v -0.550791 -0.315189 0.303908
v -0.544898 -0.318178 0.316793
v -0.550396 -0.316376 0.319097
v -0.547911 -0.315922 0.324651
v -0.546645 -0.317613 0.321618
v -0.551721 -0.314676 0.322105
v -0.552481 -0.311491 0.323832
v -0.548639 -0.312744 0.326392
v -0.560130 -0.308615 0.316307
v -0.557643 -0.305176 0.319982
v -0.552839 -0.307023 0.324647
v -0.548982 -0.308280 0.327214
v -0.544019 -0.313335 0.327802
v -0.544353 -0.308873 0.328628
v -0.537723 -0.309217 0.329450
v -0.535873 -0.313767 0.328778
v -0.527862 -0.309725 0.330241
v -0.516244 -0.310368 0.331027
v -0.504342 -0.311112 0.331835
v -0.503999 -0.315562 0.330978
v -0.503367 -0.318715 0.329171
v -0.502504 -0.320407 0.325999
v -0.513121 -0.320234 0.320142
v -0.490634 -0.321140 0.325789
v -0.491202 -0.319481 0.328892
v -0.490988 -0.321615 0.321018
v -0.476413 -0.322139 0.311210
v -0.479188 -0.322226 0.318892
v -0.478611 -0.321738 0.323506
v -0.470836 -0.322449 0.313831
v -0.478168 -0.320127 0.326447
v -0.468630 -0.322003 0.317739
v -0.467018 -0.320432 0.320331
v -0.477909 -0.317005 0.328143
v -0.466084 -0.317338 0.321832
v -0.458896 -0.317054 0.310202
v -0.460291 -0.320153 0.309056
v -0.462705 -0.321731 0.307074
v -0.459741 -0.321326 0.292206
v -0.465899 -0.322207 0.304270
v -0.456861 -0.319725 0.293328
v -0.463441 -0.321852 0.290748
v -0.469634 -0.321998 0.300654
v -0.467563 -0.321738 0.289091
v -0.466798 -0.321649 0.273810
v -0.462528 -0.321733 0.273805
v -0.458647 -0.321192 0.273827
v -0.455603 -0.319583 0.273857
v -0.456595 -0.319726 0.254343
v -0.463225 -0.321851 0.256831
v -0.459493 -0.321327 0.255410
v -0.462352 -0.321730 0.240427
v -0.459914 -0.320151 0.238484
v -0.468337 -0.321989 0.229640
v -0.465599 -0.322203 0.243216
v -0.466680 -0.320419 0.227061
v -0.470624 -0.322430 0.233565
v -0.469434 -0.321986 0.246877
v -0.476307 -0.322097 0.236395
v -0.479279 -0.322174 0.228482
v -0.478561 -0.321695 0.223809
v -0.478011 -0.320089 0.220854
v -0.491110 -0.319421 0.218370
v -0.491300 -0.321533 0.226355
v -0.490693 -0.321072 0.221508
v -0.491349 -0.316271 0.216564
v -0.491461 -0.311824 0.215708
v -0.503841 -0.311056 0.215417
v -0.477690 -0.316971 0.219148
v -0.477536 -0.312543 0.218337
v -0.465262 -0.312913 0.224857
v -0.457834 -0.312636 0.236823
v -0.465720 -0.317326 0.225569
v -0.458505 -0.317052 0.237360
v -0.454921 -0.316610 0.253727
v -0.454126 -0.312184 0.253433
v -0.453846 -0.316462 0.273875
v -0.453011 -0.312032 0.273883
v -0.454408 -0.312183 0.294284
v -0.455198 -0.316609 0.293976
v -0.458232 -0.312637 0.310749
v -0.465639 -0.312925 0.322547
v -0.477784 -0.312575 0.328949
v -0.491681 -0.311875 0.331523
v -0.491527 -0.316326 0.330677
v -0.511719 -0.319954 0.234836
v -0.506163 -0.319721 0.243552
v -0.476602 -0.321200 0.251287
v -0.513983 -0.318467 0.262808
v -0.477837 -0.320796 0.261078
v -0.534197 -0.318110 0.245856
v -0.510921 -0.318930 0.253124
v -0.531654 -0.317847 0.253918
v -0.534502 -0.317159 0.263083
v -0.536131 -0.317347 0.254066
v -0.530006 -0.317659 0.263003
v -0.529574 -0.317596 0.273774
v -0.534141 -0.317082 0.273763
v -0.530128 -0.317682 0.284528
v -0.510599 -0.318579 0.273807
v -0.514042 -0.318490 0.284778
v -0.534465 -0.318164 0.301510
v -0.511284 -0.318955 0.294436
v -0.506656 -0.319753 0.303955
v -0.480115 -0.321440 0.304503
v -0.476602 -0.321238 0.296494
v -0.477861 -0.320819 0.286797
v -0.481475 -0.320425 0.273947
v -0.467401 -0.321733 0.258507
v -0.480328 -0.321373 0.243260
v -0.512513 -0.319985 0.312597
v -0.537465 -0.318642 0.310578
v -0.540205 -0.318771 0.318203
v -0.538997 -0.317693 0.301362
v -0.531877 -0.317888 0.293593
v -0.536481 -0.317387 0.293474
v -0.545730 -0.314686 0.289890
v -0.534675 -0.317177 0.284366
v -0.543752 -0.314598 0.282259
v -0.548133 -0.314898 0.296961
v -0.556351 -0.312543 0.286807
v -0.565256 -0.310903 0.282766
v -0.569865 -0.310069 0.273013
v -0.560450 -0.311421 0.273242
v -0.552523 -0.312783 0.267905
v -0.550660 -0.313010 0.275093
v -0.543562 -0.314585 0.264952
v -0.542369 -0.314680 0.273629
v -0.564884 -0.310925 0.263470
v -0.575797 -0.309558 0.264270
v -0.568002 -0.310868 0.256785
v -0.569619 -0.310671 0.252836
v -0.578032 -0.309215 0.261337
v -0.579898 -0.308390 0.257950
v -0.571099 -0.309946 0.249036
v -0.586702 -0.307469 0.265371
v -0.581239 -0.306602 0.254955
v -0.587263 -0.308059 0.271573
v -0.585017 -0.308476 0.272893
v -0.589803 -0.307141 0.269866
v -0.588445 -0.307801 0.272928
v -0.590449 -0.307126 0.272904
v -0.582432 -0.308751 0.271629
v -0.542076 -0.318198 0.323006
v -0.536081 -0.316880 0.326935
v -0.535197 -0.318545 0.323845
v -0.543310 -0.316511 0.326052
v -0.565114 -0.302811 0.312275
v -0.573957 -0.300508 0.302999
v -0.573646 -0.305006 0.302168
v -0.589993 -0.251549 0.260459
v -0.594139 -0.251144 0.267058
v -0.582482 -0.252627 0.252172
v -0.573346 -0.254321 0.243099
v -0.564325 -0.256574 0.234139
v -0.556756 -0.258868 0.226699
v -0.551977 -0.260686 0.222184
v -0.548248 -0.261930 0.219726
v -0.543832 -0.262506 0.218460
v -0.537318 -0.262847 0.217735
v -0.527297 -0.263388 0.216899
v -0.515565 -0.264064 0.216010
v -0.515565 -0.304758 0.216010
v -0.543832 -0.303217 0.218460
v -0.536000 -0.303699 0.217600
v -0.551977 -0.301397 0.222184
v -0.557625 -0.299195 0.227529
v -0.573242 -0.300481 0.243376
v -0.564217 -0.302766 0.234416
v -0.556641 -0.305112 0.226972
v -0.551862 -0.306945 0.222457
v -0.548138 -0.308189 0.220002
v -0.548248 -0.302642 0.219726
v -0.543724 -0.308764 0.218737
v -0.537214 -0.309102 0.218013
v -0.527206 -0.309635 0.217181
v -0.515486 -0.310305 0.216297
v -0.582513 -0.293146 0.252204
v -0.594139 -0.291855 0.267058
v -0.589993 -0.292242 0.260459
v -0.594298 -0.251146 0.278635
v -0.590322 -0.292248 0.285360
v -0.594298 -0.291857 0.278635
v -0.583002 -0.293279 0.293893
v -0.573957 -0.300508 0.302999
v -0.582880 -0.298843 0.293627
v -0.590159 -0.297816 0.285138
v -0.594066 -0.297428 0.278512
v -0.595138 -0.297392 0.272834
v -0.595410 -0.291820 0.272830
v -0.593910 -0.297426 0.267188
v -0.589834 -0.297810 0.260685
v -0.582363 -0.298829 0.252440
v -0.565226 -0.297147 0.312547
v -0.552959 -0.301475 0.324918
v -0.557764 -0.299635 0.320253
v -0.552959 -0.260764 0.324918
v -0.557764 -0.258933 0.320253
v -0.549097 -0.262023 0.327488
v -0.544465 -0.262616 0.328903
v -0.537829 -0.262962 0.329727
v -0.537829 -0.303671 0.329727
v -0.544465 -0.303327 0.328903
v -0.516244 -0.310368 0.331027
v -0.527989 -0.304164 0.330520
v -0.527862 -0.309725 0.330241
v -0.537723 -0.309217 0.329450
v -0.544353 -0.308873 0.328628
v -0.548982 -0.308280 0.327214
v -0.549097 -0.302734 0.327488
v -0.552839 -0.307023 0.324647
v -0.557643 -0.305176 0.319982
v -0.565114 -0.302811 0.312275
v -0.504423 -0.305567 0.332121
v -0.477742 -0.307039 0.329218
v -0.491732 -0.306333 0.331804
v -0.477742 -0.266328 0.329218
v -0.491732 -0.265624 0.331804
v -0.465490 -0.266683 0.322786
v -0.458010 -0.266395 0.310931
v -0.454144 -0.265937 0.294387
v -0.452733 -0.265786 0.273886
v -0.453861 -0.265938 0.253335
v -0.457610 -0.266393 0.236645
v -0.465109 -0.266672 0.224620
v -0.477485 -0.266297 0.218066
v -0.491498 -0.265574 0.215423
v -0.503911 -0.264811 0.215128
v -0.515565 -0.264064 0.216010
v -0.515565 -0.304758 0.216010
v -0.503911 -0.305512 0.215128
v -0.491498 -0.306282 0.215423
v -0.477485 -0.307008 0.218066
v -0.465109 -0.307383 0.224620
v -0.457610 -0.307104 0.236645
v -0.453861 -0.306649 0.253335
v -0.452733 -0.306498 0.273886
v -0.458010 -0.307105 0.310931
v -0.454408 -0.312183 0.294284
v -0.454144 -0.306648 0.294387
v -0.458232 -0.312637 0.310749
v -0.465639 -0.312925 0.322547
v -0.465490 -0.307395 0.322786
v -0.477784 -0.312575 0.328949
v -0.491681 -0.311875 0.331523
v -0.504342 -0.311112 0.331835
v -0.453011 -0.312032 0.273883
v -0.454126 -0.312184 0.253433
v -0.457834 -0.312636 0.236823
v -0.465262 -0.312913 0.224857
v -0.477536 -0.312543 0.218337
v -0.491461 -0.311824 0.215708
v -0.503841 -0.311056 0.215417
v -0.515486 -0.310305 0.216297
v -0.504423 -0.264866 0.332121
v -0.516328 -0.264126 0.331312
v -0.527959 -0.263479 0.330522
v -0.565223 -0.256620 0.312550
v -0.574061 -0.254349 0.303276
v -0.583002 -0.252642 0.293893
v -0.590322 -0.251556 0.285360
v -0.595410 -0.251110 0.272830
v -0.559336 -0.305026 0.273256
v -0.554789 -0.306175 0.259419
v -0.551162 -0.306432 0.267762
v -0.563934 -0.304511 0.263197
v -0.549311 -0.306655 0.275177
v -0.542202 -0.308273 0.282525
v -0.546626 -0.308587 0.297529
v -0.555186 -0.306170 0.287218
v -0.564330 -0.304485 0.283076
v -0.544239 -0.308363 0.290374
v -0.537805 -0.311286 0.301910
v -0.533419 -0.310759 0.284631
v -0.535272 -0.310971 0.293943
v -0.531099 -0.311435 0.293974
v -0.529323 -0.311223 0.284740
v -0.511021 -0.312469 0.294680
v -0.528750 -0.311136 0.273785
v -0.510300 -0.312091 0.273816
v -0.513693 -0.311980 0.262680
v -0.513765 -0.312002 0.284933
v -0.529195 -0.311200 0.262816
v -0.531164 -0.311346 0.253686
v -0.505845 -0.313235 0.243323
v -0.502227 -0.312975 0.252538
v -0.533358 -0.311654 0.245582
v -0.538516 -0.312344 0.230456
v -0.537330 -0.311235 0.245521
v -0.542366 -0.311855 0.231090
v -0.540000 -0.312126 0.226836
v -0.543634 -0.311627 0.227755
v -0.544262 -0.310871 0.226454
v -0.544808 -0.309476 0.225860
v -0.547165 -0.309845 0.228362
v -0.546664 -0.310581 0.229810
v -0.550163 -0.309077 0.237413
v -0.551093 -0.308923 0.234075
v -0.551465 -0.308211 0.232467
v -0.547644 -0.308335 0.227685
v -0.559067 -0.305884 0.239889
v -0.558883 -0.306593 0.241613
v -0.567744 -0.304498 0.253449
v -0.568203 -0.303567 0.248886
v -0.568143 -0.304291 0.250693
v -0.559117 -0.306513 0.245938
v -0.546059 -0.308562 0.249591
v -0.543848 -0.308344 0.256809
v -0.534906 -0.310929 0.253634
v -0.542000 -0.308261 0.264724
v -0.533235 -0.310739 0.262854
v -0.532810 -0.310671 0.273784
v -0.540775 -0.308358 0.273649
v -0.570429 -0.303454 0.273062
v -0.574010 -0.303206 0.265053
v -0.582551 -0.302193 0.268741
v -0.576335 -0.302999 0.261913
v -0.576980 -0.302718 0.259582
v -0.583693 -0.301801 0.266749
v -0.583838 -0.300975 0.264773
v -0.587649 -0.299016 0.269195
v -0.584255 -0.299405 0.264221
v -0.587243 -0.300621 0.269699
v -0.577251 -0.300363 0.256740
v -0.586580 -0.301465 0.270661
v -0.587083 -0.301444 0.272951
v -0.585166 -0.301913 0.271782
v -0.587940 -0.300578 0.272935
v -0.588468 -0.298965 0.272926
v -0.587750 -0.299020 0.276677
v -0.587330 -0.300625 0.276186
v -0.586644 -0.301467 0.275247
v -0.584246 -0.301009 0.280886
v -0.583881 -0.301805 0.279232
v -0.577413 -0.302724 0.286588
v -0.577525 -0.301978 0.288468
v -0.568847 -0.303594 0.297584
v -0.568831 -0.304303 0.295750
v -0.559727 -0.306620 0.305149
v -0.551005 -0.309118 0.309642
v -0.552387 -0.308261 0.314562
v -0.559892 -0.305922 0.306884
v -0.551995 -0.308968 0.312966
v -0.547531 -0.310643 0.317378
v -0.548060 -0.309911 0.318811
v -0.545031 -0.310955 0.320819
v -0.544380 -0.311706 0.319530
v -0.543083 -0.311923 0.316187
v -0.559937 -0.306522 0.300768
v -0.568448 -0.304489 0.292930
v -0.577020 -0.302959 0.283454
v -0.585892 -0.301798 0.273294
v -0.572337 -0.303320 0.278302
v -0.539024 -0.312433 0.317010
v -0.540378 -0.312231 0.320668
v -0.541417 -0.311476 0.321777
v -0.535600 -0.311810 0.322293
v -0.542024 -0.310117 0.322387
v -0.534967 -0.310481 0.323065
v -0.502333 -0.314396 0.323200
v -0.515315 -0.313683 0.319042
v -0.503137 -0.313647 0.324477
v -0.503991 -0.312287 0.325196
v -0.490436 -0.315238 0.320069
v -0.490790 -0.315120 0.323070
v -0.491719 -0.314412 0.324303
v -0.480358 -0.313679 0.322846
v -0.492298 -0.313072 0.325000
v -0.480109 -0.314971 0.322185
v -0.479652 -0.315661 0.321013
v -0.470408 -0.315221 0.316791
v -0.471373 -0.316018 0.313228
v -0.470579 -0.315890 0.315702
v -0.465174 -0.315668 0.305803
v -0.464490 -0.315024 0.306799
v -0.461428 -0.314709 0.292412
v -0.462456 -0.315332 0.291708
v -0.466767 -0.315777 0.302986
v -0.479661 -0.314965 0.304772
v -0.464552 -0.315458 0.290528
v -0.476043 -0.314774 0.296790
v -0.477212 -0.314356 0.286954
v -0.478996 -0.315824 0.317544
v -0.506239 -0.313275 0.304210
v -0.533651 -0.311708 0.301813
v -0.511719 -0.313500 0.312456
v -0.476017 -0.314738 0.250995
v -0.480801 -0.313962 0.273956
v -0.511012 -0.313465 0.234968
v -0.514875 -0.313618 0.228380
v -0.490702 -0.315157 0.227306
v -0.471154 -0.315999 0.234167
v -0.479894 -0.314898 0.242981
v -0.479060 -0.315773 0.229828
v -0.466477 -0.315773 0.244501
v -0.477194 -0.314333 0.260942
v -0.464340 -0.315457 0.257035
v -0.463982 -0.315348 0.273824
v -0.461444 -0.315220 0.273813
v -0.461165 -0.314706 0.255215
v -0.460294 -0.314603 0.273832
v -0.462208 -0.315331 0.255882
v -0.464819 -0.315664 0.241685
v -0.470279 -0.315873 0.231673
v -0.464117 -0.315017 0.240717
v -0.470069 -0.315201 0.230596
v -0.463670 -0.313743 0.240175
v -0.469894 -0.313935 0.229983
v -0.480135 -0.313633 0.224441
v -0.479940 -0.314923 0.225112
v -0.479589 -0.315612 0.226299
v -0.491603 -0.314342 0.222951
v -0.490829 -0.315047 0.224221
v -0.502079 -0.314342 0.224095
v -0.516451 -0.313417 0.225139
v -0.502710 -0.313581 0.222785
v -0.541264 -0.310067 0.224975
v -0.540797 -0.311396 0.225632
v -0.503374 -0.312202 0.222051
v -0.492365 -0.310714 0.221910
v -0.503798 -0.309886 0.221707
v -0.492098 -0.313006 0.222237
v -0.515023 -0.309081 0.222541
v -0.526543 -0.308470 0.223431
v -0.536198 -0.308021 0.224227
v -0.541829 -0.307698 0.224779
v -0.545189 -0.307131 0.225682
v -0.548031 -0.305949 0.227535
v -0.552215 -0.304156 0.231498
v -0.559603 -0.301752 0.238735
v -0.568540 -0.299411 0.247573
v -0.577369 -0.297803 0.256340
v -0.564817 -0.302765 0.244430
v -0.584379 -0.296847 0.263868
v -0.587856 -0.296460 0.268991
v -0.588738 -0.296410 0.272923
v -0.587964 -0.296464 0.276877
v -0.584617 -0.296857 0.282107
v -0.584485 -0.299416 0.281753
v -0.577665 -0.300384 0.289459
v -0.577781 -0.297824 0.289865
v -0.569148 -0.299445 0.298922
v -0.566050 -0.302674 0.301622
v -0.560411 -0.301801 0.308050
v -0.553150 -0.304219 0.315526
v -0.548623 -0.308384 0.319434
v -0.548944 -0.306026 0.319631
v -0.545969 -0.307222 0.321586
v -0.545586 -0.309565 0.321409
v -0.542398 -0.307807 0.322618
v -0.536663 -0.308135 0.323246
v -0.527196 -0.308563 0.323990
v -0.515814 -0.309148 0.324779
v -0.504333 -0.309950 0.325544
v -0.492602 -0.310776 0.325321
v -0.480466 -0.311434 0.323149
v -0.470133 -0.311741 0.317689
v -0.470248 -0.313956 0.317406
v -0.464048 -0.313751 0.307353
v -0.463808 -0.311509 0.307602
v -0.460524 -0.311134 0.292963
v -0.460821 -0.313416 0.292796
v -0.459629 -0.313304 0.273843
v -0.459313 -0.311009 0.273848
v -0.460255 -0.311132 0.254692
v -0.463432 -0.311502 0.239930
v -0.460553 -0.313414 0.254851
v -0.469776 -0.311720 0.229698
v -0.480222 -0.311392 0.224133
v -0.588766 -0.251110 0.272922
v -0.587889 -0.251144 0.268957
v -0.587999 -0.251146 0.276909
v -0.584675 -0.251554 0.282142
v -0.577863 -0.252635 0.289874
v -0.569270 -0.254339 0.298893
v -0.560601 -0.256613 0.307988
v -0.553400 -0.258931 0.315446
v -0.549206 -0.260767 0.319556
v -0.546220 -0.262023 0.321535
v -0.542602 -0.262617 0.322632
v -0.536830 -0.262962 0.323313
v -0.527568 -0.263466 0.324039
v -0.515976 -0.264125 0.324830
v -0.527311 -0.305006 0.324102
v -0.515924 -0.305615 0.324894
v -0.542528 -0.304208 0.322691
v -0.536800 -0.304500 0.323344
v -0.546113 -0.303627 0.321634
v -0.549079 -0.302379 0.319681
v -0.553150 -0.304219 0.315526
v -0.553331 -0.300507 0.315533
v -0.548944 -0.306026 0.319631
v -0.545969 -0.307222 0.321586
v -0.542398 -0.307807 0.322618
v -0.536663 -0.308135 0.323246
v -0.527196 -0.308563 0.323990
v -0.515814 -0.309148 0.324779
v -0.560987 -0.298018 0.307637
v -0.569148 -0.299445 0.298922
v -0.560411 -0.301801 0.308050
v -0.577721 -0.294109 0.290106
v -0.588033 -0.292759 0.276941
v -0.584664 -0.293138 0.282217
v -0.587923 -0.292771 0.268926
v -0.584379 -0.296847 0.263868
v -0.584424 -0.293126 0.263759
v -0.587856 -0.296460 0.268991
v -0.588794 -0.296411 0.272922
v -0.587964 -0.296464 0.276877
v -0.584617 -0.296857 0.282107
v -0.577781 -0.297824 0.289865
v -0.568540 -0.299411 0.247573
v -0.577292 -0.294068 0.256085
v -0.577369 -0.297803 0.256340
v -0.559801 -0.256567 0.238798
v -0.577456 -0.252620 0.256331
v -0.568669 -0.254311 0.247603
v -0.552470 -0.258866 0.231578
v -0.548296 -0.260689 0.227610
v -0.545443 -0.261930 0.225734
v -0.542035 -0.262507 0.224764
v -0.536360 -0.262847 0.224157
v -0.526894 -0.263376 0.223381
v -0.515180 -0.264063 0.222492
v -0.503911 -0.264813 0.221641
v -0.492491 -0.265574 0.221827
v -0.480277 -0.266297 0.224053
v -0.469751 -0.266672 0.229632
v -0.463365 -0.266393 0.239880
v -0.460174 -0.265938 0.254662
v -0.459227 -0.265786 0.273849
v -0.460443 -0.265937 0.292994
v -0.463742 -0.266395 0.307651
v -0.470109 -0.266683 0.317751
v -0.480528 -0.266328 0.323226
v -0.492739 -0.265624 0.325403
v -0.504453 -0.264868 0.325609
v -0.515976 -0.264125 0.324830
v -0.515924 -0.305620 0.324894
v -0.504451 -0.306382 0.325656
v -0.492716 -0.307183 0.325428
v -0.480504 -0.307878 0.323249
v -0.463729 -0.307952 0.307683
v -0.463808 -0.311509 0.307602
v -0.460524 -0.311134 0.292963
v -0.460427 -0.307546 0.293017
v -0.470133 -0.311741 0.317689
v -0.470095 -0.308216 0.317781
v -0.480466 -0.311434 0.323149
v -0.492602 -0.310776 0.325321
v -0.504333 -0.309950 0.325544
v -0.515814 -0.309148 0.324779
v -0.459209 -0.307399 0.273849
v -0.459313 -0.311009 0.273848
v -0.460255 -0.311132 0.254692
v -0.460158 -0.307546 0.254642
v -0.463353 -0.307947 0.239852
v -0.463432 -0.311502 0.239930
v -0.469776 -0.311720 0.229698
v -0.469737 -0.308211 0.229605
v -0.480253 -0.311391 0.224070
v -0.492365 -0.310714 0.221910
v -0.492469 -0.307100 0.221801
v -0.503905 -0.306330 0.221593
v -0.503798 -0.309886 0.221707
v -0.515023 -0.309081 0.222541
v -0.523544 -0.305029 0.223066
v -0.526543 -0.308470 0.223431
v -0.536198 -0.308021 0.224227
v -0.536343 -0.304366 0.224128
v -0.541959 -0.304104 0.224705
v -0.541829 -0.307698 0.224779
v -0.545189 -0.307131 0.225682
v -0.545332 -0.303531 0.225634
v -0.548164 -0.302299 0.227483
v -0.548031 -0.305949 0.227535
v -0.552215 -0.304156 0.231498
v -0.553809 -0.299730 0.232845
v -0.559603 -0.301752 0.238735
v -0.584437 -0.251548 0.263832
v -0.585066 -0.250162 0.263671
v -0.578257 -0.251193 0.256286
v -0.588486 -0.249774 0.268907
v -0.569196 -0.252921 0.247268
v -0.584522 -0.250367 0.263786
v -0.568781 -0.253093 0.247503
v -0.577574 -0.251403 0.256238
v -0.577360 -0.251785 0.256234
v -0.568669 -0.254311 0.247604
v -0.577456 -0.252620 0.256331
v -0.584438 -0.251548 0.263833
v -0.587891 -0.250383 0.268965
v -0.587892 -0.251144 0.268964
v -0.588765 -0.251110 0.272922
v -0.588858 -0.249929 0.272921
v -0.588001 -0.250385 0.276901
v -0.588001 -0.251146 0.276902
v -0.584676 -0.251554 0.282141
v -0.584762 -0.250373 0.282186
v -0.577864 -0.251874 0.289872
v -0.577863 -0.252635 0.289874
v -0.569269 -0.254339 0.298893
v -0.565430 -0.254449 0.302943
v -0.560601 -0.256613 0.307988
v -0.553401 -0.258931 0.315446
v -0.549349 -0.259868 0.319467
v -0.549213 -0.260764 0.319550
v -0.546221 -0.262023 0.321534
v -0.546265 -0.260844 0.321619
v -0.542612 -0.261855 0.322629
v -0.542610 -0.262616 0.322631
v -0.536837 -0.262962 0.323313
v -0.535459 -0.262271 0.323457
v -0.527357 -0.263478 0.324055
v -0.515976 -0.264125 0.324829
v -0.504467 -0.264091 0.325609
v -0.504499 -0.264865 0.325608
v -0.492744 -0.265624 0.325403
v -0.492727 -0.264444 0.325498
v -0.480529 -0.265567 0.323226
v -0.480528 -0.266328 0.323226
v -0.470109 -0.266683 0.317751
v -0.470046 -0.265501 0.317819
v -0.463742 -0.265634 0.307650
v -0.463742 -0.266395 0.307651
v -0.460443 -0.265937 0.292994
v -0.459227 -0.265025 0.273850
v -0.459227 -0.265786 0.273850
v -0.460174 -0.265938 0.254663
v -0.463366 -0.265632 0.239880
v -0.463366 -0.266393 0.239880
v -0.469751 -0.266672 0.229632
v -0.480279 -0.265536 0.224052
v -0.480279 -0.266297 0.224052
v -0.492497 -0.265574 0.221826
v -0.503955 -0.264810 0.221643
v -0.515180 -0.264063 0.222492
v -0.503925 -0.264036 0.221642
v -0.526702 -0.263387 0.223365
v -0.536372 -0.262846 0.224158
v -0.542044 -0.261745 0.224766
v -0.535091 -0.262150 0.224031
v -0.542043 -0.262506 0.224765
v -0.545443 -0.261930 0.225735
v -0.548305 -0.259925 0.227617
v -0.548302 -0.260686 0.227615
v -0.552471 -0.258866 0.231578
v -0.554803 -0.257227 0.233848
v -0.559801 -0.256567 0.238797
v -0.552575 -0.257649 0.231468
v -0.559910 -0.255349 0.238692
v -0.548391 -0.259468 0.227495
v -0.553010 -0.257451 0.231266
v -0.545626 -0.260580 0.225113
v -0.548644 -0.259316 0.227122
v -0.545486 -0.260752 0.225649
v -0.542086 -0.261288 0.224622
v -0.542028 -0.261156 0.224080
v -0.535875 -0.261654 0.223952
v -0.543928 -0.261116 0.219084
v -0.532053 -0.261753 0.217862
v -0.548082 -0.260541 0.220326
v -0.550142 -0.259316 0.224901
v -0.556235 -0.257531 0.227064
v -0.551638 -0.259316 0.222680
v -0.548205 -0.260752 0.219813
v -0.556656 -0.257649 0.226813
v -0.551892 -0.259468 0.222308
v -0.551977 -0.259925 0.222184
v -0.551977 -0.260686 0.222184
v -0.548248 -0.261930 0.219726
v -0.556756 -0.258868 0.226699
v -0.556756 -0.258106 0.226699
v -0.564325 -0.256574 0.234139
v -0.573346 -0.254321 0.243099
v -0.567302 -0.254947 0.237086
v -0.573237 -0.253094 0.243205
v -0.564219 -0.255350 0.234249
v -0.572849 -0.252955 0.243460
v -0.582016 -0.251251 0.252560
v -0.563733 -0.255241 0.234418
v -0.589908 -0.250368 0.260506
v -0.589409 -0.250187 0.260676
v -0.582365 -0.251404 0.252269
v -0.582482 -0.251863 0.252172
v -0.582482 -0.252627 0.252172
v -0.589993 -0.251549 0.260459
v -0.594139 -0.250383 0.267058
v -0.595410 -0.251110 0.272830
v -0.594139 -0.251144 0.267058
v -0.594000 -0.249926 0.267102
v -0.595315 -0.249928 0.272831
v -0.594158 -0.249928 0.278595
v -0.594298 -0.250385 0.278635
v -0.590236 -0.250375 0.285316
v -0.590322 -0.251556 0.285360
v -0.594298 -0.251146 0.278635
v -0.583002 -0.251878 0.293893
v -0.583002 -0.252642 0.293893
v -0.574061 -0.254349 0.303276
v -0.567680 -0.255110 0.309985
v -0.565223 -0.256620 0.312550
v -0.557764 -0.258933 0.320253
v -0.557764 -0.258171 0.320253
v -0.552959 -0.260003 0.324918
v -0.552959 -0.260764 0.324918
v -0.549097 -0.262023 0.327488
v -0.544465 -0.261855 0.328903
v -0.544465 -0.262616 0.328903
v -0.537829 -0.262962 0.329727
v -0.537829 -0.262201 0.329727
v -0.527646 -0.262722 0.330544
v -0.527957 -0.263479 0.330522
v -0.516328 -0.264126 0.331312
v -0.504423 -0.264104 0.332121
v -0.504423 -0.264866 0.332121
v -0.491732 -0.265624 0.331804
v -0.477742 -0.265567 0.329218
v -0.477742 -0.266328 0.329218
v -0.465490 -0.266683 0.322786
v -0.458010 -0.265634 0.310931
v -0.458010 -0.266395 0.310931
v -0.454144 -0.265937 0.294387
v -0.452733 -0.265025 0.273886
v -0.452733 -0.265786 0.273886
v -0.454237 -0.264757 0.294366
v -0.452883 -0.264568 0.273885
v -0.458137 -0.265177 0.310862
v -0.465553 -0.265501 0.322716
v -0.477800 -0.265111 0.329086
v -0.491747 -0.264443 0.331709
v -0.465879 -0.265315 0.322366
v -0.478149 -0.264952 0.328751
v -0.492023 -0.264241 0.331232
v -0.480296 -0.264958 0.323753
v -0.469711 -0.265310 0.318180
v -0.492540 -0.264262 0.325978
v -0.506751 -0.263338 0.331418
v -0.504494 -0.263495 0.326213
v -0.480471 -0.265111 0.323358
v -0.459852 -0.264566 0.292985
v -0.460350 -0.264757 0.293016
v -0.463616 -0.265177 0.307719
v -0.463242 -0.265025 0.307945
v -0.454732 -0.264567 0.294312
v -0.458516 -0.265025 0.310655
v -0.453337 -0.264415 0.273882
v -0.454448 -0.264568 0.253406
v -0.458107 -0.265023 0.236943
v -0.453954 -0.264758 0.253356
v -0.457737 -0.265176 0.236713
v -0.457610 -0.265632 0.236645
v -0.453861 -0.265938 0.253335
v -0.457610 -0.266393 0.236645
v -0.465109 -0.266672 0.224620
v -0.477485 -0.265536 0.218066
v -0.477485 -0.266297 0.218066
v -0.465173 -0.265491 0.224689
v -0.477543 -0.265079 0.218198
v -0.465501 -0.265304 0.225036
v -0.477900 -0.264921 0.218529
v -0.469350 -0.265299 0.229205
v -0.462859 -0.265023 0.239608
v -0.480046 -0.264927 0.223526
v -0.492291 -0.264213 0.221253
v -0.491793 -0.264191 0.215995
v -0.503953 -0.263440 0.221038
v -0.492481 -0.264394 0.221732
v -0.480221 -0.265079 0.223921
v -0.469687 -0.265490 0.229564
v -0.463239 -0.265176 0.239813
v -0.460081 -0.264758 0.254642
v -0.459077 -0.264568 0.273850
v -0.459584 -0.264567 0.254672
v -0.458627 -0.264416 0.273854
v -0.503858 -0.263568 0.221486
v -0.515426 -0.262680 0.221905
v -0.505990 -0.263295 0.215833
v -0.491513 -0.264393 0.215518
v -0.522426 -0.262431 0.216676
v -0.503912 -0.263593 0.215280
v -0.503911 -0.264050 0.215128
v -0.503911 -0.264811 0.215128
v -0.491498 -0.265574 0.215423
v -0.515565 -0.264064 0.216010
v -0.527298 -0.263388 0.216899
v -0.537318 -0.262847 0.217735
v -0.534698 -0.262197 0.217479
v -0.537296 -0.261629 0.217885
v -0.543791 -0.261288 0.218605
v -0.543832 -0.261745 0.218460
v -0.543832 -0.262506 0.218460
v -0.504403 -0.263623 0.325764
v -0.536219 -0.261776 0.323536
v -0.542655 -0.261398 0.322773
v -0.549303 -0.259547 0.319669
v -0.553507 -0.257713 0.315553
v -0.560712 -0.255396 0.308091
v -0.569383 -0.253121 0.298991
v -0.577983 -0.251418 0.289964
v -0.588140 -0.249928 0.276941
v -0.588030 -0.249926 0.268921
v -0.589344 -0.249741 0.272914
v -0.588597 -0.249776 0.276942
v -0.585309 -0.250168 0.282283
v -0.589732 -0.250193 0.285161
v -0.593737 -0.249776 0.278475
v -0.594826 -0.249740 0.272838
v -0.593583 -0.249774 0.267234
v -0.582525 -0.251265 0.293519
v -0.573530 -0.252989 0.302954
v -0.582882 -0.251419 0.293800
v -0.573949 -0.253123 0.303173
v -0.565115 -0.255397 0.312443
v -0.557662 -0.257714 0.320141
v -0.552873 -0.259547 0.324795
v -0.549052 -0.260844 0.327402
v -0.544423 -0.261398 0.328759
v -0.537807 -0.261744 0.329577
v -0.524638 -0.262424 0.330601
v -0.504425 -0.263647 0.331969
v -0.516225 -0.262742 0.325419
v -0.544562 -0.261226 0.328276
v -0.533839 -0.261796 0.329506
v -0.548974 -0.260625 0.326876
v -0.546425 -0.260668 0.322142
v -0.551088 -0.259394 0.322232
v -0.552613 -0.259394 0.324426
v -0.564606 -0.255293 0.312305
v -0.557232 -0.257597 0.319904
v -0.553956 -0.257511 0.315738
v -0.561037 -0.255243 0.308411
v -0.549563 -0.259394 0.320038
v -0.542781 -0.261246 0.323205
v -0.535938 -0.261642 0.324018
v -0.569786 -0.252954 0.299232
v -0.578667 -0.251207 0.289895
v -0.560228 -0.255197 0.238365
v -0.545915 -0.307971 0.249541
v -0.554665 -0.305579 0.259395
v -0.543706 -0.307751 0.256766
v -0.558984 -0.305922 0.245954
v -0.549974 -0.308503 0.237402
v -0.537216 -0.310634 0.245470
v -0.542221 -0.311266 0.231084
v -0.546397 -0.310048 0.229977
v -0.543999 -0.310415 0.226823
v -0.550795 -0.308403 0.234216
v -0.551082 -0.307786 0.232741
v -0.543424 -0.311079 0.227960
v -0.546826 -0.309405 0.228677
v -0.544531 -0.309188 0.226337
v -0.547285 -0.308056 0.228105
v -0.544917 -0.306966 0.226218
v -0.551800 -0.303997 0.231923
v -0.547674 -0.305787 0.228012
v -0.559170 -0.301595 0.239143
v -0.568099 -0.299256 0.247972
v -0.576803 -0.300097 0.257074
v -0.564388 -0.302493 0.244782
v -0.576901 -0.297652 0.256711
v -0.583867 -0.296699 0.264171
v -0.587116 -0.298755 0.269350
v -0.583772 -0.299143 0.264494
v -0.587284 -0.296314 0.269162
v -0.588132 -0.296264 0.272931
v -0.587213 -0.298760 0.276537
v -0.587388 -0.296318 0.276721
v -0.587906 -0.298704 0.272934
v -0.587467 -0.300152 0.272941
v -0.586791 -0.300196 0.269823
v -0.586875 -0.300200 0.276074
v -0.586269 -0.300938 0.270737
v -0.586756 -0.300917 0.272955
v -0.586330 -0.300941 0.275179
v -0.582521 -0.301607 0.277291
v -0.583590 -0.301278 0.279109
v -0.585688 -0.301237 0.272960
v -0.583632 -0.300561 0.281007
v -0.583994 -0.299155 0.281493
v -0.577208 -0.300119 0.289137
v -0.577134 -0.302195 0.286442
v -0.568551 -0.303774 0.295602
v -0.568459 -0.303164 0.297318
v -0.568296 -0.303904 0.292914
v -0.576948 -0.302360 0.283405
v -0.559798 -0.305931 0.300748
v -0.559431 -0.306097 0.305011
v -0.550817 -0.308542 0.309657
v -0.551695 -0.308447 0.312829
v -0.559498 -0.305495 0.306622
v -0.552000 -0.307834 0.314294
v -0.548255 -0.308105 0.319023
v -0.547719 -0.309470 0.318501
v -0.547263 -0.310109 0.317215
v -0.544764 -0.310498 0.320455
v -0.544169 -0.311157 0.319330
v -0.535570 -0.311343 0.321851
v -0.540332 -0.311676 0.320373
v -0.541244 -0.311014 0.321369
v -0.538926 -0.311835 0.316983
v -0.513502 -0.313188 0.318838
v -0.514870 -0.312458 0.323236
v -0.516155 -0.312971 0.322042
v -0.502359 -0.313851 0.322946
v -0.490804 -0.314564 0.322815
v -0.491764 -0.313951 0.323875
v -0.490347 -0.314646 0.319975
v -0.503344 -0.313216 0.324026
v -0.503983 -0.311994 0.324652
v -0.515775 -0.308981 0.324188
v -0.492368 -0.312782 0.324469
v -0.504334 -0.309784 0.324950
v -0.492688 -0.310611 0.324740
v -0.480573 -0.313384 0.322360
v -0.480714 -0.311266 0.322609
v -0.470548 -0.311569 0.317238
v -0.464516 -0.313459 0.307096
v -0.464327 -0.311341 0.307309
v -0.470617 -0.313657 0.317008
v -0.470695 -0.314751 0.316483
v -0.480272 -0.314505 0.321801
v -0.464862 -0.314562 0.306602
v -0.479740 -0.315101 0.320787
v -0.470745 -0.315328 0.315524
v -0.465394 -0.315112 0.305691
v -0.464602 -0.314859 0.290506
v -0.462709 -0.314783 0.291662
v -0.466768 -0.315172 0.302878
v -0.471426 -0.315417 0.313169
v -0.461850 -0.314257 0.292328
v -0.461344 -0.313132 0.292686
v -0.460171 -0.313023 0.273840
v -0.460733 -0.314154 0.273830
v -0.461707 -0.314673 0.273811
v -0.461587 -0.314254 0.255294
v -0.464387 -0.314858 0.257054
v -0.462460 -0.314781 0.255927
v -0.464018 -0.314746 0.273818
v -0.479492 -0.314365 0.304766
v -0.478577 -0.315237 0.317376
v -0.506304 -0.312660 0.304222
v -0.533580 -0.311102 0.301841
v -0.510995 -0.311863 0.294722
v -0.513933 -0.311383 0.284941
v -0.528674 -0.310530 0.273786
v -0.529248 -0.310617 0.284760
v -0.510212 -0.311486 0.273811
v -0.531026 -0.310830 0.294010
v -0.535160 -0.310369 0.293985
v -0.537694 -0.310685 0.301960
v -0.532686 -0.310069 0.273787
v -0.533302 -0.310157 0.284655
v -0.546485 -0.307996 0.297582
v -0.544100 -0.307770 0.290419
v -0.542056 -0.307680 0.282550
v -0.542940 -0.311334 0.316206
v -0.549171 -0.306061 0.275175
v -0.540626 -0.307765 0.273651
v -0.555069 -0.305573 0.287247
v -0.559232 -0.304427 0.273257
v -0.564241 -0.303884 0.283109
v -0.569905 -0.302898 0.272039
v -0.563848 -0.303909 0.263166
v -0.572151 -0.302661 0.275094
v -0.582379 -0.301609 0.268718
v -0.576455 -0.302383 0.262635
v -0.567597 -0.303912 0.253463
v -0.576706 -0.302188 0.259735
v -0.583406 -0.301273 0.266879
v -0.583431 -0.300548 0.265005
v -0.567821 -0.303135 0.249162
v -0.567867 -0.303761 0.250847
v -0.558591 -0.306070 0.241757
v -0.558679 -0.305458 0.240158
v -0.551034 -0.305836 0.267749
v -0.541854 -0.307668 0.264702
v -0.533117 -0.310137 0.262832
v -0.534791 -0.310328 0.253591
v -0.529119 -0.310594 0.262798
v -0.507675 -0.312021 0.252700
v -0.530868 -0.310778 0.253545
v -0.533284 -0.311050 0.245539
v -0.538422 -0.311745 0.230482
v -0.539867 -0.311573 0.227076
v -0.540659 -0.310937 0.226056
v -0.541134 -0.309776 0.225504
v -0.536109 -0.307859 0.224811
v -0.541658 -0.307535 0.225347
v -0.526485 -0.308305 0.224021
v -0.514981 -0.308913 0.223132
v -0.503795 -0.309719 0.222300
v -0.503364 -0.311905 0.222595
v -0.502691 -0.313113 0.223227
v -0.491646 -0.313878 0.223378
v -0.492166 -0.312713 0.222767
v -0.492450 -0.310548 0.222491
v -0.480350 -0.313336 0.224925
v -0.480471 -0.311222 0.224673
v -0.470193 -0.311548 0.230147
v -0.470263 -0.313635 0.230378
v -0.464139 -0.313450 0.240428
v -0.463952 -0.311333 0.240219
v -0.460829 -0.310970 0.254810
v -0.461076 -0.313130 0.254955
v -0.459904 -0.310849 0.273845
v -0.461097 -0.310972 0.292839
v -0.464489 -0.314554 0.240909
v -0.470355 -0.314730 0.230901
v -0.480101 -0.314455 0.225494
v -0.465039 -0.315107 0.241795
v -0.470444 -0.315310 0.231849
v -0.479675 -0.315052 0.226524
v -0.490660 -0.314561 0.227395
v -0.471206 -0.315398 0.234225
v -0.490841 -0.314490 0.224475
v -0.478677 -0.315186 0.229980
v -0.479812 -0.314291 0.242996
v -0.477174 -0.313723 0.260933
v -0.476013 -0.314128 0.250974
v -0.466463 -0.315168 0.244614
v -0.513739 -0.311368 0.262658
v -0.505893 -0.312623 0.243303
v -0.512991 -0.313129 0.228566
v -0.502050 -0.313784 0.224356
v -0.516590 -0.312847 0.225419
v -0.477122 -0.313752 0.286986
v -0.480685 -0.313360 0.273959
v -0.475998 -0.314167 0.296824
v -0.527138 -0.308398 0.323400
v -0.536570 -0.307973 0.322663
v -0.534794 -0.310191 0.322531
v -0.541843 -0.309826 0.321874
v -0.542220 -0.307643 0.322052
v -0.545690 -0.307057 0.321056
v -0.548581 -0.305863 0.319159
v -0.545303 -0.309275 0.320937
v -0.552729 -0.304060 0.315109
v -0.559970 -0.301645 0.307651
v -0.568696 -0.299291 0.298534
v -0.577303 -0.297673 0.289506
v -0.565600 -0.302407 0.301291
v -0.584097 -0.296709 0.281818
v -0.583904 -0.292915 0.264072
v -0.587303 -0.250528 0.269136
v -0.587318 -0.296315 0.269131
v -0.583916 -0.250932 0.264149
v -0.588179 -0.296265 0.272930
v -0.583867 -0.296699 0.264171
v -0.576901 -0.297652 0.256711
v -0.568099 -0.299256 0.247972
v -0.559170 -0.301595 0.239143
v -0.551800 -0.303997 0.231923
v -0.547674 -0.305787 0.228012
v -0.544917 -0.306966 0.226218
v -0.536109 -0.307859 0.224811
v -0.526485 -0.308305 0.224021
v -0.514981 -0.308913 0.223132
v -0.503795 -0.309719 0.222300
v -0.459904 -0.310849 0.273845
v -0.461097 -0.310972 0.292839
v -0.461016 -0.307330 0.292888
v -0.459817 -0.307194 0.273849
v -0.461033 -0.265321 0.292863
v -0.464279 -0.265778 0.307343
v -0.464297 -0.311343 0.307369
v -0.480790 -0.265712 0.322664
v -0.480753 -0.311265 0.322659
v -0.492764 -0.310607 0.324798
v -0.504454 -0.306185 0.325047
v -0.504461 -0.264251 0.324999
v -0.492834 -0.265008 0.324802
v -0.470542 -0.266067 0.317279
v -0.459836 -0.265169 0.273846
v -0.463905 -0.265777 0.240183
v -0.460778 -0.310971 0.254781
v -0.463922 -0.311335 0.240161
v -0.470177 -0.311549 0.230100
v -0.460766 -0.265322 0.254788
v -0.470186 -0.266056 0.230102
v -0.480539 -0.265680 0.224614
v -0.492586 -0.264957 0.222428
v -0.480505 -0.311221 0.224622
v -0.492520 -0.310544 0.222432
v -0.503916 -0.264197 0.222252
v -0.503905 -0.306120 0.222203
v -0.523456 -0.304798 0.223669
v -0.526829 -0.262761 0.223986
v -0.515145 -0.263447 0.223099
v -0.541869 -0.261890 0.225356
v -0.536271 -0.262231 0.224759
v -0.547954 -0.260071 0.228121
v -0.545182 -0.261314 0.226299
v -0.552069 -0.258250 0.232036
v -0.559377 -0.255951 0.239234
v -0.568231 -0.253694 0.248027
v -0.576985 -0.252004 0.256721
v -0.515943 -0.263508 0.324222
v -0.527495 -0.262850 0.323434
v -0.515887 -0.305405 0.324287
v -0.527251 -0.304789 0.323496
v -0.542259 -0.307641 0.322093
v -0.542430 -0.262001 0.322043
v -0.536710 -0.304298 0.322744
v -0.536570 -0.307973 0.322663
v -0.527138 -0.308398 0.323400
v -0.515775 -0.308981 0.324188
v -0.545690 -0.307057 0.321056
v -0.548581 -0.305863 0.319159
v -0.552729 -0.304060 0.315109
v -0.559970 -0.301645 0.307651
v -0.568696 -0.299291 0.298534
v -0.577303 -0.297673 0.289506
v -0.584097 -0.296709 0.281818
v -0.584136 -0.292926 0.281918
v -0.587423 -0.296319 0.276752
v -0.587408 -0.250530 0.276746
v -0.577231 -0.293894 0.289741
v -0.560576 -0.297833 0.307186
v -0.552902 -0.300305 0.315103
v -0.548856 -0.260151 0.319051
v -0.548717 -0.302165 0.319189
v -0.545837 -0.303402 0.321083
v -0.545952 -0.261406 0.320975
v -0.536732 -0.262347 0.322713
v -0.552993 -0.258315 0.314994
v -0.560169 -0.255997 0.307559
v -0.568820 -0.253723 0.298482
v -0.577382 -0.252019 0.289497
v -0.584146 -0.250938 0.281839
v -0.588141 -0.250494 0.272930
v -0.576816 -0.293868 0.256469
v -0.553228 -0.299567 0.233128
v -0.547809 -0.302088 0.227982
v -0.545063 -0.303339 0.226191
v -0.541693 -0.307533 0.225306
v -0.536277 -0.304161 0.224731
v -0.515943 -0.263508 0.324222
v -0.515887 -0.305405 0.324287
v -0.515775 -0.308981 0.324188
v -0.504334 -0.309784 0.324950
v -0.470532 -0.311570 0.317285
v -0.460431 -0.263948 0.292756
v -0.453531 -0.264424 0.313492
v -0.447660 -0.263784 0.273914
v -0.470137 -0.264694 0.317709
v -0.463779 -0.264410 0.307628
v -0.470479 -0.264885 0.317347
v -0.464153 -0.264561 0.307411
v -0.464280 -0.265017 0.307342
v -0.460941 -0.264141 0.292885
v -0.470542 -0.266067 0.317278
v -0.464279 -0.265778 0.307343
v -0.461033 -0.265321 0.292864
v -0.480790 -0.264951 0.322664
v -0.492839 -0.265008 0.324803
v -0.492822 -0.263828 0.324897
v -0.480732 -0.264494 0.322796
v -0.480790 -0.265712 0.322665
v -0.515943 -0.263508 0.324221
v -0.504409 -0.263005 0.325154
v -0.504506 -0.264248 0.324997
v -0.504473 -0.263474 0.324998
v -0.536745 -0.262346 0.322712
v -0.536144 -0.261162 0.322933
v -0.527301 -0.262861 0.323448
v -0.535377 -0.261655 0.322854
v -0.542440 -0.261239 0.322040
v -0.545953 -0.261406 0.320974
v -0.545995 -0.260229 0.321060
v -0.542480 -0.260784 0.322185
v -0.542438 -0.262000 0.322042
v -0.552993 -0.258315 0.314994
v -0.553097 -0.257095 0.315104
v -0.548950 -0.258930 0.319166
v -0.548863 -0.260148 0.319045
v -0.548992 -0.259251 0.318969
v -0.568820 -0.253723 0.298482
v -0.568934 -0.252505 0.298580
v -0.560278 -0.254778 0.307664
v -0.560168 -0.255997 0.307560
v -0.564920 -0.253851 0.302594
v -0.577383 -0.251258 0.289494
v -0.584147 -0.250938 0.281838
v -0.584232 -0.249757 0.281884
v -0.577502 -0.250801 0.289587
v -0.577382 -0.252019 0.289497
v -0.587410 -0.249769 0.276738
v -0.588234 -0.249312 0.272929
v -0.588141 -0.250494 0.272931
v -0.587550 -0.249311 0.276778
v -0.587411 -0.250530 0.276739
v -0.587985 -0.249157 0.276845
v -0.588721 -0.249120 0.272921
v -0.584914 -0.249533 0.281810
v -0.569526 -0.252294 0.298625
v -0.578045 -0.250616 0.289668
v -0.560749 -0.254580 0.307832
v -0.549453 -0.258676 0.319345
v -0.553478 -0.256910 0.315364
v -0.547761 -0.260066 0.324988
v -0.555886 -0.256903 0.318301
v -0.546165 -0.260050 0.321564
v -0.542542 -0.260642 0.322643
v -0.535339 -0.261067 0.323442
v -0.504479 -0.262879 0.325602
v -0.480513 -0.264344 0.323180
v -0.492331 -0.263664 0.325353
v -0.475558 -0.264360 0.333895
v -0.504351 -0.262852 0.337210
v -0.517037 -0.262076 0.324757
v -0.528320 -0.261590 0.335583
v -0.538454 -0.261155 0.334763
v -0.516575 -0.262140 0.336380
v -0.490928 -0.263627 0.336804
v -0.461878 -0.264725 0.326715
v -0.449223 -0.263944 0.295476
v -0.448927 -0.263947 0.252298
v -0.453112 -0.264426 0.234120
v -0.460164 -0.263950 0.254892
v -0.463402 -0.264408 0.239901
v -0.459237 -0.263799 0.273843
v -0.459686 -0.263951 0.273847
v -0.459836 -0.264408 0.273846
v -0.460673 -0.264141 0.254767
v -0.459836 -0.265169 0.273846
v -0.460766 -0.265322 0.254787
v -0.463905 -0.265016 0.240184
v -0.463905 -0.265777 0.240183
v -0.470186 -0.266056 0.230102
v -0.480541 -0.264919 0.224614
v -0.480541 -0.265680 0.224613
v -0.470122 -0.264874 0.230034
v -0.463779 -0.264559 0.240116
v -0.480483 -0.264463 0.224482
v -0.492575 -0.263777 0.222333
v -0.503927 -0.263420 0.222253
v -0.503862 -0.262950 0.222096
v -0.503959 -0.264194 0.222254
v -0.492591 -0.264957 0.222427
v -0.515145 -0.263447 0.223100
v -0.526647 -0.262771 0.223971
v -0.536285 -0.262230 0.224760
v -0.541879 -0.261128 0.225358
v -0.541877 -0.261889 0.225357
v -0.534984 -0.261536 0.224632
v -0.535802 -0.261040 0.224556
v -0.541917 -0.260674 0.225213
v -0.545222 -0.260136 0.226213
v -0.548045 -0.258851 0.228003
v -0.548017 -0.259196 0.228153
v -0.552172 -0.257031 0.231925
v -0.547959 -0.260069 0.228125
v -0.545182 -0.261314 0.226300
v -0.552070 -0.258250 0.232036
v -0.559377 -0.255951 0.239234
v -0.568231 -0.253694 0.248027
v -0.576986 -0.251243 0.256724
v -0.576985 -0.252004 0.256722
v -0.563915 -0.253899 0.243729
v -0.568342 -0.252476 0.247926
v -0.559485 -0.254732 0.239129
v -0.577103 -0.250787 0.256628
v -0.587444 -0.249309 0.269101
v -0.587305 -0.249767 0.269144
v -0.584002 -0.249751 0.264103
v -0.583917 -0.250932 0.264150
v -0.587306 -0.250528 0.269143
v -0.587877 -0.249155 0.269021
v -0.577638 -0.250602 0.256527
v -0.559948 -0.254535 0.238946
v -0.552544 -0.256847 0.231653
v -0.548586 -0.258575 0.227859
v -0.545385 -0.259959 0.225707
v -0.541976 -0.260532 0.224756
v -0.503939 -0.262824 0.221648
v -0.480262 -0.264313 0.224101
v -0.469776 -0.264682 0.229675
v -0.475294 -0.264329 0.213394
v -0.492090 -0.263614 0.221876
v -0.503863 -0.262794 0.210038
v -0.516212 -0.262014 0.222571
v -0.527575 -0.261509 0.211831
v -0.534414 -0.260979 0.223996
v -0.544952 -0.260702 0.213453
v -0.546926 -0.259975 0.222253
v -0.552225 -0.258676 0.221431
v -0.554906 -0.256837 0.228678
v -0.567311 -0.254612 0.229958
v -0.568930 -0.252268 0.247856
v -0.586382 -0.250633 0.248893
v -0.584678 -0.249528 0.264148
v -0.599021 -0.249088 0.265558
v -0.600614 -0.249040 0.272759
v -0.594321 -0.249538 0.257806
v -0.599219 -0.249091 0.280001
v -0.594721 -0.249544 0.287894
v -0.586988 -0.250643 0.297066
v -0.577769 -0.252325 0.306738
v -0.568431 -0.254621 0.316533
v -0.560988 -0.256830 0.324168
v -0.553235 -0.258756 0.325660
v -0.555611 -0.258745 0.329277
v -0.551028 -0.260121 0.332272
v -0.545666 -0.260802 0.333879
v -0.576965 -0.252304 0.239542
v -0.559904 -0.256761 0.222722
v -0.554544 -0.258663 0.217767
v -0.550088 -0.260032 0.214891
v -0.537888 -0.261053 0.212689
v -0.515834 -0.262076 0.210943
v -0.490704 -0.263575 0.210422
v -0.461479 -0.264717 0.220709
vn 0.7360 -0.0000 -0.6770
vn 0.7363 -0.0000 -0.6767
vn 0.7183 -0.0000 -0.6957
vn 0.7154 -0.0000 -0.6987
vn 0.7155 -0.0000 -0.6986
vn 0.7020 -0.0000 -0.7122
vn 0.7015 -0.0000 -0.7126
vn 0.6196 -0.0000 -0.7849
vn 0.6215 -0.0000 -0.7834
vn 0.4202 -0.0000 -0.9074
vn 0.4175 -0.0000 -0.9087
vn 0.1988 -0.0000 -0.9800
vn 0.1998 -0.0000 -0.9798
vn 0.0891 -0.0005 -0.9960
vn 0.0927 0.0004 -0.9957
vn 0.0652 0.0001 -0.9979
vn 0.0611 -0.0006 -0.9981
vn 0.0596 -0.0000 -0.9982
vn 0.0107 -0.0000 -0.9999
vn 0.0112 -0.0000 -0.9999
vn -0.1155 -0.0000 -0.9933
vn -0.1162 -0.0000 -0.9932
vn -0.3370 -0.0000 -0.9415
vn -0.3362 -0.0000 -0.9418
vn -0.6845 -0.0000 -0.7290
vn -0.6839 -0.0000 -0.7296
vn -0.9249 -0.0000 -0.3802
vn -0.9257 -0.0000 -0.3784
vn -0.9901 -0.0000 -0.1404
vn -0.9899 -0.0000 -0.1418
vn -1.0000 -0.0000 0.0001
vn -1.0000 -0.0000 0.0013
vn -0.9893 -0.0000 0.1457
vn -0.9896 -0.0000 0.1439
vn -0.9234 -0.0000 0.3838
vn -0.9220 -0.0000 0.3871
vn -0.6758 -0.0000 0.7371
vn -0.6796 -0.0000 0.7336
vn -0.3250 -0.0000 0.9457
vn -0.3227 -0.0000 0.9465
vn -0.0966 -0.0000 0.9953
vn 0.0346 -0.0000 0.9994
vn 0.0335 -0.0000 0.9994
vn -0.0978 -0.0000 0.9952
vn 0.0836 -0.0000 0.9965
vn 0.8074 -0.0000 -0.5900
vn 0.8081 -0.0000 -0.5891
vn 0.9312 -0.0000 -0.3646
vn 0.9323 -0.0000 -0.3617
vn 1.0000 -0.0000 0.0056
vn 1.0000 -0.0000 0.0015
vn 0.9296 -0.0000 0.3685
vn 0.9283 -0.0000 0.3718
vn 0.8016 -0.0000 0.5979
vn 0.8029 -0.0000 0.5961
vn 0.7290 -0.0000 0.6845
vn 0.7285 -0.0000 0.6851
vn 0.7104 -0.0000 0.7038
vn 0.7086 -0.0000 0.7056
vn 0.6998 -0.0000 0.7143
vn 0.6997 -0.0000 0.7144
vn 0.6266 -0.0000 0.7794
vn 0.6273 -0.0000 0.7788
vn 0.4251 -0.0000 0.9051
vn 0.4235 -0.0000 0.9059
vn 0.2001 0.0001 0.9798
vn 0.2015 -0.0000 0.9795
vn 0.1022 -0.0001 0.9948
vn 0.1011 -0.0000 0.9949
vn 0.0858 -0.0002 0.9963
vn 0.0855 -0.0000 0.9963
vn -0.2114 -0.9720 0.1024
vn -0.2177 -0.9731 0.0751
vn -0.1666 -0.9842 0.0592
vn -0.1779 -0.9815 0.0712
vn -0.1839 -0.9805 0.0690
vn -0.1716 -0.9803 0.0973
vn -0.1782 -0.9800 0.0883
vn -0.2216 -0.9701 0.0993
vn -0.2788 -0.9596 0.0387
vn -0.2104 -0.9775 0.0172
vn -0.2477 -0.9688 0.0072
vn -0.3995 -0.9029 -0.1585
vn -0.4184 -0.8988 -0.1307
vn -0.4265 -0.8951 -0.1301
vn -0.6214 -0.6661 -0.4124
vn -0.5923 -0.6723 -0.4442
vn -0.2953 -0.9363 -0.1900
vn -0.4168 -0.7156 -0.5606
vn -0.2109 -0.3557 -0.9105
vn -0.1957 -0.7259 -0.6594
vn -0.4540 -0.3558 -0.8169
vn -0.6556 -0.3300 -0.6792
vn -0.1276 -0.9529 -0.2753
vn -0.0925 -0.9955 -0.0215
vn -0.1028 -0.7211 -0.6851
vn -0.0567 -0.9972 0.0487
vn -0.0786 -0.9952 0.0588
vn -0.0601 -0.9979 -0.0252
vn -0.0602 -0.7230 -0.6883
vn -0.0665 -0.9562 -0.2852
vn -0.1039 -0.3497 -0.9311
vn -0.0466 -0.3528 -0.9345
vn -0.0827 -0.1256 -0.9886
vn -0.0826 -0.1242 -0.9888
vn -0.1041 -0.1206 -0.9872
vn -0.2028 -0.1234 -0.9714
vn -0.4363 -0.1240 -0.8912
vn -0.6419 -0.1167 -0.7579
vn -0.7103 -0.1184 -0.6938
vn -0.7059 -0.3166 -0.6336
vn -0.7144 -0.1113 -0.6908
vn -0.6097 -0.6661 -0.4296
vn -0.5877 -0.6711 -0.4518
vn -0.7119 -0.1109 -0.6935
vn -0.7094 -0.3208 -0.6276
vn -0.7272 -0.1123 -0.6772
vn -0.7973 -0.1100 -0.5935
vn -0.7713 -0.3117 -0.5549
vn -0.8884 -0.2997 -0.3478
vn -0.9220 -0.1093 -0.3715
vn -0.7262 -0.6318 -0.2709
vn -0.7875 -0.6162 -0.0111
vn -0.9557 -0.2941 -0.0133
vn -0.9938 -0.1099 -0.0137
vn -0.6266 -0.6584 -0.4169
vn -0.8978 -0.2993 0.3231
vn -0.9318 -0.1092 0.3461
vn -0.8133 -0.1096 0.5715
vn -0.7271 -0.3182 0.6083
vn -0.7456 -0.1112 0.6570
vn -0.7868 -0.3103 0.5335
vn -0.6396 -0.6567 0.3997
vn -0.7341 -0.6312 0.2505
vn -0.4359 -0.8899 0.1345
vn -0.5990 -0.6689 0.4402
vn -0.3629 -0.9114 0.1939
vn -0.3792 -0.9039 0.1978
vn -0.2256 -0.9733 0.0424
vn -0.2006 -0.9787 0.0438
vn -0.3822 -0.9071 0.1763
vn -0.6062 -0.6649 0.4364
vn -0.2239 -0.9745 0.0170
vn -0.1301 -0.9914 -0.0150
vn -0.1535 -0.9870 -0.0469
vn -0.1808 -0.9807 -0.0740
vn -0.2468 -0.9690 -0.0130
vn -0.4045 -0.9020 0.1511
vn -0.6178 -0.6660 0.4180
vn -0.4269 -0.8959 0.1229
vn -0.6333 -0.6589 0.4060
vn -0.2748 -0.9605 -0.0440
vn -0.1730 -0.9805 -0.0937
vn -0.2062 -0.9782 -0.0253
vn -0.2163 -0.9708 -0.1039
vn -0.4167 -0.9010 0.1206
vn -0.2932 -0.9375 0.1877
vn -0.4191 -0.7174 0.5566
vn -0.5924 -0.6763 0.4378
vn -0.6608 -0.3353 0.6715
vn -0.4611 -0.3559 0.8129
vn -0.4460 -0.1246 0.8863
vn -0.7254 -0.3166 0.6112
vn -0.7215 -0.1171 0.6824
vn -0.6485 -0.1189 0.7519
vn -0.2236 -0.3562 0.9073
vn -0.2171 -0.1235 0.9683
vn -0.1099 -0.1201 0.9867
vn -0.1057 -0.3491 0.9311
vn -0.0756 -0.1282 0.9889
vn -0.0754 -0.1250 0.9893
vn -0.0421 -0.3503 0.9357
vn -0.0295 -0.1219 0.9921
vn -0.0581 -0.7210 0.6905
vn -0.1060 -0.7191 0.6868
vn -0.0775 -0.9569 0.2799
vn -0.0662 -0.9570 0.2824
vn -0.0594 -0.9979 0.0244
vn -0.0510 -0.9981 0.0347
vn -0.0219 -0.9564 0.2913
vn 0.0335 -0.7156 0.6977
vn -0.0562 -0.9974 -0.0442
vn -0.0267 -0.9990 0.0358
vn -0.0553 -0.9972 -0.0505
vn 0.0662 -0.9569 0.2829
vn 0.0211 -0.9996 0.0175
vn 0.2039 -0.9579 0.2020
vn 0.4812 -0.7205 0.4993
vn 0.2120 -0.7128 0.6686
vn 0.3005 -0.3371 0.8923
vn 0.6433 -0.3436 0.6842
vn 0.8751 -0.3356 0.3486
vn 0.6627 -0.7082 0.2436
vn 0.2987 -0.9504 0.0871
vn 0.3140 -0.9491 0.0257
vn 0.7009 -0.7080 0.0868
vn 0.0598 -0.9982 -0.0086
vn 0.0543 -0.9985 -0.0062
vn -0.0513 -0.9979 -0.0394
vn -0.0539 -0.9983 -0.0200
vn -0.0542 -0.9985 -0.0005
vn 0.0585 -0.9983 0.0004
vn 0.3108 -0.9505 0.0021
vn 0.7015 -0.7083 -0.0790
vn 0.7022 -0.7120 0.0048
vn 0.3135 -0.9493 -0.0223
vn 0.0588 -0.9982 0.0091
vn 0.2967 -0.9511 -0.0855
vn 0.4791 -0.7236 -0.4968
vn 0.6628 -0.7094 -0.2397
vn 0.1998 -0.9591 -0.2003
vn 0.0178 -0.9997 -0.0173
vn 0.0521 -0.9986 0.0062
vn -0.0523 -0.9979 0.0387
vn -0.0575 -0.9974 0.0427
vn -0.0293 -0.9990 -0.0351
vn 0.0633 -0.9582 -0.2790
vn 0.0322 -0.7197 -0.6936
vn 0.2098 -0.7172 -0.6645
vn -0.0566 -0.9978 -0.0346
vn -0.0236 -0.9574 -0.2878
vn 0.0790 -0.3453 -0.9352
vn 0.0975 -0.1189 -0.9881
vn -0.0341 -0.1230 -0.9918
vn 0.3015 -0.3413 -0.8903
vn 0.3249 -0.1173 -0.9384
vn 0.6784 -0.1192 -0.7249
vn 0.9209 -0.1159 -0.3722
vn 0.8770 -0.3365 -0.3430
vn 0.6445 -0.3462 -0.6817
vn 0.9342 -0.3357 -0.1203
vn 0.9843 -0.1155 -0.1334
vn 0.9410 -0.3385 0.0065
vn 0.9932 -0.1164 0.0069
vn 0.9828 -0.1154 0.1444
vn 0.9330 -0.3354 0.1307
vn 0.9184 -0.1156 0.3783
vn 0.6757 -0.1182 0.7277
vn 0.3222 -0.1156 0.9396
vn 0.0967 -0.1172 0.9884
vn 0.0791 -0.3411 0.9367
vn -0.0674 -0.9960 0.0592
vn -0.0595 -0.9965 0.0587
vn -0.0572 -0.9975 0.0416
vn -0.0766 -0.9962 0.0419
vn -0.0749 -0.9970 0.0199
vn -0.0559 -0.9983 0.0187
vn -0.0770 -0.9949 0.0657
vn -0.0786 -0.9958 0.0467
vn -0.0802 -0.9965 0.0219
vn -0.1869 -0.9817 0.0355
vn -0.0804 -0.9968 -0.0007
vn -0.1927 -0.9813 -0.0010
vn -0.1841 -0.9822 -0.0368
vn -0.0557 -0.9982 -0.0210
vn -0.0794 -0.9965 -0.0249
vn -0.0586 -0.9983 -0.0012
vn -0.0586 -0.9964 -0.0608
vn -0.0750 -0.9949 -0.0680
vn -0.0565 -0.9974 -0.0438
vn -0.0745 -0.9970 -0.0217
vn -0.0666 -0.9959 -0.0606
vn -0.0756 -0.9962 -0.0436
vn -0.0716 -0.9974 -0.0008
vn -0.0544 -0.9983 0.0189
vn -0.0771 -0.9952 -0.0599
vn -0.0901 -0.9957 0.0219
vn -0.1690 -0.9805 -0.1000
vn -0.0777 -0.9958 -0.0491
vn -0.1746 -0.9817 -0.0761
vn -0.2057 -0.9728 -0.1067
vn -0.2145 -0.9734 -0.0810
vn -0.2259 -0.9730 -0.0475
vn -0.1643 -0.9844 -0.0625
vn -0.1429 -0.9888 -0.0430
vn -0.1240 -0.9923 -0.0012
vn -0.1539 -0.9881 -0.0025
vn -0.1767 -0.9840 0.0243
vn -0.1444 -0.9887 0.0405
vn -0.1756 -0.9844 -0.0115
vn -0.2277 -0.9729 0.0404
vn -0.2314 -0.9728 -0.0045
vn -0.1320 -0.9912 0.0112
vn -0.1553 -0.9870 0.0418
vn -0.2235 -0.9744 -0.0235
vn -0.1997 -0.9785 -0.0509
vn -0.3551 -0.9125 -0.2030
vn -0.3749 -0.9086 -0.1843
vn -0.3719 -0.9046 -0.2084
vn -0.2223 -0.9737 -0.0495
vn -0.5840 -0.6723 -0.4549
vn -0.1216 -0.9925 -0.0155
vn -0.1489 -0.9887 -0.0157
vn -0.4314 -0.8875 -0.1618
vn -0.2711 -0.9625 -0.0041
vn -0.4745 -0.8802 -0.0069
vn -0.1380 -0.9569 0.2556
vn -0.2025 -0.7284 0.6545
vn -0.7318 -0.1113 0.6724
vn -0.7313 -0.1111 0.6729
vn -0.7199 -0.3169 0.6175
vn -0.0793 0.0002 -0.9969
vn -0.0756 -0.0000 -0.9971
vn -0.0785 -0.0277 -0.9965
vn -0.0947 -0.0265 -0.9952
vn -0.1956 -0.0262 -0.9803
vn -0.1983 -0.0001 -0.9802
vn -0.0976 0.0001 -0.9952
vn -0.4224 -0.0277 -0.9060
vn -0.4345 -0.0000 -0.9007
vn -0.6327 -0.0001 -0.7744
vn -0.6261 -0.0253 -0.7793
vn -0.6993 -0.0241 -0.7144
vn -0.6949 0.0002 -0.7191
vn -0.7032 -0.0000 -0.7110
vn -0.7147 -0.1109 -0.6905
vn -0.7124 -0.1137 -0.6925
vn -0.7246 -0.0235 -0.6888
vn -0.7090 -0.1145 -0.6959
vn -0.6421 -0.1184 -0.7574
vn -0.4368 -0.1244 -0.8909
vn -0.2028 -0.1233 -0.9714
vn -0.1039 -0.1231 -0.9869
vn -0.0825 -0.1167 -0.9897
vn -0.0835 -0.1218 -0.9890
vn -0.7047 -0.0000 -0.7095
vn -0.7244 -0.0000 -0.6894
vn -0.7972 -0.0235 -0.6032
vn -0.7994 -0.0000 -0.6007
vn -0.9254 -0.0232 -0.3783
vn -0.9266 -0.0000 -0.3761
vn -0.9996 -0.0242 -0.0137
vn -0.9999 -0.0000 -0.0138
vn -0.9365 -0.0000 0.3507
vn -0.9354 -0.0235 0.3528
vn -0.8136 -0.0230 0.5810
vn -0.8155 -0.0000 0.5788
vn -0.7433 -0.0237 0.6686
vn -0.7430 -0.0000 0.6693
vn -0.7311 -0.1129 0.6728
vn -0.7240 -0.0234 0.6894
vn -0.8133 -0.1095 0.5715
vn -0.9318 -0.1091 0.3461
vn -0.7972 -0.1099 -0.5936
vn -0.7271 -0.1113 -0.6774
vn -0.7239 -0.0000 0.6899
vn -0.7215 -0.0000 0.6924
vn -0.7116 -0.0245 0.7021
vn -0.7093 -0.0000 0.7049
vn -0.6328 -0.0256 0.7739
vn -0.6400 -0.0000 0.7684
vn -0.4327 -0.0277 0.9011
vn -0.4431 -0.0000 0.8965
vn -0.2131 -0.0000 0.9770
vn -0.2110 -0.0269 0.9771
vn -0.1031 -0.0258 0.9943
vn -0.1025 -0.0000 0.9947
vn -0.0753 -0.0258 0.9968
vn -0.0742 -0.0000 0.9972
vn -0.0795 -0.1213 0.9894
vn -0.0742 -0.1225 0.9897
vn -0.1068 -0.1212 0.9869
vn -0.6485 -0.1188 0.7519
vn -0.7225 -0.1138 0.6819
vn -0.7315 -0.1109 0.6727
vn -0.0678 -0.0000 0.9977
vn -0.0232 -0.0259 0.9994
vn -0.0232 -0.0000 0.9997
vn 0.1019 -0.0249 0.9945
vn 0.1010 -0.0000 0.9949
vn 0.3260 -0.0245 0.9451
vn 0.3236 -0.0000 0.9462
vn 0.6774 -0.0250 0.7352
vn 0.6782 -0.0000 0.7349
vn -0.0768 -0.0250 -0.9967
vn -0.0755 -0.0000 -0.9971
vn -0.0279 -0.0000 -0.9996
vn -0.0277 -0.0262 -0.9993
vn 0.1031 -0.0252 -0.9944
vn 0.3269 -0.0000 -0.9451
vn 0.3293 -0.0249 -0.9439
vn 0.1020 -0.0000 -0.9948
vn 0.6810 -0.0252 -0.7318
vn 0.6813 -0.0000 -0.7320
vn 0.9261 -0.0000 -0.3772
vn 0.9251 -0.0245 -0.3789
vn 0.9902 -0.0247 -0.1374
vn 1.0000 -0.0000 0.0069
vn 0.9997 -0.0248 0.0069
vn 0.9906 -0.0000 -0.1366
vn 0.9890 -0.0000 0.1477
vn 0.9886 -0.0247 0.1485
vn 0.9235 -0.0000 0.3836
vn 0.9224 -0.0252 0.3853
vn 0.0966 -0.1172 0.9884
vn -0.0289 -0.1212 0.9922
vn 0.9843 -0.1154 -0.1334
vn 0.0974 -0.1189 -0.9881
vn -0.0335 -0.1223 -0.9919
vn -0.0820 -0.1230 -0.9890
vn 0.1657 0.9844 -0.0587
vn 0.1459 0.9886 -0.0385
vn 0.1528 0.9882 0.0023
vn 0.1763 0.9840 -0.0244
vn 0.1746 0.9845 0.0150
vn 0.1223 0.9925 0.0008
vn 0.1458 0.9884 0.0426
vn 0.1646 0.9844 0.0630
vn 0.2131 0.9737 0.0806
vn 0.2243 0.9734 0.0472
vn 0.2061 0.9728 0.1057
vn 0.1759 0.9814 0.0767
vn 0.1699 0.9804 0.0996
vn 0.1844 0.9820 0.0419
vn 0.0792 0.9956 0.0495
vn 0.0805 0.9964 0.0251
vn 0.0762 0.9949 0.0668
vn 0.0556 0.9982 0.0210
vn 0.0565 0.9974 0.0437
vn 0.0820 0.9966 0.0018
vn 0.0586 0.9983 0.0012
vn 0.0563 0.9982 -0.0199
vn 0.0810 0.9965 -0.0210
vn 0.0817 0.9955 -0.0472
vn 0.0605 0.9974 -0.0404
vn 0.0585 0.9966 -0.0577
vn 0.0785 0.9948 -0.0650
vn 0.0564 0.9966 -0.0594
vn 0.0863 0.9960 -0.0229
vn 0.1987 0.9784 -0.0566
vn 0.1737 0.9802 -0.0955
vn 0.0580 0.9983 -0.0112
vn 0.0732 0.9692 0.2351
vn 0.1317 0.9602 0.2464
vn 0.4161 0.7143 0.5627
vn 0.2896 0.9434 0.1617
vn 0.1813 0.7164 0.6737
vn 0.1924 0.3118 0.9304
vn 0.4476 0.3249 0.8331
vn 0.6544 0.3194 0.6853
vn 0.5965 0.6735 0.4367
vn 0.4088 0.9069 0.1019
vn 0.2515 0.9653 -0.0700
vn 0.6170 0.6754 0.4038
vn 0.4114 0.9046 0.1117
vn 0.7079 0.2849 0.6463
vn 0.6168 0.6536 0.4385
vn 0.3884 0.9104 0.1423
vn 0.5956 0.6570 0.4622
vn 0.3643 0.9152 0.1722
vn 0.1909 0.9815 -0.0106
vn 0.2041 0.9779 -0.0446
vn 0.2097 0.9726 -0.1003
vn 0.2165 0.9734 -0.0749
vn 0.1793 0.9812 -0.0720
vn 0.2262 0.9733 -0.0403
vn 0.1878 0.9816 -0.0345
vn 0.1902 0.9817 0.0037
vn 0.2299 0.9732 0.0022
vn 0.1194 0.9925 -0.0265
vn 0.1587 0.9868 0.0335
vn 0.1679 0.9857 0.0170
vn 0.3321 0.9261 0.1791
vn 0.6325 0.6264 0.4556
vn 0.3588 0.9119 0.1992
vn 0.8980 0.2266 0.3771
vn 0.7643 0.5697 0.3023
vn 0.7693 0.2560 0.5854
vn 0.7069 0.2989 0.6411
vn 0.4405 0.8851 0.1502
vn 0.8521 0.5232 0.0117
vn 0.5059 0.8625 0.0103
vn 0.2157 0.9764 -0.0099
vn 0.1791 0.9832 0.0364
vn 0.9785 0.2057 0.0134
vn 0.9080 0.2267 -0.3524
vn 0.7742 0.5675 -0.2803
vn 0.4456 0.8846 -0.1374
vn 0.6476 0.6296 -0.4292
vn 0.3647 0.9119 -0.1881
vn 0.3470 0.9205 -0.1795
vn 0.6073 0.6485 -0.4590
vn 0.6132 0.6476 -0.4523
vn 0.3730 0.9128 -0.1664
vn 0.1945 0.9808 0.0173
vn 0.1547 0.9879 -0.0086
vn 0.3941 0.9088 -0.1367
vn 0.4118 0.9052 -0.1051
vn 0.2489 0.9655 0.0767
vn 0.2025 0.9780 0.0498
vn 0.6311 0.6453 -0.4303
vn 0.6283 0.6683 -0.3982
vn 0.4037 0.9098 -0.0962
vn 0.5952 0.6785 -0.4306
vn 0.1920 0.9796 0.0591
vn 0.4188 0.7167 -0.5577
vn 0.2852 0.9454 -0.1575
vn 0.1065 0.9941 0.0187
vn 0.0842 0.9961 0.0249
vn 0.1156 0.9599 -0.2555
vn 0.1928 0.7106 -0.6767
vn 0.0954 0.7001 -0.7077
vn 0.2043 0.3081 -0.9291
vn 0.0918 0.3100 -0.9463
vn 0.0551 0.9982 0.0223
vn 0.0578 0.7089 -0.7030
vn 0.0651 0.9638 -0.2587
vn 0.0500 0.3270 -0.9437
vn -0.0340 0.6859 -0.7269
vn 0.0572 0.9983 0.0083
vn 0.0292 0.9599 -0.2788
vn -0.3097 0.2672 -0.9125
vn -0.2384 0.6476 -0.7238
vn -0.0770 0.2918 -0.9534
vn -0.0756 0.9528 -0.2941
vn -0.5379 0.6361 -0.5532
vn -0.2330 0.9451 -0.2291
vn 0.0049 1.0000 0.0066
vn 0.0366 0.9993 0.0066
vn -0.3137 0.9445 -0.0977
vn -0.7153 0.6455 -0.2679
vn -0.7315 0.6758 -0.0909
vn -0.2981 0.9542 -0.0255
vn -0.0087 0.9995 0.0291
vn 0.0058 0.9999 0.0149
vn 0.0732 0.9971 0.0216
vn 0.0728 0.9965 0.0403
vn 0.0659 0.9961 0.0590
vn 0.0586 0.9964 0.0605
vn 0.0553 0.9966 0.0612
vn 0.0711 0.9975 0.0012
vn 0.0737 0.9971 -0.0197
vn 0.0758 0.9963 -0.0396
vn 0.0666 0.9961 -0.0575
vn 0.0587 0.9982 -0.0075
vn 0.0422 0.9991 -0.0035
vn 0.0091 1.0000 0.0040
vn -0.0109 0.9996 -0.0256
vn 0.0065 0.9999 -0.0156
vn 0.0173 0.9999 -0.0000
vn -0.2786 0.9604 -0.0019
vn -0.7237 0.6901 -0.0051
vn -0.2976 0.9544 0.0222
vn -0.7324 0.6759 0.0827
vn -0.3109 0.9456 0.0960
vn -0.2262 0.9479 0.2245
vn -0.7152 0.6474 0.2634
vn -0.5335 0.6445 0.5477
vn -0.8942 0.2804 0.3489
vn -0.6618 0.2760 0.6970
vn -0.3107 0.2761 0.9095
vn -0.2339 0.6600 0.7139
vn -0.0699 0.9557 0.2860
vn 0.0300 0.9618 0.2722
vn -0.0324 0.6948 0.7185
vn 0.0708 0.9635 0.2583
vn 0.0647 0.7081 0.7032
vn 0.0493 0.3262 0.9440
vn -0.0769 0.2996 0.9509
vn -0.0940 0.0812 0.9923
vn 0.0364 0.0941 0.9949
vn 0.0818 0.0990 0.9917
vn 0.0819 0.1030 0.9913
vn 0.0920 0.0822 0.9924
vn 0.1892 0.0779 0.9788
vn 0.4235 0.0857 0.9018
vn 0.6405 0.0932 0.7623
vn 0.7096 0.1011 0.6973
vn 0.7125 0.0901 0.6959
vn 0.7100 0.0870 0.6988
vn 0.7221 0.0854 0.6865
vn 0.7832 0.0760 0.6171
vn 0.9168 0.0665 0.3937
vn 0.9980 0.0624 0.0137
vn 0.9272 0.0668 -0.3685
vn 0.7998 0.0760 -0.5955
vn 0.7821 0.2616 -0.5656
vn 0.7278 0.2810 -0.6256
vn 0.7408 0.0846 -0.6664
vn 0.7292 0.0856 -0.6790
vn 0.7265 0.2804 -0.6274
vn 0.7298 0.0921 -0.6774
vn 0.7254 0.1126 -0.6790
vn 0.6449 0.0899 -0.7589
vn 0.6647 0.3205 -0.6748
vn 0.4337 0.0861 -0.8969
vn 0.4561 0.3273 -0.8276
vn 0.1996 0.0793 -0.9767
vn 0.0995 0.0866 -0.9913
vn 0.0740 0.0984 -0.9924
vn 0.0739 0.0954 -0.9927
vn 0.0302 0.0916 -0.9953
vn -0.0927 0.0793 -0.9925
vn -0.3228 0.0720 -0.9437
vn -0.6792 0.0769 -0.7299
vn -0.8920 0.2803 -0.3546
vn -0.6607 0.2713 -0.6999
vn -0.9227 0.0811 -0.3769
vn -0.9868 0.0818 -0.1395
vn -0.9556 0.2946 -0.0068
vn -0.9481 0.2904 -0.1294
vn -0.9966 0.0817 -0.0070
vn -0.9884 0.0813 0.1283
vn -0.9497 0.2898 0.1186
vn -0.9252 0.0807 0.3707
vn -0.6820 0.0781 0.7272
vn -0.3259 0.0744 0.9425
vn 0.0734 -0.0010 -0.9973
vn 0.0672 -0.0020 -0.9977
vn 0.0687 0.0172 -0.9975
vn 0.0750 0.0162 -0.9971
vn 0.0976 0.0146 -0.9951
vn 0.1996 0.0134 -0.9798
vn 0.2099 -0.0011 -0.9777
vn 0.0984 -0.0007 -0.9951
vn 0.6441 -0.0004 -0.7650
vn 0.4455 -0.0010 -0.8953
vn 0.4268 0.0155 -0.9042
vn 0.6315 0.0166 -0.7752
vn 0.6469 0.0958 -0.7566
vn 0.7225 0.0965 -0.6846
vn 0.7115 0.0175 -0.7025
vn 0.4346 0.0868 -0.8964
vn 0.1996 0.0794 -0.9767
vn 0.0963 0.0849 -0.9917
vn 0.0775 0.0937 -0.9926
vn 0.0732 0.0967 -0.9926
vn 0.7228 0.0169 -0.6908
vn 0.7112 -0.0006 -0.7030
vn 0.7298 0.0931 -0.6773
vn 0.7298 0.0897 -0.6777
vn 0.7380 0.0149 -0.6747
vn 0.7237 -0.0012 -0.6901
vn 0.7383 -0.0012 -0.6745
vn 0.7218 -0.0009 -0.6921
vn 0.8023 -0.0009 -0.5969
vn 0.7994 0.0133 -0.6006
vn 0.9311 -0.0007 -0.3647
vn 0.9286 0.0089 -0.3709
vn 0.9999 0.0165 0.0020
vn 0.9181 0.0083 0.3964
vn 0.9208 -0.0007 0.3900
vn 0.9999 -0.0006 0.0137
vn 0.9142 0.0667 0.3998
vn 0.7831 0.0759 0.6172
vn 0.7829 0.0130 0.6220
vn 0.9247 0.0670 -0.3746
vn 0.7997 0.0759 -0.5956
vn 0.7411 0.0846 -0.6660
vn 0.7190 0.0151 0.6949
vn 0.7858 -0.0009 0.6185
vn 0.7225 0.0853 0.6861
vn 0.7105 0.0890 0.6980
vn 0.7043 -0.0009 0.7099
vn 0.6991 0.0171 0.7148
vn 0.7195 -0.0013 0.6945
vn 0.7035 -0.0004 0.7107
vn 0.0264 -0.0011 -0.9997
vn 0.0687 0.0162 -0.9975
vn 0.0674 -0.0015 -0.9977
vn 0.0251 0.0156 -0.9996
vn -0.0964 0.0131 -0.9953
vn -0.0938 -0.0006 -0.9956
vn -0.3237 0.0117 -0.9461
vn -0.3201 -0.0007 -0.9474
vn -0.6784 -0.0007 -0.7347
vn -0.6779 0.0136 -0.7351
vn -0.9253 -0.0006 -0.3792
vn -0.9900 -0.0005 -0.1410
vn -0.9898 0.0143 -0.1420
vn -0.9242 0.0141 -0.3817
vn -0.9227 0.0810 -0.3769
vn -0.0928 0.0792 -0.9925
vn 0.0733 0.0968 -0.9926
vn -0.9999 0.0141 -0.0071
vn -0.9966 0.0817 -0.0071
vn -0.9913 0.0140 0.1307
vn -0.9916 -0.0004 0.1296
vn -1.0000 -0.0004 -0.0070
vn -0.9279 -0.0005 0.3727
vn -0.9269 0.0142 0.3751
vn -0.6815 -0.0007 0.7318
vn -0.6818 0.0126 0.7315
vn -0.9252 0.0806 0.3707
vn -0.6838 0.0792 0.7254
vn -0.3315 0.0052 0.9434
vn -0.0973 0.0124 0.9952
vn -0.0917 0.0813 0.9925
vn -0.3235 -0.0006 0.9462
vn -0.0949 -0.0007 0.9955
vn 0.0311 -0.0010 0.9995
vn 0.0754 -0.0014 0.9972
vn 0.0793 0.0169 0.9967
vn 0.0295 0.0157 0.9994
vn 0.0807 0.0960 0.9921
vn 0.0349 0.0927 0.9951
vn 0.0847 0.0944 0.9919
vn 0.0923 0.0850 0.9921
vn 0.0936 0.0148 0.9955
vn 0.0790 -0.0010 0.9969
vn 0.0941 -0.0006 0.9956
vn 0.1961 -0.0012 0.9806
vn 0.4377 -0.0010 0.8991
vn 0.4174 0.0152 0.9086
vn 0.1848 0.0134 0.9827
vn 0.1848 0.0785 0.9796
vn 0.4250 0.0859 0.9011
vn 0.6245 0.0165 0.7809
vn 0.7081 0.0953 0.6996
vn 0.6402 0.0948 0.7623
vn 0.6363 -0.0003 0.7714
vn 0.6962 -0.0005 0.7179
vn 0.7129 0.0912 0.6953
vn 0.1869 0.9821 0.0222
vn 0.1730 0.9843 0.0355
vn 0.6540 0.6078 0.4503
vn 0.5528 0.7326 0.3972
vn 0.6025 0.6573 0.4528
vn 0.2165 0.9763 0.0035
vn 0.7196 0.1932 0.6670
vn 0.7197 -0.0020 0.6942
vn 0.7033 -0.0084 0.7108
vn 0.7852 0.0750 0.6147
vn 0.9109 0.1514 0.3837
vn 0.9192 -0.0011 0.3938
vn 0.9974 0.0703 0.0138
vn 0.7879 0.6157 0.0054
vn 0.9211 0.1515 -0.3587
vn 0.9296 -0.0011 -0.3687
vn 0.8018 0.0752 -0.5928
vn 0.6654 0.6080 -0.4330
vn 0.7414 0.1568 -0.6525
vn 0.7372 -0.0012 -0.6757
vn 0.7258 0.0144 -0.6878
vn 0.7346 0.2070 -0.6461
vn 0.7114 -0.0487 -0.7011
vn 0.6611 -0.2261 -0.7155
vn 0.6784 0.1741 -0.7137
vn 0.6261 0.0199 -0.7795
vn 0.4377 0.0708 -0.8963
vn 0.4723 0.6049 -0.6412
vn 0.2199 0.1560 -0.9630
vn 0.2047 -0.0011 -0.9788
vn 0.1092 -0.0087 -0.9940
vn 0.0890 0.1645 -0.9824
vn 0.0647 -0.0589 -0.9962
vn 0.0676 -0.0270 -0.9973
vn 0.0363 0.1569 -0.9870
vn 0.0263 -0.0001 -0.9997
vn -0.0916 0.0773 -0.9928
vn -0.0399 0.6007 -0.7985
vn -0.3144 0.1511 -0.9372
vn -0.3242 -0.0007 -0.9460
vn -0.6770 0.0753 -0.7321
vn -0.5030 0.6583 -0.5600
vn -0.9150 0.1509 -0.3742
vn -0.9241 -0.0006 -0.3820
vn -0.9871 0.0779 -0.1401
vn -0.9879 0.1550 -0.0070
vn -1.0000 -0.0000 -0.0071
vn -0.7770 0.6231 -0.0898
vn -0.9886 0.0778 0.1290
vn -0.9176 0.1509 0.3678
vn -0.9268 -0.0006 0.3755
vn -0.7931 0.6013 0.0968
vn -0.6798 0.0759 0.7295
vn -0.3176 0.1509 0.9361
vn -0.3276 -0.0007 0.9448
vn -0.5166 0.6231 0.5872
vn -0.0925 0.0775 0.9927
vn 0.0393 0.1577 0.9867
vn 0.0309 -0.0001 0.9995
vn -0.0227 0.6054 0.7956
vn 0.0753 -0.0180 0.9970
vn 0.0923 0.1628 0.9823
vn 0.0734 -0.0381 0.9966
vn 0.1014 -0.0041 0.9948
vn 0.2070 0.1560 0.9658
vn 0.1910 -0.0011 0.9816
vn 0.4287 0.0698 0.9007
vn 0.6524 0.1543 0.7420
vn 0.6216 -0.0004 0.7834
vn 0.4932 0.5957 0.6340
vn 0.6865 -0.0313 0.7264
vn 0.7181 0.2157 0.6617
vn 0.7025 -0.0154 0.7115
vn 0.6288 0.6810 0.3754
vn 0.6080 0.6771 0.4147
vn 0.2514 0.9676 -0.0245
vn 0.2901 0.9560 -0.0438
vn 0.3538 0.9338 -0.0530
vn 0.6150 0.6712 0.4138
vn 0.2747 0.9608 0.0376
vn 0.1194 0.9871 0.1068
vn 0.2206 0.7200 0.6580
vn 0.1094 0.6995 0.7062
vn 0.0519 0.9789 -0.1976
vn 0.0400 0.9816 -0.1866
vn 0.1150 0.9571 -0.2661
vn 0.2446 0.9562 -0.1605
vn 0.0836 0.9582 -0.2734
vn 0.1237 0.9535 -0.2748
vn -0.2146 0.5802 -0.7857
vn -0.3617 0.6987 -0.6172
vn -0.2788 0.6951 -0.6627
vn -0.5799 0.1573 -0.7994
vn -0.4054 0.0735 -0.9112
vn -0.6209 -0.0000 -0.7839
vn -0.6942 0.0003 -0.7198
vn -0.6569 0.1590 -0.7370
vn -0.6618 0.2107 -0.7194
vn -0.6987 0.0185 -0.7152
vn -0.7056 -0.0075 -0.7085
vn -0.4435 0.6737 -0.5911
vn -0.4093 0.6851 -0.6026
vn 0.0290 0.9684 -0.2479
vn -0.0070 0.9750 -0.2222
vn -0.0464 0.9789 -0.1991
vn -0.4598 0.6973 -0.5499
vn -0.6167 0.5977 -0.5123
vn -0.1080 0.9775 -0.1813
vn -0.7012 0.1562 -0.6956
vn -0.7230 -0.0000 -0.6908
vn -0.7909 0.0769 -0.6070
vn -0.9127 0.1529 -0.3789
vn -0.9972 0.0733 -0.0137
vn -0.7997 0.6003 -0.0111
vn -0.9253 -0.0000 -0.3792
vn -0.6499 0.7028 -0.2892
vn -0.1539 0.9843 -0.0862
vn -0.2121 0.9772 -0.0001
vn -0.1521 0.9827 0.1054
vn -0.6576 0.7028 0.2714
vn -0.9228 0.1499 0.3549
vn -0.6260 0.5969 0.5018
vn -0.8071 0.0766 0.5854
vn -0.9353 -0.0000 0.3538
vn -0.7201 0.1562 0.6761
vn -0.7417 -0.0000 0.6707
vn -0.7251 -0.0088 0.6886
vn -0.6812 0.2104 0.7012
vn -0.7152 0.0228 0.6986
vn -0.7079 0.0004 0.7063
vn -0.6711 0.1589 0.7241
vn -0.5877 0.1574 0.7936
vn -0.6280 -0.0000 0.7782
vn -0.4153 0.0739 0.9067
vn -0.2436 0.5905 0.7694
vn -0.1909 0.1563 0.9691
vn -0.2084 -0.0000 0.9780
vn -0.1015 0.0001 0.9948
vn -0.0924 0.1588 0.9830
vn -0.0641 0.1822 0.9812
vn -0.0753 0.0015 0.9972
vn -0.0678 -0.0010 0.9977
vn -0.0123 0.1579 0.9874
vn -0.0214 -0.0000 0.9998
vn 0.1078 0.0785 0.9911
vn 0.1244 0.5817 0.8038
vn 0.3286 0.1520 0.9321
vn 0.3270 -0.0000 0.9450
vn 0.6768 0.0768 0.7321
vn 0.6000 0.5173 0.6103
vn 0.9106 0.1518 0.3845
vn 0.9225 -0.0000 0.3860
vn 0.9856 0.0787 0.1496
vn 0.9878 0.1556 0.0069
vn 0.7935 0.5962 0.1219
vn 0.1653 0.9862 0.0011
vn 0.1857 0.9813 0.0506
vn 0.7118 0.7024 0.0049
vn 0.1550 0.9827 0.1016
vn 0.6532 0.6991 0.2909
vn 0.1490 0.9783 0.1439
vn 0.0886 0.9838 0.1559
vn 0.2619 0.7008 0.6635
vn 0.0730 0.9810 0.1798
vn 0.0345 0.9826 -0.1824
vn -0.0040 0.9857 -0.1685
vn -0.1027 0.9892 -0.1043
vn 0.0459 0.9790 0.1985
vn 0.0698 0.9886 -0.1336
vn -0.2044 0.6975 -0.6868
vn -0.1597 0.9864 -0.0389
vn -0.6691 0.6977 -0.2559
vn -0.1742 0.9847 -0.0013
vn 0.1583 0.9826 -0.0977
vn 0.1808 0.9826 -0.0427
vn 0.7950 0.5960 -0.1128
vn 0.6556 0.6994 -0.2846
vn 0.9132 0.1517 -0.3782
vn 0.9873 0.0785 -0.1384
vn 0.9252 -0.0000 -0.3796
vn 0.6800 0.0768 -0.7292
vn 0.3319 0.1520 -0.9310
vn 0.5496 0.5948 -0.5866
vn 0.3304 -0.0000 -0.9438
vn 0.0827 0.9829 -0.1644
vn 0.1376 0.9763 -0.1670
vn 0.2523 0.6998 -0.6683
vn -0.1045 0.9888 0.1063
vn -0.0196 0.9859 0.1662
vn -0.1584 0.9864 0.0449
vn 0.0358 0.9825 0.1826
vn 0.0678 0.9801 -0.1868
vn 0.0475 0.9787 -0.1999
vn 0.0704 0.9886 0.1333
vn 0.0633 0.7306 0.6798
vn -0.2060 0.6972 0.6866
vn -0.6706 0.6975 0.2528
vn -0.1793 0.9838 0.0012
vn -0.1621 0.9868 -0.0042
vn -0.7126 0.7016 -0.0049
vn 0.0725 0.9785 0.1933
vn 0.1234 0.5978 -0.7921
vn 0.0229 0.7173 -0.6964
vn -0.0119 0.7138 -0.7002
vn -0.0164 0.1584 -0.9872
vn 0.1093 0.0785 -0.9909
vn -0.0259 -0.0000 -0.9997
vn -0.0755 0.0109 -0.9971
vn -0.0722 0.1888 -0.9794
vn -0.0745 0.0225 -0.9970
vn -0.1036 0.0235 -0.9943
vn -0.0376 0.7030 -0.7102
vn -0.0884 0.6994 -0.7092
vn -0.1765 0.1563 -0.9718
vn -0.1938 -0.0000 -0.9810
vn 0.0662 0.7299 -0.6804
vn 0.0690 0.9860 -0.1520
vn 0.0697 0.9770 -0.2017
vn 0.1161 0.7112 -0.6933
vn 0.1311 0.9833 -0.1260
vn 0.2191 0.7075 -0.6719
vn 0.3388 0.9392 0.0562
vn 0.2615 0.9646 -0.0356
vn 0.6049 0.6808 -0.4131
vn 0.6352 0.6780 -0.3698
vn 0.2510 0.9676 0.0282
vn 0.2838 0.9573 0.0558
vn 0.6130 0.6850 -0.3938
vn 0.5986 0.6815 -0.4210
vn 0.1893 0.9817 -0.0201
vn 0.2177 0.9760 0.0033
vn 0.5807 0.7067 -0.4041
vn 0.1399 0.9898 -0.0269
vn 0.1809 0.9830 -0.0331
vn 0.6725 0.7036 -0.2293
vn 0.1364 0.9904 0.0222
vn 0.1699 0.9855 -0.0033
vn 0.6660 0.7036 0.2477
vn -0.1136 0.9773 0.1789
vn -0.0532 0.9788 0.1976
vn -0.4746 0.6972 0.5372
vn -0.4612 0.6721 0.5793
vn -0.0125 0.9743 0.2250
vn 0.0238 0.9681 0.2495
vn -0.4231 0.6841 0.5941
vn -0.3736 0.6992 0.6095
vn 0.1199 0.9517 0.2828
vn 0.0758 0.9604 0.2680
vn -0.2881 0.6953 0.6584
vn 0.0492 0.9802 0.1919
vn 0.0984 0.9617 0.2560
vn -0.1009 0.6995 0.7075
vn -0.0357 0.7140 0.6993
vn 0.0374 0.9804 0.1936
vn -0.0054 0.7311 0.6822
vn 0.0260 0.7191 0.6945
vn 0.2374 0.9580 0.1607
vn -0.2105 -0.9723 0.1012
vn -0.2160 -0.9735 0.0746
vn -0.1662 -0.9843 0.0592
vn -0.1789 -0.9812 0.0718
vn -0.2000 -0.9786 0.0483
vn -0.1721 -0.9803 0.0968
vn -0.1950 -0.9790 0.0592
vn -0.2474 -0.9661 0.0736
vn -0.4045 -0.9083 -0.1062
vn -0.4088 -0.9062 -0.1083
vn -0.5966 -0.6747 -0.4345
vn -0.4161 -0.7150 -0.5618
vn -0.2882 -0.9449 -0.1554
vn -0.6156 -0.6784 -0.4011
vn -0.6587 -0.3123 -0.6846
vn -0.4465 -0.3167 -0.8369
vn -0.4208 -0.0756 -0.9040
vn -0.6391 -0.0854 -0.7644
vn -0.7091 -0.0953 -0.6986
vn -0.7122 -0.2716 -0.6474
vn -0.7119 -0.0837 -0.6972
vn -0.7097 -0.0798 -0.7000
vn -0.7072 -0.2921 -0.6439
vn -0.7215 -0.0785 -0.6880
vn -0.7816 -0.0688 -0.6200
vn -0.8999 -0.2127 -0.3807
vn -0.9163 -0.0585 -0.3962
vn -0.7694 -0.2459 -0.5896
vn -0.9985 -0.0538 -0.0137
vn -0.9819 -0.1889 -0.0134
vn -0.9099 -0.2128 0.3560
vn -0.9267 -0.0588 0.3711
vn -0.8658 -0.5003 -0.0118
vn -0.7730 -0.5552 -0.3069
vn -0.4404 -0.8851 -0.1505
vn -0.7820 -0.5540 0.2856
vn -0.4453 -0.8847 0.1377
vn -0.5202 -0.8540 -0.0074
vn -0.2107 -0.9775 -0.0064
vn -0.6501 -0.6177 0.4425
vn -0.1541 -0.9878 0.0220
vn -0.3641 -0.9122 0.1879
vn -0.7859 -0.2441 0.5681
vn -0.7258 -0.2894 0.6241
vn -0.3379 -0.9259 0.1689
vn -0.6151 -0.6437 0.4552
vn -0.1523 -0.9883 0.0024
vn -0.3720 -0.9135 0.1650
vn -0.1877 -0.9820 -0.0216
vn -0.1970 -0.9789 -0.0537
vn -0.3930 -0.9096 0.1351
vn -0.2412 -0.9672 -0.0790
vn -0.4093 -0.9067 0.1019
vn -0.6332 -0.6416 0.4329
vn -0.6273 -0.6705 0.3960
vn -0.5948 -0.6802 0.4284
vn -0.6584 -0.3166 0.6829
vn -0.4012 -0.9114 0.0915
vn -0.7274 -0.2717 0.6302
vn -0.1920 -0.9793 -0.0648
vn -0.2841 -0.9467 0.1517
vn -0.4185 -0.7175 0.5568
vn -0.1238 -0.9632 0.2386
vn -0.1910 -0.7086 0.6793
vn -0.0925 -0.7021 0.7060
vn -0.0834 -0.9960 -0.0309
vn -0.0582 -0.9980 -0.0233
vn -0.0708 -0.9659 0.2492
vn -0.0909 -0.7238 0.6840
vn -0.0678 -0.9675 0.2435
vn -0.0646 -0.7112 0.7000
vn -0.0554 -0.9984 -0.0128
vn -0.0252 -0.9623 0.2710
vn 0.0346 -0.6789 0.7334
vn -0.0452 -0.3118 0.9491
vn -0.0915 -0.2975 0.9503
vn -0.0734 -0.0867 0.9935
vn 0.0770 -0.2772 0.9577
vn -0.0302 -0.0826 0.9961
vn 0.0924 -0.0684 0.9934
vn 0.3119 -0.2434 0.9184
vn 0.3230 -0.0581 0.9446
vn 0.6801 -0.0614 0.7306
vn 0.8979 -0.2584 0.3565
vn 0.9238 -0.0678 0.3769
vn 0.6660 -0.2433 0.7052
vn 0.5520 -0.6114 0.5670
vn 0.2439 -0.6298 0.7375
vn 0.0767 -0.9520 0.2963
vn 0.7289 -0.6277 0.2734
vn 0.3156 -0.9437 0.0992
vn 0.2379 -0.9427 0.2341
vn 0.0019 -0.9997 -0.0251
vn -0.0154 -0.9997 -0.0171
vn 0.2917 -0.9562 0.0248
vn -0.0110 -0.9999 -0.0120
vn 0.7386 -0.6679 0.0916
vn 0.9528 -0.2748 0.1294
vn 0.9597 -0.2809 0.0068
vn 0.7282 -0.6854 0.0052
vn 0.2695 -0.9630 0.0018
vn -0.0272 -0.9996 -0.0003
vn 0.7396 -0.6679 -0.0833
vn 0.2913 -0.9564 -0.0217
vn -0.0164 -0.9997 0.0164
vn -0.0715 -0.9974 -0.0010
vn -0.0741 -0.9971 0.0198
vn -0.0738 -0.9970 -0.0216
vn -0.0725 -0.9964 -0.0428
vn -0.0399 -0.9992 -0.0070
vn -0.0658 -0.9961 -0.0591
vn -0.0585 -0.9965 -0.0597
vn -0.0760 -0.9949 -0.0667
vn -0.0565 -0.9975 -0.0436
vn -0.0555 -0.9982 -0.0210
vn -0.0807 -0.9964 -0.0252
vn -0.0822 -0.9966 -0.0014
vn -0.0795 -0.9956 -0.0496
vn -0.0587 -0.9983 -0.0012
vn -0.1860 -0.9817 -0.0406
vn -0.1766 -0.9813 -0.0770
vn -0.1698 -0.9804 -0.1001
vn -0.1909 -0.9816 -0.0008
vn -0.2052 -0.9730 -0.1055
vn -0.2129 -0.9738 -0.0805
vn -0.2247 -0.9733 -0.0470
vn -0.1752 -0.9845 -0.0113
vn -0.2298 -0.9732 -0.0022
vn -0.1636 -0.9846 -0.0621
vn -0.1447 -0.9885 -0.0431
vn -0.1533 -0.9882 -0.0026
vn -0.1219 -0.9925 0.0046
vn -0.1450 -0.9886 0.0396
vn -0.1135 -0.9934 -0.0132
vn -0.1585 -0.9869 -0.0293
vn -0.1530 -0.9882 -0.0109
vn -0.1868 -0.9823 0.0136
vn -0.3275 -0.9288 -0.1731
vn -0.3569 -0.9129 -0.1979
vn -0.6356 -0.6209 -0.4587
vn -0.3630 -0.9161 -0.1704
vn -0.5972 -0.6540 -0.4644
vn -0.3870 -0.9113 -0.1403
vn -0.6184 -0.6509 -0.4403
vn -0.1744 -0.9844 0.0225
vn -0.2263 -0.9732 0.0400
vn -0.1870 -0.9817 0.0368
vn -0.0814 -0.9956 0.0466
vn -0.0815 -0.9964 0.0219
vn -0.0558 -0.9983 0.0192
vn -0.0585 -0.9974 0.0411
vn -0.0784 -0.9948 0.0646
vn -0.0839 -0.9960 0.0291
vn -0.0594 -0.9980 0.0218
vn -0.0721 -0.9718 -0.2246
vn -0.1298 -0.9619 -0.2407
vn -0.1811 -0.7167 -0.6734
vn -0.1848 -0.3030 -0.9349
vn -0.1858 -0.0685 -0.9802
vn -0.0915 -0.0724 -0.9932
vn -0.0814 -0.0919 -0.9924
vn -0.0812 -0.0898 -0.9926
vn -0.0363 -0.0849 -0.9957
vn -0.0506 -0.3176 -0.9469
vn 0.0322 -0.6897 -0.7234
vn -0.0624 -0.7055 -0.7059
vn 0.0769 -0.2859 -0.9552
vn 0.0937 -0.0702 -0.9931
vn 0.3129 -0.2531 -0.9155
vn 0.3262 -0.0604 -0.9434
vn 0.6829 -0.0623 -0.7278
vn 0.6673 -0.2482 -0.7023
vn 0.9002 -0.2581 -0.3508
vn 0.9263 -0.0672 -0.3706
vn 0.9893 -0.0704 -0.1277
vn 0.9544 -0.2739 -0.1185
vn 0.9974 -0.0716 0.0071
vn 0.9877 -0.0710 0.1390
vn 0.5471 -0.6215 -0.5608
vn 0.7287 -0.6299 -0.2687
vn 0.3126 -0.9449 -0.0970
vn 0.2388 -0.6446 -0.7263
vn 0.0704 -0.9554 -0.2869
vn 0.2304 -0.9459 -0.2285
vn -0.0372 -0.9993 0.0099
vn -0.0586 -0.9982 0.0105
vn -0.0274 -0.9641 -0.2641
vn -0.0139 -0.9998 0.0119
vn -0.0749 -0.9964 0.0387
vn 0.0035 -0.9996 0.0276
vn -0.0670 -0.9961 0.0577
vn -0.0589 -0.9966 0.0578
vn -0.0647 -0.9650 -0.2540
vn -0.0736 -0.0898 0.9932
vn -0.0979 -0.0784 0.9921
vn -0.2016 -0.2962 0.9336
vn -0.1971 -0.0688 0.9780
vn -0.4311 -0.0761 0.8991
vn -0.6436 -0.0819 0.7610
vn -0.4550 -0.3194 0.8313
vn -0.7252 -0.1072 0.6802
vn -0.7293 -0.0859 0.6788
vn -0.7289 -0.0785 0.6801
vn -0.7402 -0.0777 0.6679
vn -0.7982 -0.0688 0.5984
vn -0.9202 0.0008 -0.3915
vn -0.7842 0.0010 -0.6205
vn -0.7813 -0.0094 -0.6241
vn -0.9152 -0.0038 -0.4030
vn -0.7184 -0.0130 -0.6955
vn -0.7790 -0.0689 -0.6232
vn -0.7219 -0.0785 -0.6876
vn -0.7101 -0.0817 -0.6993
vn -0.6987 -0.0150 -0.7152
vn -0.7124 -0.0844 -0.6967
vn -0.7076 -0.0888 -0.7011
vn -0.6237 -0.0144 -0.7815
vn -0.6389 -0.0873 -0.7643
vn -0.4282 -0.0740 -0.9006
vn -0.4130 -0.0101 -0.9107
vn -0.1763 -0.0092 -0.9843
vn -0.0791 -0.0144 -0.9968
vn -0.0841 -0.0862 -0.9927
vn -0.0859 -0.0767 -0.9933
vn -0.0920 -0.0101 -0.9957
vn -0.0804 -0.0878 -0.9929
vn -0.0302 -0.0117 -0.9995
vn -0.0375 -0.0837 -0.9958
vn 0.0928 -0.0043 -0.9957
vn 0.9999 -0.0110 0.0074
vn 0.9974 -0.0715 0.0084
vn 0.9899 -0.0064 -0.1417
vn 0.9880 -0.0711 0.1372
vn 0.9899 -0.0109 0.1411
vn 0.9235 -0.0019 0.3837
vn 0.9901 0.0005 0.1402
vn 0.9255 0.0003 0.3788
vn 0.6797 0.0001 0.7335
vn 0.3197 0.0002 0.9475
vn 0.3281 0.0002 0.9447
vn 0.6784 0.0002 0.7347
vn 0.1093 -0.0057 0.9940
vn 0.0930 0.0001 0.9957
vn -0.0266 0.0008 0.9996
vn -0.0250 -0.0122 0.9996
vn 0.9282 -0.0000 -0.3722
vn 0.9916 -0.0000 -0.1291
vn 0.9263 -0.0002 -0.3769
vn 0.6830 0.0001 -0.7304
vn 0.6815 0.0002 -0.7318
vn 0.3231 0.0001 -0.9464
vn 0.0940 0.0001 -0.9956
vn 0.3318 0.0001 -0.9434
vn -0.0313 0.0007 -0.9995
vn -0.0789 0.0011 -0.9969
vn -0.0753 0.0014 -0.9972
vn -0.7035 0.0003 -0.7107
vn -0.6963 0.0006 -0.7177
vn -0.6368 0.0003 -0.7710
vn -0.7043 0.0009 -0.7099
vn -0.7190 0.0013 -0.6950
vn -0.0686 -0.0147 0.9975
vn -0.0674 0.0017 0.9977
vn -0.0733 0.0011 0.9973
vn -0.0747 -0.0138 0.9971
vn -0.0962 -0.0099 0.9953
vn -0.2098 0.0012 0.9778
vn -0.1908 -0.0090 0.9816
vn -0.0899 -0.0766 0.9930
vn -0.0770 -0.0854 0.9934
vn -0.0728 -0.0884 0.9934
vn -0.6305 -0.0149 0.7760
vn -0.6456 -0.0881 0.7586
vn -0.4376 -0.0750 0.8961
vn -0.4223 -0.0113 0.9064
vn -0.7221 -0.0899 0.6860
vn -0.7226 -0.0149 0.6911
vn -0.7293 -0.0865 0.6787
vn -0.7113 -0.0154 0.7027
vn -0.7295 -0.0830 0.6789
vn -0.7373 -0.0129 0.6754
vn -0.7405 -0.0777 0.6675
vn -0.7957 -0.0689 0.6017
vn -0.7979 -0.0094 0.6027
vn -0.9257 -0.0037 0.3783
vn -0.9305 0.0008 0.3663
vn -0.8007 0.0010 0.5990
vn -0.6445 0.0005 0.7646
vn -0.4459 0.0011 0.8951
vn -0.0980 0.0007 0.9952
vn -0.7114 0.0006 0.7028
vn -0.7219 0.0008 0.6920
vn -0.7237 0.0012 0.6901
vn -0.7378 0.0013 0.6750
vn -0.9999 0.0008 -0.0138
vn -0.9999 0.0004 -0.0137
vn -0.4382 0.0011 -0.8989
vn -0.1961 0.0012 -0.9806
vn -0.0940 0.0005 -0.9956
vn 1.0000 0.0004 0.0071
vn -0.0680 0.0017 0.9977
vn -0.0687 -0.0137 0.9975
vn -0.0730 -0.0884 0.9934
vn -0.0328 -0.0827 0.9960
vn 0.0114 -0.9997 -0.0220
vn 0.1574 -0.9865 0.0445
vn 0.1805 -0.9835 0.0067
vn 0.1601 -0.9871 0.0062
vn 0.0015 -1.0000 0.0001
vn 0.6692 -0.6978 0.2554
vn 0.7924 -0.6008 0.1056
vn 0.1042 -0.9874 0.1189
vn 0.5061 -0.6313 0.5877
vn 0.9153 -0.1510 0.3735
vn 0.9872 -0.0781 0.1394
vn 0.6767 -0.0751 0.7324
vn 0.9243 0.0007 0.3817
vn 0.3140 -0.1511 0.9373
vn 0.0420 -0.6056 0.7947
vn 0.0908 -0.0768 0.9929
vn 0.3239 0.0008 0.9461
vn 0.2011 -0.6975 0.6878
vn -0.0365 -0.1559 0.9871
vn -0.0677 0.0268 0.9973
vn -0.0267 0.0001 0.9996
vn -0.0598 -0.7306 0.6802
vn -0.0894 -0.1641 0.9824
vn -0.1085 0.0081 0.9941
vn -0.0650 0.0572 0.9962
vn -0.1157 -0.7111 0.6935
vn -0.2201 -0.1567 0.9628
vn -0.4794 -0.5939 0.6461
vn -0.4382 -0.0710 0.8961
vn -0.2044 0.0012 0.9789
vn -0.2238 -0.7118 0.6657
vn -0.6758 -0.1740 0.7163
vn -0.6618 0.2235 0.7156
vn -0.6268 -0.0196 0.7790
vn -0.5973 -0.6907 0.4076
vn -0.6400 -0.6696 0.3770
vn -0.7338 -0.2066 0.6472
vn -0.7256 -0.0122 0.6880
vn -0.7115 0.0470 0.7011
vn -0.6086 -0.6889 0.3937
vn -0.5990 -0.6837 0.4168
vn -0.7410 -0.1568 0.6529
vn -0.6528 -0.6151 0.4421
vn -0.8005 -0.0753 0.5946
vn -0.7367 0.0012 0.6762
vn -0.5783 -0.7047 0.4112
vn -0.9203 -0.1511 0.3608
vn -0.6710 -0.7021 0.2383
vn -0.7896 -0.6135 -0.0105
vn -0.9975 -0.0698 -0.0137
vn -0.9289 0.0011 0.3703
vn -0.1622 -0.9863 0.0305
vn -0.1641 -0.9864 0.0032
vn -0.1803 -0.9831 0.0308
vn -0.3026 -0.9514 -0.0574
vn -0.2543 -0.9669 -0.0197
vn -0.2170 -0.9762 0.0040
vn -0.3385 -0.9392 -0.0584
vn -0.2858 -0.9573 0.0439
vn -0.1967 -0.9685 -0.1528
vn -0.1923 -0.9763 -0.0997
vn -0.1300 -0.9859 0.1055
vn -0.0685 -0.9755 0.2092
vn -0.0656 -0.9878 0.1413
vn -0.0646 -0.9894 0.1297
vn -0.0299 -0.9842 0.1743
vn 0.0205 -0.9873 0.1576
vn -0.0364 -0.9992 0.0138
vn -0.0611 -0.9981 0.0034
vn -0.0482 -0.9988 -0.0118
vn -0.0519 -0.9986 -0.0037
vn -0.0434 -0.9989 -0.0191
vn -0.0506 -0.9987 0.0102
vn -0.0044 -1.0000 -0.0016
vn 0.0051 -0.9999 -0.0158
vn 0.0047 -0.9999 0.0157
vn 0.1792 -0.9838 -0.0022
vn 0.0106 -0.9997 0.0217
vn 0.1570 -0.9873 -0.0237
vn 0.7129 -0.7013 0.0048
vn 0.7928 -0.6018 -0.0967
vn 0.9879 -0.1550 0.0070
vn 0.9887 -0.0777 -0.1281
vn 1.0000 -0.0000 0.0070
vn 0.9178 -0.1510 -0.3673
vn 0.9270 0.0006 -0.3751
vn 0.6797 -0.0758 -0.7296
vn 0.3173 -0.1509 -0.9363
vn 0.5382 -0.6195 -0.5715
vn 0.3274 0.0008 -0.9449
vn 0.0072 -0.9854 -0.1700
vn 0.1076 -0.9875 -0.1151
vn 0.2051 -0.6978 -0.6863
vn 0.6707 -0.6979 -0.2513
vn 0.0180 -0.6023 -0.7981
vn -0.0745 -0.9889 -0.1286
vn -0.0310 -0.9849 -0.1703
vn -0.0673 -0.7351 -0.6746
vn -0.0411 -0.1592 -0.9864
vn 0.0919 -0.0768 -0.9928
vn -0.0313 0.0002 -0.9995
vn -0.0753 0.0175 -0.9970
vn -0.0919 -0.1630 -0.9823
vn -0.0734 0.0376 -0.9966
vn -0.1009 0.0040 -0.9949
vn -0.2073 -0.1568 -0.9656
vn -0.1908 0.0012 -0.9816
vn -0.1118 -0.7080 -0.6973
vn -0.1302 -0.9851 -0.1124
vn -0.0659 -0.9875 -0.1432
vn -0.2161 -0.7124 -0.6677
vn -0.4817 -0.5901 -0.6479
vn -0.3530 -0.9335 0.0635
vn -0.2830 -0.9584 -0.0377
vn -0.6235 -0.6792 -0.3872
vn -0.6688 -0.1819 -0.7208
vn -0.6398 -0.6556 -0.4011
vn -0.4290 -0.0703 -0.9006
vn -0.6230 -0.0155 -0.7821
vn -0.6668 0.1495 -0.7301
vn -0.7155 -0.2091 -0.6666
vn -0.6972 0.0276 -0.7163
vn -0.7057 -0.0070 -0.7085
vn -0.7228 -0.1568 -0.6730
vn -0.7179 0.0012 -0.6962
vn -0.5864 -0.6847 -0.4327
vn -0.1912 -0.9813 -0.0217
vn -0.2150 -0.9766 -0.0080
vn -0.5696 -0.7046 -0.4233
vn -0.2553 -0.9668 0.0137
vn -0.6026 -0.6834 -0.4120
vn -0.6478 -0.6097 -0.4568
vn -0.1621 -0.9867 -0.0099
vn -0.1770 -0.9835 -0.0376
vn -0.6658 -0.7021 -0.2525
vn -0.9103 -0.1513 -0.3853
vn -0.7840 -0.0750 -0.6162
vn -0.9185 0.0011 -0.3955
vn -0.3054 -0.9509 0.0512
vn -0.0731 -0.9738 -0.2155
vn -0.0363 -0.9992 -0.0140
vn -0.0634 -0.9980 -0.0029
vn -0.0496 -0.9987 0.0122
vn -0.0873 -0.9954 0.0402
vn -0.1999 -0.9748 0.0994
vn -0.2337 -0.9617 0.1433
vn -0.2007 -0.9681 0.1499
vn -0.1447 -0.9814 0.1262
vn -0.0719 -0.9936 0.0873
vn -0.0156 -0.9995 0.0260
vn -0.0068 -1.0000 -0.0003
vn -0.0384 -0.9975 0.0587
vn -0.0144 -0.9996 -0.0255
vn -0.0369 -0.9975 -0.0596
vn -0.0699 -0.9936 -0.0890
vn -0.1002 -0.9894 -0.1054
vn -0.1419 -0.9814 -0.1292
vn -0.1835 -0.9729 -0.1408
vn -0.2258 -0.9634 -0.1444
vn -0.2172 -0.9662 -0.1386
vn -0.1666 -0.9819 -0.0903
vn -0.0846 -0.9956 -0.0399
vn -0.1911 -0.9814 0.0180
vn -0.1026 -0.9894 0.1032
vn -0.1874 -0.9725 0.1380
vn -0.2237 -0.9650 0.1371
vn -0.1729 -0.9808 0.0902
vn -0.0446 -0.9988 0.0195
vn -0.0534 -0.9986 0.0040
vn -0.0518 -0.9986 -0.0105
vn -0.0052 -1.0000 0.0010
vt 0.934143 0.949850
vt 0.947036 0.949878
vt 0.946979 0.945126
vt 0.934094 0.945098
vt 0.934001 0.940421
vt 0.946894 0.940450
vt 0.946797 0.936542
vt 0.933892 0.936513
vt 0.933796 0.934067
vt 0.946705 0.934095
vt 0.946636 0.932343
vt 0.933726 0.932315
vt 0.933697 0.930490
vt 0.946606 0.930518
vt 0.946569 0.927719
vt 0.933666 0.927976
vt 0.933590 0.924155
vt 0.946408 0.919789
vt 0.933499 0.919760
vt 0.933420 0.915525
vt 0.946329 0.915553
vt 0.946261 0.911055
vt 0.933352 0.911027
vt 0.933292 0.905844
vt 0.946201 0.905872
vt 0.946190 0.900316
vt 0.933281 0.900288
vt 0.933362 0.894673
vt 0.946271 0.894701
vt 0.946429 0.888412
vt 0.933520 0.888384
vt 0.933743 0.880804
vt 0.946652 0.880833
vt 0.946893 0.873238
vt 0.933983 0.873209
vt 0.934197 0.866872
vt 0.947107 0.866900
vt 0.947293 0.861220
vt 0.934383 0.861192
vt 0.934541 0.855568
vt 0.947450 0.855596
vt 0.947576 0.850334
vt 0.947665 0.845739
vt 0.934756 0.845711
vt 0.934667 0.850305
vt 0.946105 0.842540
vt 0.936423 0.842519
vt 0.934182 0.954015
vt 0.947087 0.954044
vt 0.934244 0.956931
vt 0.947154 0.956959
vt 0.947223 0.959250
vt 0.934314 0.959221
vt 0.934372 0.961512
vt 0.947282 0.961540
vt 0.947372 0.964450
vt 0.934466 0.964422
vt 0.934639 0.968570
vt 0.947536 0.968598
vt 0.947683 0.973322
vt 0.934792 0.973293
vt 0.934825 0.977932
vt 0.947722 0.977960
vt 0.947701 0.981824
vt 0.934795 0.981795
vt 0.934761 0.984195
vt 0.947670 0.984223
vt 0.947635 0.985914
vt 0.934726 0.985885
vt 0.934694 0.987621
vt 0.947603 0.987649
vt 0.947550 0.990411
vt 0.934637 0.990554
vt 0.945802 0.996964
vt 0.936120 0.996942
vt 0.149010 0.511206
vt 0.152928 0.512249
vt 0.154074 0.506721
vt 0.151455 0.517521
vt 0.148353 0.505182
vt 0.147004 0.516420
vt 0.142471 0.515147
vt 0.145167 0.510042
vt 0.141796 0.508914
vt 0.138586 0.513874
vt 0.145528 0.504266
vt 0.143190 0.503401
vt 0.137083 0.510873
vt 0.139298 0.507976
vt 0.137342 0.506978
vt 0.135161 0.509954
vt 0.135945 0.513035
vt 0.134029 0.512205
vt 0.131346 0.513773
vt 0.133303 0.514620
vt 0.132198 0.511196
vt 0.133398 0.508773
vt 0.135269 0.515521
vt 0.137969 0.516298
vt 0.132781 0.518368
vt 0.141354 0.531116
vt 0.142038 0.517506
vt 0.137127 0.529517
vt 0.131900 0.536330
vt 0.134088 0.536632
vt 0.130644 0.518199
vt 0.129712 0.536126
vt 0.128028 0.522520
vt 0.127650 0.529263
vt 0.128623 0.516741
vt 0.129400 0.512894
vt 0.130410 0.510099
vt 0.131704 0.507476
vt 0.133969 0.504207
vt 0.142491 0.497734
vt 0.137891 0.499474
vt 0.141218 0.502386
vt 0.146014 0.497136
vt 0.142783 0.494112
vt 0.149389 0.490656
vt 0.147959 0.488956
vt 0.152861 0.484848
vt 0.154028 0.486694
vt 0.157618 0.484686
vt 0.156935 0.482634
vt 0.158370 0.486581
vt 0.160778 0.486134
vt 0.160700 0.484110
vt 0.160616 0.481929
vt 0.155319 0.488381
vt 0.163817 0.484446
vt 0.164341 0.482349
vt 0.168581 0.484249
vt 0.172507 0.489781
vt 0.173812 0.487986
vt 0.167557 0.486176
vt 0.166396 0.487953
vt 0.163213 0.486393
vt 0.162448 0.488038
vt 0.171050 0.491407
vt 0.169287 0.492695
vt 0.164963 0.489430
vt 0.161655 0.489479
vt 0.167485 0.493902
vt 0.174505 0.497126
vt 0.176384 0.495979
vt 0.172417 0.498109
vt 0.165904 0.495291
vt 0.170209 0.499135
vt 0.174605 0.504148
vt 0.177408 0.503025
vt 0.179704 0.502017
vt 0.181609 0.500893
vt 0.183979 0.506364
vt 0.185862 0.505239
vt 0.181547 0.507470
vt 0.181346 0.513844
vt 0.185137 0.512316
vt 0.178252 0.508836
vt 0.186424 0.509160
vt 0.187729 0.511317
vt 0.189592 0.510361
vt 0.188282 0.508111
vt 0.189968 0.506820
vt 0.191359 0.509238
vt 0.193078 0.508031
vt 0.185894 0.502155
vt 0.189034 0.502246
vt 0.191568 0.505407
vt 0.192419 0.511880
vt 0.194311 0.510890
vt 0.195332 0.514763
vt 0.193401 0.516394
vt 0.196205 0.520426
vt 0.196887 0.527082
vt 0.195153 0.534195
vt 0.197333 0.533934
vt 0.192982 0.534551
vt 0.191282 0.516692
vt 0.189238 0.517374
vt 0.190824 0.535003
vt 0.187590 0.529284
vt 0.187879 0.541135
vt 0.190599 0.541357
vt 0.192694 0.541140
vt 0.182140 0.548643
vt 0.186755 0.547373
vt 0.183351 0.529612
vt 0.189243 0.547677
vt 0.184041 0.551840
vt 0.186128 0.552986
vt 0.187792 0.554075
vt 0.191178 0.548069
vt 0.193104 0.548643
vt 0.189408 0.555286
vt 0.183069 0.559714
vt 0.181901 0.558015
vt 0.180631 0.556400
vt 0.172919 0.558337
vt 0.173662 0.560291
vt 0.172073 0.556311
vt 0.179102 0.554695
vt 0.177155 0.552728
vt 0.171125 0.554076
vt 0.163033 0.554715
vt 0.163092 0.557063
vt 0.163161 0.559217
vt 0.152747 0.560965
vt 0.163234 0.561304
vt 0.153352 0.558960
vt 0.154070 0.556875
vt 0.145490 0.557486
vt 0.138159 0.555542
vt 0.144330 0.559184
vt 0.139754 0.554341
vt 0.141786 0.553041
vt 0.146918 0.555674
vt 0.148782 0.553554
vt 0.143624 0.549698
vt 0.138820 0.548563
vt 0.136324 0.549075
vt 0.132514 0.542746
vt 0.134410 0.549624
vt 0.137365 0.542275
vt 0.134627 0.542773
vt 0.130407 0.542902
vt 0.128303 0.543148
vt 0.127524 0.536002
vt 0.132519 0.550330
vt 0.130639 0.551113
vt 0.135105 0.558218
vt 0.142268 0.562778
vt 0.143273 0.560961
vt 0.136619 0.556853
vt 0.152248 0.563034
vt 0.151803 0.565133
vt 0.163308 0.563449
vt 0.163381 0.565622
vt 0.174882 0.564358
vt 0.174299 0.562309
vt 0.184186 0.561455
vt 0.190998 0.556557
vt 0.195026 0.549309
vt 0.196920 0.541253
vt 0.194803 0.541142
vt 0.146744 0.547704
vt 0.146211 0.533859
vt 0.151187 0.531099
vt 0.150740 0.549568
vt 0.156071 0.548848
vt 0.156384 0.529274
vt 0.146737 0.518770
vt 0.151310 0.519944
vt 0.156272 0.520650
vt 0.156309 0.518201
vt 0.162128 0.520717
vt 0.162039 0.518225
vt 0.167753 0.517821
vt 0.168321 0.528934
vt 0.167967 0.520290
vt 0.162399 0.530926
vt 0.178680 0.532760
vt 0.177367 0.517844
vt 0.173603 0.530327
vt 0.169767 0.548497
vt 0.178955 0.546994
vt 0.175084 0.548968
vt 0.162891 0.546701
vt 0.154909 0.554567
vt 0.181974 0.516271
vt 0.185960 0.514811
vt 0.176916 0.515429
vt 0.172875 0.519281
vt 0.172550 0.516821
vt 0.174493 0.510276
vt 0.170667 0.511605
vt 0.166538 0.512737
vt 0.168981 0.506143
vt 0.166451 0.500716
vt 0.161163 0.498688
vt 0.161413 0.503755
vt 0.158617 0.508134
vt 0.156089 0.501164
vt 0.162680 0.509222
vt 0.157140 0.513076
vt 0.161869 0.513591
vt 0.156244 0.495710
vt 0.152268 0.499908
vt 0.150074 0.499049
vt 0.154657 0.494459
vt 0.152802 0.493366
vt 0.147958 0.498186
vt 0.156858 0.489754
vt 0.160157 0.489538
vt 0.150957 0.492184
vt 0.159480 0.492713
vt 0.160907 0.490762
vt 0.159260 0.488162
vt 0.160886 0.488933
vt 0.160846 0.487840
vt 0.188585 0.513748
vt 0.190514 0.512842
vt 0.184729 0.497771
vt 0.179404 0.492759
vt 0.177968 0.494462
vt 0.841685 0.158025
vt 0.841209 0.153261
vt 0.819276 0.151918
vt 0.819988 0.162970
vt 0.820255 0.167214
vt 0.842261 0.166967
vt 0.842037 0.163438
vt 0.820594 0.169766
vt 0.842599 0.169519
vt 0.843297 0.171999
vt 0.821292 0.172246
vt 0.822473 0.176434
vt 0.844316 0.175530
vt 0.845615 0.181232
vt 0.820371 0.181516
vt 0.821681 0.188349
vt 0.825935 0.195268
vt 0.819042 0.175814
vt 0.818013 0.172283
vt 0.817315 0.169802
vt 0.816977 0.167251
vt 0.816755 0.163722
vt 0.816407 0.158309
vt 0.816918 0.153534
vt 0.846905 0.188065
vt 0.847895 0.194989
vt 0.826549 0.201305
vt 0.848544 0.201058
vt 0.826805 0.205576
vt 0.848810 0.205329
vt 0.826862 0.208947
vt 0.848867 0.208700
vt 0.848885 0.212072
vt 0.826880 0.212319
vt 0.826717 0.216604
vt 0.848712 0.216358
vt 0.826230 0.222718
vt 0.848195 0.222472
vt 0.822952 0.222755
vt 0.822131 0.229744
vt 0.824246 0.236607
vt 0.823439 0.216641
vt 0.823601 0.212355
vt 0.823583 0.208984
vt 0.823527 0.205613
vt 0.823270 0.201342
vt 0.822651 0.195272
vt 0.847354 0.229461
vt 0.846209 0.236374
vt 0.823029 0.242410
vt 0.845029 0.242163
vt 0.822078 0.246030
vt 0.844083 0.245783
vt 0.821429 0.248617
vt 0.843435 0.248370
vt 0.843145 0.251059
vt 0.821140 0.251306
vt 0.820995 0.254913
vt 0.842999 0.254666
vt 0.820782 0.260235
vt 0.842781 0.260006
vt 0.817502 0.260289
vt 0.817227 0.266570
vt 0.817717 0.254950
vt 0.817861 0.251343
vt 0.818151 0.248654
vt 0.818799 0.246067
vt 0.819755 0.242447
vt 0.820965 0.236657
vt 0.842503 0.266286
vt 0.820177 0.272963
vt 0.842176 0.272716
vt 0.819842 0.279876
vt 0.841846 0.279629
vt 0.819548 0.287606
vt 0.841553 0.287359
vt 0.819448 0.295786
vt 0.841454 0.295539
vt 0.821863 0.382381
vt 0.843568 0.380570
vt 0.843364 0.375868
vt 0.821364 0.376115
vt 0.820873 0.369356
vt 0.842401 0.361367
vt 0.820396 0.361614
vt 0.842877 0.369109
vt 0.820100 0.353337
vt 0.842106 0.353090
vt 0.842162 0.344727
vt 0.820157 0.344974
vt 0.820297 0.335642
vt 0.842259 0.324214
vt 0.820254 0.324461
vt 0.842302 0.335395
vt 0.842052 0.313058
vt 0.820047 0.313305
vt 0.841702 0.303802
vt 0.819697 0.304049
vt 0.816418 0.304086
vt 0.816768 0.313342
vt 0.816170 0.295822
vt 0.816269 0.287643
vt 0.816563 0.279913
vt 0.816898 0.273000
vt 0.816975 0.324498
vt 0.817019 0.335679
vt 0.816878 0.345011
vt 0.816822 0.353374
vt 0.817117 0.361651
vt 0.817595 0.369393
vt 0.818086 0.376152
vt 0.819278 0.380842
vt 0.629058 0.431485
vt 0.631151 0.437231
vt 0.636629 0.434578
vt 0.633761 0.430044
vt 0.637973 0.428952
vt 0.636334 0.440559
vt 0.641807 0.437728
vt 0.644437 0.432128
vt 0.646187 0.426538
vt 0.641936 0.425361
vt 0.650063 0.427867
vt 0.648088 0.421484
vt 0.652492 0.422890
vt 0.643168 0.420444
vt 0.648360 0.419254
vt 0.643351 0.418218
vt 0.652874 0.420682
vt 0.643682 0.409846
vt 0.649038 0.408459
vt 0.637389 0.417762
vt 0.637681 0.407823
vt 0.631577 0.409455
vt 0.631409 0.417812
vt 0.626340 0.418669
vt 0.626313 0.403054
vt 0.621373 0.404760
vt 0.621738 0.419632
vt 0.616671 0.407266
vt 0.613714 0.421939
vt 0.614090 0.424023
vt 0.621937 0.421774
vt 0.612956 0.409108
vt 0.611143 0.409854
vt 0.611764 0.422633
vt 0.611419 0.425041
vt 0.612240 0.424624
vt 0.610954 0.423117
vt 0.610169 0.423545
vt 0.610707 0.425613
vt 0.611592 0.427449
vt 0.612317 0.426813
vt 0.613223 0.426434
vt 0.617216 0.428699
vt 0.614355 0.429458
vt 0.615366 0.429117
vt 0.620284 0.437825
vt 0.618241 0.433972
vt 0.619320 0.433705
vt 0.623036 0.439261
vt 0.624152 0.439036
vt 0.625670 0.438830
vt 0.621552 0.433318
vt 0.623933 0.426825
vt 0.627906 0.425812
vt 0.626435 0.420694
vt 0.632248 0.424979
vt 0.631419 0.420015
vt 0.637304 0.419979
vt 0.637125 0.424466
vt 0.631946 0.442375
vt 0.633860 0.446944
vt 0.630197 0.443576
vt 0.628930 0.443947
vt 0.631663 0.447873
vt 0.632790 0.447593
vt 0.633842 0.450556
vt 0.634292 0.449717
vt 0.631041 0.448715
vt 0.626918 0.444871
vt 0.634869 0.449131
vt 0.636036 0.450091
vt 0.636066 0.449397
vt 0.636282 0.448771
vt 0.635570 0.448414
vt 0.635997 0.451019
vt 0.638182 0.450731
vt 0.637802 0.449859
vt 0.637277 0.449229
vt 0.640423 0.448358
vt 0.639471 0.447876
vt 0.643617 0.444585
vt 0.644728 0.444927
vt 0.649908 0.440360
vt 0.648795 0.440093
vt 0.647258 0.439804
vt 0.642150 0.443986
vt 0.654087 0.435135
vt 0.658445 0.430818
vt 0.656629 0.430264
vt 0.651865 0.434599
vt 0.655152 0.435454
vt 0.659425 0.431227
vt 0.660820 0.428249
vt 0.661694 0.428694
vt 0.660134 0.425709
vt 0.662751 0.426913
vt 0.661960 0.426438
vt 0.639202 0.441659
vt 0.660722 0.423535
vt 0.662630 0.424280
vt 0.663387 0.424942
vt 0.663859 0.421819
vt 0.664131 0.425496
vt 0.664770 0.421618
vt 0.662199 0.410767
vt 0.665398 0.404167
vt 0.664519 0.403738
vt 0.666314 0.404639
vt 0.665252 0.397998
vt 0.662680 0.397377
vt 0.664406 0.397539
vt 0.664847 0.391735
vt 0.664058 0.391793
vt 0.666132 0.398237
vt 0.663274 0.391633
vt 0.661167 0.386578
vt 0.660464 0.386795
vt 0.659134 0.387232
vt 0.661339 0.391402
vt 0.655321 0.383774
vt 0.655939 0.383255
vt 0.648383 0.381370
vt 0.647955 0.382093
vt 0.653997 0.384857
vt 0.647297 0.383233
vt 0.645205 0.390073
vt 0.650593 0.389629
vt 0.654446 0.391629
vt 0.654103 0.405919
vt 0.658613 0.408859
vt 0.638231 0.391839
vt 0.631325 0.389676
vt 0.625924 0.388925
vt 0.621938 0.390816
vt 0.613209 0.396078
vt 0.614910 0.390090
vt 0.617382 0.385900
vt 0.622699 0.383797
vt 0.629529 0.382611
vt 0.638429 0.382668
vt 0.638475 0.381277
vt 0.638511 0.380473
vt 0.628950 0.381417
vt 0.628586 0.380663
vt 0.621446 0.382604
vt 0.616072 0.385341
vt 0.620877 0.382039
vt 0.615391 0.385061
vt 0.620411 0.381352
vt 0.614757 0.384611
vt 0.611356 0.390050
vt 0.612139 0.390185
vt 0.612936 0.390128
vt 0.611438 0.396013
vt 0.610553 0.396337
vt 0.610979 0.402044
vt 0.610063 0.402328
vt 0.609117 0.402644
vt 0.609659 0.396479
vt 0.608761 0.396530
vt 0.608155 0.402895
vt 0.608253 0.409155
vt 0.608544 0.415548
vt 0.608957 0.420933
vt 0.609418 0.424166
vt 0.610050 0.426261
vt 0.610974 0.428233
vt 0.612938 0.431004
vt 0.616685 0.435494
vt 0.621372 0.440718
vt 0.626150 0.445690
vt 0.630388 0.449570
vt 0.633456 0.451520
vt 0.635955 0.452064
vt 0.638489 0.451724
vt 0.641712 0.450026
vt 0.641129 0.449122
vt 0.645571 0.445622
vt 0.646279 0.446493
vt 0.651478 0.441912
vt 0.652483 0.439415
vt 0.656598 0.437068
vt 0.660723 0.432864
vt 0.662934 0.430203
vt 0.662340 0.429416
vt 0.664042 0.428220
vt 0.663426 0.427531
vt 0.664861 0.426052
vt 0.665540 0.422797
vt 0.666230 0.417551
vt 0.666836 0.411269
vt 0.667265 0.404903
vt 0.667028 0.398366
vt 0.665637 0.391568
vt 0.662473 0.385683
vt 0.656454 0.382602
vt 0.661830 0.386177
vt 0.656918 0.381883
vt 0.648958 0.379708
vt 0.638545 0.379602
vt 0.648699 0.380561
vt 0.638580 0.378697
vt 0.628141 0.378960
vt 0.628336 0.379830
vt 0.619998 0.380603
vt 0.614146 0.384075
vt 0.610579 0.389820
vt 0.749565 0.278496
vt 0.750027 0.283080
vt 0.772364 0.284408
vt 0.772018 0.278288
vt 0.771692 0.273170
vt 0.771502 0.270056
vt 0.749022 0.270244
vt 0.749241 0.273376
vt 0.747982 0.266166
vt 0.748680 0.268155
vt 0.771168 0.267991
vt 0.770473 0.266016
vt 0.772766 0.266001
vt 0.771742 0.262857
vt 0.769429 0.262872
vt 0.773443 0.267974
vt 0.773786 0.270037
vt 0.773993 0.273149
vt 0.774263 0.278267
vt 0.773937 0.282863
vt 0.768025 0.257296
vt 0.746958 0.263017
vt 0.770359 0.257279
vt 0.769004 0.250510
vt 0.765822 0.243875
vt 0.744346 0.250696
vt 0.743354 0.243998
vt 0.745647 0.257448
vt 0.742709 0.238416
vt 0.765185 0.238202
vt 0.742451 0.235015
vt 0.764942 0.234771
vt 0.767186 0.232401
vt 0.764891 0.230086
vt 0.742393 0.230391
vt 0.742404 0.232703
vt 0.767185 0.230054
vt 0.767345 0.226627
vt 0.765037 0.226661
vt 0.767244 0.234747
vt 0.767492 0.238180
vt 0.768063 0.243789
vt 0.765531 0.220998
vt 0.742566 0.226995
vt 0.767774 0.221037
vt 0.768542 0.214334
vt 0.743892 0.214751
vt 0.768413 0.203010
vt 0.743070 0.221431
vt 0.745018 0.208004
vt 0.747670 0.083287
vt 0.769551 0.076751
vt 0.747440 0.078624
vt 0.770106 0.082958
vt 0.770639 0.089338
vt 0.748178 0.089674
vt 0.771119 0.096065
vt 0.748664 0.096409
vt 0.748963 0.103362
vt 0.771410 0.103011
vt 0.748915 0.110404
vt 0.748792 0.118597
vt 0.771279 0.118250
vt 0.771375 0.110052
vt 0.773564 0.118215
vt 0.773643 0.110016
vt 0.773660 0.102976
vt 0.773386 0.096030
vt 0.772918 0.089304
vt 0.772356 0.082925
vt 0.771349 0.078279
vt 0.771355 0.128672
vt 0.773652 0.128638
vt 0.773874 0.139079
vt 0.771589 0.139112
vt 0.749102 0.139435
vt 0.748865 0.129007
vt 0.749469 0.147682
vt 0.771927 0.147364
vt 0.749723 0.154803
vt 0.772173 0.154484
vt 0.774194 0.147332
vt 0.774414 0.154452
vt 0.774335 0.161491
vt 0.771770 0.168270
vt 0.774061 0.168236
vt 0.749621 0.161851
vt 0.749327 0.168606
vt 0.749005 0.174850
vt 0.748685 0.180918
vt 0.770926 0.185128
vt 0.771443 0.174508
vt 0.773326 0.180539
vt 0.773686 0.174473
vt 0.773094 0.186769
vt 0.772940 0.191996
vt 0.770629 0.192031
vt 0.748402 0.187145
vt 0.748190 0.192374
vt 0.748049 0.195450
vt 0.747767 0.197420
vt 0.770249 0.197035
vt 0.770531 0.195087
vt 0.772812 0.195050
vt 0.772527 0.196995
vt 0.769611 0.198936
vt 0.770963 0.202001
vt 0.771904 0.198895
vt 0.747123 0.199336
vt 0.746183 0.202447
vt 0.769724 0.207569
vt 0.891034 0.149851
vt 0.895407 0.153472
vt 0.895589 0.153148
vt 0.891244 0.149571
vt 0.886267 0.144925
vt 0.886049 0.145173
vt 0.891379 0.149252
vt 0.891610 0.149023
vt 0.886649 0.144391
vt 0.895879 0.152606
vt 0.898592 0.154646
vt 0.898682 0.154343
vt 0.900757 0.154780
vt 0.900741 0.155374
vt 0.902920 0.154768
vt 0.902846 0.154462
vt 0.905714 0.152858
vt 0.905981 0.153411
vt 0.910298 0.149721
vt 0.910129 0.149438
vt 0.915283 0.144985
vt 0.917709 0.143180
vt 0.920369 0.140280
vt 0.924474 0.136258
vt 0.926821 0.134163
vt 0.926681 0.133851
vt 0.927743 0.132156
vt 0.928217 0.132508
vt 0.928693 0.130403
vt 0.928410 0.130272
vt 0.928911 0.127278
vt 0.929309 0.126620
vt 0.929478 0.122256
vt 0.929932 0.116199
vt 0.930425 0.110076
vt 0.930100 0.110097
vt 0.929573 0.103919
vt 0.930165 0.103813
vt 0.928223 0.097504
vt 0.927945 0.097635
vt 0.924734 0.092252
vt 0.925153 0.091849
vt 0.919597 0.088506
vt 0.919457 0.088779
vt 0.911900 0.086835
vt 0.901854 0.085714
vt 0.901848 0.086039
vt 0.912018 0.086245
vt 0.891756 0.086460
vt 0.883950 0.087887
vt 0.884081 0.088164
vt 0.891660 0.085866
vt 0.878643 0.091521
vt 0.874989 0.096764
vt 0.875262 0.096901
vt 0.878237 0.091106
vt 0.873484 0.103171
vt 0.872525 0.109175
vt 0.872851 0.109199
vt 0.872895 0.103055
vt 0.872937 0.115191
vt 0.873426 0.125893
vt 0.873319 0.121356
vt 0.873807 0.126509
vt 0.873929 0.129591
vt 0.874215 0.129465
vt 0.874785 0.131255
vt 0.875548 0.133142
vt 0.875761 0.132909
vt 0.874303 0.131596
vt 0.877853 0.135351
vt 0.878917 0.136942
vt 0.881773 0.139506
vt 0.877460 0.135862
vt 0.881391 0.140036
vt 0.881165 0.140271
vt 0.877229 0.136077
vt 0.875057 0.133550
vt 0.875319 0.133360
vt 0.873965 0.131772
vt 0.873313 0.129706
vt 0.873635 0.129708
vt 0.873148 0.126368
vt 0.870518 0.130627
vt 0.869760 0.124341
vt 0.871295 0.132990
vt 0.873825 0.134330
vt 0.875017 0.137877
vt 0.872598 0.135110
vt 0.870952 0.133124
vt 0.874750 0.138075
vt 0.872316 0.135271
vt 0.872017 0.135400
vt 0.870354 0.133284
vt 0.871708 0.135513
vt 0.874172 0.138385
vt 0.874466 0.138237
vt 0.880230 0.144290
vt 0.878284 0.142788
vt 0.883331 0.147875
vt 0.883849 0.147467
vt 0.878836 0.142426
vt 0.879087 0.142213
vt 0.884085 0.147239
vt 0.889275 0.152088
vt 0.889065 0.152338
vt 0.893815 0.156262
vt 0.894004 0.155953
vt 0.888837 0.152571
vt 0.888601 0.152797
vt 0.893467 0.156751
vt 0.897406 0.158645
vt 0.900636 0.159627
vt 0.900650 0.159038
vt 0.897300 0.158935
vt 0.897508 0.158351
vt 0.897602 0.158052
vt 0.900659 0.158692
vt 0.903748 0.158211
vt 0.903829 0.158514
vt 0.903917 0.158811
vt 0.907623 0.156593
vt 0.907951 0.157095
vt 0.904009 0.159105
vt 0.912763 0.153088
vt 0.912991 0.153322
vt 0.918475 0.148584
vt 0.922009 0.144855
vt 0.923748 0.143679
vt 0.928058 0.139408
vt 0.927769 0.139251
vt 0.930345 0.136450
vt 0.930649 0.136574
vt 0.932107 0.134306
vt 0.931513 0.134128
vt 0.932689 0.131679
vt 0.933014 0.131735
vt 0.933646 0.128119
vt 0.933318 0.128089
vt 0.933960 0.122536
vt 0.934277 0.122716
vt 0.934750 0.116328
vt 0.934583 0.109802
vt 0.934908 0.109757
vt 0.934235 0.102834
vt 0.933647 0.103001
vt 0.931941 0.095540
vt 0.932216 0.095387
vt 0.928267 0.088829
vt 0.927847 0.089246
vt 0.921654 0.084850
vt 0.921800 0.084575
vt 0.912973 0.082190
vt 0.901934 0.081560
vt 0.912841 0.082779
vt 0.901941 0.081237
vt 0.901921 0.082210
vt 0.912763 0.083123
vt 0.901928 0.081884
vt 0.921358 0.085399
vt 0.921506 0.085125
vt 0.927603 0.089484
vt 0.931378 0.095841
vt 0.931665 0.095691
vt 0.933292 0.103087
vt 0.930516 0.103740
vt 0.928780 0.097231
vt 0.925403 0.091608
vt 0.933886 0.111169
vt 0.931077 0.110068
vt 0.928501 0.097370
vt 0.919888 0.087956
vt 0.919740 0.088233
vt 0.912092 0.085908
vt 0.882296 0.084727
vt 0.891033 0.082720
vt 0.890968 0.082374
vt 0.882157 0.084447
vt 0.882019 0.084168
vt 0.890858 0.081781
vt 0.881882 0.083890
vt 0.875212 0.088001
vt 0.871321 0.094716
vt 0.875619 0.088430
vt 0.871050 0.094555
vt 0.871875 0.095030
vt 0.875855 0.088674
vt 0.871593 0.094873
vt 0.877994 0.090859
vt 0.874439 0.096479
vt 0.883679 0.087331
vt 0.872546 0.102976
vt 0.869781 0.102272
vt 0.869048 0.110079
vt 0.871874 0.109156
vt 0.872199 0.109127
vt 0.874715 0.096624
vt 0.883817 0.087609
vt 0.891598 0.085527
vt 0.901866 0.085066
vt 0.901860 0.085390
vt 0.871960 0.115244
vt 0.869428 0.102178
vt 0.868697 0.108878
vt 0.869006 0.119043
vt 0.868373 0.108833
vt 0.868845 0.101999
vt 0.868049 0.108783
vt 0.868118 0.115244
vt 0.869243 0.125774
vt 0.868511 0.121720
vt 0.869053 0.127234
vt 0.869709 0.127183
vt 0.870216 0.130701
vt 0.869894 0.130759
vt 0.869568 0.130806
vt 0.930752 0.110034
vt 0.929918 0.126982
vt 0.930910 0.116266
vt 0.929581 0.127086
vt 0.929290 0.130635
vt 0.928985 0.130527
vt 0.927367 0.134512
vt 0.928548 0.132693
vt 0.927111 0.134314
vt 0.924850 0.136781
vt 0.920951 0.141065
vt 0.925074 0.137003
vt 0.920733 0.140823
vt 0.915645 0.145531
vt 0.910673 0.150286
vt 0.915855 0.145787
vt 0.910473 0.149999
vt 0.903071 0.155383
vt 0.906148 0.153741
vt 0.902995 0.155074
vt 0.898411 0.155255
vt 0.900732 0.155722
vt 0.898502 0.154949
vt 0.907446 0.156276
vt 0.912344 0.152589
vt 0.912545 0.152846
vt 0.917972 0.148158
vt 0.917745 0.147921
vt 0.922966 0.143076
vt 0.923210 0.143298
vt 0.927491 0.139078
vt 0.929773 0.136142
vt 0.927229 0.138873
vt 0.930050 0.136311
vt 0.932069 0.131529
vt 0.931178 0.133986
vt 0.932369 0.131612
vt 0.932992 0.128052
vt 0.932917 0.125874
vt 0.933753 0.120887
vt 0.934257 0.109841
vt 0.928572 0.135326
vt 0.445844 0.035037
vt 0.449824 0.036043
vt 0.450985 0.030358
vt 0.448354 0.041148
vt 0.443497 0.028566
vt 0.443852 0.040074
vt 0.436019 0.037851
vt 0.439144 0.033200
vt 0.435248 0.035506
vt 0.437381 0.032841
vt 0.434435 0.035180
vt 0.433565 0.036907
vt 0.434283 0.037285
vt 0.436457 0.032564
vt 0.433808 0.034594
vt 0.432956 0.036377
vt 0.432402 0.035773
vt 0.433285 0.033864
vt 0.435218 0.031140
vt 0.442469 0.024269
vt 0.438958 0.026669
vt 0.443634 0.021454
vt 0.449078 0.017227
vt 0.448378 0.016493
vt 0.452553 0.012629
vt 0.455879 0.011564
vt 0.455522 0.010702
vt 0.453153 0.013390
vt 0.457907 0.010175
vt 0.457945 0.011111
vt 0.460040 0.011395
vt 0.460325 0.010506
vt 0.457979 0.011934
vt 0.456299 0.012301
vt 0.456845 0.012790
vt 0.459683 0.012164
vt 0.459181 0.012694
vt 0.458006 0.012529
vt 0.458033 0.013126
vt 0.462407 0.013785
vt 0.460362 0.014674
vt 0.461346 0.014044
vt 0.462912 0.012993
vt 0.467307 0.016486
vt 0.465477 0.017338
vt 0.471695 0.021657
vt 0.464078 0.017847
vt 0.470654 0.021838
vt 0.469189 0.022053
vt 0.473801 0.027271
vt 0.475958 0.026805
vt 0.478592 0.031612
vt 0.480325 0.031121
vt 0.476945 0.026563
vt 0.481222 0.030781
vt 0.483475 0.033283
vt 0.484029 0.032623
vt 0.482691 0.033670
vt 0.474205 0.022691
vt 0.482103 0.036136
vt 0.483813 0.035450
vt 0.484504 0.035021
vt 0.484456 0.037521
vt 0.485110 0.036944
vt 0.485554 0.039993
vt 0.482667 0.038280
vt 0.483641 0.051298
vt 0.485786 0.050570
vt 0.486628 0.051247
vt 0.486317 0.058035
vt 0.487069 0.057509
vt 0.484580 0.064456
vt 0.486214 0.064241
vt 0.486944 0.063762
vt 0.487874 0.057155
vt 0.486355 0.040293
vt 0.488276 0.050565
vt 0.487709 0.063502
vt 0.488706 0.056888
vt 0.488490 0.063352
vt 0.486468 0.069913
vt 0.487152 0.070032
vt 0.484074 0.075787
vt 0.478236 0.078858
vt 0.478640 0.079480
vt 0.483521 0.075370
vt 0.482945 0.075045
vt 0.485785 0.069902
vt 0.485104 0.070108
vt 0.477780 0.078303
vt 0.477218 0.077880
vt 0.482326 0.074900
vt 0.475933 0.076872
vt 0.469258 0.078498
vt 0.469887 0.079533
vt 0.481060 0.074519
vt 0.470289 0.080142
vt 0.470577 0.080841
vt 0.460505 0.081784
vt 0.460474 0.081029
vt 0.460442 0.080343
vt 0.460398 0.079079
vt 0.450607 0.080860
vt 0.450951 0.080219
vt 0.451505 0.079135
vt 0.460196 0.069993
vt 0.453291 0.072109
vt 0.467179 0.071742
vt 0.472565 0.072163
vt 0.483130 0.070412
vt 0.476401 0.070234
vt 0.476064 0.055817
vt 0.474847 0.041124
vt 0.471003 0.053322
vt 0.465638 0.051830
vt 0.465312 0.043589
vt 0.459338 0.044048
vt 0.470331 0.042552
vt 0.459635 0.053992
vt 0.465131 0.041385
vt 0.470064 0.040343
vt 0.474473 0.038938
vt 0.459252 0.041857
vt 0.472042 0.033977
vt 0.468161 0.035304
vt 0.463897 0.036485
vt 0.459916 0.032892
vt 0.459072 0.037385
vt 0.466397 0.029704
vt 0.463763 0.024086
vt 0.458570 0.027247
vt 0.457659 0.021649
vt 0.453073 0.024590
vt 0.460138 0.019360
vt 0.455811 0.014884
vt 0.452338 0.018393
vt 0.447617 0.023036
vt 0.450952 0.017976
vt 0.454795 0.014324
vt 0.453729 0.014134
vt 0.446179 0.022899
vt 0.445142 0.022755
vt 0.441340 0.028246
vt 0.440344 0.028052
vt 0.455695 0.031796
vt 0.454180 0.036874
vt 0.453351 0.041822
vt 0.448264 0.043274
vt 0.453345 0.044003
vt 0.453521 0.052294
vt 0.448253 0.055788
vt 0.443660 0.042195
vt 0.435661 0.039904
vt 0.435449 0.052993
vt 0.433248 0.051879
vt 0.433826 0.039239
vt 0.433130 0.038766
vt 0.432456 0.038359
vt 0.431811 0.037795
vt 0.431385 0.040965
vt 0.430996 0.046318
vt 0.430717 0.052687
vt 0.430625 0.058906
vt 0.431468 0.059165
vt 0.432779 0.065446
vt 0.432295 0.059489
vt 0.431999 0.065278
vt 0.431214 0.065200
vt 0.433656 0.071616
vt 0.432983 0.071792
vt 0.436465 0.077406
vt 0.436990 0.076953
vt 0.442552 0.080122
vt 0.442193 0.080769
vt 0.450204 0.082338
vt 0.450378 0.081579
vt 0.460536 0.082574
vt 0.470807 0.081584
vt 0.437541 0.076583
vt 0.442964 0.079535
vt 0.443484 0.079069
vt 0.434337 0.071534
vt 0.435033 0.071641
vt 0.438143 0.076379
vt 0.437038 0.071741
vt 0.435231 0.065759
vt 0.433550 0.065795
vt 0.439392 0.075878
vt 0.447892 0.072862
vt 0.444699 0.077955
vt 0.443907 0.071023
vt 0.443320 0.057007
vt 0.433092 0.059785
vt 0.487678 0.044311
vt 0.487009 0.039101
vt 0.485746 0.036427
vt 0.486367 0.035909
vt 0.485594 0.033814
vt 0.484529 0.031893
vt 0.485078 0.034452
vt 0.482350 0.029279
vt 0.478233 0.025100
vt 0.473120 0.020271
vt 0.467954 0.015704
vt 0.463450 0.012186
vt 0.922056 0.317330
vt 0.921883 0.314017
vt 0.899193 0.313675
vt 0.896968 0.316986
vt 0.898700 0.308056
vt 0.896807 0.313639
vt 0.896381 0.308096
vt 0.895615 0.301416
vt 0.895790 0.290013
vt 0.894436 0.294658
vt 0.893199 0.289105
vt 0.894621 0.286085
vt 0.892259 0.286042
vt 0.891635 0.284200
vt 0.893971 0.284241
vt 0.891351 0.282313
vt 0.893308 0.272445
vt 0.891067 0.274094
vt 0.891219 0.279304
vt 0.893598 0.279341
vt 0.890838 0.267873
vt 0.892790 0.261865
vt 0.890478 0.261829
vt 0.890108 0.255641
vt 0.892876 0.216575
vt 0.890511 0.216539
vt 0.890289 0.226911
vt 0.890602 0.206185
vt 0.892959 0.206222
vt 0.890526 0.198086
vt 0.915663 0.206579
vt 0.915540 0.198486
vt 0.890512 0.191161
vt 0.915792 0.184721
vt 0.890786 0.184330
vt 0.915492 0.191559
vt 0.891255 0.177696
vt 0.916278 0.178078
vt 0.916788 0.171739
vt 0.894126 0.171401
vt 0.914981 0.235422
vt 0.915349 0.227276
vt 0.889972 0.235063
vt 0.889753 0.242067
vt 0.914728 0.242427
vt 0.914830 0.249359
vt 0.915125 0.256021
vt 0.889831 0.248990
vt 0.915446 0.262216
vt 0.916047 0.274479
vt 0.915765 0.268262
vt 0.919431 0.295110
vt 0.918267 0.289570
vt 0.917327 0.286500
vt 0.920557 0.301846
vt 0.921378 0.308502
vt 0.891874 0.370736
vt 0.914428 0.369410
vt 0.914888 0.364831
vt 0.892222 0.364622
vt 0.892540 0.359523
vt 0.915432 0.356642
vt 0.890382 0.356436
vt 0.890172 0.359502
vt 0.889904 0.364601
vt 0.890248 0.369192
vt 0.893764 0.352531
vt 0.891400 0.352516
vt 0.890723 0.354432
vt 0.893076 0.354448
vt 0.892423 0.349416
vt 0.896195 0.343870
vt 0.893804 0.343855
vt 0.894800 0.349430
vt 0.895157 0.337094
vt 0.898407 0.330487
vt 0.896095 0.330396
vt 0.896664 0.324835
vt 0.899050 0.324857
vt 0.896910 0.321482
vt 0.922001 0.321754
vt 0.921743 0.325073
vt 0.916471 0.352675
vt 0.915774 0.354609
vt 0.915214 0.359731
vt 0.917495 0.349569
vt 0.918806 0.344018
vt 0.920106 0.337279
vt 0.921099 0.330606
vt 0.922047 0.319542
vt 0.896967 0.319234
vt 0.916683 0.284639
vt 0.916399 0.282724
vt 0.916259 0.279691
vt 0.915588 0.216919
vt 0.917019 0.167096
vt 0.894695 0.165221
vt 0.892841 0.166740
vt 0.891814 0.171366
vt 0.102446 0.186861
vt 0.099071 0.181438
vt 0.091341 0.183617
vt 0.081150 0.184736
vt 0.081451 0.190955
vt 0.098913 0.181171
vt 0.091259 0.183289
vt 0.104390 0.177721
vt 0.104127 0.177491
vt 0.098762 0.180905
vt 0.091124 0.182707
vt 0.103694 0.177111
vt 0.098614 0.180640
vt 0.106769 0.171782
vt 0.108210 0.165415
vt 0.107616 0.165350
vt 0.106487 0.171669
vt 0.107053 0.171898
vt 0.108026 0.159193
vt 0.107188 0.153132
vt 0.107701 0.159192
vt 0.108354 0.159214
vt 0.106259 0.142761
vt 0.105849 0.142120
vt 0.106522 0.147108
vt 0.106519 0.142284
vt 0.105595 0.139030
vt 0.105120 0.136977
vt 0.104654 0.137337
vt 0.105316 0.139169
vt 0.105883 0.138901
vt 0.103734 0.135396
vt 0.101384 0.133387
vt 0.103599 0.135706
vt 0.104017 0.135236
vt 0.101747 0.132857
vt 0.094611 0.126681
vt 0.092144 0.124891
vt 0.097244 0.129488
vt 0.097596 0.128940
vt 0.092499 0.124341
vt 0.087219 0.120194
vt 0.083005 0.116521
vt 0.082743 0.117073
vt 0.087052 0.120478
vt 0.087391 0.119915
vt 0.080062 0.115196
vt 0.080132 0.114890
vt 0.078006 0.114638
vt 0.078038 0.115227
vt 0.079992 0.115501
vt 0.080203 0.114583
vt 0.077987 0.114291
vt 0.083175 0.116180
vt 0.101971 0.132630
vt 0.097808 0.128698
vt 0.092704 0.124085
vt 0.104259 0.135046
vt 0.105444 0.136794
vt 0.103504 0.131279
vt 0.107307 0.135897
vt 0.106192 0.138791
vt 0.108118 0.153019
vt 0.106820 0.142360
vt 0.108676 0.159160
vt 0.108570 0.165466
vt 0.107342 0.172022
vt 0.113149 0.174683
vt 0.114919 0.159199
vt 0.113671 0.146165
vt 0.114375 0.152548
vt 0.112917 0.140718
vt 0.114709 0.166462
vt 0.109356 0.182077
vt 0.092964 0.189623
vt 0.069841 0.190732
vt 0.070883 0.184603
vt 0.060063 0.188828
vt 0.062929 0.183129
vt 0.081135 0.184413
vt 0.070934 0.184269
vt 0.081119 0.184090
vt 0.071012 0.183676
vt 0.081104 0.183767
vt 0.063188 0.182570
vt 0.063311 0.182292
vt 0.057885 0.179183
vt 0.054348 0.174051
vt 0.057487 0.179598
vt 0.054619 0.173916
vt 0.053799 0.174335
vt 0.057245 0.179850
vt 0.054076 0.174189
vt 0.063061 0.182848
vt 0.052398 0.167799
vt 0.051481 0.161738
vt 0.052043 0.167876
vt 0.051805 0.161770
vt 0.052130 0.161724
vt 0.052986 0.167690
vt 0.052455 0.161701
vt 0.052556 0.155737
vt 0.052778 0.145069
vt 0.052818 0.149581
vt 0.053139 0.144434
vt 0.053126 0.141379
vt 0.053416 0.141496
vt 0.052486 0.144585
vt 0.052512 0.141189
vt 0.052165 0.145030
vt 0.052829 0.141274
vt 0.053385 0.139404
vt 0.054042 0.137481
vt 0.053045 0.139250
vt 0.054294 0.137645
vt 0.054561 0.137816
vt 0.056296 0.135105
vt 0.053877 0.139724
vt 0.054751 0.138078
vt 0.056707 0.135598
vt 0.062572 0.128461
vt 0.060412 0.131327
vt 0.065000 0.126256
vt 0.069412 0.121109
vt 0.069606 0.121375
vt 0.064594 0.125743
vt 0.068995 0.120589
vt 0.064363 0.125506
vt 0.069213 0.120848
vt 0.059775 0.130595
vt 0.060009 0.130816
vt 0.073224 0.117044
vt 0.075814 0.114825
vt 0.073021 0.116722
vt 0.075916 0.115123
vt 0.076018 0.115421
vt 0.073541 0.117568
vt 0.076119 0.115717
vt 0.056052 0.134900
vt 0.051620 0.155688
vt 0.048228 0.177450
vt 0.045253 0.162218
vt 0.045619 0.149182
vt 0.046320 0.139813
vt 0.051103 0.138524
vt 0.050533 0.135549
vt 0.054401 0.133696
vt 0.055013 0.126575
vt 0.064854 0.115905
vt 0.073790 0.108840
vt 0.077652 0.107856
vt 0.069646 0.111487
vt 0.081599 0.108426
vt 0.086004 0.110634
vt 0.091237 0.114566
vt 0.096794 0.119381
vt 0.102169 0.124243
vt 0.106639 0.128502
vt 0.107563 0.132805
vt 0.109501 0.131489
vt 0.111210 0.134012
vt 0.112222 0.136878
vt 0.087583 0.119636
vt 0.059835 0.121225
vt 0.051024 0.131223
vt 0.048478 0.134415
vt 0.047027 0.136997
vt 0.045977 0.143621
vt 0.045345 0.155660
vt 0.045997 0.169325
vt 0.052674 0.184612
s 1
usemtl 1011
f 2/1/1 4/2/2 1/3/3
f 1/3/3 3/4/3 2/1/1
f 5/5/4 3/4/3 1/3/3
f 1/3/3 6/6/5 5/5/4
f 5/5/4 6/6/5 7/7/6
f 7/7/6 8/8/7 5/5/4
f 9/9/8 8/8/7 7/7/6
f 7/7/6 10/10/9 9/9/8
f 9/9/8 10/10/9 11/11/10
f 11/11/10 12/12/11 9/9/8
f 13/13/12 12/12/11 11/11/10
f 11/11/10 14/14/13 13/13/12
f 13/13/12 14/14/13 15/15/14
f 15/15/14 16/16/15 13/13/12
f 17/17/16 16/16/15 15/15/14
f 17/17/16 15/15/14 18/18/17
f 18/18/17 19/19/18 17/17/16
f 20/20/19 19/19/18 18/18/17
f 18/18/17 21/21/20 20/20/19
f 20/20/19 21/21/20 22/22/21
f 22/22/21 23/23/22 20/20/19
f 24/24/23 23/23/22 22/22/21
f 22/22/21 25/25/24 24/24/23
f 24/24/23 25/25/24 26/26/25
f 26/26/25 27/27/26 24/24/23
f 28/28/27 27/27/26 26/26/25
f 26/26/25 29/29/28 28/28/27
f 28/28/27 29/29/28 30/30/29
f 30/30/29 31/31/30 28/28/27
f 32/32/31 31/31/30 30/30/29
f 30/30/29 33/33/32 32/32/31
f 32/32/31 33/33/32 34/34/33
f 34/34/33 35/35/34 32/32/31
f 36/36/35 35/35/34 34/34/33
f 34/34/33 37/37/36 36/36/35
f 36/36/35 37/37/36 38/38/37
f 38/38/37 39/39/38 36/36/35
f 40/40/39 39/39/38 38/38/37
f 38/38/37 41/41/40 40/40/39
f 40/40/39 41/41/40 42/42/41
f 42/42/41 43/43/42 45/44/43
f 42/42/41 44/45/44 40/40/39
f 45/44/43 44/45/44 42/42/41
f 45/44/43 43/43/42 46/46/45
f 46/46/45 47/47/45 45/44/43
f 2/1/1 49/48/46 50/49/47
f 50/49/47 49/48/46 48/50/48
f 50/49/47 4/2/2 2/1/1
f 48/50/48 51/51/49 50/49/47
f 52/52/50 51/51/49 48/50/48
f 48/50/48 53/53/51 52/52/50
f 52/52/50 53/53/51 54/54/52
f 54/54/52 55/55/53 52/52/50
f 56/56/54 55/55/53 54/54/52
f 54/54/52 57/57/55 56/56/54
f 56/56/54 57/57/55 58/58/56
f 58/58/56 59/59/57 56/56/54
f 60/60/58 59/59/57 58/58/56
f 58/58/56 61/61/58 60/60/58
f 60/60/58 61/61/58 62/62/59
f 62/62/59 63/63/59 60/60/58
f 64/64/60 63/63/59 62/62/59
f 62/62/59 65/65/61 64/64/60
f 64/64/60 65/65/61 66/66/62
f 66/66/62 67/67/63 64/64/60
f 68/68/64 67/67/63 66/66/62
f 66/66/62 69/69/65 68/68/64
f 68/68/64 69/69/65 70/70/66
f 70/70/66 71/71/67 68/68/64
f 72/72/68 71/71/67 70/70/66
f 70/70/66 73/73/69 72/72/68
f 74/74/70 72/72/68 73/73/69
f 73/73/69 75/75/71 74/74/70
usemtl 1001
f 76/76/72 78/77/73 77/78/74
f 250/79/75 78/77/73 76/76/72
f 76/76/72 77/78/74 79/80/76
f 76/76/72 81/81/77 250/79/75
f 83/82/78 81/81/77 76/76/72
f 79/80/76 80/83/79 76/76/72
f 76/76/72 80/83/79 83/82/78
f 84/84/80 82/85/81 83/82/78
f 83/82/78 80/83/79 84/84/80
f 79/80/76 85/86/82 84/84/80
f 84/84/80 80/83/79 79/80/76
f 84/84/80 85/86/82 86/87/83
f 88/88/84 82/85/81 84/84/80
f 86/87/83 87/89/85 84/84/80
f 84/84/80 87/89/85 88/88/84
f 88/88/84 87/89/85 89/90/86
f 89/90/86 91/91/87 88/88/84
f 88/88/84 90/92/88 82/85/81
f 92/93/89 90/92/88 88/88/84
f 88/88/84 91/91/87 92/93/89
f 93/94/90 95/95/91 92/93/89
f 92/93/89 94/96/92 93/94/90
f 112/97/93 94/96/92 92/93/89
f 92/93/89 95/95/91 96/98/94
f 92/93/89 91/91/87 112/97/93
f 96/98/94 90/92/88 92/93/89
f 96/98/94 98/99/95 82/85/81
f 96/98/94 95/95/91 97/100/96
f 82/85/81 90/92/88 96/98/94
f 241/101/97 99/102/98 98/99/95
f 98/99/95 101/103/99 241/101/97
f 96/98/94 101/103/99 98/99/95
f 96/98/94 97/100/96 100/104/100
f 100/104/100 102/105/101 96/98/94
f 96/98/94 102/105/101 101/103/99
f 100/104/100 97/100/96 105/106/102
f 105/106/102 104/107/103 100/104/100
f 105/106/102 106/108/104 103/109/105
f 103/109/105 104/107/103 105/106/102
f 107/110/106 106/108/104 105/106/102
f 107/110/106 105/106/102 93/94/90
f 93/94/90 108/111/107 107/110/106
f 109/112/108 108/111/107 93/94/90
f 93/94/90 94/96/92 109/112/108
f 112/97/93 110/113/109 109/112/108
f 109/112/108 94/96/92 112/97/93
f 111/114/110 110/113/109 112/97/93
f 111/114/110 112/97/93 115/115/111
f 115/115/111 113/116/112 111/114/110
f 115/115/111 117/117/113 114/118/114
f 116/119/115 113/116/112 115/115/111
f 89/90/86 117/117/113 115/115/111
f 115/115/111 112/97/93 89/90/86
f 86/87/83 117/117/113 89/90/86
f 114/118/114 117/117/113 86/87/83
f 118/120/116 119/121/117 116/119/115
f 116/119/115 115/115/111 118/120/116
f 120/122/118 119/121/117 118/120/116
f 118/120/116 121/123/119 120/122/118
f 120/122/118 121/123/119 123/124/120
f 123/124/120 122/125/121 120/122/118
f 123/124/120 126/126/122 124/127/123
f 124/127/123 125/128/124 123/124/120
f 123/124/120 125/128/124 128/129/125
f 127/130/126 126/126/122 123/124/120
f 123/124/120 121/123/119 127/130/126
f 128/129/125 122/125/121 123/124/120
f 129/131/127 130/132/128 128/129/125
f 128/129/125 125/128/124 129/131/127
f 131/133/129 130/132/128 129/131/127
f 132/134/130 133/135/131 131/133/129
f 131/133/129 134/136/132 132/134/130
f 129/131/127 134/136/132 131/133/129
f 132/134/130 134/136/132 135/137/133
f 135/137/133 134/136/132 129/131/127
f 129/131/127 136/138/134 135/137/133
f 135/137/133 136/138/134 138/139/135
f 135/137/133 137/140/136 132/134/130
f 140/141/137 137/140/136 135/137/133
f 138/139/135 139/142/138 135/137/133
f 135/137/133 139/142/138 140/141/137
f 140/141/137 139/142/138 141/143/139
f 141/143/139 143/144/140 140/141/137
f 140/141/137 142/145/141 144/146/142
f 145/147/143 142/145/141 140/141/137
f 140/141/137 143/144/140 145/147/143
f 144/146/142 137/140/136 140/141/137
f 146/148/144 147/149/145 145/147/143
f 145/147/143 143/144/140 146/148/144
f 145/147/143 147/149/145 148/150/146
f 148/150/146 149/151/147 145/147/143
f 145/147/143 149/151/147 150/152/148
f 150/152/148 142/145/141 145/147/143
f 144/146/142 142/145/141 150/152/148
f 150/152/148 152/153/149 144/146/142
f 150/152/148 151/154/150 153/155/151
f 154/156/152 151/154/150 150/152/148
f 153/155/151 152/153/149 150/152/148
f 150/152/148 149/151/147 154/156/152
f 155/157/153 157/158/154 154/156/152
f 154/156/152 156/159/155 155/157/153
f 148/150/146 156/159/155 154/156/152
f 154/156/152 157/158/154 158/160/156
f 154/156/152 149/151/147 148/150/146
f 158/160/156 151/154/150 154/156/152
f 158/160/156 160/161/157 159/162/158
f 159/162/158 161/163/159 158/160/156
f 157/158/154 160/161/157 158/160/156
f 153/155/151 151/154/150 158/160/156
f 158/160/156 161/163/159 153/155/151
f 162/164/160 161/163/159 159/162/158
f 153/155/151 161/163/159 162/164/160
f 159/162/158 163/165/161 162/164/160
f 162/164/160 163/165/161 167/166/162
f 162/164/160 164/167/163 153/155/151
f 165/168/164 164/167/163 162/164/160
f 162/164/160 166/169/165 165/168/164
f 167/166/162 166/169/165 162/164/160
f 168/170/166 169/171/167 167/166/162
f 167/166/162 163/165/161 168/170/166
f 170/172/168 169/171/167 168/170/166
f 168/170/166 171/173/169 170/172/168
f 171/173/169 172/174/170 170/172/168
f 173/175/171 172/174/170 171/173/169
f 171/173/169 175/176/172 173/175/171
f 175/176/172 174/177/173 173/175/171
f 176/178/174 175/176/172 171/173/169
f 171/173/169 300/179/175 176/178/174
f 176/178/174 300/179/175 301/180/176
f 301/180/176 177/181/177 176/178/174
f 178/182/178 181/183/179 177/181/177
f 177/181/177 179/184/180 180/185/181
f 181/183/179 179/184/180 177/181/177
f 180/185/181 176/178/174 177/181/177
f 182/186/182 183/187/183 181/183/179
f 266/188/184 182/186/182 181/183/179
f 181/183/179 183/187/183 184/189/185
f 184/189/185 179/184/180 181/183/179
f 184/189/185 183/187/183 185/190/186
f 185/190/186 187/191/187 184/189/185
f 180/185/181 179/184/180 184/189/185
f 188/192/188 186/193/189 184/189/185
f 184/189/185 186/193/189 180/185/181
f 184/189/185 187/191/187 188/192/188
f 189/194/190 186/193/189 188/192/188
f 188/192/188 190/195/191 189/194/190
f 191/196/192 190/195/191 188/192/188
f 188/192/188 192/197/193 191/196/192
f 193/198/194 192/197/193 188/192/188
f 188/192/188 187/191/187 193/198/194
f 193/198/194 194/199/195 196/200/196
f 197/201/197 194/199/195 193/198/194
f 185/190/186 195/202/198 193/198/194
f 193/198/194 195/202/198 197/201/197
f 193/198/194 187/191/187 185/190/186
f 196/200/196 192/197/193 193/198/194
f 198/203/199 199/204/200 197/201/197
f 197/201/197 195/202/198 198/203/199
f 197/201/197 199/204/200 200/205/201
f 200/205/201 201/206/202 197/201/197
f 197/201/197 201/206/202 202/207/203
f 202/207/203 194/199/195 197/201/197
f 196/200/196 194/199/195 202/207/203
f 204/208/204 203/209/205 202/207/203
f 202/207/203 203/209/205 196/200/196
f 202/207/203 206/210/206 204/208/204
f 202/207/203 201/206/202 205/211/207
f 205/211/207 206/210/206 202/207/203
f 204/208/204 206/210/206 207/212/208
f 207/212/208 206/210/206 205/211/207
f 211/213/209 208/214/210 207/212/208
f 207/212/208 208/214/210 204/208/204
f 207/212/208 209/215/211 211/213/209
f 212/216/212 209/215/211 207/212/208
f 205/211/207 210/217/213 207/212/208
f 207/212/208 210/217/213 212/216/212
f 213/218/214 214/219/215 212/216/212
f 212/216/212 210/217/213 213/218/214
f 214/219/215 215/220/216 212/216/212
f 212/216/212 215/220/216 216/221/217
f 216/221/217 209/215/211 212/216/212
f 218/222/218 217/223/219 216/221/217
f 216/221/217 217/223/219 211/213/209
f 211/213/209 209/215/211 216/221/217
f 216/221/217 215/220/216 219/224/220
f 216/221/217 220/225/221 218/222/218
f 219/224/220 220/225/221 216/221/217
f 218/222/218 220/225/221 102/105/101
f 102/105/101 220/225/221 219/224/220
f 102/105/101 219/224/220 101/103/99
f 102/105/101 100/104/100 218/222/218
f 218/222/218 100/104/100 104/107/103
f 104/107/103 221/226/222 218/222/218
f 222/227/223 221/226/222 104/107/103
f 104/107/103 223/228/224 222/227/223
f 103/109/105 223/228/224 104/107/103
f 224/229/225 221/226/222 222/227/223
f 222/227/223 225/230/226 224/229/225
f 224/229/225 225/230/226 226/231/227
f 226/231/227 227/232/228 229/233/229
f 226/231/227 228/234/230 224/229/225
f 229/233/229 228/234/230 226/231/227
f 229/233/229 208/214/210 211/213/209
f 211/213/209 228/234/230 229/233/229
f 204/208/204 208/214/210 229/233/229
f 229/233/229 230/235/231 204/208/204
f 231/236/232 230/235/231 229/233/229
f 229/233/229 227/232/228 231/236/232
f 232/237/233 230/235/231 231/236/232
f 231/236/232 233/238/234 232/237/233
f 232/237/233 233/238/234 234/239/235
f 234/239/235 235/240/236 232/237/233
f 191/196/192 235/240/236 234/239/235
f 234/239/235 236/241/237 191/196/192
f 191/196/192 236/241/237 237/242/238
f 237/242/238 190/195/191 191/196/192
f 189/194/190 190/195/191 237/242/238
f 237/242/238 238/243/239 189/194/190
f 189/194/190 238/243/239 239/244/240
f 239/244/240 240/245/241 189/194/190
f 175/176/172 240/245/241 239/244/240
f 239/244/240 174/177/173 175/176/172
f 189/194/190 240/245/241 180/185/181
f 180/185/181 240/245/241 175/176/172
f 232/237/233 235/240/236 196/200/196
f 196/200/196 235/240/236 191/196/192
f 196/200/196 203/209/205 232/237/233
f 232/237/233 203/209/205 204/208/204
f 204/208/204 230/235/231 232/237/233
f 224/229/225 228/234/230 211/213/209
f 224/229/225 217/223/219 218/222/218
f 218/222/218 221/226/222 224/229/225
f 211/213/209 217/223/219 224/229/225
f 101/103/99 219/224/220 241/101/97
f 265/246/242 242/247/243 241/101/97
f 241/101/97 214/219/215 265/246/242
f 219/224/220 214/219/215 241/101/97
f 247/248/244 242/247/243 265/246/242
f 265/246/242 243/249/245 247/248/244
f 247/248/244 245/250/246 244/251/247
f 247/248/244 243/249/245 245/250/246
f 247/248/244 246/252/248 242/247/243
f 246/252/248 247/248/244 248/253/249
f 248/253/249 247/248/244 244/251/247
f 248/253/249 251/254/250 249/255/251
f 249/255/251 250/79/75 248/253/249
f 81/81/77 246/252/248 248/253/249
f 248/253/249 250/79/75 81/81/77
f 244/251/247 251/254/250 248/253/249
f 249/255/251 251/254/250 252/256/252
f 252/256/252 251/254/250 244/251/247
f 252/256/252 253/257/253 249/255/251
f 273/258/254 253/257/253 252/256/252
f 256/259/255 254/260/256 252/256/252
f 252/256/252 254/260/256 273/258/254
f 256/259/255 252/256/252 255/261/257
f 255/261/257 252/256/252 244/251/247
f 259/262/258 257/263/259 258/264/260
f 256/259/255 262/265/261 258/264/260
f 260/266/262 259/262/258 258/264/260
f 258/264/260 261/267/263 260/266/262
f 262/265/261 261/267/263 258/264/260
f 263/268/264 262/265/261 256/259/255
f 256/259/255 255/261/257 263/268/264
f 263/268/264 255/261/257 244/251/247
f 244/251/247 245/250/246 263/268/264
f 260/266/262 261/267/263 198/203/199
f 198/203/199 261/267/263 262/265/261
f 198/203/199 182/186/182 260/266/262
f 185/190/186 182/186/182 198/203/199
f 245/250/246 243/249/245 213/218/214
f 200/205/201 263/268/264 245/250/246
f 213/218/214 264/269/265 245/250/246
f 245/250/246 264/269/265 200/205/201
f 200/205/201 264/269/265 205/211/207
f 205/211/207 264/269/265 213/218/214
f 213/218/214 243/249/245 265/246/242
f 265/246/242 214/219/215 213/218/214
f 262/265/261 263/268/264 200/205/201
f 262/265/261 199/204/200 198/203/199
f 200/205/201 199/204/200 262/265/261
f 260/266/262 182/186/182 266/188/184
f 266/188/184 259/262/258 260/266/262
f 266/188/184 257/263/259 259/262/258
f 266/188/184 267/270/266 257/263/259
f 268/271/267 267/270/266 266/188/184
f 178/182/178 268/271/267 266/188/184
f 301/180/176 268/271/267 178/182/178
f 269/272/268 257/263/259 267/270/266
f 267/270/266 268/271/267 157/158/154
f 157/158/154 155/157/153 267/270/266
f 267/270/266 155/157/153 269/272/268
f 270/273/269 257/263/259 269/272/268
f 269/272/268 271/274/270 270/273/269
f 275/275/271 272/276/272 271/274/270
f 271/274/270 272/276/272 274/277/273
f 274/277/273 273/258/254 271/274/270
f 271/274/270 269/272/268 275/275/271
f 155/157/153 156/159/155 275/275/271
f 275/275/271 269/272/268 155/157/153
f 276/278/274 272/276/272 275/275/271
f 148/150/146 276/278/274 275/275/271
f 275/275/271 156/159/155 148/150/146
f 277/279/275 276/278/274 148/150/146
f 277/279/275 147/149/145 146/148/144
f 148/150/146 147/149/145 277/279/275
f 277/279/275 146/148/144 278/280/276
f 279/281/277 277/279/275 278/280/276
f 276/278/274 277/279/275 279/281/277
f 77/78/74 280/282/278 279/281/277
f 279/281/277 284/283/279 77/78/74
f 278/280/276 284/283/279 279/281/277
f 279/281/277 280/282/278 281/284/280
f 279/281/277 281/284/280 276/278/274
f 276/278/274 281/284/280 274/277/273
f 281/284/280 280/282/278 282/285/281
f 282/285/281 283/286/282 281/284/280
f 281/284/280 283/286/282 274/277/273
f 253/257/253 283/286/282 282/285/281
f 274/277/273 283/286/282 253/257/253
f 282/285/281 249/255/251 253/257/253
f 253/257/253 273/258/254 274/277/273
f 250/79/75 249/255/251 282/285/281
f 282/285/281 78/77/73 250/79/75
f 77/78/74 78/77/73 282/285/281
f 282/285/281 280/282/278 77/78/74
f 79/80/76 77/78/74 284/283/279
f 278/280/276 285/287/283 284/283/279
f 285/287/283 286/288/284 284/283/279
f 284/283/279 286/288/284 79/80/76
f 79/80/76 286/288/284 287/289/285
f 287/289/285 286/288/284 285/287/283
f 285/287/283 288/290/286 287/289/285
f 287/289/285 288/290/286 289/291/287
f 287/289/285 85/86/82 79/80/76
f 86/87/83 85/86/82 287/289/285
f 289/291/287 290/292/288 287/289/285
f 287/289/285 290/292/288 86/87/83
f 86/87/83 290/292/288 114/118/114
f 114/118/114 290/292/288 289/291/287
f 289/291/287 291/293/289 127/130/126
f 293/294/290 291/293/289 289/291/287
f 127/130/126 292/295/291 289/291/287
f 289/291/287 292/295/291 114/118/114
f 289/291/287 288/290/286 293/294/290
f 293/294/290 298/296/292 294/297/293
f 285/287/283 298/296/292 293/294/290
f 293/294/290 288/290/286 285/287/283
f 295/298/294 291/293/289 293/294/290
f 295/298/294 293/294/290 296/299/295
f 295/298/294 126/126/122 127/130/126
f 127/130/126 291/293/289 295/298/294
f 296/299/295 297/300/296 295/298/294
f 295/298/294 297/300/296 124/127/123
f 124/127/123 126/126/122 295/298/294
f 138/139/135 297/300/296 296/299/295
f 124/127/123 297/300/296 138/139/135
f 296/299/295 293/294/290 294/297/293
f 296/299/295 141/143/139 138/139/135
f 294/297/293 141/143/139 296/299/295
f 146/148/144 294/297/293 298/296/292
f 278/280/276 146/148/144 298/296/292
f 298/296/292 285/287/283 278/280/276
f 141/143/139 294/297/293 146/148/144
f 118/120/116 292/295/291 127/130/126
f 114/118/114 292/295/291 118/120/116
f 274/277/273 272/276/272 276/278/274
f 270/273/269 271/274/270 273/258/254
f 270/273/269 258/264/260 257/263/259
f 270/273/269 254/260/256 256/259/255
f 256/259/255 258/264/260 270/273/269
f 273/258/254 254/260/256 270/273/269
f 157/158/154 268/271/267 299/301/297
f 299/301/297 302/302/298 159/162/158
f 159/162/158 160/161/157 299/301/297
f 299/301/297 301/180/176 300/179/175
f 300/179/175 302/302/298 299/301/297
f 268/271/267 301/180/176 299/301/297
f 299/301/297 160/161/157 157/158/154
f 168/170/166 302/302/298 300/179/175
f 159/162/158 302/302/298 168/170/166
f 300/179/175 171/173/169 168/170/166
f 99/102/98 246/252/248 81/81/77
f 246/252/248 99/102/98 241/101/97
f 242/247/243 246/252/248 241/101/97
f 219/224/220 215/220/216 214/219/215
f 213/218/214 210/217/213 205/211/207
f 205/211/207 201/206/202 200/205/201
f 198/203/199 195/202/198 185/190/186
f 191/196/192 192/197/193 196/200/196
f 180/185/181 186/193/189 189/194/190
f 185/190/186 183/187/183 182/186/182
f 266/188/184 181/183/179 178/182/178
f 175/176/172 176/178/174 180/185/181
f 178/182/178 177/181/177 301/180/176
f 168/170/166 163/165/161 159/162/158
f 165/168/164 303/303/299 164/167/163
f 164/167/163 303/303/299 304/304/300
f 304/304/300 305/305/301 164/167/163
f 132/134/130 305/305/301 304/304/300
f 304/304/300 133/135/131 132/134/130
f 164/167/163 305/305/301 144/146/142
f 144/146/142 305/305/301 132/134/130
f 144/146/142 152/153/149 164/167/163
f 164/167/163 152/153/149 153/155/151
f 146/148/144 143/144/140 141/143/139
f 132/134/130 137/140/136 144/146/142
f 141/143/139 139/142/138 138/139/135
f 138/139/135 136/138/134 124/127/123
f 124/127/123 136/138/134 129/131/127
f 129/131/127 125/128/124 124/127/123
f 127/130/126 121/123/119 118/120/116
f 118/120/116 115/115/111 114/118/114
f 93/94/90 105/106/102 97/100/96
f 82/85/81 98/99/95 99/102/98
f 99/102/98 83/82/78 82/85/81
f 81/81/77 83/82/78 99/102/98
f 97/100/96 95/95/91 93/94/90
f 112/97/93 91/91/87 89/90/86
f 89/90/86 87/89/85 86/87/83
f 316/306/302 317/307/303 318/308/304
f 318/308/304 320/309/305 316/306/302
f 320/309/305 319/310/306 314/311/307
f 320/309/305 315/312/308 316/306/302
f 314/311/307 315/312/308 320/309/305
f 314/311/307 319/310/306 328/313/309
f 328/313/309 313/314/310 314/311/307
f 312/315/311 313/314/310 328/313/309
f 328/313/309 321/316/312 312/315/311
f 312/315/311 321/316/312 322/317/313
f 322/317/313 311/318/314 312/315/311
f 310/319/315 311/318/314 322/317/313
f 322/317/313 324/320/316 323/321/317
f 323/321/317 333/322/318 322/317/313
f 325/323/319 324/320/316 322/317/313
f 325/323/319 322/317/313 321/316/312
f 321/316/312 326/324/320 325/323/319
f 327/325/321 326/324/320 321/316/312
f 321/316/312 328/313/309 327/325/321
f 327/325/321 328/313/309 319/310/306
f 319/310/306 329/326/322 327/325/321
f 330/327/323 329/326/322 319/310/306
f 319/310/306 320/309/305 330/327/323
f 320/309/305 331/328/324 330/327/323
f 332/329/325 331/328/324 320/309/305
f 320/309/305 318/308/304 332/329/325
f 310/319/315 322/317/313 333/322/318
f 333/322/318 309/330/326 310/319/315
f 308/331/327 309/330/326 333/322/318
f 308/331/327 333/322/318 335/332/328
f 335/332/328 306/333/329 308/331/327
f 335/332/328 334/334/330 307/335/331
f 307/335/331 306/333/329 335/332/328
f 307/335/331 334/334/330 345/336/332
f 345/336/332 417/337/333 307/335/331
f 336/338/334 417/337/333 345/336/332
f 345/336/332 338/339/335 336/338/334
f 336/338/334 338/339/335 337/340/336
f 337/340/336 416/341/337 336/338/334
f 337/340/336 339/342/338 415/343/339
f 415/343/339 416/341/337 337/340/336
f 339/342/338 341/344/131 340/345/340
f 340/345/340 349/346/341 339/342/338
f 342/347/342 341/344/131 339/342/338
f 339/342/338 337/340/336 342/347/342
f 342/347/342 337/340/336 338/339/335
f 338/339/335 343/348/343 342/347/342
f 344/349/125 343/348/343 338/339/335
f 338/339/335 345/336/332 344/349/125
f 344/349/125 345/336/332 334/334/330
f 334/334/330 346/350/121 344/349/125
f 347/351/344 346/350/121 334/334/330
f 334/334/330 335/332/328 347/351/344
f 347/351/344 335/332/328 333/322/318
f 333/322/318 348/352/345 347/351/344
f 323/321/317 348/352/345 333/322/318
f 415/343/339 339/342/338 349/346/341
f 349/346/341 414/353/346 415/343/339
f 413/354/347 414/353/346 349/346/341
f 413/354/347 349/346/341 351/355/348
f 351/355/348 353/356/349 413/354/347
f 351/355/348 350/357/350 352/358/351
f 352/358/351 353/356/349 351/355/348
f 352/358/351 350/357/350 365/359/352
f 365/359/352 354/360/353 352/358/351
f 355/361/354 354/360/353 365/359/352
f 365/359/352 358/362/355 355/361/354
f 355/361/354 358/362/355 357/363/356
f 357/363/356 356/364/357 355/361/354
f 357/363/356 360/365/358 412/366/359
f 412/366/359 356/364/357 357/363/356
f 360/365/358 361/367/360 359/368/361
f 362/369/362 361/367/360 360/365/358
f 360/365/358 357/363/356 362/369/362
f 362/369/362 357/363/356 358/362/355
f 358/362/355 363/370/167 362/369/362
f 364/371/162 363/370/167 358/362/355
f 358/362/355 365/359/352 364/371/162
f 364/371/162 365/359/352 350/357/350
f 350/357/350 366/372/363 364/371/162
f 367/373/364 366/372/363 350/357/350
f 350/357/350 351/355/348 367/373/364
f 367/373/364 351/355/348 349/346/341
f 349/346/341 368/374/365 367/373/364
f 340/345/340 368/374/365 349/346/341
f 411/375/366 360/365/358 369/376/367
f 411/375/366 369/376/367 410/377/368
f 412/366/359 360/365/358 411/375/366
f 410/377/368 369/376/367 371/378/369
f 371/378/369 373/379/370 410/377/368
f 371/378/369 370/380/371 372/381/372
f 372/381/372 373/379/370 371/378/369
f 372/381/372 370/380/371 398/382/373
f 398/382/373 374/383/374 372/381/372
f 385/384/375 384/385/376 383/386/377
f 383/386/377 386/387/378 385/384/375
f 387/388/379 386/387/378 383/386/377
f 381/389/380 388/390/381 387/388/379
f 387/388/379 382/391/382 381/389/380
f 383/386/377 382/391/382 387/388/379
f 389/392/383 380/393/384 379/394/385
f 381/389/380 380/393/384 389/392/383
f 389/392/383 388/390/381 381/389/380
f 379/394/385 390/395/386 389/392/383
f 391/396/387 390/395/386 379/394/385
f 377/397/388 392/398/389 391/396/387
f 379/394/385 378/399/390 391/396/387
f 391/396/387 378/399/390 377/397/388
f 377/397/388 376/400/391 395/401/392
f 395/401/392 392/398/389 377/397/388
f 395/401/392 376/400/391 375/402/393
f 375/402/393 374/383/374 398/382/373
f 398/382/373 393/403/394 375/402/393
f 375/402/393 393/403/394 395/401/392
f 393/403/394 396/404/237 394/405/235
f 394/405/235 395/401/392 393/403/394
f 397/406/238 396/404/237 393/403/394
f 393/403/394 398/382/373 397/406/238
f 397/406/238 398/382/373 370/380/371
f 370/380/371 399/407/239 397/406/238
f 400/408/395 399/407/239 370/380/371
f 370/380/371 371/378/369 400/408/395
f 400/408/395 371/378/369 369/376/367
f 369/376/367 401/409/396 400/408/395
f 359/368/361 401/409/396 369/376/367
f 392/398/389 395/401/392 394/405/235
f 394/405/235 402/410/234 392/398/389
f 392/398/389 402/410/234 403/411/397
f 403/411/397 391/396/387 392/398/389
f 390/395/386 391/396/387 403/411/397
f 403/411/397 404/412/228 390/395/386
f 390/395/386 404/412/228 405/413/227
f 388/390/381 389/392/383 405/413/227
f 405/413/227 406/414/226 388/390/381
f 405/413/227 389/392/383 390/395/386
f 388/390/381 406/414/226 407/415/398
f 386/387/378 387/388/379 407/415/398
f 407/415/398 408/416/399 386/387/378
f 407/415/398 387/388/379 388/390/381
f 386/387/378 408/416/399 409/417/400
f 409/417/400 385/384/375 386/387/378
f 369/376/367 360/365/358 359/368/361
f 419/418/401 421/419/402 418/420/403
f 418/420/403 420/421/404 419/418/401
f 422/422/405 420/421/404 418/420/403
f 418/420/403 421/419/402 469/423/406
f 469/423/406 426/424/407 418/420/403
f 418/420/403 426/424/407 425/425/408
f 425/425/408 422/422/405 418/420/403
f 425/425/408 427/426/409 423/427/410
f 423/427/410 422/422/405 425/425/408
f 424/428/411 427/426/409 425/425/408
f 423/427/410 427/426/409 430/429/412
f 430/429/412 427/426/409 424/428/411
f 424/428/411 428/430/413 430/429/412
f 430/429/412 429/431/414 423/427/410
f 429/431/414 430/429/412 431/432/415
f 431/432/415 430/429/412 428/430/413
f 431/432/415 432/433/416 429/431/414
f 428/430/413 540/434/417 431/432/415
f 437/435/418 432/433/416 431/432/415
f 540/434/417 433/436/419 431/432/415
f 431/432/415 433/436/419 437/435/418
f 434/437/420 432/433/416 437/435/418
f 435/438/421 434/437/420 437/435/418
f 436/439/422 434/437/420 435/438/421
f 436/439/422 438/440/423 434/437/420
f 439/441/424 438/440/423 436/439/422
f 439/441/424 441/442/425 440/443/426
f 440/443/426 442/444/427 439/441/424
f 436/439/422 441/442/425 439/441/424
f 544/445/428 443/446/429 442/444/427
f 443/446/429 445/447/430 444/448/431
f 444/448/431 442/444/427 443/446/429
f 544/445/428 545/449/432 443/446/429
f 443/446/429 545/449/432 570/450/433
f 570/450/433 446/451/434 443/446/429
f 448/452/435 447/453/436 446/451/434
f 446/451/434 447/453/436 445/447/430
f 446/451/434 573/454/437 448/452/435
f 445/447/430 443/446/429 446/451/434
f 572/455/438 449/456/439 448/452/435
f 448/452/435 573/454/437 572/455/438
f 448/452/435 449/456/439 455/457/440
f 455/457/440 450/458/441 448/452/435
f 448/452/435 450/458/441 451/459/442
f 451/459/442 447/453/436 448/452/435
f 445/447/430 447/453/436 451/459/442
f 452/460/443 445/447/430 451/459/442
f 451/459/442 450/458/441 454/461/444
f 451/459/442 453/462/445 452/460/443
f 454/461/444 453/462/445 451/459/442
f 588/463/446 456/464/447 454/461/444
f 454/461/444 455/457/440 588/463/446
f 454/461/444 456/464/447 457/465/448
f 454/461/444 450/458/441 455/457/440
f 457/465/448 453/462/445 454/461/444
f 457/465/448 456/464/447 459/466/449
f 457/465/448 460/467/450 458/468/451
f 458/468/451 461/469/452 457/465/448
f 459/466/449 460/467/450 457/465/448
f 452/460/443 453/462/445 457/465/448
f 457/465/448 461/469/452 452/460/443
f 461/469/452 458/468/451 421/419/402
f 421/419/402 419/418/401 461/469/452
f 461/469/452 419/418/401 462/470/453
f 462/470/453 452/460/443 461/469/452
f 462/470/453 463/471/454 464/472/455
f 419/418/401 463/471/454 462/470/453
f 464/472/455 444/448/431 462/470/453
f 462/470/453 444/448/431 445/447/430
f 445/447/430 452/460/443 462/470/453
f 464/472/455 463/471/454 465/473/456
f 465/473/456 466/474/457 464/472/455
f 466/474/457 467/475/458 434/437/420
f 439/441/424 464/472/455 466/474/457
f 466/474/457 438/440/423 439/441/424
f 434/437/420 438/440/423 466/474/457
f 434/437/420 467/475/458 429/431/414
f 465/473/456 468/476/459 467/475/458
f 467/475/458 468/476/459 423/427/410
f 423/427/410 429/431/414 467/475/458
f 467/475/458 466/474/457 465/473/456
f 423/427/410 468/476/459 422/422/405
f 422/422/405 468/476/459 465/473/456
f 465/473/456 463/471/454 419/418/401
f 465/473/456 420/421/404 422/422/405
f 419/418/401 420/421/404 465/473/456
f 444/448/431 464/472/455 439/441/424
f 421/419/402 458/468/451 470/477/460
f 470/477/460 471/478/461 469/423/406
f 470/477/460 472/479/462 471/478/461
f 458/468/451 472/479/462 470/477/460
f 471/478/461 472/479/462 473/480/463
f 473/480/463 472/479/462 458/468/451
f 458/468/451 460/467/450 473/480/463
f 473/480/463 460/467/450 459/466/449
f 459/466/449 475/481/464 473/480/463
f 475/481/464 474/482/465 473/480/463
f 473/480/463 474/482/465 471/478/461
f 476/483/466 478/484/467 475/481/464
f 475/481/464 477/485/468 476/483/466
f 479/486/469 477/485/468 475/481/464
f 475/481/464 478/484/467 480/487/470
f 480/487/470 474/482/465 475/481/464
f 471/478/461 474/482/465 480/487/470
f 483/488/471 481/489/472 480/487/470
f 480/487/470 481/489/472 507/490/473
f 480/487/470 478/484/467 483/488/471
f 480/487/470 482/491/474 471/478/461
f 507/490/473 482/491/474 480/487/470
f 476/483/466 484/492/475 483/488/471
f 483/488/471 478/484/467 476/483/466
f 483/488/471 484/492/475 485/493/476
f 485/493/476 486/494/477 483/488/471
f 483/488/471 486/494/477 487/495/478
f 487/495/478 481/489/472 483/488/471
f 487/495/478 486/494/477 488/496/479
f 487/495/478 489/497/480 507/490/473
f 507/490/473 481/489/472 487/495/478
f 488/496/479 489/497/480 487/495/478
f 507/490/473 489/497/480 490/498/481
f 490/498/481 489/497/480 488/496/479
f 490/498/481 491/499/482 492/500/483
f 488/496/479 491/499/482 490/498/481
f 490/498/481 493/501/484 505/502/485
f 505/502/485 506/503/486 490/498/481
f 492/500/483 493/501/484 490/498/481
f 490/498/481 506/503/486 507/490/473
f 505/502/485 493/501/484 494/504/487
f 494/504/487 493/501/484 492/500/483
f 494/504/487 498/505/488 495/506/489
f 495/506/489 504/507/490 494/504/487
f 494/504/487 497/508/491 496/509/492
f 496/509/492 498/505/488 494/504/487
f 492/500/483 497/508/491 494/504/487
f 494/504/487 504/507/490 505/502/485
f 499/510/493 498/505/488 496/509/492
f 495/506/489 498/505/488 499/510/493
f 496/509/492 500/511/494 499/510/493
f 499/510/493 503/512/495 495/506/489
f 499/510/493 500/511/494 501/513/496
f 501/513/496 502/514/497 499/510/493
f 499/510/493 502/514/497 503/512/495
f 503/512/495 428/430/413 424/428/411
f 424/428/411 495/506/489 503/512/495
f 504/507/490 495/506/489 424/428/411
f 426/424/407 505/502/485 504/507/490
f 424/428/411 425/425/408 504/507/490
f 504/507/490 425/425/408 426/424/407
f 506/503/486 505/502/485 426/424/407
f 506/503/486 508/515/498 469/423/406
f 469/423/406 507/490/473 506/503/486
f 426/424/407 508/515/498 506/503/486
f 469/423/406 508/515/498 426/424/407
f 482/491/474 507/490/473 469/423/406
f 469/423/406 471/478/461 482/491/474
f 428/430/413 503/512/495 509/516/499
f 509/516/499 540/434/417 428/430/413
f 510/517/500 509/516/499 503/512/495
f 503/512/495 502/514/497 510/517/500
f 510/517/500 502/514/497 501/513/496
f 501/513/496 511/518/501 510/517/500
f 510/517/500 511/518/501 512/519/502
f 513/520/503 514/521/504 512/519/502
f 512/519/502 511/518/501 513/520/503
f 510/517/500 516/522/505 509/516/499
f 517/523/506 515/524/507 510/517/500
f 510/517/500 515/524/507 516/522/505
f 510/517/500 512/519/502 517/523/506
f 517/523/506 512/519/502 514/521/504
f 517/523/506 514/521/504 518/525/508
f 515/524/507 517/523/506 521/526/509
f 515/524/507 519/527/510 516/522/505
f 515/524/507 520/528/511 519/527/510
f 521/526/509 520/528/511 515/524/507
f 522/529/512 524/530/513 521/526/509
f 521/526/509 523/531/514 522/529/512
f 518/525/508 523/531/514 521/526/509
f 521/526/509 524/530/513 525/532/515
f 521/526/509 517/523/506 518/525/508
f 525/532/515 520/528/511 521/526/509
f 525/532/515 524/530/513 526/533/516
f 526/533/516 528/534/517 525/532/515
f 525/532/515 528/534/517 527/535/518
f 527/535/518 538/536/519 525/532/515
f 519/527/510 520/528/511 525/532/515
f 525/532/515 538/536/519 519/527/510
f 529/537/520 528/534/517 526/533/516
f 527/535/518 528/534/517 529/537/520
f 529/537/520 530/538/521 531/539/522
f 526/533/516 530/538/521 529/537/520
f 531/539/522 532/540/523 529/537/520
f 529/537/520 533/541/524 527/535/518
f 529/537/520 532/540/523 535/542/525
f 535/542/525 533/541/524 529/537/520
f 533/541/524 535/542/525 537/543/526
f 537/543/526 536/544/527 533/541/524
f 533/541/524 538/536/519 527/535/518
f 534/545/528 538/536/519 533/541/524
f 533/541/524 536/544/527 534/545/528
f 433/436/419 539/546/529 534/545/528
f 534/545/528 536/544/527 433/436/419
f 534/545/528 539/546/529 541/547/530
f 541/547/530 538/536/519 534/545/528
f 519/527/510 538/536/519 541/547/530
f 516/522/505 519/527/510 541/547/530
f 433/436/419 540/434/417 539/546/529
f 539/546/529 540/434/417 541/547/530
f 509/516/499 516/522/505 541/547/530
f 540/434/417 509/516/499 541/547/530
f 433/436/419 536/544/527 537/543/526
f 433/436/419 537/543/526 437/435/418
f 437/435/418 537/543/526 543/548/531
f 543/548/531 551/549/532 436/439/422
f 436/439/422 435/438/421 543/548/531
f 543/548/531 435/438/421 437/435/418
f 551/549/532 542/550/533 441/442/425
f 436/439/422 551/549/532 441/442/425
f 441/442/425 542/550/533 548/551/534
f 548/551/534 440/443/426 441/442/425
f 544/445/428 440/443/426 548/551/534
f 544/445/428 546/552/535 545/449/432
f 544/445/428 549/553/536 546/552/535
f 548/551/534 549/553/536 544/445/428
f 547/554/537 549/553/536 550/555/538
f 550/555/538 549/553/536 548/551/534
f 550/555/538 542/550/533 551/549/532
f 548/551/534 542/550/533 550/555/538
f 551/549/532 552/556/539 550/555/538
f 553/557/540 552/556/539 551/549/532
f 553/557/540 543/548/531 537/543/526
f 537/543/526 535/542/525 553/557/540
f 551/549/532 543/548/531 553/557/540
f 552/556/539 553/557/540 554/558/541
f 554/558/541 553/557/540 535/542/525
f 554/558/541 532/540/523 531/539/522
f 531/539/522 556/559/542 554/558/541
f 554/558/541 557/560/543 552/556/539
f 535/542/525 532/540/523 554/558/541
f 554/558/541 556/559/542 555/561/544
f 555/561/544 557/560/543 554/558/541
f 552/556/539 557/560/543 558/562/545
f 558/562/545 557/560/543 555/561/544
f 558/562/545 559/563/546 547/554/537
f 547/554/537 550/555/538 558/562/545
f 558/562/545 550/555/538 552/556/539
f 555/561/544 560/564/547 558/562/545
f 561/565/548 559/563/546 558/562/545
f 558/562/545 560/564/547 561/565/548
f 562/566/549 563/567/550 561/565/548
f 561/565/548 560/564/547 562/566/549
f 561/565/548 563/567/550 564/568/551
f 564/568/551 565/569/552 561/565/548
f 561/565/548 565/569/552 566/570/553
f 566/570/553 559/563/546 561/565/548
f 566/570/553 549/553/536 547/554/537
f 547/554/537 559/563/546 566/570/553
f 566/570/553 568/571/554 546/552/535
f 546/552/535 549/553/536 566/570/553
f 566/570/553 565/569/552 567/572/555
f 567/572/555 568/571/554 566/570/553
f 546/552/535 568/571/554 569/573/556
f 569/573/556 568/571/554 567/572/555
f 567/572/555 571/574/557 569/573/556
f 571/574/557 570/450/433 569/573/556
f 569/573/556 570/450/433 545/449/432
f 545/449/432 546/552/535 569/573/556
f 571/574/557 574/575/558 572/455/438
f 572/455/438 573/454/437 571/574/557
f 571/574/557 573/454/437 570/450/433
f 574/575/558 577/576/559 575/577/560
f 575/577/560 576/578/561 574/575/558
f 574/575/558 576/578/561 578/579/562
f 567/572/555 577/576/559 574/575/558
f 574/575/558 571/574/557 567/572/555
f 572/455/438 574/575/558 578/579/562
f 578/579/562 579/580/563 572/455/438
f 572/455/438 579/580/563 580/581/564
f 580/581/564 581/582/565 572/455/438
f 572/455/438 581/582/565 582/583/566
f 582/583/566 449/456/439 572/455/438
f 455/457/440 449/456/439 582/583/566
f 582/583/566 583/584/567 455/457/440
f 455/457/440 583/584/567 584/585/568
f 588/463/446 455/457/440 584/585/568
f 584/585/568 585/586/569 588/463/446
f 588/463/446 585/586/569 586/587/570
f 479/486/469 588/463/446 586/587/570
f 586/587/570 587/588/571 479/486/469
f 459/466/449 588/463/446 479/486/469
f 479/486/469 587/588/571 589/589/572
f 476/483/466 477/485/468 589/589/572
f 589/589/572 590/590/573 476/483/466
f 589/589/572 477/485/468 479/486/469
f 476/483/466 590/590/573 591/591/574
f 485/493/476 484/492/475 591/591/574
f 591/591/574 592/592/575 485/493/476
f 591/591/574 484/492/475 476/483/466
f 485/493/476 592/592/575 593/593/576
f 593/593/576 594/594/577 485/493/476
f 595/595/578 594/594/577 593/593/576
f 593/593/576 596/596/579 595/595/578
f 595/595/578 596/596/579 597/597/580
f 597/597/580 598/598/581 595/595/578
f 597/597/580 599/599/582 598/598/581
f 598/598/581 599/599/582 600/600/583
f 600/600/583 602/601/584 601/602/585
f 600/600/583 601/602/585 598/598/581
f 598/598/581 601/602/585 496/509/492
f 601/602/585 602/601/584 603/603/586
f 513/520/503 604/604/587 603/603/586
f 603/603/586 604/604/587 601/602/585
f 603/603/586 605/605/588 513/520/503
f 513/520/503 605/605/588 606/606/589
f 606/606/589 514/521/504 513/520/503
f 606/606/589 607/607/590 514/521/504
f 514/521/504 607/607/590 608/608/591
f 518/525/508 514/521/504 608/608/591
f 608/608/591 609/609/592 518/525/508
f 518/525/508 609/609/592 610/610/593
f 522/529/512 523/531/514 610/610/593
f 610/610/593 611/611/594 522/529/512
f 610/610/593 523/531/514 518/525/508
f 522/529/512 611/611/594 612/612/595
f 614/613/596 613/614/597 612/612/595
f 612/612/595 613/614/597 522/529/512
f 612/612/595 615/615/598 614/613/596
f 614/613/596 615/615/598 616/616/599
f 618/617/600 617/618/601 616/616/599
f 616/616/599 617/618/601 614/613/596
f 616/616/599 619/619/602 618/617/600
f 618/617/600 619/619/602 620/620/603
f 562/566/549 622/621/604 620/620/603
f 620/620/603 621/622/605 562/566/549
f 620/620/603 622/621/604 618/617/600
f 555/561/544 622/621/604 562/566/549
f 618/617/600 622/621/604 555/561/544
f 562/566/549 621/622/605 623/623/606
f 564/568/551 563/567/550 623/623/606
f 623/623/606 563/567/550 562/566/549
f 623/623/606 624/624/607 564/568/551
f 564/568/551 624/624/607 575/577/560
f 618/617/600 556/559/542 531/539/522
f 531/539/522 617/618/601 618/617/600
f 555/561/544 556/559/542 618/617/600
f 614/613/596 617/618/601 531/539/522
f 614/613/596 530/538/521 526/533/516
f 526/533/516 613/614/597 614/613/596
f 531/539/522 530/538/521 614/613/596
f 522/529/512 613/614/597 526/533/516
f 501/513/496 604/604/587 513/520/503
f 601/602/585 604/604/587 501/513/496
f 601/602/585 500/511/494 496/509/492
f 501/513/496 500/511/494 601/602/585
f 496/509/492 497/508/491 598/598/581
f 598/598/581 497/508/491 492/500/483
f 595/595/578 598/598/581 492/500/483
f 492/500/483 491/499/482 595/595/578
f 595/595/578 491/499/482 488/496/479
f 488/496/479 594/594/577 595/595/578
f 485/493/476 594/594/577 488/496/479
f 564/568/551 577/576/559 567/572/555
f 575/577/560 577/576/559 564/568/551
f 567/572/555 565/569/552 564/568/551
f 562/566/549 560/564/547 555/561/544
f 526/533/516 524/530/513 522/529/512
f 513/520/503 511/518/501 501/513/496
f 488/496/479 486/494/477 485/493/476
f 479/486/469 475/481/464 459/466/449
f 421/419/402 470/477/460 469/423/406
f 459/466/449 456/464/447 588/463/446
f 573/454/437 446/451/434 570/450/433
f 439/441/424 442/444/427 444/448/431
f 544/445/428 442/444/427 440/443/426
f 429/431/414 432/433/416 434/437/420
f 637/625/608 638/626/609 640/627/610
f 640/627/610 639/628/611 637/625/608
f 637/625/608 639/628/611 642/629/612
f 642/629/612 641/630/613 635/631/614
f 635/631/614 636/632/615 642/629/612
f 642/629/612 636/632/615 637/625/608
f 633/633/616 634/634/617 643/635/618
f 643/635/618 634/634/617 635/631/614
f 643/635/618 644/636/619 633/633/616
f 635/631/614 641/630/613 643/635/618
f 644/636/619 647/637/620 645/638/621
f 645/638/621 646/639/622 644/636/619
f 648/640/623 647/637/620 644/636/619
f 644/636/619 643/635/618 648/640/623
f 648/640/623 643/635/618 641/630/613
f 641/630/613 649/641/624 648/640/623
f 650/642/625 649/641/624 641/630/613
f 641/630/613 642/629/612 650/642/625
f 650/642/625 642/629/612 639/628/611
f 639/628/611 651/643/626 650/642/625
f 652/644/627 651/643/626 639/628/611
f 639/628/611 640/627/610 652/644/627
f 633/633/616 644/636/619 646/639/622
f 653/645/628 632/646/629 646/639/622
f 646/639/622 632/646/629 633/633/616
f 653/645/628 655/647/630 654/648/631
f 654/648/631 656/649/632 653/645/628
f 645/638/621 655/647/630 653/645/628
f 653/645/628 646/639/622 645/638/621
f 656/649/632 630/650/633 653/645/628
f 656/649/632 629/651/634 630/650/633
f 630/650/633 631/652/635 653/645/628
f 653/645/628 631/652/635 632/646/629
f 628/653/636 629/651/634 656/649/632
f 628/653/636 658/654/637 627/655/638
f 656/649/632 658/654/637 628/653/636
f 658/654/637 657/656/639 627/655/638
f 627/655/638 657/656/639 663/657/640
f 663/657/640 659/658/641 626/659/642
f 626/659/642 625/660/643 663/657/640
f 663/657/640 625/660/643 627/655/638
f 659/658/641 662/661/644 660/662/645
f 660/662/645 661/663/646 659/658/641
f 663/657/640 662/661/644 659/658/641
f 657/656/639 664/664/647 663/657/640
f 665/665/648 664/664/647 657/656/639
f 657/656/639 658/654/637 665/665/648
f 665/665/648 658/654/637 656/649/632
f 656/649/632 666/666/649 665/665/648
f 654/648/631 666/666/649 656/649/632
f 626/659/642 659/658/641 661/663/646
f 668/667/650 735/668/651 661/663/646
f 661/663/646 735/668/651 626/659/642
f 668/667/650 669/669/652 667/670/653
f 660/662/645 669/669/652 668/667/650
f 668/667/650 661/663/646 660/662/645
f 672/671/654 668/667/650 733/672/655
f 672/671/654 671/673/656 668/667/650
f 733/672/655 670/674/657 672/671/654
f 692/675/658 694/676/659 693/677/660
f 692/675/658 695/678/661 694/676/659
f 696/679/662 695/678/661 692/675/658
f 692/675/658 691/680/663 696/679/662
f 696/679/662 691/680/663 697/681/664
f 691/680/663 690/682/665 697/681/664
f 697/681/664 689/683/666 703/684/667
f 697/681/664 690/682/665 689/683/666
f 703/684/667 689/683/666 688/685/668
f 688/685/668 687/686/669 701/687/670
f 701/687/670 698/688/671 688/685/668
f 688/685/668 698/688/671 703/684/667
f 700/689/599 699/690/672 698/688/671
f 698/688/671 699/690/672 702/691/595
f 698/688/671 701/687/670 700/689/599
f 702/691/595 703/684/667 698/688/671
f 697/681/664 703/684/667 702/691/595
f 702/691/595 704/692/594 697/681/664
f 697/681/664 704/692/594 705/693/673
f 695/678/661 696/679/662 705/693/673
f 705/693/673 706/694/592 695/678/661
f 705/693/673 696/679/662 697/681/664
f 695/678/661 706/694/592 707/695/674
f 707/695/674 694/676/659 695/678/661
f 700/689/599 701/687/670 708/696/675
f 708/696/675 709/697/676 700/689/599
f 710/698/603 709/697/676 708/696/675
f 708/696/675 711/699/677 710/698/603
f 708/696/675 685/700/678 711/699/677
f 687/686/669 686/701/679 708/696/675
f 701/687/670 687/686/669 708/696/675
f 708/696/675 686/701/679 685/700/678
f 685/700/678 684/702/680 712/703/681
f 712/703/681 683/704/682 715/705/683
f 712/703/681 684/702/680 683/704/682
f 711/699/677 685/700/678 712/703/681
f 712/703/681 713/706/684 710/698/603
f 710/698/603 711/699/677 712/703/681
f 714/707/685 713/706/684 712/703/681
f 712/703/681 715/705/683 714/707/685
f 714/707/685 715/705/683 716/708/686
f 716/708/686 718/709/687 717/710/688
f 718/709/687 716/708/686 682/711/689
f 682/711/689 716/708/686 715/705/683
f 715/705/683 683/704/682 682/711/689
f 682/711/689 681/712/690 718/709/687
f 718/709/687 681/712/690 680/713/691
f 680/713/691 679/714/692 722/715/693
f 722/715/693 719/716/694 680/713/691
f 680/713/691 719/716/694 718/709/687
f 721/717/695 720/718/696 719/716/694
f 719/716/694 720/718/696 717/710/688
f 719/716/694 722/715/693 721/717/695
f 717/710/688 718/709/687 719/716/694
f 722/715/693 723/719/697 721/717/695
f 724/720/698 723/719/697 722/715/693
f 722/715/693 725/721/699 724/720/698
f 725/721/699 722/715/693 678/722/700
f 678/722/700 677/723/701 725/721/699
f 722/715/693 679/714/692 678/722/700
f 725/721/699 677/723/701 676/724/702
f 676/724/702 675/725/703 729/726/704
f 729/726/704 726/727/705 676/724/702
f 676/724/702 726/727/705 725/721/699
f 726/727/705 727/728/706 724/720/698
f 724/720/698 725/721/699 726/727/705
f 728/729/707 727/728/706 726/727/705
f 726/727/705 729/726/704 728/729/707
f 728/729/707 729/726/704 730/730/708
f 732/731/709 731/732/710 730/730/708
f 730/730/708 731/732/710 728/729/707
f 730/730/708 733/672/655 732/731/709
f 733/672/655 730/730/708 674/733/711
f 674/733/711 730/730/708 729/726/704
f 729/726/704 675/725/703 674/733/711
f 674/733/711 673/734/712 733/672/655
f 673/734/712 670/674/657 733/672/655
f 733/672/655 734/735/713 732/731/709
f 667/670/653 734/735/713 733/672/655
f 668/667/650 671/673/656 735/668/651
f 733/672/655 668/667/650 667/670/653
f 737/736/714 736/737/715 740/738/716
f 740/738/716 742/739/717 737/736/714
f 741/740/718 739/741/719 737/736/714
f 737/736/714 742/739/717 741/740/718
f 743/742/720 742/739/717 740/738/716
f 741/740/718 742/739/717 743/742/720
f 743/742/720 745/743/721 744/744/722
f 746/745/723 745/743/721 743/742/720
f 743/742/720 740/738/716 746/745/723
f 747/746/724 748/747/725 746/745/723
f 746/745/723 740/738/716 747/746/724
f 749/748/726 748/747/725 747/746/724
f 749/748/726 750/749/727 751/750/728
f 747/746/724 750/749/727 749/748/726
f 751/750/728 752/751/729 749/748/726
f 753/752/730 752/751/729 751/750/728
f 753/752/730 754/753/731 755/754/732
f 751/750/728 754/753/731 753/752/730
f 755/754/732 756/755/733 753/752/730
f 757/756/734 756/755/733 755/754/732
f 755/754/732 758/757/735 757/756/734
f 758/757/735 759/758/736 757/756/734
f 760/759/737 759/758/736 758/757/735
f 758/757/735 761/760/738 760/759/737
f 761/760/738 762/761/739 760/759/737
f 763/762/740 762/761/739 761/760/738
f 763/762/740 764/763/741 765/764/742
f 761/760/738 764/763/741 763/762/740
f 765/764/742 766/765/743 763/762/740
f 767/766/744 766/765/743 765/764/742
f 765/764/742 768/767/745 767/766/744
f 768/767/745 769/768/746 767/766/744
f 770/769/747 769/768/746 768/767/745
f 768/767/745 771/770/748 770/769/747
f 771/770/748 772/771/749 770/769/747
f 773/772/750 772/771/749 771/770/748
f 773/772/750 774/773/751 775/774/752
f 771/770/748 774/773/751 773/772/750
f 775/774/752 776/775/753 773/772/750
f 777/776/754 776/775/753 775/774/752
f 777/776/754 778/777/755 779/778/756
f 775/774/752 778/777/755 777/776/754
f 779/778/756 780/779/757 777/776/754
f 781/780/758 780/779/757 779/778/756
f 782/781/759 783/782/760 781/780/758
f 781/780/758 897/783/761 782/781/759
f 779/778/756 897/783/761 781/780/758
f 784/784/762 783/782/760 782/781/759
f 785/785/763 786/786/764 784/784/762
f 784/784/762 927/787/765 785/785/763
f 782/781/759 927/787/765 784/784/762
f 787/788/766 786/786/764 785/785/763
f 788/789/767 789/790/768 787/788/766
f 787/788/766 925/791/769 788/789/767
f 785/785/763 925/791/769 787/788/766
f 790/792/770 789/790/768 788/789/767
f 793/793/771 791/794/772 790/792/770
f 790/792/770 923/795/773 793/793/771
f 788/789/767 923/795/773 790/792/770
f 792/796/774 791/794/772 793/793/771
f 797/797/775 794/798/776 792/796/774
f 792/796/774 793/793/771 797/797/775
f 795/799/777 794/798/776 797/797/775
f 796/800/778 798/801/779 795/799/777
f 795/799/777 797/797/775 796/800/778
f 799/802/780 798/801/779 796/800/778
f 800/803/781 801/804/782 799/802/780
f 799/802/780 811/805/783 800/803/781
f 796/800/778 811/805/783 799/802/780
f 802/806/784 801/804/782 800/803/781
f 803/807/785 804/808/786 802/806/784
f 800/803/781 803/807/785 802/806/784
f 744/744/722 804/808/786 803/807/785
f 805/809/787 803/807/785 800/803/781
f 805/809/787 806/810/788 803/807/785
f 993/811/789 806/810/788 805/809/787
f 805/809/787 808/812/790 993/811/789
f 810/813/791 808/812/790 805/809/787
f 800/803/781 807/814/792 805/809/787
f 805/809/787 807/814/792 810/813/791
f 811/805/783 809/815/793 810/813/791
f 810/813/791 807/814/792 811/805/783
f 811/805/783 807/814/792 800/803/781
f 813/816/794 809/815/793 811/805/783
f 796/800/778 812/817/795 811/805/783
f 811/805/783 812/817/795 813/816/794
f 813/816/794 812/817/795 814/818/796
f 809/815/793 813/816/794 815/819/797
f 815/819/797 813/816/794 816/820/798
f 815/819/797 817/821/799 809/815/793
f 809/815/793 817/821/799 818/822/800
f 818/822/800 819/823/801 808/812/790
f 808/812/790 810/813/791 818/822/800
f 818/822/800 810/813/791 809/815/793
f 818/822/800 820/824/802 819/823/801
f 817/821/799 820/824/802 818/822/800
f 820/824/802 817/821/799 821/825/803
f 822/826/804 819/823/801 820/824/802
f 821/825/803 823/827/805 820/824/802
f 820/824/802 823/827/805 822/826/804
f 824/828/806 823/827/805 821/825/803
f 822/826/804 823/827/805 824/828/806
f 826/829/807 825/830/808 824/828/806
f 824/828/806 825/830/808 827/831/809
f 824/828/806 821/825/803 826/829/807
f 827/831/809 828/832/810 824/828/806
f 824/828/806 828/832/810 822/826/804
f 822/826/804 828/832/810 831/833/811
f 831/833/811 828/832/810 827/831/809
f 827/831/809 829/834/812 831/833/811
f 831/833/811 829/834/812 830/835/813
f 832/836/814 833/837/815 831/833/811
f 831/833/811 833/837/815 822/826/804
f 822/826/804 833/837/815 836/838/816
f 836/838/816 833/837/815 832/836/814
f 836/838/816 819/823/801 822/826/804
f 832/836/814 834/839/817 836/838/816
f 834/839/817 835/840/818 737/736/714
f 835/840/818 834/839/817 832/836/814
f 835/840/818 839/841/819 837/842/820
f 837/842/820 838/843/821 835/840/818
f 832/836/814 839/841/819 835/840/818
f 837/842/820 839/841/819 840/844/822
f 840/844/822 839/841/819 832/836/814
f 830/835/813 841/845/823 840/844/822
f 840/844/822 841/845/823 842/846/824
f 840/844/822 831/833/811 830/835/813
f 832/836/814 831/833/811 840/844/822
f 842/846/824 837/842/820 840/844/822
f 843/847/825 837/842/820 842/846/824
f 844/848/826 847/849/827 843/847/825
f 843/847/825 845/850/828 844/848/826
f 842/846/824 845/850/828 843/847/825
f 843/847/825 846/851/829 837/842/820
f 847/849/827 846/851/829 843/847/825
f 964/852/830 846/851/829 847/849/827
f 847/849/827 963/853/831 964/852/830
f 962/854/832 963/853/831 847/849/827
f 847/849/827 848/855/833 962/854/832
f 849/856/834 848/855/833 847/849/827
f 850/857/835 848/855/833 849/856/834
f 849/856/834 847/849/827 844/848/826
f 851/858/836 850/857/835 849/856/834
f 849/856/834 852/859/837 851/858/836
f 844/848/826 852/859/837 849/856/834
f 853/860/838 850/857/835 851/858/836
f 851/858/836 854/861/839 853/860/838
f 853/860/838 854/861/839 855/862/840
f 855/862/840 856/863/841 853/860/838
f 855/862/840 857/864/842 856/863/841
f 856/863/841 857/864/842 858/865/843
f 858/865/843 859/866/844 856/863/841
f 860/867/845 859/866/844 858/865/843
f 858/865/843 861/868/846 860/867/845
f 860/867/845 861/868/846 862/869/847
f 862/869/847 972/870/848 860/867/845
f 863/871/849 972/870/848 862/869/847
f 862/869/847 864/872/850 863/871/849
f 863/871/849 864/872/850 865/873/851
f 865/873/851 866/874/852 863/871/849
f 867/875/853 866/874/852 865/873/851
f 865/873/851 868/876/854 867/875/853
f 867/875/853 868/876/854 869/877/855
f 870/878/856 867/875/853 869/877/855
f 869/877/855 871/879/857 870/878/856
f 870/878/856 871/879/857 872/880/858
f 872/880/858 886/881/859 870/878/856
f 873/882/860 886/881/859 872/880/858
f 872/880/858 874/883/861 873/882/860
f 873/882/860 874/883/861 875/884/862
f 875/884/862 884/885/863 873/882/860
f 876/886/864 884/885/863 875/884/862
f 875/884/862 877/887/865 876/886/864
f 876/886/864 877/887/865 878/888/866
f 879/889/867 881/890/868 878/888/866
f 878/888/866 880/891/388 879/889/867
f 878/888/866 881/890/868 876/886/864
f 902/892/869 900/893/870 881/890/868
f 881/890/868 882/894/871 902/892/869
f 879/889/867 882/894/871 881/890/868
f 881/890/868 900/893/870 901/895/872
f 901/895/872 883/896/873 881/890/868
f 881/890/868 883/896/873 876/886/864
f 876/886/864 883/896/873 884/885/863
f 884/885/863 883/896/873 901/895/872
f 901/895/872 887/897/874 884/885/863
f 884/885/863 887/897/874 888/898/875
f 884/885/863 885/899/876 873/882/860
f 888/898/875 885/899/876 884/885/863
f 888/898/875 889/900/877 886/881/859
f 886/881/859 885/899/876 888/898/875
f 892/901/878 889/900/877 888/898/875
f 888/898/875 890/902/879 892/901/878
f 891/903/880 890/902/879 888/898/875
f 888/898/875 887/897/874 891/903/880
f 893/904/881 889/900/877 892/901/878
f 892/901/878 894/905/882 893/904/881
f 890/902/879 891/903/880 778/777/755
f 778/777/755 895/906/883 890/902/879
f 890/902/879 895/906/883 774/773/751
f 774/773/751 892/901/878 890/902/879
f 774/773/751 895/906/883 775/774/752
f 775/774/752 895/906/883 778/777/755
f 778/777/755 891/903/880 899/907/884
f 899/907/884 898/908/885 778/777/755
f 899/907/884 896/909/886 897/783/761
f 897/783/761 898/908/885 899/907/884
f 899/907/884 900/893/870 896/909/886
f 899/907/884 901/895/872 900/893/870
f 887/897/874 901/895/872 899/907/884
f 891/903/880 887/897/874 899/907/884
f 904/910/887 903/911/888 905/912/889
f 905/912/889 903/911/888 902/892/869
f 905/912/889 906/913/890 904/910/887
f 907/914/891 906/913/890 905/912/889
f 902/892/869 882/894/871 905/912/889
f 905/912/889 882/894/871 879/889/867
f 907/914/891 905/912/889 908/915/892
f 908/915/892 905/912/889 879/889/867
f 908/915/892 909/916/893 907/914/891
f 879/889/867 880/891/388 908/915/892
f 907/914/891 909/916/893 910/917/894
f 911/918/895 913/919/896 910/917/894
f 910/917/894 912/920/897 911/918/895
f 910/917/894 913/919/896 907/914/891
f 916/921/898 915/922/899 913/919/896
f 913/919/896 914/923/900 916/921/898
f 911/918/895 914/923/900 913/919/896
f 913/919/896 915/922/899 904/910/887
f 904/910/887 906/913/890 913/919/896
f 913/919/896 906/913/890 907/914/891
f 917/924/901 915/922/899 916/921/898
f 904/910/887 915/922/899 917/924/901
f 916/921/898 919/925/902 917/924/901
f 917/924/901 918/926/903 904/910/887
f 920/927/904 919/925/902 916/921/898
f 916/921/898 921/928/905 920/927/904
f 920/927/904 921/928/905 933/929/906
f 933/929/906 922/930/907 920/927/904
f 923/795/773 920/927/904 922/930/907
f 919/925/902 920/927/904 923/795/773
f 923/795/773 931/931/908 793/793/771
f 922/930/907 931/931/908 923/795/773
f 788/789/767 924/932/909 923/795/773
f 923/795/773 924/932/909 919/925/902
f 919/925/902 924/932/909 925/791/769
f 925/791/769 924/932/909 788/789/767
f 925/791/769 917/924/901 919/925/902
f 918/926/903 917/924/901 925/791/769
f 785/785/763 926/933/910 925/791/769
f 925/791/769 926/933/910 918/926/903
f 918/926/903 926/933/910 927/787/765
f 927/787/765 926/933/910 785/785/763
f 927/787/765 929/934/911 918/926/903
f 930/935/912 929/934/911 927/787/765
f 782/781/759 928/936/913 927/787/765
f 927/787/765 928/936/913 930/935/912
f 897/783/761 896/909/886 930/935/912
f 930/935/912 928/936/913 897/783/761
f 902/892/869 930/935/912 896/909/886
f 929/934/911 930/935/912 902/892/869
f 902/892/869 903/911/888 929/934/911
f 929/934/911 903/911/888 904/910/887
f 904/910/887 918/926/903 929/934/911
f 897/783/761 928/936/913 782/781/759
f 797/797/775 793/793/771 931/931/908
f 931/931/908 814/818/796 797/797/775
f 813/816/794 814/818/796 931/931/908
f 931/931/908 932/937/914 813/816/794
f 922/930/907 932/937/914 931/931/908
f 932/937/914 922/930/907 933/929/906
f 933/929/906 816/820/798 813/816/794
f 813/816/794 932/937/914 933/929/906
f 933/929/906 921/928/905 934/938/915
f 934/938/915 936/939/916 933/929/906
f 933/929/906 936/939/916 935/940/917
f 937/941/918 936/939/916 934/938/915
f 935/940/917 936/939/916 937/941/918
f 939/942/919 938/943/920 937/941/918
f 937/941/918 938/943/920 940/944/921
f 937/941/918 934/938/915 939/942/919
f 940/944/921 943/945/922 937/941/918
f 937/941/918 943/945/922 935/940/917
f 940/944/921 941/946/923 943/945/922
f 943/945/922 941/946/923 942/947/924
f 944/948/925 935/940/917 943/945/922
f 816/820/798 935/940/917 944/948/925
f 815/819/797 816/820/798 944/948/925
f 944/948/925 945/949/926 815/819/797
f 946/950/927 945/949/926 944/948/925
f 944/948/925 943/945/922 946/950/927
f 942/947/924 947/951/928 946/950/927
f 946/950/927 947/951/928 826/829/807
f 946/950/927 943/945/922 942/947/924
f 826/829/807 821/825/803 946/950/927
f 821/825/803 945/949/926 946/950/927
f 815/819/797 945/949/926 821/825/803
f 821/825/803 817/821/799 815/819/797
f 939/942/919 934/938/915 911/918/895
f 911/918/895 912/920/897 939/942/919
f 816/820/798 933/929/906 935/940/917
f 934/938/915 921/928/905 916/921/898
f 916/921/898 914/923/900 934/938/915
f 934/938/915 914/923/900 911/918/895
f 896/909/886 900/893/870 902/892/869
f 778/777/755 898/908/885 779/778/756
f 779/778/756 898/908/885 897/783/761
f 894/905/882 892/901/878 774/773/751
f 774/773/751 948/952/929 894/905/882
f 771/770/748 948/952/929 774/773/751
f 948/952/929 771/770/748 768/767/745
f 990/953/930 977/954/931 948/952/929
f 948/952/929 949/955/932 990/953/930
f 948/952/929 977/954/931 894/905/882
f 768/767/745 949/955/932 948/952/929
f 949/955/932 768/767/745 765/764/742
f 989/956/933 990/953/930 949/955/932
f 949/955/932 950/957/934 989/956/933
f 765/764/742 950/957/934 949/955/932
f 989/956/933 950/957/934 764/763/741
f 764/763/741 950/957/934 765/764/742
f 988/958/935 981/959/936 764/763/741
f 764/763/741 951/960/937 988/958/935
f 764/763/741 981/959/936 989/956/933
f 761/760/738 951/960/937 764/763/741
f 988/958/935 951/960/937 952/961/938
f 952/961/938 951/960/937 761/760/738
f 952/961/938 761/760/738 758/757/735
f 987/962/939 986/963/940 952/961/938
f 952/961/938 953/964/941 987/962/939
f 952/961/938 986/963/940 988/958/935
f 758/757/735 953/964/941 952/961/938
f 987/962/939 953/964/941 954/965/942
f 954/965/942 953/964/941 758/757/735
f 954/965/942 758/757/735 755/754/732
f 992/966/943 991/967/944 954/965/942
f 954/965/942 955/968/945 992/966/943
f 954/965/942 991/967/944 987/962/939
f 755/754/732 955/968/945 954/965/942
f 992/966/943 955/968/945 754/753/731
f 754/753/731 955/968/945 755/754/732
f 959/969/946 960/970/947 754/753/731
f 754/753/731 956/971/948 959/969/946
f 754/753/731 960/970/947 992/966/943
f 751/750/728 956/971/948 754/753/731
f 959/969/946 956/971/948 750/749/727
f 750/749/727 956/971/948 751/750/728
f 738/972/949 958/973/950 750/749/727
f 750/749/727 957/974/951 738/972/949
f 750/749/727 958/973/950 959/969/946
f 747/746/724 957/974/951 750/749/727
f 738/972/949 957/974/951 740/738/716
f 740/738/716 957/974/951 747/746/724
f 738/972/949 963/853/831 958/973/950
f 958/973/950 963/853/831 959/969/946
f 961/975/952 960/970/947 959/969/946
f 959/969/946 962/854/832 961/975/952
f 963/853/831 962/854/832 959/969/946
f 738/972/949 964/852/830 963/853/831
f 838/843/821 964/852/830 738/972/949
f 992/966/943 960/970/947 961/975/952
f 961/975/952 965/976/953 992/966/943
f 965/976/953 961/975/952 850/857/835
f 850/857/835 967/977/954 965/976/953
f 965/976/953 967/977/954 968/978/955
f 968/978/955 966/979/956 965/976/953
f 984/980/957 966/979/956 968/978/955
f 853/860/838 856/863/841 968/978/955
f 968/978/955 967/977/954 853/860/838
f 968/978/955 969/981/958 984/980/957
f 856/863/841 969/981/958 968/978/955
f 984/980/957 969/981/958 970/982/959
f 970/982/959 969/981/958 856/863/841
f 983/983/960 985/984/961 970/982/959
f 970/982/959 985/984/961 984/980/957
f 856/863/841 859/866/844 970/982/959
f 970/982/959 859/866/844 860/867/845
f 970/982/959 971/985/962 983/983/960
f 860/867/845 971/985/962 970/982/959
f 983/983/960 971/985/962 972/870/848
f 972/870/848 971/985/962 860/867/845
f 978/986/963 980/987/964 972/870/848
f 972/870/848 980/987/964 983/983/960
f 972/870/848 973/988/965 978/986/963
f 863/871/849 973/988/965 972/870/848
f 978/986/963 973/988/965 974/989/966
f 974/989/966 973/988/965 863/871/849
f 974/989/966 979/990/967 978/986/963
f 863/871/849 866/874/852 974/989/966
f 974/989/966 866/874/852 867/875/853
f 974/989/966 975/991/968 979/990/967
f 867/875/853 975/991/968 974/989/966
f 975/991/968 893/904/881 979/990/967
f 975/991/968 867/875/853 870/878/856
f 975/991/968 976/992/969 893/904/881
f 870/878/856 976/992/969 975/991/968
f 893/904/881 976/992/969 886/881/859
f 886/881/859 976/992/969 870/878/856
f 886/881/859 889/900/877 893/904/881
f 893/904/881 977/954/931 990/953/930
f 990/953/930 979/990/967 893/904/881
f 978/986/963 981/959/936 980/987/964
f 980/987/964 981/959/936 982/993/970
f 982/993/970 983/983/960 980/987/964
f 985/984/961 983/983/960 982/993/970
f 984/980/957 985/984/961 986/963/940
f 986/963/940 985/984/961 982/993/970
f 986/963/940 987/962/939 984/980/957
f 982/993/970 988/958/935 986/963/940
f 981/959/936 988/958/935 982/993/970
f 978/986/963 989/956/933 981/959/936
f 990/953/930 989/956/933 978/986/963
f 978/986/963 979/990/967 990/953/930
f 893/904/881 894/905/882 977/954/931
f 984/980/957 987/962/939 991/967/944
f 984/980/957 991/967/944 966/979/956
f 966/979/956 991/967/944 992/966/943
f 853/860/838 967/977/954 850/857/835
f 992/966/943 965/976/953 966/979/956
f 850/857/835 961/975/952 962/854/832
f 873/882/860 885/899/876 886/881/859
f 962/854/832 848/855/833 850/857/835
f 964/852/830 838/843/821 837/842/820
f 837/842/820 846/851/829 964/852/830
f 737/736/714 835/840/818 838/843/821
f 838/843/821 736/737/715 737/736/714
f 738/972/949 736/737/715 838/843/821
f 836/838/816 834/839/817 739/741/719
f 739/741/719 993/811/789 836/838/816
f 808/812/790 819/823/801 836/838/816
f 836/838/816 993/811/789 808/812/790
f 739/741/719 834/839/817 737/736/714
f 796/800/778 797/797/775 814/818/796
f 814/818/796 812/817/795 796/800/778
f 993/811/789 739/741/719 741/740/718
f 741/740/718 806/810/788 993/811/789
f 803/807/785 806/810/788 741/740/718
f 741/740/718 743/742/720 803/807/785
f 803/807/785 743/742/720 744/744/722
f 740/738/716 736/737/715 738/972/949
f 994/994/971 996/995/972 995/996/973
f 1134/997/974 996/995/972 994/994/971
f 994/994/971 995/996/973 997/998/975
f 994/994/971 999/999/976 1134/997/974
f 1000/1000/977 999/999/976 994/994/971
f 997/998/975 998/1001/978 994/994/971
f 994/994/971 998/1001/978 1000/1000/977
f 1001/1002/979 1000/1000/977 998/1001/978
f 998/1001/978 1003/1003/980 1001/1002/979
f 1001/1002/979 1006/1004/981 1002/1005/982
f 1002/1005/982 1005/1006/983 1001/1002/979
f 1001/1002/979 1003/1003/980 1004/1007/984
f 1004/1007/984 1006/1004/981 1001/1002/979
f 1001/1002/979 1005/1006/983 1000/1000/977
f 1002/1005/982 1006/1004/981 1008/1008/985
f 1008/1008/985 1006/1004/981 1004/1007/984
f 1008/1008/985 1007/1009/986 1002/1005/982
f 1009/1010/987 1007/1009/986 1008/1008/985
f 1008/1008/985 1011/1011/988 1009/1010/987
f 1010/1012/989 1011/1011/988 1008/1008/985
f 1015/1013/990 1012/1014/991 1010/1012/989
f 1010/1012/989 1008/1008/985 1015/1013/990
f 1013/1015/992 1012/1014/991 1015/1013/990
f 1014/1016/993 1016/1017/994 1013/1015/992
f 1013/1015/992 1015/1013/990 1014/1016/993
f 1017/1018/995 1016/1017/994 1014/1016/993
f 1018/1019/996 1020/1020/997 1017/1018/995
f 1017/1018/995 1019/1021/998 1018/1019/996
f 1014/1016/993 1019/1021/998 1017/1018/995
f 1021/1022/999 1020/1020/997 1018/1019/996
f 1018/1019/996 1024/1023/1000 1021/1022/999
f 1022/1024/1001 1023/1025/1002 1021/1022/999
f 1021/1022/999 1024/1023/1000 1022/1024/1001
f 1022/1024/1001 1024/1023/1000 1025/1026/1003
f 1025/1026/1003 1024/1023/1000 1018/1019/996
f 1018/1019/996 1026/1027/1004 1025/1026/1003
f 1025/1026/1003 1026/1027/1004 1028/1028/1005
f 1025/1026/1003 1027/1029/1006 1022/1024/1001
f 1030/1030/1007 1027/1029/1006 1025/1026/1003
f 1028/1028/1005 1029/1031/1008 1025/1026/1003
f 1025/1026/1003 1029/1031/1008 1030/1030/1007
f 1030/1030/1007 1029/1031/1008 1033/1032/1009
f 1034/1033/1010 1027/1029/1006 1030/1030/1007
f 1030/1030/1007 1033/1032/1009 1031/1034/1011
f 1031/1034/1011 1032/1035/1012 1030/1030/1007
f 1030/1030/1007 1032/1035/1012 1034/1033/1010
f 1022/1024/1001 1027/1029/1006 1034/1033/1010
f 1034/1033/1010 1035/1036/1013 1022/1024/1001
f 1036/1037/1014 1035/1036/1013 1034/1033/1010
f 1034/1033/1010 1032/1035/1012 1037/1038/1015
f 1039/1039/1016 1034/1033/1010 1037/1038/1015
f 1037/1038/1015 1032/1035/1012 1031/1034/1011
f 1031/1034/1011 1041/1040/1017 1037/1038/1015
f 1037/1038/1015 1038/1041/1018 1039/1039/1016
f 1040/1042/1019 1038/1041/1018 1037/1038/1015
f 1037/1038/1015 1041/1040/1017 1040/1042/1019
f 1040/1042/1019 1042/1043/1020 1043/1044/1021
f 1043/1044/1021 1038/1041/1018 1040/1042/1019
f 1043/1044/1021 1042/1043/1020 1044/1045/1022
f 1044/1045/1022 1045/1046/1023 1043/1044/1021
f 1039/1039/1016 1038/1041/1018 1043/1044/1021
f 1043/1044/1021 1046/1047/1024 1039/1039/1016
f 1043/1044/1021 1045/1046/1023 1047/1048/1025
f 1047/1048/1025 1046/1047/1024 1043/1044/1021
f 1047/1048/1025 1049/1049/1026 1048/1050/1027
f 1050/1051/1028 1049/1049/1026 1047/1048/1025
f 1047/1048/1025 1048/1050/1027 1197/1052/1029
f 1197/1052/1029 1046/1047/1024 1047/1048/1025
f 1047/1048/1025 1045/1046/1023 1050/1051/1028
f 1050/1051/1028 1045/1046/1023 1044/1045/1022
f 1044/1045/1022 1112/1053/1030 1050/1051/1028
f 1050/1051/1028 1052/1054/1031 1051/1055/1032
f 1051/1055/1032 1049/1049/1026 1050/1051/1028
f 1112/1053/1030 1052/1054/1031 1050/1051/1028
f 1051/1055/1032 1052/1054/1031 1054/1056/1033
f 1054/1056/1033 1052/1054/1031 1112/1053/1030
f 1054/1056/1033 1055/1057/1034 1051/1055/1032
f 1053/1058/1035 1055/1057/1034 1054/1056/1033
f 1112/1053/1030 1056/1059/1036 1054/1056/1033
f 1056/1059/1036 1057/1060/1037 1059/1061/1038
f 1059/1061/1038 1054/1056/1033 1056/1059/1036
f 1058/1062/1039 1053/1058/1035 1059/1061/1038
f 1053/1058/1035 1054/1056/1033 1059/1061/1038
f 1058/1062/1039 1059/1061/1038 1060/1063/1040
f 1060/1063/1040 1059/1061/1038 1057/1060/1037
f 1060/1063/1040 1064/1064/1041 1058/1062/1039
f 1057/1060/1037 1063/1065/1042 1060/1063/1040
f 1060/1063/1040 1061/1066/1043 1062/1067/1044
f 1063/1065/1042 1061/1066/1043 1060/1063/1040
f 1062/1067/1044 1064/1064/1041 1060/1063/1040
f 1058/1062/1039 1064/1064/1041 1065/1068/1045
f 1065/1068/1045 1064/1064/1041 1062/1067/1044
f 1065/1068/1045 1187/1069/1046 1058/1062/1039
f 1066/1070/1047 1187/1069/1046 1065/1068/1045
f 1062/1067/1044 1067/1071/1048 1065/1068/1045
f 1065/1068/1045 1068/1072/1049 1066/1070/1047
f 1065/1068/1045 1067/1071/1048 1069/1073/1050
f 1069/1073/1050 1068/1072/1049 1065/1068/1045
f 1070/1074/1051 1071/1075/1052 1069/1073/1050
f 1069/1073/1050 1067/1071/1048 1070/1074/1051
f 1072/1076/1053 1071/1075/1052 1070/1074/1051
f 1073/1077/1054 1074/1078/1055 1072/1076/1053
f 1072/1076/1053 1075/1079/1056 1073/1077/1054
f 1070/1074/1051 1075/1079/1056 1072/1076/1053
f 1073/1077/1054 1075/1079/1056 1076/1080/1057
f 1076/1080/1057 1075/1079/1056 1070/1074/1051
f 1070/1074/1051 1077/1081/1058 1076/1080/1057
f 1076/1080/1057 1077/1081/1058 1079/1082/1059
f 1076/1080/1057 1078/1083/1060 1073/1077/1054
f 1081/1084/1061 1078/1083/1060 1076/1080/1057
f 1079/1082/1059 1080/1085/1062 1076/1080/1057
f 1076/1080/1057 1080/1085/1062 1081/1084/1061
f 1081/1084/1061 1084/1086/1063 1082/1087/1064
f 1082/1087/1064 1083/1088/1065 1081/1084/1061
f 1081/1084/1061 1080/1085/1062 1085/1089/1066
f 1081/1084/1061 1083/1088/1065 1086/1090/1067
f 1085/1089/1066 1084/1086/1063 1081/1084/1061
f 1086/1090/1067 1078/1083/1060 1081/1084/1061
f 1073/1077/1054 1078/1083/1060 1086/1090/1067
f 1086/1090/1067 1087/1091/1068 1073/1077/1054
f 1088/1092/1069 1087/1091/1068 1086/1090/1067
f 1086/1090/1067 1089/1093/1070 1088/1092/1069
f 1090/1094/1071 1089/1093/1070 1086/1090/1067
f 1086/1090/1067 1083/1088/1065 1090/1094/1071
f 1090/1094/1071 1083/1088/1065 1082/1087/1064
f 1082/1087/1064 1094/1095/1072 1090/1094/1071
f 1091/1096/1073 1089/1093/1070 1090/1094/1071
f 1090/1094/1071 1093/1097/1074 1091/1096/1073
f 1090/1094/1071 1094/1095/1072 1092/1098/1075
f 1092/1098/1075 1093/1097/1074 1090/1094/1071
f 1094/1095/1072 1183/1099/1076 1174/1100/1077
f 1174/1100/1077 1092/1098/1075 1094/1095/1072
f 1094/1095/1072 1082/1087/1064 1182/1101/1078
f 1182/1101/1078 1183/1099/1076 1094/1095/1072
f 1084/1086/1063 1184/1102/1079 1182/1101/1078
f 1182/1101/1078 1082/1087/1064 1084/1086/1063
f 1085/1089/1066 1096/1103/1080 1084/1086/1063
f 1084/1086/1063 1096/1103/1080 1095/1104/1081
f 1095/1104/1081 1184/1102/1079 1084/1086/1063
f 1095/1104/1081 1096/1103/1080 1057/1060/1037
f 1057/1060/1037 1096/1103/1080 1063/1065/1042
f 1057/1060/1037 1097/1105/1082 1095/1104/1081
f 1057/1060/1037 1098/1106/1083 1097/1105/1082
f 1097/1105/1082 1098/1106/1083 1099/1107/1084
f 1100/1108/1085 1102/1109/1086 1101/1110/1087
f 1104/1111/1088 1102/1109/1086 1100/1108/1085
f 1100/1108/1085 1101/1110/1087 1103/1112/1089
f 1100/1108/1085 1099/1107/1084 1104/1111/1088
f 1108/1113/1090 1102/1109/1086 1104/1111/1088
f 1104/1111/1088 1105/1114/1091 1108/1113/1090
f 1106/1115/1092 1105/1114/1091 1104/1111/1088
f 1104/1111/1088 1098/1106/1083 1106/1115/1092
f 1104/1111/1088 1099/1107/1084 1098/1106/1083
f 1108/1113/1090 1107/1116/1093 1101/1110/1087
f 1101/1110/1087 1102/1109/1086 1108/1113/1090
f 1105/1114/1091 1106/1115/1092 1109/1117/1094
f 1109/1117/1094 1110/1118/1095 1105/1114/1091
f 1105/1114/1091 1110/1118/1095 1111/1119/1096
f 1111/1119/1096 1108/1113/1090 1105/1114/1091
f 1109/1117/1094 1106/1115/1092 1112/1053/1030
f 1112/1053/1030 1044/1045/1022 1109/1117/1094
f 1056/1059/1036 1112/1053/1030 1106/1115/1092
f 1109/1117/1094 1044/1045/1022 1042/1043/1020
f 1113/1120/1097 1114/1121/1098 1111/1119/1096
f 1115/1122/1099 1113/1120/1097 1111/1119/1096
f 1111/1119/1096 1114/1121/1098 1107/1116/1093
f 1107/1116/1093 1108/1113/1090 1111/1119/1096
f 1111/1119/1096 1110/1118/1095 1115/1122/1099
f 1115/1122/1099 1117/1123/1100 1116/1124/1101
f 1116/1124/1101 1113/1120/1097 1115/1122/1099
f 1115/1122/1099 1110/1118/1095 1109/1117/1094
f 1117/1123/1100 1115/1122/1099 1042/1043/1020
f 1042/1043/1020 1115/1122/1099 1109/1117/1094
f 1116/1124/1101 1117/1123/1100 1118/1125/1102
f 1118/1125/1102 1119/1126/1103 1116/1124/1101
f 1117/1123/1100 1120/1127/1104 1118/1125/1102
f 1033/1032/1009 1121/1128/1105 1120/1127/1104
f 1120/1127/1104 1031/1034/1011 1033/1032/1009
f 1041/1040/1017 1031/1034/1011 1120/1127/1104
f 1120/1127/1104 1121/1128/1105 1122/1129/1106
f 1122/1129/1106 1118/1125/1102 1120/1127/1104
f 1119/1126/1103 1118/1125/1102 1122/1129/1106
f 1122/1129/1106 1123/1130/1107 1119/1126/1103
f 1124/1131/1108 1122/1129/1106 1121/1128/1105
f 1123/1130/1107 1122/1129/1106 1124/1131/1108
f 1121/1128/1105 1125/1132/1109 1124/1131/1108
f 1124/1131/1108 1125/1132/1109 1126/1133/1110
f 1124/1131/1108 1128/1134/1111 1123/1130/1107
f 1124/1131/1108 1126/1133/1110 1127/1135/1112
f 1127/1135/1112 1128/1134/1111 1124/1131/1108
f 1129/1136/1113 1128/1134/1111 1127/1135/1112
f 1123/1130/1107 1128/1134/1111 1129/1136/1113
f 1129/1136/1113 1003/1003/980 998/1001/978
f 998/1001/978 997/998/975 1129/1136/1113
f 1004/1007/984 1003/1003/980 1129/1136/1113
f 1127/1135/1112 1130/1137/1114 1129/1136/1113
f 1129/1136/1113 1130/1137/1114 1004/1007/984
f 1129/1136/1113 997/998/975 1123/1130/1107
f 1004/1007/984 1130/1137/1114 1015/1013/990
f 1015/1013/990 1130/1137/1114 1127/1135/1112
f 1014/1016/993 1015/1013/990 1127/1135/1112
f 1127/1135/1112 1126/1133/1110 1014/1016/993
f 1018/1019/996 1019/1021/998 1126/1133/1110
f 1126/1133/1110 1026/1027/1004 1018/1019/996
f 1028/1028/1005 1026/1027/1004 1126/1133/1110
f 1126/1133/1110 1019/1021/998 1014/1016/993
f 1126/1133/1110 1125/1132/1109 1028/1028/1005
f 1028/1028/1005 1125/1132/1109 1121/1128/1105
f 1119/1126/1103 1123/1130/1107 997/998/975
f 1121/1128/1105 1033/1032/1009 1028/1028/1005
f 1116/1124/1101 1119/1126/1103 995/996/973
f 997/998/975 995/996/973 1119/1126/1103
f 1041/1040/1017 1120/1127/1104 1117/1123/1100
f 1042/1043/1020 1040/1042/1019 1117/1123/1100
f 1117/1123/1100 1040/1042/1019 1041/1040/1017
f 1116/1124/1101 1131/1138/1115 1113/1120/1097
f 995/996/973 1131/1138/1115 1116/1124/1101
f 1113/1120/1097 1131/1138/1115 1132/1139/1116
f 1132/1139/1116 1131/1138/1115 995/996/973
f 1132/1139/1116 1114/1121/1098 1113/1120/1097
f 1107/1116/1093 1114/1121/1098 1132/1139/1116
f 1132/1139/1116 1133/1140/1117 1107/1116/1093
f 1134/997/974 1133/1140/1117 1132/1139/1116
f 1132/1139/1116 996/995/972 1134/997/974
f 995/996/973 996/995/972 1132/1139/1116
f 1101/1110/1087 1107/1116/1093 1133/1140/1117
f 1137/1141/1118 1135/1142/1119 1133/1140/1117
f 1133/1140/1117 1134/997/974 1137/1141/1118
f 1133/1140/1117 1135/1142/1119 1101/1110/1087
f 1177/1143/1120 1135/1142/1119 1137/1141/1118
f 1101/1110/1087 1135/1142/1119 1177/1143/1120
f 1103/1112/1089 1101/1110/1087 1177/1143/1120
f 1177/1143/1120 1137/1141/1118 1136/1144/1121
f 1136/1144/1121 1137/1141/1118 1138/1145/1122
f 1138/1145/1122 1139/1146/1123 1179/1147/1124
f 1139/1146/1123 1138/1145/1122 999/999/976
f 999/999/976 1000/1000/977 1139/1146/1123
f 1181/1148/1125 1179/1147/1124 1139/1146/1123
f 1139/1146/1123 1140/1149/1126 1181/1148/1125
f 1140/1149/1126 1005/1006/983 1002/1005/982
f 1002/1005/982 1141/1150/1127 1140/1149/1126
f 1140/1149/1126 1139/1146/1123 1000/1000/977
f 1000/1000/977 1005/1006/983 1140/1149/1126
f 1181/1148/1125 1140/1149/1126 1141/1150/1127
f 1142/1151/1128 1141/1150/1127 1002/1005/982
f 1002/1005/982 1007/1009/986 1142/1151/1128
f 1142/1151/1128 1007/1009/986 1009/1010/987
f 1142/1151/1128 1144/1152/1129 1143/1153/1130
f 1009/1010/987 1144/1152/1129 1142/1151/1128
f 1143/1153/1130 1145/1154/1131 1142/1151/1128
f 1142/1151/1128 1145/1154/1131 1146/1155/1132
f 1146/1155/1132 1147/1156/1133 1148/1157/1134
f 1146/1155/1132 1148/1157/1134 1142/1151/1128
f 1150/1158/1135 1149/1159/1136 1148/1157/1134
f 1148/1157/1134 1151/1160/1137 1150/1158/1135
f 1152/1161/1138 1151/1160/1137 1148/1157/1134
f 1148/1157/1134 1147/1156/1133 1152/1161/1138
f 1153/1162/1139 1151/1160/1137 1152/1161/1138
f 1152/1161/1138 1154/1163/1140 1153/1162/1139
f 1153/1162/1139 1154/1163/1140 1155/1164/1141
f 1155/1164/1141 1156/1165/1142 1153/1162/1139
f 1157/1166/1143 1156/1165/1142 1155/1164/1141
f 1155/1164/1141 1158/1167/1144 1157/1166/1143
f 1157/1166/1143 1158/1167/1144 1159/1168/1145
f 1159/1168/1145 1160/1169/1146 1157/1166/1143
f 1088/1092/1069 1160/1169/1146 1159/1168/1145
f 1159/1168/1145 1161/1170/1147 1088/1092/1069
f 1088/1092/1069 1161/1170/1147 1162/1171/1148
f 1162/1171/1148 1074/1078/1055 1073/1077/1054
f 1162/1171/1148 1087/1091/1068 1088/1092/1069
f 1073/1077/1054 1087/1091/1068 1162/1171/1148
f 1157/1166/1143 1160/1169/1146 1091/1096/1073
f 1091/1096/1073 1160/1169/1146 1088/1092/1069
f 1164/1172/1149 1156/1165/1142 1157/1166/1143
f 1091/1096/1073 1163/1173/1150 1157/1166/1143
f 1157/1166/1143 1163/1173/1150 1164/1172/1149
f 1153/1162/1139 1156/1165/1142 1164/1172/1149
f 1164/1172/1149 1163/1173/1150 1166/1174/1151
f 1164/1172/1149 1165/1175/1152 1153/1162/1139
f 1168/1176/1153 1165/1175/1152 1164/1172/1149
f 1166/1174/1151 1167/1177/1154 1164/1172/1149
f 1164/1172/1149 1167/1177/1154 1168/1176/1153
f 1168/1176/1153 1172/1178/1155 1169/1179/1156
f 1169/1179/1156 1171/1180/1157 1168/1176/1153
f 1168/1176/1153 1167/1177/1154 1170/1181/1158
f 1170/1181/1158 1172/1178/1155 1168/1176/1153
f 1168/1176/1153 1171/1180/1157 1150/1158/1135
f 1150/1158/1135 1165/1175/1152 1168/1176/1153
f 1174/1100/1077 1175/1182/1159 1176/1183/1160
f 1176/1183/1160 1175/1182/1159 1173/1184/1161
f 1176/1183/1160 1092/1098/1075 1174/1100/1077
f 1173/1184/1161 1172/1178/1155 1176/1183/1160
f 1176/1183/1160 1172/1178/1155 1170/1181/1158
f 1092/1098/1075 1176/1183/1160 1166/1174/1151
f 1166/1174/1151 1176/1183/1160 1170/1181/1158
f 1173/1184/1161 1175/1182/1159 1136/1144/1121
f 1136/1144/1121 1175/1182/1159 1174/1100/1077
f 1136/1144/1121 1178/1185/1162 1173/1184/1161
f 1136/1144/1121 1174/1100/1077 1177/1143/1120
f 1173/1184/1161 1178/1185/1162 1179/1147/1124
f 1169/1179/1156 1172/1178/1155 1179/1147/1124
f 1179/1147/1124 1172/1178/1155 1173/1184/1161
f 1180/1186/1163 1169/1179/1156 1179/1147/1124
f 1179/1147/1124 1181/1148/1125 1180/1186/1163
f 1180/1186/1163 1181/1148/1125 1149/1159/1136
f 1180/1186/1163 1171/1180/1157 1169/1179/1156
f 1150/1158/1135 1171/1180/1157 1180/1186/1163
f 1180/1186/1163 1149/1159/1136 1150/1158/1135
f 1177/1143/1120 1174/1100/1077 1183/1099/1076
f 1183/1099/1076 1182/1101/1078 1100/1108/1085
f 1100/1108/1085 1103/1112/1089 1183/1099/1076
f 1183/1099/1076 1103/1112/1089 1177/1143/1120
f 1100/1108/1085 1182/1101/1078 1099/1107/1084
f 1182/1101/1078 1184/1102/1079 1099/1107/1084
f 1099/1107/1084 1184/1102/1079 1095/1104/1081
f 1178/1185/1162 1138/1145/1122 1179/1147/1124
f 1136/1144/1121 1138/1145/1122 1178/1185/1162
f 1170/1181/1158 1167/1177/1154 1166/1174/1151
f 1166/1174/1151 1163/1173/1150 1091/1096/1073
f 1091/1096/1073 1093/1097/1074 1166/1174/1151
f 1166/1174/1151 1093/1097/1074 1092/1098/1075
f 1153/1162/1139 1165/1175/1152 1150/1158/1135
f 1150/1158/1135 1151/1160/1137 1153/1162/1139
f 1142/1151/1128 1148/1157/1134 1149/1159/1136
f 1149/1159/1136 1141/1150/1127 1142/1151/1128
f 1181/1148/1125 1141/1150/1127 1149/1159/1136
f 999/999/976 1138/1145/1122 1137/1141/1118
f 1137/1141/1118 1134/997/974 999/999/976
f 1106/1115/1092 1098/1106/1083 1056/1059/1036
f 1057/1060/1037 1056/1059/1036 1098/1106/1083
f 1095/1104/1081 1097/1105/1082 1099/1107/1084
f 1079/1082/1059 1096/1103/1080 1085/1089/1066
f 1063/1065/1042 1096/1103/1080 1079/1082/1059
f 1088/1092/1069 1089/1093/1070 1091/1096/1073
f 1085/1089/1066 1080/1085/1062 1079/1082/1059
f 1062/1067/1044 1061/1066/1043 1079/1082/1059
f 1079/1082/1059 1061/1066/1043 1063/1065/1042
f 1079/1082/1059 1077/1081/1058 1062/1067/1044
f 1062/1067/1044 1077/1081/1058 1070/1074/1051
f 1070/1074/1051 1067/1071/1048 1062/1067/1044
f 1066/1070/1047 1185/1187/1164 1187/1069/1046
f 1187/1069/1046 1185/1187/1164 1186/1188/1165
f 1188/1189/1166 1187/1069/1046 1186/1188/1165
f 1186/1188/1165 1189/1190/1167 1188/1189/1166
f 1188/1189/1166 1189/1190/1167 1190/1191/1168
f 1190/1191/1168 1191/1192/1169 1048/1050/1027
f 1190/1191/1168 1192/1193/1170 1188/1189/1166
f 1048/1050/1027 1192/1193/1170 1190/1191/1168
f 1188/1189/1166 1192/1193/1170 1051/1055/1032
f 1051/1055/1032 1192/1193/1170 1048/1050/1027
f 1048/1050/1027 1191/1192/1169 1193/1194/1171
f 1197/1052/1029 1048/1050/1027 1193/1194/1171
f 1193/1194/1171 1194/1195/1172 1197/1052/1029
f 1197/1052/1029 1194/1195/1172 1195/1196/1173
f 1195/1196/1173 1196/1197/1174 1036/1037/1014
f 1036/1037/1014 1197/1052/1029 1195/1196/1173
f 1039/1039/1016 1197/1052/1029 1036/1037/1014
f 1036/1037/1014 1196/1197/1174 1198/1198/1175
f 1198/1198/1175 1035/1036/1013 1036/1037/1014
f 1022/1024/1001 1035/1036/1013 1198/1198/1175
f 1198/1198/1175 1023/1025/1002 1022/1024/1001
f 1188/1189/1166 1055/1057/1034 1053/1058/1035
f 1053/1058/1035 1187/1069/1046 1188/1189/1166
f 1051/1055/1032 1055/1057/1034 1188/1189/1166
f 1187/1069/1046 1053/1058/1035 1058/1062/1039
f 1048/1050/1027 1049/1049/1026 1051/1055/1032
f 1039/1039/1016 1046/1047/1024 1197/1052/1029
f 1036/1037/1014 1034/1033/1010 1039/1039/1016
f 1033/1032/1009 1029/1031/1008 1028/1028/1005
f 1015/1013/990 1008/1008/985 1004/1007/984
f 1200/1199/1176 1202/1200/1177 1199/1201/1178
f 1199/1201/1178 1201/1202/1179 1200/1199/1176
f 1199/1201/1178 1202/1200/1177 1287/1203/1180
f 1201/1202/1179 1199/1201/1178 1204/1204/1181
f 1287/1203/1180 1205/1205/1182 1204/1204/1181
f 1204/1204/1181 1199/1201/1178 1287/1203/1180
f 1206/1206/1183 1205/1205/1182 1287/1203/1180
f 1288/1207/1184 1207/1208/1185 1206/1206/1183
f 1206/1206/1183 1287/1203/1180 1288/1207/1184
f 1208/1209/1186 1207/1208/1185 1288/1207/1184
f 1289/1210/1187 1209/1211/1188 1208/1209/1186
f 1208/1209/1186 1288/1207/1184 1289/1210/1187
f 1210/1212/1189 1209/1211/1188 1289/1210/1187
f 1210/1212/1189 1290/1213/1190 1291/1214/1191
f 1289/1210/1187 1290/1213/1190 1210/1212/1189
f 1242/1215/1192 1212/1216/1193 1211/1217/1194
f 1211/1217/1194 1292/1218/1195 1242/1215/1192
f 1291/1214/1191 1292/1218/1195 1211/1217/1194
f 1213/1219/1196 1212/1216/1193 1242/1215/1192
f 1241/1220/1197 1214/1221/1198 1213/1219/1196
f 1213/1219/1196 1242/1215/1192 1241/1220/1197
f 1239/1222/1199 1214/1221/1198 1241/1220/1197
f 1218/1223/1200 1215/1224/1201 1231/1225/1202
f 1216/1226/1203 1215/1224/1201 1218/1223/1200
f 1218/1223/1200 1217/1227/1204 1216/1226/1203
f 1216/1226/1203 1217/1227/1204 1221/1228/1205
f 1218/1223/1200 1219/1229/1206 1217/1227/1204
f 1217/1227/1204 1219/1229/1206 1220/1230/1207
f 1220/1230/1207 1221/1228/1205 1217/1227/1204
f 1297/1231/1208 1221/1228/1205 1220/1230/1207
f 1222/1232/1209 1223/1233/1210 1297/1231/1208
f 1297/1231/1208 1228/1234/1211 1222/1232/1209
f 1220/1230/1207 1228/1234/1211 1297/1231/1208
f 1224/1235/1212 1223/1233/1210 1222/1232/1209
f 1222/1232/1209 1227/1236/1213 1224/1235/1212
f 1226/1237/1214 1225/1238/1215 1224/1235/1212
f 1224/1235/1212 1227/1236/1213 1226/1237/1214
f 1230/1239/1216 1234/1240/1217 1231/1225/1202
f 1231/1225/1202 1232/1241/1218 1230/1239/1216
f 1230/1239/1216 1232/1241/1218 1233/1242/1219
f 1233/1242/1219 1235/1243/1220 1230/1239/1216
f 1236/1244/1221 1235/1243/1220 1233/1242/1219
f 1239/1222/1199 1237/1245/1222 1236/1244/1221
f 1233/1242/1219 1238/1246/1223 1236/1244/1221
f 1236/1244/1221 1238/1246/1223 1239/1222/1199
f 1240/1247/1224 1237/1245/1222 1239/1222/1199
f 1239/1222/1199 1241/1220/1197 1240/1247/1224
f 1240/1247/1224 1241/1220/1197 1242/1215/1192
f 1243/1248/1225 1244/1249/1226 1242/1215/1192
f 1242/1215/1192 1244/1249/1226 1240/1247/1224
f 1288/1207/1184 1250/1250/1227 1249/1251/1228
f 1247/1252/1229 1288/1207/1184 1249/1251/1228
f 1251/1253/1230 1250/1250/1227 1288/1207/1184
f 1287/1203/1180 1252/1254/1231 1251/1253/1230
f 1288/1207/1184 1287/1203/1180 1251/1253/1230
f 1255/1255/1232 1253/1256/1233 1254/1257/1234
f 1254/1257/1234 1256/1258/1235 1255/1255/1232
f 1259/1259/1236 1256/1258/1235 1254/1257/1234
f 1258/1260/1237 1257/1261/1238 1259/1259/1236
f 1260/1262/1239 1259/1259/1236 1257/1261/1238
f 1256/1258/1235 1259/1259/1236 1260/1262/1239
f 1260/1262/1239 1261/1263/1240 1256/1258/1235
f 1256/1258/1235 1261/1263/1240 1262/1264/1241
f 1262/1264/1241 1255/1255/1232 1256/1258/1235
f 1277/1265/1242 1264/1266/1243 1263/1267/1244
f 1263/1267/1244 1278/1268/1245 1277/1265/1242
f 1257/1261/1238 1278/1268/1245 1263/1267/1244
f 1265/1269/1246 1264/1266/1243 1277/1265/1242
f 1274/1270/1247 1266/1271/1248 1265/1269/1246
f 1265/1269/1246 1275/1272/1249 1274/1270/1247
f 1277/1265/1242 1275/1272/1249 1265/1269/1246
f 1267/1273/1250 1266/1271/1248 1274/1270/1247
f 1273/1274/1251 1268/1275/1252 1267/1273/1250
f 1274/1270/1247 1273/1274/1251 1267/1273/1250
f 1269/1276/1253 1268/1275/1252 1273/1274/1251
f 1269/1276/1253 1270/1277/1254 1271/1278/1255
f 1273/1274/1251 1270/1277/1254 1269/1276/1253
f 1272/1279/1256 1271/1278/1255 1270/1277/1254
f 1270/1277/1254 1285/1280/1257 1272/1279/1256
f 1273/1274/1251 1285/1280/1257 1270/1277/1254
f 1275/1272/1249 1277/1265/1242 1276/1281/1258
f 1276/1281/1258 1277/1265/1242 1278/1268/1245
f 1258/1260/1237 1279/1282/1259 1278/1268/1245
f 1278/1268/1245 1279/1282/1259 1276/1281/1258
f 1278/1268/1245 1257/1261/1238 1258/1260/1237
f 1258/1260/1237 1259/1259/1236 1280/1283/1260
f 1280/1283/1260 1259/1259/1236 1254/1257/1234
f 1274/1270/1247 1275/1272/1249 1281/1284/1261
f 1281/1284/1261 1282/1285/1262 1274/1270/1247
f 1281/1284/1261 1275/1272/1249 1276/1281/1258
f 1274/1270/1247 1282/1285/1262 1283/1286/1263
f 1283/1286/1263 1284/1287/1264 1273/1274/1251
f 1283/1286/1263 1273/1274/1251 1274/1270/1247
f 1273/1274/1251 1284/1287/1264 1285/1280/1257
f 1272/1279/1256 1286/1288/1265 1203/1289/1266
f 1203/1289/1266 1286/1288/1265 1200/1199/1176
f 1202/1200/1177 1252/1254/1231 1287/1203/1180
f 1203/1289/1266 1271/1278/1255 1272/1279/1256
f 1247/1252/1229 1289/1210/1187 1288/1207/1184
f 1290/1213/1190 1289/1210/1187 1247/1252/1229
f 1247/1252/1229 1248/1290/1267 1290/1213/1190
f 1290/1213/1190 1248/1290/1267 1245/1291/1268
f 1245/1291/1268 1291/1214/1191 1290/1213/1190
f 1292/1218/1195 1291/1214/1191 1245/1291/1268
f 1245/1291/1268 1246/1292/1269 1292/1218/1195
f 1292/1218/1195 1246/1292/1269 1243/1248/1225
f 1243/1248/1225 1242/1215/1192 1292/1218/1195
f 1231/1225/1202 1234/1240/1217 1218/1223/1200
f 1234/1240/1217 1229/1293/1270 1218/1223/1200
f 1218/1223/1200 1229/1293/1270 1219/1229/1206
f 1226/1237/1214 1293/1294/1271 1294/1295/1272
f 1294/1295/1272 1225/1238/1215 1226/1237/1214
f 1225/1238/1215 1294/1295/1272 1295/1296/1273
f 1295/1296/1273 1296/1297/1274 1225/1238/1215
f 1225/1238/1215 1296/1297/1274 1224/1235/1212
f 1200/1199/1176 1201/1202/1179 1203/1289/1266
f 1299/1298/1275 1302/1299/1276 1298/1300/1277
f 1298/1300/1277 1377/1301/1278 1300/1302/1279
f 1302/1299/1276 1304/1303/1280 1306/1304/1281
f 1306/1304/1281 1298/1300/1277 1302/1299/1276
f 1302/1299/1276 1301/1305/1282 1303/1306/1283
f 1303/1306/1283 1304/1303/1280 1302/1299/1276
f 1306/1304/1281 1304/1303/1280 1305/1307/1284
f 1305/1307/1284 1304/1303/1280 1303/1306/1283
f 1309/1308/1285 1306/1304/1281 1305/1307/1284
f 1305/1307/1284 1303/1306/1283 1307/1309/1286
f 1307/1309/1286 1308/1310/1287 1305/1307/1284
f 1305/1307/1284 1308/1310/1287 1309/1308/1285
f 1307/1309/1286 1303/1306/1283 1310/1311/1288
f 1310/1311/1288 1312/1312/1289 1311/1313/1290
f 1311/1313/1290 1314/1314/1291 1310/1311/1288
f 1303/1306/1283 1313/1315/1292 1310/1311/1288
f 1310/1311/1288 1313/1315/1292 1312/1312/1289
f 1310/1311/1288 1314/1314/1291 1307/1309/1286
f 1311/1313/1290 1312/1312/1289 1318/1316/1293
f 1315/1317/1294 1317/1318/1295 1318/1316/1293
f 1312/1312/1289 1316/1319/1296 1318/1316/1293
f 1318/1316/1293 1317/1318/1295 1311/1313/1290
f 1322/1320/1297 1318/1316/1293 1316/1319/1296
f 1315/1317/1294 1318/1316/1293 1322/1320/1297
f 1319/1321/1298 1321/1322/1299 1322/1320/1297
f 1316/1319/1296 1320/1323/1300 1322/1320/1297
f 1322/1320/1297 1321/1322/1299 1315/1317/1294
f 1323/1324/1301 1322/1320/1297 1320/1323/1300
f 1319/1321/1298 1322/1320/1297 1323/1324/1301
f 1323/1324/1301 1325/1325/1302 1324/1326/1303
f 1324/1326/1303 1327/1327/1304 1323/1324/1301
f 1320/1323/1300 1326/1328/1305 1323/1324/1301
f 1323/1324/1301 1326/1328/1305 1325/1325/1302
f 1323/1324/1301 1327/1327/1304 1319/1321/1298
f 1324/1326/1303 1325/1325/1302 1332/1329/1306
f 1328/1330/1307 1331/1331/1308 1332/1329/1306
f 1325/1325/1302 1330/1332/1309 1332/1329/1306
f 1332/1329/1306 1330/1332/1309 1329/1333/1310
f 1332/1329/1306 1331/1331/1308 1324/1326/1303
f 1337/1334/1311 1332/1329/1306 1329/1333/1310
f 1328/1330/1307 1332/1329/1306 1337/1334/1311
f 1333/1335/1312 1336/1336/1313 1337/1334/1311
f 1329/1333/1310 1335/1337/1314 1337/1334/1311
f 1337/1334/1311 1335/1337/1314 1334/1338/1315
f 1337/1334/1311 1336/1336/1313 1328/1330/1307
f 1338/1339/1316 1337/1334/1311 1334/1338/1315
f 1333/1335/1312 1337/1334/1311 1338/1339/1316
f 1338/1339/1316 1340/1340/1317 1339/1341/1318
f 1339/1341/1318 1342/1342/1319 1338/1339/1316
f 1334/1338/1315 1341/1343/1320 1338/1339/1316
f 1338/1339/1316 1341/1343/1320 1340/1340/1317
f 1338/1339/1316 1342/1342/1319 1333/1335/1312
f 1339/1341/1318 1340/1340/1317 1343/1344/1321
f 1343/1344/1321 1346/1345/1322 1344/1346/1323
f 1343/1344/1321 1344/1346/1323 1345/1347/1324
f 1340/1340/1317 1346/1345/1322 1343/1344/1321
f 1345/1347/1324 1347/1348/1325 1343/1344/1321
f 1343/1344/1321 1347/1348/1325 1339/1341/1318
f 1344/1346/1323 1346/1345/1322 1348/1349/1326
f 1348/1349/1326 1346/1345/1322 1340/1340/1317
f 1348/1349/1326 1349/1350/1327 1344/1346/1323
f 1340/1340/1317 1350/1351/1328 1348/1349/1326
f 1329/1333/1310 1355/1352/1329 1353/1353/1330
f 1353/1353/1330 1351/1354/1331 1334/1338/1315
f 1334/1338/1315 1335/1337/1314 1353/1353/1330
f 1353/1353/1330 1335/1337/1314 1329/1333/1310
f 1354/1355/1332 1355/1352/1329 1329/1333/1310
f 1325/1325/1302 1358/1356/1333 1354/1355/1332
f 1329/1333/1310 1330/1332/1309 1354/1355/1332
f 1354/1355/1332 1330/1332/1309 1325/1325/1302
f 1357/1357/1334 1355/1352/1329 1354/1355/1332
f 1354/1355/1332 1358/1356/1333 1356/1358/1335
f 1356/1358/1335 1358/1356/1333 1359/1359/1336
f 1316/1319/1296 1366/1360/1337 1360/1361/1338
f 1360/1361/1338 1320/1323/1300 1316/1319/1296
f 1361/1362/1339 1366/1360/1337 1316/1319/1296
f 1312/1312/1289 1363/1363/1340 1361/1362/1339
f 1361/1362/1339 1316/1319/1296 1312/1312/1289
f 1303/1306/1283 1301/1305/1282 1362/1364/1341
f 1362/1364/1341 1363/1363/1340 1312/1312/1289
f 1312/1312/1289 1313/1315/1292 1362/1364/1341
f 1362/1364/1341 1313/1315/1292 1303/1306/1283
f 1363/1363/1340 1362/1364/1341 1364/1365/1342
f 1365/1366/1343 1361/1362/1339 1363/1363/1340
f 1366/1360/1337 1361/1362/1339 1365/1366/1343
f 1367/1367/1344 1360/1361/1338 1366/1360/1337
f 1367/1367/1344 1366/1360/1337 1369/1368/1345
f 1368/1369/1346 1360/1361/1338 1367/1367/1344
f 1369/1368/1345 1366/1360/1337 1365/1366/1343
f 1370/1370/1347 1363/1363/1340 1364/1365/1342
f 1365/1366/1343 1363/1363/1340 1370/1370/1347
f 1364/1365/1342 1301/1305/1282 1371/1371/1348
f 1371/1371/1348 1301/1305/1282 1299/1298/1275
f 1372/1372/1349 1298/1300/1277 1300/1302/1279
f 1299/1298/1275 1298/1300/1277 1372/1372/1349
f 1373/1373/1350 1375/1374/1351 1374/1375/1352
f 1300/1302/1279 1375/1374/1351 1373/1373/1350
f 1300/1302/1279 1377/1301/1278 1375/1374/1351
f 1375/1374/1351 1376/1376/1353 1374/1375/1352
f 1377/1301/1278 1298/1300/1277 1306/1304/1281
f 1306/1304/1281 1378/1377/1354 1377/1301/1278
f 1377/1301/1278 1378/1377/1354 1380/1378/1355
f 1380/1378/1355 1375/1374/1351 1377/1301/1278
f 1380/1378/1355 1378/1377/1354 1379/1379/1356
f 1379/1379/1356 1378/1377/1354 1306/1304/1281
f 1382/1380/1357 1380/1378/1355 1379/1379/1356
f 1309/1308/1285 1381/1381/1358 1379/1379/1356
f 1379/1379/1356 1381/1381/1358 1382/1380/1357
f 1379/1379/1356 1306/1304/1281 1309/1308/1285
f 1383/1382/1359 1380/1378/1355 1382/1380/1357
f 1382/1380/1357 1384/1383/1360 1383/1382/1359
f 1383/1382/1359 1384/1383/1360 1385/1384/1361
f 1386/1385/1362 1388/1386/1363 1385/1384/1361
f 1385/1384/1361 1387/1387/1364 1386/1385/1362
f 1385/1384/1361 1388/1386/1363 1383/1382/1359
f 1432/1388/1365 1433/1389/1366 1388/1386/1363
f 1388/1386/1363 1390/1390/1367 1432/1388/1365
f 1388/1386/1363 1433/1389/1366 1376/1376/1353
f 1388/1386/1363 1389/1391/1368 1383/1382/1359
f 1376/1376/1353 1389/1391/1368 1388/1386/1363
f 1386/1385/1362 1390/1390/1367 1388/1386/1363
f 1432/1388/1365 1390/1390/1367 1391/1392/1369
f 1391/1392/1369 1390/1390/1367 1386/1385/1362
f 1431/1393/1370 1435/1394/1371 1391/1392/1369
f 1391/1392/1369 1393/1395/1372 1431/1393/1370
f 1391/1392/1369 1435/1394/1371 1432/1388/1365
f 1392/1396/1373 1393/1395/1372 1391/1392/1369
f 1395/1397/1374 1394/1398/1375 1392/1396/1373
f 1392/1396/1373 1394/1398/1375 1396/1399/1376
f 1392/1396/1373 1391/1392/1369 1395/1397/1374
f 1401/1400/1377 1392/1396/1373 1396/1399/1376
f 1396/1399/1376 1397/1401/1378 1401/1400/1377
f 1401/1400/1377 1397/1401/1378 1398/1402/1379
f 1399/1403/1380 1401/1400/1377 1398/1402/1379
f 1398/1402/1379 1400/1404/1381 1399/1403/1380
f 1402/1405/1382 1401/1400/1377 1399/1403/1380
f 1430/1406/1383 1439/1407/1384 1402/1405/1382
f 1402/1405/1382 1403/1408/1385 1430/1406/1383
f 1399/1403/1380 1403/1408/1385 1402/1405/1382
f 1430/1406/1383 1403/1408/1385 1404/1409/1386
f 1404/1409/1386 1403/1408/1385 1399/1403/1380
f 1428/1410/1387 1429/1411/1388 1404/1409/1386
f 1404/1409/1386 1405/1412/1389 1428/1410/1387
f 1404/1409/1386 1429/1411/1388 1430/1406/1383
f 1406/1413/1390 1405/1412/1389 1404/1409/1386
f 1407/1414/1391 1405/1412/1389 1406/1413/1390
f 1409/1415/1392 1408/1416/1393 1406/1413/1390
f 1406/1413/1390 1408/1416/1393 1410/1417/1394
f 1406/1413/1390 1404/1409/1386 1409/1415/1392
f 1415/1418/1395 1406/1413/1390 1410/1417/1394
f 1410/1417/1394 1411/1419/1396 1415/1418/1395
f 1415/1418/1395 1411/1419/1396 1412/1420/1397
f 1413/1421/1398 1415/1418/1395 1412/1420/1397
f 1412/1420/1397 1414/1422/1399 1413/1421/1398
f 1416/1423/1400 1415/1418/1395 1413/1421/1398
f 1425/1424/1401 1445/1425/1402 1416/1423/1400
f 1416/1423/1400 1418/1426/1403 1425/1424/1401
f 1416/1423/1400 1445/1425/1402 1426/1427/1404
f 1416/1423/1400 1417/1428/1405 1415/1418/1395
f 1426/1427/1404 1417/1428/1405 1416/1423/1400
f 1413/1421/1398 1418/1426/1403 1416/1423/1400
f 1425/1424/1401 1418/1426/1403 1421/1429/1406
f 1421/1429/1406 1418/1426/1403 1413/1421/1398
f 1424/1430/1407 1447/1431/1408 1421/1429/1406
f 1421/1429/1406 1419/1432/1409 1424/1430/1407
f 1421/1429/1406 1447/1431/1408 1425/1424/1401
f 1420/1433/1410 1419/1432/1409 1421/1429/1406
f 1420/1433/1410 1421/1429/1406 1422/1434/1411
f 1422/1434/1411 1421/1429/1406 1413/1421/1398
f 1422/1434/1411 1423/1435/1412 1420/1433/1410
f 1413/1421/1398 1414/1422/1399 1422/1434/1411
f 1420/1433/1410 1423/1435/1412 1345/1347/1324
f 1344/1346/1323 1419/1432/1409 1420/1433/1410
f 1345/1347/1324 1344/1346/1323 1420/1433/1410
f 1424/1430/1407 1419/1432/1409 1344/1346/1323
f 1407/1414/1391 1427/1436/1413 1428/1410/1387
f 1426/1427/1404 1427/1436/1413 1407/1414/1391
f 1393/1395/1372 1437/1437/1414 1431/1393/1370
f 1439/1407/1384 1437/1437/1414 1393/1395/1372
f 1374/1375/1352 1376/1376/1353 1433/1389/1366
f 1433/1389/1366 1432/1388/1365 1434/1438/1415
f 1434/1438/1415 1432/1388/1365 1435/1394/1371
f 1435/1394/1371 1431/1393/1370 1436/1439/1416
f 1436/1439/1416 1431/1393/1370 1437/1437/1414
f 1437/1437/1414 1439/1407/1384 1438/1440/1417
f 1439/1407/1384 1430/1406/1383 1440/1441/1418
f 1440/1441/1418 1430/1406/1383 1441/1442/1419
f 1441/1442/1419 1428/1410/1387 1442/1443/1420
f 1441/1442/1419 1429/1411/1388 1428/1410/1387
f 1430/1406/1383 1429/1411/1388 1441/1442/1419
f 1442/1443/1420 1428/1410/1387 1443/1444/1421
f 1443/1444/1421 1426/1427/1404 1444/1445/1422
f 1443/1444/1421 1427/1436/1413 1426/1427/1404
f 1428/1410/1387 1427/1436/1413 1443/1444/1421
f 1444/1445/1422 1426/1427/1404 1445/1425/1402
f 1445/1425/1402 1425/1424/1401 1446/1446/1423
f 1446/1446/1423 1425/1424/1401 1447/1431/1408
f 1447/1431/1408 1424/1430/1407 1448/1447/1424
f 1448/1447/1424 1424/1430/1407 1349/1350/1327
f 1349/1350/1327 1449/1448/1425 1448/1447/1424
f 1450/1449/1426 1447/1431/1408 1448/1447/1424
f 1451/1450/1427 1348/1349/1326 1350/1351/1328
f 1451/1450/1427 1350/1351/1328 1452/1451/1428
f 1349/1350/1327 1348/1349/1326 1451/1450/1427
f 1451/1450/1427 1449/1448/1425 1349/1350/1327
f 1452/1451/1428 1350/1351/1328 1453/1452/1429
f 1453/1452/1429 1351/1354/1331 1454/1453/1430
f 1454/1453/1430 1351/1354/1331 1455/1454/1431
f 1455/1454/1431 1353/1353/1330 1357/1357/1334
f 1455/1454/1431 1357/1357/1334 1456/1455/1432
f 1351/1354/1331 1353/1353/1330 1455/1454/1431
f 1457/1456/1433 1458/1457/1434 1456/1455/1432
f 1456/1455/1432 1357/1357/1334 1457/1456/1433
f 1459/1458/1435 1458/1457/1434 1457/1456/1433
f 1457/1456/1433 1356/1358/1335 1459/1458/1435
f 1459/1458/1435 1356/1358/1335 1460/1459/1436
f 1460/1459/1436 1359/1359/1336 1360/1361/1338
f 1460/1459/1436 1360/1361/1338 1368/1369/1346
f 1356/1358/1335 1359/1359/1336 1460/1459/1436
f 1457/1456/1433 1354/1355/1332 1356/1358/1335
f 1357/1357/1334 1354/1355/1332 1457/1456/1433
f 1453/1452/1429 1352/1460/1437 1351/1354/1331
f 1350/1351/1328 1352/1460/1437 1453/1452/1429
f 1446/1446/1423 1447/1431/1408 1450/1449/1426
f 1461/1461/1438 1445/1425/1402 1446/1446/1423
f 1444/1445/1422 1445/1425/1402 1461/1461/1438
f 1462/1462/1439 1463/1463/1440 1442/1443/1420
f 1462/1462/1439 1443/1444/1421 1444/1445/1422
f 1442/1443/1420 1443/1444/1421 1462/1462/1439
f 1442/1443/1420 1463/1463/1440 1464/1464/1441
f 1464/1464/1441 1441/1442/1419 1442/1443/1420
f 1440/1441/1418 1441/1442/1419 1464/1464/1441
f 1465/1465/1442 1439/1407/1384 1440/1441/1418
f 1438/1440/1417 1439/1407/1384 1465/1465/1442
f 1466/1466/1443 1437/1437/1414 1438/1440/1417
f 1436/1439/1416 1437/1437/1414 1466/1466/1443
f 1467/1467/1444 1435/1394/1371 1436/1439/1416
f 1434/1438/1415 1435/1394/1371 1467/1467/1444
f 1468/1468/1445 1433/1389/1366 1434/1438/1415
f 1374/1375/1352 1433/1389/1366 1468/1468/1445
f 1344/1346/1323 1349/1350/1327 1424/1430/1407
f 1407/1414/1391 1417/1428/1405 1426/1427/1404
f 1415/1418/1395 1417/1428/1405 1407/1414/1391
f 1407/1414/1391 1406/1413/1390 1415/1418/1395
f 1409/1415/1392 1404/1409/1386 1399/1403/1380
f 1399/1403/1380 1400/1404/1381 1409/1415/1392
f 1428/1410/1387 1405/1412/1389 1407/1414/1391
f 1393/1395/1372 1402/1405/1382 1439/1407/1384
f 1401/1400/1377 1402/1405/1382 1393/1395/1372
f 1393/1395/1372 1392/1396/1373 1401/1400/1377
f 1395/1397/1374 1391/1392/1369 1386/1385/1362
f 1386/1385/1362 1387/1387/1364 1395/1397/1374
f 1383/1382/1359 1389/1391/1368 1380/1378/1355
f 1380/1378/1355 1389/1391/1368 1376/1376/1353
f 1376/1376/1353 1375/1374/1351 1380/1378/1355
f 1364/1365/1342 1362/1364/1341 1301/1305/1282
f 1320/1323/1300 1360/1361/1338 1359/1359/1336
f 1359/1359/1336 1358/1356/1333 1325/1325/1302
f 1325/1325/1302 1326/1328/1305 1359/1359/1336
f 1359/1359/1336 1326/1328/1305 1320/1323/1300
f 1353/1353/1330 1355/1352/1329 1357/1357/1334
f 1334/1338/1315 1351/1354/1331 1352/1460/1437
f 1352/1460/1437 1350/1351/1328 1340/1340/1317
f 1340/1340/1317 1341/1343/1320 1352/1460/1437
f 1352/1460/1437 1341/1343/1320 1334/1338/1315
f 1301/1305/1282 1302/1299/1276 1299/1298/1275
