# Blender 5.1.2
# www.blender.org
mtllib stick_l.mtl
o stick_l
v -0.348281 -0.365225 0.093023
v -0.380700 -0.365733 0.085534
v -0.397381 -0.367284 0.078476
v -0.383931 -0.367284 0.089974
v -0.368839 -0.367284 0.099212
v -0.370426 -0.370142 0.102327
v -0.353575 -0.370142 0.109317
v -0.385986 -0.370142 0.092803
v -0.352494 -0.367284 0.105992
v -0.335286 -0.367284 0.110114
v -0.344140 -0.365738 0.102357
v -0.317646 -0.367284 0.111511
v -0.317646 -0.365740 0.105407
v -0.335833 -0.370142 0.113567
v -0.317646 -0.370142 0.115007
v -0.299460 -0.370142 0.113567
v -0.299357 -0.374596 0.114218
v -0.317646 -0.374596 0.115667
v -0.335936 -0.374596 0.114218
v -0.300007 -0.367284 0.110114
v -0.281718 -0.370142 0.109317
v -0.282798 -0.367284 0.105992
v -0.291153 -0.365738 0.102357
v -0.266454 -0.367284 0.099212
v -0.307291 -0.365224 0.064113
v -0.292241 -0.365225 0.095083
v -0.283924 -0.365225 0.055443
v -0.229753 -0.365223 0.049687
v -0.260433 -0.365738 0.089100
v -0.237912 -0.367284 0.078476
v -0.251362 -0.367284 0.089974
v -0.249307 -0.370142 0.092803
v -0.235440 -0.370142 0.080948
v -0.234974 -0.374596 0.081414
v -0.248919 -0.374596 0.093336
v -0.264567 -0.374596 0.102914
v -0.264867 -0.370142 0.102327
v -0.250218 -0.381252 0.091548
v -0.265571 -0.381252 0.100946
v -0.282197 -0.381252 0.107842
v -0.281514 -0.374596 0.109944
v -0.299702 -0.381252 0.112036
v -0.317646 -0.381252 0.113457
v -0.335590 -0.381252 0.112036
v -0.353095 -0.381252 0.107842
v -0.353778 -0.374596 0.109944
v -0.370725 -0.374596 0.102914
v -0.369722 -0.381252 0.100946
v -0.385074 -0.381252 0.091548
v -0.398756 -0.381252 0.079851
v -0.400319 -0.374596 0.081414
v -0.386373 -0.374596 0.093336
v -0.411708 -0.370142 0.067081
v -0.412241 -0.374596 0.067468
v -0.410453 -0.381252 0.066169
v -0.399853 -0.370142 0.080948
v -0.421820 -0.374596 0.051820
v -0.419851 -0.381252 0.050817
v -0.426747 -0.381252 0.034190
v -0.430941 -0.381252 0.016685
v -0.433123 -0.374596 0.017031
v -0.428849 -0.374596 0.034873
v -0.428222 -0.370142 0.034669
v -0.432472 -0.370142 0.016928
v -0.421232 -0.370142 0.051521
v -0.429019 -0.367284 0.016381
v -0.424897 -0.367284 0.033589
v -0.418117 -0.367284 0.049934
v -0.408879 -0.367284 0.065026
v -0.403941 -0.365740 0.061438
v -0.417044 -0.365738 0.038216
v -0.398719 -0.365224 0.057644
v -0.374349 -0.365225 0.032462
v -0.361153 -0.365225 0.048334
v -0.367727 -0.363929 0.035127
v -0.361415 -0.363929 0.042510
v -0.354032 -0.363929 0.048822
v -0.345748 -0.363929 0.053893
v -0.336775 -0.363929 0.057615
v -0.327329 -0.363929 0.059878
v -0.317646 -0.363929 0.060645
v -0.307963 -0.363929 0.059878
v -0.298517 -0.363929 0.057615
v -0.289545 -0.363929 0.053893
v -0.281260 -0.363929 0.048822
v -0.273877 -0.363929 0.042510
v -0.267565 -0.363929 0.035127
v -0.262494 -0.363929 0.026843
v -0.258773 -0.363929 0.017870
v -0.256510 -0.363929 0.008424
v -0.255743 -0.363929 -0.001259
v -0.256510 -0.363929 -0.010942
v -0.251952 -0.365225 -0.007306
v -0.222339 -0.365224 -0.032225
v -0.257035 -0.365225 -0.027308
v -0.258773 -0.363929 -0.020388
v -0.262494 -0.363929 -0.029360
v -0.267565 -0.363929 -0.037645
v -0.273877 -0.363929 -0.045028
v -0.268051 -0.365225 -0.044763
v -0.287599 -0.365224 -0.060232
v -0.263714 -0.365225 -0.085033
v -0.281260 -0.363929 -0.051340
v -0.289545 -0.363929 -0.056411
v -0.298517 -0.363929 -0.060132
v -0.307963 -0.363929 -0.062395
v -0.311599 -0.365225 -0.066953
v -0.338174 -0.365224 -0.064437
v -0.317646 -0.363929 -0.063162
v -0.327329 -0.363929 -0.062395
v -0.336776 -0.363929 -0.060132
v -0.345748 -0.363929 -0.056411
v -0.354032 -0.363929 -0.051340
v -0.361415 -0.363929 -0.045028
v -0.367727 -0.363929 -0.037645
v -0.372798 -0.363929 -0.029360
v -0.374349 -0.365225 -0.034979
v -0.416986 -0.365223 -0.022550
v -0.383019 -0.365224 -0.011612
v -0.378783 -0.363929 -0.010942
v -0.379550 -0.363929 -0.001259
v -0.376520 -0.363929 -0.020388
v -0.378783 -0.363929 0.008424
v -0.376520 -0.363929 0.017870
v -0.381994 -0.365225 0.013291
v -0.419675 -0.365733 -0.034408
v -0.418118 -0.367284 -0.052451
v -0.424897 -0.367284 -0.036107
v -0.429019 -0.367284 -0.018899
v -0.424378 -0.365738 0.005570
v -0.430416 -0.367284 -0.001259
v -0.433912 -0.370142 -0.001259
v -0.433123 -0.374596 -0.019548
v -0.432472 -0.370142 -0.019445
v -0.434572 -0.374596 -0.001259
v -0.432362 -0.381252 -0.001259
v -0.430941 -0.381252 -0.019203
v -0.426747 -0.381252 -0.036708
v -0.419851 -0.381252 -0.053335
v -0.421820 -0.374596 -0.054338
v -0.428849 -0.374596 -0.037391
v -0.428222 -0.370142 -0.037187
v -0.421232 -0.370142 -0.054038
v -0.411708 -0.370142 -0.069598
v -0.400319 -0.374596 -0.083931
v -0.399853 -0.370142 -0.083465
v -0.412241 -0.374596 -0.069986
v -0.397381 -0.367284 -0.080993
v -0.408879 -0.367284 -0.067543
v -0.403941 -0.365740 -0.063955
v -0.371578 -0.365225 -0.085034
v -0.361153 -0.365225 -0.050852
v -0.317646 -0.365225 -0.100392
v -0.324472 -0.365738 -0.107990
v -0.300007 -0.367284 -0.112632
v -0.317646 -0.367284 -0.114029
v -0.335286 -0.367284 -0.112632
v -0.357118 -0.365738 -0.100658
v -0.352494 -0.367284 -0.108510
v -0.368839 -0.367284 -0.101730
v -0.385900 -0.365738 -0.083597
v -0.383931 -0.367284 -0.092492
v -0.385986 -0.370142 -0.095320
v -0.370725 -0.374596 -0.105432
v -0.370426 -0.370142 -0.104845
v -0.386373 -0.374596 -0.095853
v -0.385074 -0.381252 -0.094066
v -0.369722 -0.381252 -0.103463
v -0.398756 -0.381252 -0.082369
v -0.410453 -0.381252 -0.068687
v -0.353095 -0.381252 -0.110360
v -0.335936 -0.374596 -0.116736
v -0.353778 -0.374596 -0.112461
v -0.335590 -0.381252 -0.114553
v -0.317646 -0.381252 -0.115974
v -0.299702 -0.381252 -0.114553
v -0.299357 -0.374596 -0.116736
v -0.317646 -0.374596 -0.118184
v -0.317646 -0.370142 -0.117525
v -0.299460 -0.370142 -0.116085
v -0.335833 -0.370142 -0.116085
v -0.353575 -0.370142 -0.111834
v -0.281718 -0.370142 -0.111834
v -0.264567 -0.374596 -0.105432
v -0.264867 -0.370142 -0.104845
v -0.281514 -0.374596 -0.112461
v -0.266454 -0.367284 -0.101730
v -0.282798 -0.367284 -0.108510
v -0.291154 -0.365738 -0.104875
v -0.260433 -0.365738 -0.091618
v -0.210915 -0.365738 0.005567
v -0.206273 -0.367284 -0.018899
v -0.204876 -0.367284 -0.001259
v -0.206273 -0.367284 0.016381
v -0.218247 -0.365738 0.038212
v -0.210396 -0.367284 0.033589
v -0.217175 -0.367284 0.049934
v -0.235310 -0.365738 0.066998
v -0.226413 -0.367284 0.065026
v -0.223585 -0.370142 0.067081
v -0.223052 -0.374596 0.067468
v -0.214060 -0.370142 0.051521
v -0.213473 -0.374596 0.051820
v -0.208545 -0.381252 0.034190
v -0.206444 -0.374596 0.034873
v -0.207071 -0.370142 0.034669
v -0.215442 -0.381252 0.050817
v -0.224839 -0.381252 0.066169
v -0.236536 -0.381252 0.079851
v -0.202820 -0.370142 0.016928
v -0.202169 -0.374596 0.017031
v -0.202931 -0.381252 -0.001259
v -0.200721 -0.374596 -0.001259
v -0.201380 -0.370142 -0.001259
v -0.204352 -0.381252 0.016685
v -0.202820 -0.370142 -0.019445
v -0.202169 -0.374596 -0.019548
v -0.208545 -0.381252 -0.036708
v -0.206444 -0.374596 -0.037391
v -0.207071 -0.370142 -0.037187
v -0.204352 -0.381252 -0.019203
v -0.214060 -0.370142 -0.054038
v -0.213473 -0.374596 -0.054338
v -0.217175 -0.367284 -0.052451
v -0.210396 -0.367284 -0.036107
v -0.215618 -0.365733 -0.034408
v -0.223585 -0.370142 -0.069598
v -0.226413 -0.367284 -0.067543
v -0.235310 -0.365738 -0.069515
v -0.237912 -0.367284 -0.080993
v -0.251362 -0.367284 -0.092492
v -0.249307 -0.370142 -0.095320
v -0.235440 -0.370142 -0.083465
v -0.234974 -0.374596 -0.083931
v -0.250218 -0.381252 -0.094066
v -0.248919 -0.374596 -0.095853
v -0.236536 -0.381252 -0.082369
v -0.224839 -0.381252 -0.068687
v -0.223052 -0.374596 -0.069986
v -0.215442 -0.381252 -0.053335
v -0.265571 -0.381252 -0.103463
v -0.282197 -0.381252 -0.110360
v -0.253299 -0.365225 0.013293
v -0.263904 -0.365224 0.037788
v -0.372798 -0.363929 0.026843
v -0.338174 -0.365224 0.061919
v -0.366727 -0.324593 0.034400
v -0.360537 -0.324593 0.041632
v -0.371692 -0.324593 0.026279
v -0.353270 -0.360040 0.047773
v -0.366679 -0.360040 0.034365
v -0.371644 -0.360040 0.026254
v -0.360499 -0.360040 0.041594
v -0.354032 -0.363929 0.048822
v -0.361415 -0.363929 0.042510
v -0.367727 -0.363929 0.035127
v -0.372798 -0.363929 0.026843
v -0.376520 -0.363929 0.017870
v -0.378783 -0.363929 0.008424
v -0.377503 -0.360040 0.008222
v -0.378254 -0.360040 -0.001259
v -0.375287 -0.360040 0.017470
v -0.379550 -0.363929 -0.001259
v -0.377503 -0.360040 -0.010739
v -0.378783 -0.363929 -0.010942
v -0.376520 -0.363929 -0.020388
v -0.372798 -0.363929 -0.029360
v -0.371644 -0.360040 -0.028772
v -0.366679 -0.360040 -0.036883
v -0.375287 -0.360040 -0.019987
v -0.367727 -0.363929 -0.037645
v -0.360499 -0.360040 -0.044111
v -0.361415 -0.363929 -0.045028
v -0.354032 -0.363929 -0.051340
v -0.345748 -0.363929 -0.056411
v -0.345159 -0.360040 -0.055256
v -0.336375 -0.360040 -0.058900
v -0.336776 -0.363929 -0.060132
v -0.353270 -0.360040 -0.050291
v -0.360537 -0.324593 -0.044150
v -0.371692 -0.324593 -0.028796
v -0.377556 -0.324593 -0.010748
v -0.377556 -0.324593 0.008230
v -0.378313 -0.324593 -0.001259
v -0.375343 -0.324593 0.017488
v -0.353305 -0.324593 0.047822
v -0.336393 -0.324593 0.056439
v -0.317646 -0.324593 0.059408
v -0.298899 -0.324593 0.056439
v -0.281987 -0.324593 0.047822
v -0.268566 -0.324593 0.034400
v -0.259949 -0.324593 0.017488
v -0.256980 -0.324593 -0.001259
v -0.259948 -0.324593 -0.020006
v -0.257737 -0.324593 -0.010747
v -0.257737 -0.324593 0.008230
v -0.260005 -0.360040 0.017470
v -0.257039 -0.360040 -0.001259
v -0.263601 -0.324593 0.026279
v -0.268614 -0.360040 0.034365
v -0.263649 -0.360040 0.026254
v -0.274794 -0.360040 0.041594
v -0.282022 -0.360040 0.047773
v -0.274756 -0.324593 0.041632
v -0.298918 -0.360040 0.056382
v -0.290109 -0.324593 0.052787
v -0.308158 -0.324593 0.058651
v -0.317646 -0.360040 0.059348
v -0.327135 -0.324593 0.058651
v -0.336375 -0.360040 0.056382
v -0.327127 -0.360040 0.058598
v -0.345159 -0.360040 0.052739
v -0.345184 -0.324593 0.052787
v -0.336775 -0.363929 0.057615
v -0.345748 -0.363929 0.053893
v -0.327329 -0.363929 0.059878
v -0.317646 -0.363929 0.060645
v -0.308166 -0.360040 0.058598
v -0.307963 -0.363929 0.059878
v -0.298517 -0.363929 0.057615
v -0.289545 -0.363929 0.053893
v -0.290133 -0.360040 0.052738
v -0.281260 -0.363929 0.048822
v -0.273877 -0.363929 0.042510
v -0.267565 -0.363929 0.035127
v -0.262494 -0.363929 0.026843
v -0.258773 -0.363929 0.017870
v -0.257790 -0.360040 0.008222
v -0.256510 -0.363929 0.008424
v -0.255743 -0.363929 -0.001259
v -0.256510 -0.363929 -0.010942
v -0.257790 -0.360040 -0.010739
v -0.260005 -0.360040 -0.019987
v -0.258773 -0.363929 -0.020388
v -0.375343 -0.324593 -0.020006
v -0.366727 -0.324593 -0.036918
v -0.353305 -0.324593 -0.050339
v -0.336393 -0.324593 -0.058956
v -0.345184 -0.324593 -0.055304
v -0.327135 -0.324593 -0.061169
v -0.317646 -0.360040 -0.061866
v -0.308158 -0.324593 -0.061169
v -0.298918 -0.360040 -0.058900
v -0.290109 -0.324593 -0.055304
v -0.282022 -0.360040 -0.050291
v -0.268614 -0.360040 -0.036883
v -0.274756 -0.324593 -0.044149
v -0.268566 -0.324593 -0.036918
v -0.281987 -0.324593 -0.050339
v -0.298899 -0.324593 -0.058956
v -0.317646 -0.324593 -0.061925
v -0.259949 -0.324593 -0.020006
v -0.263601 -0.324593 -0.028796
v -0.260005 -0.360040 -0.019987
v -0.263649 -0.360040 -0.028772
v -0.258773 -0.363929 -0.020388
v -0.262494 -0.363929 -0.029360
v -0.267565 -0.363929 -0.037645
v -0.274794 -0.360040 -0.044111
v -0.273877 -0.363929 -0.045028
v -0.281260 -0.363929 -0.051340
v -0.289545 -0.363929 -0.056411
v -0.290133 -0.360040 -0.055256
v -0.298517 -0.363929 -0.060132
v -0.308166 -0.360040 -0.061115
v -0.307963 -0.363929 -0.062395
v -0.317646 -0.363929 -0.063162
v -0.327127 -0.360040 -0.061115
v -0.327329 -0.363929 -0.062395
v -0.317646 -0.318205 0.060962
v -0.327250 -0.320654 0.059380
v -0.327465 -0.317521 0.060734
v -0.308042 -0.320654 0.059380
v -0.307828 -0.317521 0.060734
v -0.327861 -0.315244 0.063234
v -0.311646 -0.315256 0.063929
v -0.298419 -0.318205 0.057916
v -0.300065 -0.312851 0.067512
v -0.297467 -0.315244 0.060847
v -0.322177 -0.312851 0.069579
v -0.330434 -0.309083 0.079480
v -0.310150 -0.309162 0.080170
v -0.293801 -0.302864 0.092017
v -0.285355 -0.309162 0.073869
v -0.263720 -0.309162 0.060213
v -0.279676 -0.312851 0.058714
v -0.266144 -0.302864 0.080083
v -0.238061 -0.292594 0.078327
v -0.249682 -0.302804 0.066705
v -0.251486 -0.292594 0.089804
v -0.266549 -0.292594 0.099025
v -0.277465 -0.280419 0.122405
v -0.282864 -0.292594 0.105791
v -0.241218 -0.280419 0.103936
v -0.258619 -0.280419 0.114588
v -0.225710 -0.280419 0.090678
v -0.212451 -0.280419 0.075170
v -0.226584 -0.292594 0.064902
v -0.217363 -0.292594 0.049838
v -0.201799 -0.280419 0.057768
v -0.193982 -0.280419 0.038922
v -0.210596 -0.292594 0.033524
v -0.206481 -0.292594 0.016348
v -0.189229 -0.280419 0.019080
v -0.187618 -0.280419 -0.001259
v -0.205087 -0.292594 -0.001259
v -0.206481 -0.292594 -0.018866
v -0.189229 -0.280419 -0.021598
v -0.193982 -0.280419 -0.041440
v -0.210596 -0.292594 -0.036041
v -0.217363 -0.292594 -0.052356
v -0.201799 -0.280419 -0.060286
v -0.212451 -0.280419 -0.077687
v -0.226584 -0.292594 -0.067419
v -0.238061 -0.292594 -0.080844
v -0.225710 -0.280419 -0.093195
v -0.241218 -0.280419 -0.106454
v -0.251486 -0.292594 -0.092321
v -0.266549 -0.292594 -0.101542
v -0.258619 -0.280419 -0.117106
v -0.277465 -0.280419 -0.124923
v -0.282864 -0.292594 -0.108309
v -0.300039 -0.292594 -0.112424
v -0.297307 -0.280419 -0.129676
v -0.317646 -0.280419 -0.131287
v -0.317646 -0.292594 -0.113818
v -0.335253 -0.292594 -0.112424
v -0.337986 -0.280419 -0.129676
v -0.357827 -0.280419 -0.124923
v -0.352429 -0.292594 -0.108309
v -0.368743 -0.292594 -0.101542
v -0.376673 -0.280419 -0.117106
v -0.394075 -0.280419 -0.106454
v -0.383807 -0.292594 -0.092321
v -0.397232 -0.292594 -0.080844
v -0.409583 -0.280419 -0.093195
v -0.422841 -0.280419 -0.077687
v -0.408709 -0.292594 -0.067419
v -0.417930 -0.292594 -0.052356
v -0.433493 -0.280419 -0.060286
v -0.441310 -0.280419 -0.041440
v -0.424697 -0.292594 -0.036041
v -0.428811 -0.292594 -0.018866
v -0.446064 -0.280419 -0.021598
v -0.447674 -0.280419 -0.001259
v -0.430206 -0.292594 -0.001259
v -0.428811 -0.292594 0.016348
v -0.446064 -0.280419 0.019080
v -0.441310 -0.280419 0.038922
v -0.424697 -0.292594 0.033524
v -0.417930 -0.292594 0.049838
v -0.433493 -0.280419 0.057768
v -0.422841 -0.280419 0.075170
v -0.408709 -0.292594 0.064902
v -0.397232 -0.292594 0.078327
v -0.409583 -0.280419 0.090678
v -0.394075 -0.280419 0.103936
v -0.383807 -0.292594 0.089804
v -0.368743 -0.292594 0.099025
v -0.376673 -0.280419 0.114588
v -0.357827 -0.280419 0.122405
v -0.352429 -0.292594 0.105791
v -0.335253 -0.292594 0.109906
v -0.337986 -0.280419 0.127159
v -0.317646 -0.280419 0.128769
v -0.317646 -0.292594 0.111301
v -0.300039 -0.292594 0.109906
v -0.297307 -0.280419 0.127159
v -0.323790 -0.302864 0.094820
v -0.353180 -0.302864 0.088219
v -0.349939 -0.309162 0.073869
v -0.374146 -0.302804 0.076506
v -0.356488 -0.314699 0.052202
v -0.343844 -0.312851 0.064712
v -0.343495 -0.315256 0.058885
v -0.346141 -0.317521 0.054666
v -0.354219 -0.318205 0.049079
v -0.336873 -0.318205 0.057917
v -0.345519 -0.320654 0.053444
v -0.353387 -0.324599 0.047934
v -0.336436 -0.324599 0.056570
v -0.345249 -0.324599 0.052915
v -0.327158 -0.324599 0.058793
v -0.317646 -0.324599 0.059546
v -0.308135 -0.324599 0.058793
v -0.298856 -0.324599 0.056570
v -0.289774 -0.320654 0.053444
v -0.290043 -0.324599 0.052915
v -0.281906 -0.324599 0.047934
v -0.274234 -0.320654 0.042154
v -0.274654 -0.324599 0.041734
v -0.268454 -0.324599 0.034482
v -0.262944 -0.320654 0.026614
v -0.263473 -0.324599 0.026344
v -0.267308 -0.318204 0.035314
v -0.273264 -0.317521 0.043123
v -0.261722 -0.317521 0.027236
v -0.261383 -0.315256 0.032206
v -0.254801 -0.314700 0.019161
v -0.258471 -0.318205 0.017969
v -0.257675 -0.312851 0.036715
v -0.271174 -0.314916 0.045213
v -0.247363 -0.309162 0.040541
v -0.226228 -0.302804 0.028445
v -0.239896 -0.309083 0.024004
v -0.236306 -0.302864 0.050247
v -0.236217 -0.309162 0.006234
v -0.221567 -0.302864 0.004884
v -0.246808 -0.312851 0.003271
v -0.237887 -0.309163 -0.019296
v -0.248876 -0.312851 -0.018843
v -0.224371 -0.302864 -0.025107
v -0.253154 -0.315244 -0.011473
v -0.255426 -0.318205 -0.001259
v -0.257503 -0.315256 -0.027108
v -0.258471 -0.318205 -0.020486
v -0.255653 -0.317521 -0.011077
v -0.257008 -0.320654 -0.010863
v -0.259817 -0.324599 -0.020049
v -0.257594 -0.324599 -0.010770
v -0.256841 -0.324599 -0.001259
v -0.257008 -0.320654 0.008345
v -0.257594 -0.324599 0.008253
v -0.259817 -0.324599 0.017531
v -0.255653 -0.317521 0.008560
v -0.252459 -0.315256 0.004742
v -0.262944 -0.320654 -0.029131
v -0.263473 -0.324599 -0.028862
v -0.268454 -0.324599 -0.036999
v -0.274234 -0.320654 -0.044671
v -0.274654 -0.324599 -0.044251
v -0.267308 -0.318204 -0.037831
v -0.261722 -0.317521 -0.029754
v -0.273264 -0.317521 -0.045641
v -0.264816 -0.315244 -0.039642
v -0.279676 -0.312851 -0.061232
v -0.271174 -0.314916 -0.047731
v -0.281074 -0.318205 -0.051596
v -0.284185 -0.315256 -0.057524
v -0.257675 -0.312851 -0.039232
v -0.247363 -0.309162 -0.043059
v -0.263720 -0.309162 -0.062731
v -0.266144 -0.302864 -0.082600
v -0.249682 -0.302804 -0.069223
v -0.236306 -0.302864 -0.052764
v -0.285355 -0.309162 -0.076386
v -0.287943 -0.302804 -0.092677
v -0.300065 -0.312851 -0.070030
v -0.310151 -0.309162 -0.082688
v -0.322177 -0.312851 -0.072097
v -0.311503 -0.302864 -0.097338
v -0.311646 -0.315256 -0.066446
v -0.298419 -0.318205 -0.060434
v -0.297467 -0.315244 -0.063364
v -0.317646 -0.318205 -0.063479
v -0.307828 -0.317521 -0.063252
v -0.308042 -0.320654 -0.061897
v -0.317646 -0.324599 -0.062064
v -0.308135 -0.324599 -0.061311
v -0.298856 -0.324599 -0.059088
v -0.289774 -0.320654 -0.055962
v -0.290043 -0.324599 -0.055432
v -0.281906 -0.324599 -0.050451
v -0.289151 -0.317521 -0.057184
v -0.327250 -0.320654 -0.061897
v -0.327158 -0.324599 -0.061311
v -0.336436 -0.324599 -0.059088
v -0.345519 -0.320654 -0.055962
v -0.345249 -0.324599 -0.055432
v -0.336874 -0.318205 -0.060434
v -0.327465 -0.317521 -0.063252
v -0.346141 -0.317521 -0.057184
v -0.327861 -0.315244 -0.065751
v -0.343496 -0.315256 -0.061402
v -0.356488 -0.314699 -0.054719
v -0.354219 -0.318205 -0.051596
v -0.343844 -0.312851 -0.067230
v -0.335681 -0.309162 -0.081019
v -0.359446 -0.309162 -0.071542
v -0.369150 -0.302864 -0.082600
v -0.341494 -0.302864 -0.094534
v -0.379119 -0.309162 -0.055185
v -0.391764 -0.302864 -0.062703
v -0.372294 -0.312851 -0.046560
v -0.390482 -0.309083 -0.038370
v -0.410921 -0.302864 -0.025110
v -0.397407 -0.309162 -0.019291
v -0.386416 -0.312851 -0.018843
v -0.376205 -0.314916 -0.031096
v -0.403286 -0.302804 -0.044894
v -0.367983 -0.318206 -0.037831
v -0.381497 -0.315256 -0.015698
v -0.376822 -0.318205 -0.020486
v -0.373571 -0.317521 -0.029754
v -0.372349 -0.320654 -0.029131
v -0.375475 -0.324599 -0.020049
v -0.371820 -0.324599 -0.028862
v -0.366839 -0.324599 -0.036999
v -0.361059 -0.320654 -0.044671
v -0.360639 -0.324599 -0.044251
v -0.353387 -0.324599 -0.050451
v -0.362028 -0.317521 -0.045641
v -0.366856 -0.315256 -0.044431
v -0.378285 -0.320654 -0.010863
v -0.377698 -0.324599 -0.010770
v -0.378451 -0.324599 -0.001259
v -0.378285 -0.320654 0.008345
v -0.377698 -0.324599 0.008253
v -0.379867 -0.318205 -0.001259
v -0.379639 -0.317521 -0.011077
v -0.379639 -0.317521 0.008560
v -0.381497 -0.315256 0.013181
v -0.386416 -0.312851 0.016326
v -0.376822 -0.318206 0.017968
v -0.383727 -0.314699 -0.001259
v -0.399398 -0.309083 -0.001259
v -0.397407 -0.309162 0.016773
v -0.413769 -0.302804 -0.001259
v -0.410921 -0.302864 0.022592
v -0.387930 -0.309163 0.040540
v -0.391764 -0.302864 0.060186
v -0.403286 -0.302804 0.042377
v -0.372294 -0.312851 0.044042
v -0.376205 -0.314916 0.028578
v -0.371573 -0.309162 0.060214
v -0.367983 -0.318206 0.035313
v -0.366857 -0.315256 0.041913
v -0.362028 -0.317521 0.043123
v -0.361059 -0.320654 0.042154
v -0.360639 -0.324599 0.041734
v -0.366839 -0.324599 0.034482
v -0.372349 -0.320654 0.026614
v -0.371820 -0.324599 0.026344
v -0.375475 -0.324599 0.017531
v -0.373571 -0.317521 0.027236
v -0.281074 -0.318205 0.049079
v -0.289151 -0.317521 0.054666
v -0.284184 -0.315256 0.055006
v -0.330708 -0.407006 -0.026523
v -0.324127 -0.408148 -0.014257
v -0.307922 -0.407471 -0.023495
v -0.314229 -0.405648 -0.039380
v -0.329890 -0.405644 -0.037707
v -0.322248 -0.401881 -0.060170
v -0.355997 -0.401881 -0.046214
v -0.343755 -0.405622 -0.029728
v -0.350412 -0.405905 -0.018843
v -0.368004 -0.401882 -0.032165
v -0.375084 -0.401883 -0.015088
v -0.376346 -0.401876 0.008040
v -0.350423 -0.405904 0.016324
v -0.368000 -0.401883 0.029643
v -0.339107 -0.405836 0.029730
v -0.355990 -0.401883 0.043688
v -0.321052 -0.405646 0.036882
v -0.330717 -0.407002 0.024018
v -0.331422 -0.407833 0.012520
v -0.310938 -0.408087 0.012766
v -0.305416 -0.405641 0.035211
v -0.317747 -0.408530 0.003172
v -0.332645 -0.408035 -0.008841
v -0.351221 -0.406331 -0.008666
v -0.350806 -0.406501 0.002577
v -0.292299 -0.407226 0.006455
v -0.303112 -0.408016 -0.009958
v -0.296183 -0.405832 -0.032267
v -0.286769 -0.401883 -0.051624
v -0.303246 -0.401911 -0.058427
v -0.307165 -0.400931 -0.067439
v -0.348388 -0.400934 -0.061593
v -0.341561 -0.401818 -0.055723
v -0.379257 -0.400932 -0.028429
v -0.383826 -0.400931 0.009224
v -0.380658 -0.400805 0.028416
v -0.348388 -0.400934 0.059076
v -0.335737 -0.402007 0.054476
v -0.313046 -0.401883 0.057641
v -0.307165 -0.400931 0.064922
v -0.289136 -0.401913 0.050486
v -0.278408 -0.400931 0.052751
v -0.272691 -0.401881 0.037091
v -0.268904 -0.400851 0.048806
v -0.284877 -0.405902 0.016345
v -0.263040 -0.401881 0.021323
v -0.251466 -0.400931 0.009220
v -0.258733 -0.401881 0.003345
v -0.261719 -0.401975 -0.019439
v -0.256037 -0.400932 -0.028431
v -0.272721 -0.401883 -0.039625
v -0.278408 -0.400931 -0.055269
v -0.281536 -0.400965 -0.061976
v -0.306559 -0.400963 -0.071257
v -0.265748 -0.401968 -0.053156
v -0.274524 -0.401952 -0.060611
v -0.284327 -0.401968 -0.066654
v -0.280980 -0.407959 -0.073220
v -0.294975 -0.401952 -0.071032
v -0.271519 -0.406407 -0.064747
v -0.293396 -0.406407 -0.075894
v -0.306164 -0.401968 -0.073750
v -0.305371 -0.406407 -0.078763
v -0.299435 -0.408594 -0.081806
v -0.317646 -0.409948 -0.088733
v -0.290776 -0.409950 -0.083958
v -0.317646 -0.407568 -0.081323
v -0.317646 -0.401952 -0.074623
v -0.329128 -0.401968 -0.073750
v -0.329922 -0.406407 -0.078763
v -0.341897 -0.406407 -0.075894
v -0.349828 -0.409949 -0.082295
v -0.335858 -0.408594 -0.081806
v -0.363773 -0.406407 -0.064747
v -0.354312 -0.407959 -0.073220
v -0.373292 -0.409949 -0.068386
v -0.372104 -0.408594 -0.063338
v -0.373133 -0.406407 -0.056745
v -0.387995 -0.409950 -0.052370
v -0.382421 -0.407568 -0.048319
v -0.369544 -0.401969 -0.053157
v -0.376998 -0.401952 -0.044381
v -0.383040 -0.401968 -0.034579
v -0.387564 -0.406407 -0.036883
v -0.400840 -0.409948 -0.028287
v -0.393515 -0.408594 -0.033868
v -0.392282 -0.406407 -0.025509
v -0.387419 -0.401952 -0.023930
v -0.390137 -0.401968 -0.012739
v -0.396123 -0.406367 -0.006276
v -0.404661 -0.409949 0.004308
v -0.399879 -0.408594 -0.008832
v -0.392282 -0.406407 0.022992
v -0.395150 -0.406407 0.011017
v -0.398684 -0.409949 0.030920
v -0.398194 -0.408594 0.016953
v -0.389609 -0.407960 0.035408
v -0.379724 -0.408594 0.053200
v -0.387995 -0.409950 0.049852
v -0.381135 -0.406407 0.044868
v -0.383040 -0.401968 0.032062
v -0.376998 -0.401952 0.041863
v -0.369544 -0.401969 0.050640
v -0.373133 -0.406407 0.054228
v -0.369061 -0.409948 0.069510
v -0.359858 -0.408594 0.069718
v -0.363773 -0.406407 0.062230
v -0.360769 -0.401952 0.058094
v -0.350967 -0.401968 0.064136
v -0.353271 -0.406407 0.068659
v -0.339244 -0.409949 0.083217
v -0.341897 -0.406407 0.073376
v -0.329127 -0.401968 0.071232
v -0.335858 -0.408594 0.079288
v -0.329922 -0.406407 0.076245
v -0.317646 -0.407568 0.078806
v -0.317646 -0.401952 0.072105
v -0.306165 -0.401968 0.071232
v -0.305371 -0.406407 0.076245
v -0.299435 -0.408594 0.079288
v -0.312083 -0.409949 0.085756
v -0.290776 -0.409950 0.081441
v -0.293396 -0.406407 0.073376
v -0.294975 -0.401952 0.068514
v -0.284327 -0.401968 0.064136
v -0.282022 -0.406407 0.068659
v -0.275436 -0.408594 0.069719
v -0.271003 -0.409949 0.072409
v -0.271519 -0.406407 0.062230
v -0.281334 -0.409822 0.083226
v -0.273996 -0.408249 0.084410
v -0.261127 -0.408249 0.076533
v -0.287932 -0.408249 0.090191
v -0.257003 -0.409822 0.067870
v -0.249659 -0.408249 0.066729
v -0.250522 -0.409949 0.054390
v -0.239854 -0.408249 0.055260
v -0.238610 -0.409822 0.045746
v -0.231977 -0.408249 0.042392
v -0.226196 -0.408249 0.028455
v -0.234454 -0.409948 0.025774
v -0.227953 -0.409822 0.019025
v -0.222681 -0.408249 0.013782
v -0.230691 -0.409950 -0.001259
v -0.221490 -0.408249 -0.001259
v -0.222681 -0.408249 -0.016300
v -0.226196 -0.408249 -0.030973
v -0.233171 -0.409949 -0.022855
v -0.226532 -0.409825 -0.015693
v -0.231977 -0.408249 -0.044909
v -0.246877 -0.409948 -0.052674
v -0.239854 -0.408249 -0.057778
v -0.238610 -0.409822 -0.048264
v -0.249659 -0.408249 -0.069246
v -0.257003 -0.409822 -0.070387
v -0.261127 -0.408249 -0.079051
v -0.271003 -0.409949 -0.074927
v -0.281334 -0.409822 -0.085744
v -0.263186 -0.408594 -0.063336
v -0.262160 -0.406407 -0.056745
v -0.254158 -0.406407 -0.047386
v -0.246669 -0.408594 -0.043470
v -0.237100 -0.408594 -0.019474
v -0.247729 -0.406407 -0.036883
v -0.243011 -0.406407 -0.025509
v -0.245155 -0.401968 -0.012740
v -0.240142 -0.406407 -0.013534
v -0.247873 -0.401952 -0.023929
v -0.252251 -0.401969 -0.034580
v -0.237582 -0.407568 -0.001259
v -0.245155 -0.401968 0.010223
v -0.240142 -0.406407 0.011017
v -0.244282 -0.401952 -0.001259
v -0.243011 -0.406407 0.022992
v -0.237100 -0.408594 0.016956
v -0.245685 -0.407958 0.035407
v -0.254158 -0.406407 0.044868
v -0.255568 -0.408594 0.053201
v -0.262160 -0.406407 0.054228
v -0.265748 -0.401968 0.050638
v -0.274524 -0.401952 0.058094
v -0.258293 -0.401952 0.041864
v -0.256930 -0.400965 0.034855
v -0.248742 -0.400965 0.014324
v -0.247649 -0.400963 -0.012347
v -0.260103 -0.400963 -0.043070
v -0.258293 -0.401952 -0.044381
v -0.252251 -0.401969 0.032062
v -0.247873 -0.401952 0.021412
v -0.281536 -0.400965 0.059459
v -0.306559 -0.400963 0.068739
v -0.339626 -0.400963 0.066389
v -0.340317 -0.401952 0.068514
v -0.367758 -0.400963 0.048855
v -0.390137 -0.401968 0.010222
v -0.387419 -0.401952 0.021412
v -0.387645 -0.400963 0.009824
v -0.391010 -0.401952 -0.001259
v -0.385294 -0.400963 -0.023240
v -0.367758 -0.400963 -0.051373
v -0.350967 -0.401968 -0.066654
v -0.360769 -0.401952 -0.060611
v -0.340316 -0.401952 -0.071032
v -0.339626 -0.400963 -0.068907
v -0.287932 -0.408249 -0.092709
v -0.273996 -0.408249 -0.086928
v -0.272088 -0.404744 -0.090673
v -0.258985 -0.405266 -0.081998
v -0.255234 -0.396462 -0.087161
v -0.284835 -0.396464 -0.102242
v -0.286806 -0.405266 -0.096174
v -0.301947 -0.404744 -0.100375
v -0.302605 -0.408249 -0.096224
v -0.317646 -0.396464 -0.107439
v -0.317646 -0.405266 -0.101059
v -0.317646 -0.408249 -0.097415
v -0.333344 -0.404744 -0.100375
v -0.332687 -0.408249 -0.096224
v -0.309218 -0.409822 -0.092830
v -0.337926 -0.409822 -0.090953
v -0.347360 -0.408249 -0.092709
v -0.348486 -0.405266 -0.096174
v -0.363205 -0.404744 -0.090673
v -0.361297 -0.408249 -0.086928
v -0.359279 -0.409821 -0.082967
v -0.378290 -0.409822 -0.070386
v -0.374165 -0.408249 -0.079051
v -0.376307 -0.405266 -0.081998
v -0.388606 -0.404744 -0.072218
v -0.385634 -0.408249 -0.069246
v -0.399841 -0.409825 -0.043143
v -0.395438 -0.408249 -0.057778
v -0.398386 -0.405266 -0.059920
v -0.407060 -0.404744 -0.046817
v -0.403315 -0.408249 -0.044909
v -0.409096 -0.408249 -0.030973
v -0.412561 -0.405266 -0.032099
v -0.416763 -0.404744 -0.016957
v -0.412611 -0.408249 -0.016300
v -0.408221 -0.409821 -0.015604
v -0.409217 -0.409822 0.007171
v -0.413802 -0.408249 -0.001259
v -0.417446 -0.405266 -0.001259
v -0.416763 -0.404744 0.014440
v -0.412611 -0.408249 0.013782
v -0.399841 -0.409825 0.040626
v -0.409096 -0.408249 0.028455
v -0.412561 -0.405266 0.029581
v -0.407060 -0.404744 0.044300
v -0.403315 -0.408249 0.042392
v -0.395438 -0.408249 0.055260
v -0.398386 -0.405266 0.057402
v -0.388606 -0.404744 0.069701
v -0.385634 -0.408249 0.066729
v -0.378290 -0.409822 0.067869
v -0.374165 -0.408249 0.076533
v -0.376307 -0.405266 0.079481
v -0.363205 -0.404744 0.088156
v -0.361297 -0.408249 0.084410
v -0.359279 -0.409821 0.080450
v -0.347360 -0.408249 0.090191
v -0.337925 -0.409822 0.088435
v -0.332687 -0.408249 0.093706
v -0.317646 -0.408249 0.094897
v -0.309217 -0.409822 0.090312
v -0.302605 -0.408249 0.093706
v -0.301947 -0.404743 0.097858
v -0.286806 -0.405266 0.093656
v -0.284836 -0.396469 0.099722
v -0.317646 -0.405266 0.098541
v -0.317646 -0.396468 0.104919
v -0.300502 -0.390714 0.106988
v -0.299702 -0.381252 0.112036
v -0.317646 -0.381252 0.113457
v -0.282197 -0.381252 0.107842
v -0.265571 -0.381252 0.100946
v -0.267891 -0.390714 0.096392
v -0.250218 -0.381252 0.091548
v -0.255234 -0.396462 0.084644
v -0.246687 -0.404743 0.069701
v -0.258985 -0.405266 0.079481
v -0.272088 -0.404744 0.088156
v -0.240150 -0.390714 0.076237
v -0.236536 -0.381252 0.079851
v -0.231745 -0.396465 0.061152
v -0.224839 -0.381252 0.066169
v -0.215442 -0.381252 0.050817
v -0.219996 -0.390714 0.048497
v -0.208545 -0.381252 0.034190
v -0.216663 -0.396464 0.031553
v -0.218530 -0.404744 0.014440
v -0.222731 -0.405266 0.029581
v -0.228231 -0.404742 0.044301
v -0.209400 -0.390714 0.015886
v -0.204352 -0.381252 0.016685
v -0.211468 -0.396467 -0.001259
v -0.202931 -0.381252 -0.001259
v -0.204352 -0.381252 -0.019203
v -0.209400 -0.390714 -0.018403
v -0.208545 -0.381252 -0.036708
v -0.216663 -0.396464 -0.034070
v -0.228231 -0.404742 -0.046818
v -0.222731 -0.405266 -0.032099
v -0.218530 -0.404744 -0.016957
v -0.219996 -0.390714 -0.051014
v -0.215442 -0.381252 -0.053335
v -0.231745 -0.396466 -0.063670
v -0.224839 -0.381252 -0.068687
v -0.236536 -0.381252 -0.082369
v -0.240150 -0.390714 -0.078755
v -0.250218 -0.381252 -0.094066
v -0.246687 -0.404743 -0.072219
v -0.236907 -0.405266 -0.059920
v -0.265571 -0.381252 -0.103463
v -0.267891 -0.390714 -0.098909
v -0.282197 -0.381252 -0.110360
v -0.300502 -0.390714 -0.109505
v -0.299702 -0.381252 -0.114553
v -0.317646 -0.381252 -0.115974
v -0.334791 -0.390714 -0.109505
v -0.335590 -0.381252 -0.114553
v -0.353095 -0.381252 -0.110360
v -0.367402 -0.390714 -0.098909
v -0.369722 -0.381252 -0.103463
v -0.385074 -0.381252 -0.094066
v -0.395142 -0.390714 -0.078755
v -0.398756 -0.381252 -0.082369
v -0.410453 -0.381252 -0.068687
v -0.415297 -0.390714 -0.051014
v -0.419851 -0.381252 -0.053335
v -0.426747 -0.381252 -0.036708
v -0.425893 -0.390714 -0.018403
v -0.430941 -0.381252 -0.019203
v -0.432362 -0.381252 -0.001259
v -0.425893 -0.390714 0.015886
v -0.430941 -0.381252 0.016685
v -0.426747 -0.381252 0.034190
v -0.415297 -0.390714 0.048497
v -0.419851 -0.381252 0.050817
v -0.410453 -0.381252 0.066169
v -0.395142 -0.390714 0.076237
v -0.398756 -0.381252 0.079851
v -0.385074 -0.381252 0.091548
v -0.367402 -0.390714 0.096392
v -0.369722 -0.381252 0.100946
v -0.353095 -0.381252 0.107842
v -0.335590 -0.381252 0.112036
v -0.334791 -0.390714 0.106988
v -0.350457 -0.396469 0.099722
v -0.333345 -0.404744 0.097858
v -0.348486 -0.405266 0.093656
v -0.380057 -0.396466 0.084642
v -0.403547 -0.396467 0.061151
v -0.418626 -0.396471 0.031551
v -0.423825 -0.396467 -0.001259
v -0.418626 -0.396471 -0.034069
v -0.403546 -0.396468 -0.063669
v -0.380057 -0.396466 -0.087159
v -0.350459 -0.396463 -0.102243
v -0.217847 -0.405266 -0.001259
v -0.236907 -0.405266 0.057402
v -0.284861 -0.405899 -0.018864
v -0.282475 -0.406251 -0.002912
v -0.291540 -0.405621 0.027211
v -0.306289 -0.407089 0.024163
vn -0.0241 0.9979 0.0604
vn -0.0938 0.9872 0.1289
vn -0.0444 0.9857 0.1627
vn -0.0575 0.9975 0.0412
vn -0.3122 0.8980 0.3100
vn -0.2712 0.8872 0.3732
vn -0.1954 0.9001 0.3893
vn -0.5111 0.4939 0.7034
vn -0.3948 0.4938 0.7748
vn -0.2687 0.4938 0.8270
vn -0.1424 0.8947 0.4234
vn -0.0669 0.8954 0.4402
vn -0.0004 0.9890 0.1477
vn -0.1360 0.4939 0.8588
vn -0.0000 0.4939 0.8695
vn -0.0000 0.8932 0.4497
vn 0.1360 0.4939 0.8588
vn 0.0669 0.8954 0.4402
vn 0.1558 -0.0867 0.9840
vn -0.0000 -0.0868 0.9962
vn -0.1558 -0.0867 0.9840
vn 0.2687 0.4939 0.8270
vn 0.0413 0.9863 0.1598
vn 0.1424 0.8947 0.4234
vn 0.0812 0.9874 0.1355
vn 0.0177 0.9979 0.0620
vn 0.2061 0.8949 0.3958
vn -0.0000 1.0000 -0.0000
vn 0.0861 0.9949 0.0516
vn 0.1234 0.9869 0.1036
vn 0.3183 0.8949 0.3128
vn 0.2662 0.8947 0.3587
vn 0.5111 0.4939 0.7035
vn 0.6148 0.4939 0.6148
vn 0.7045 -0.0857 0.7045
vn 0.5856 -0.0866 0.8060
vn 0.4523 -0.0857 0.8877
vn 0.3948 0.4939 0.7748
vn 0.4167 -0.3967 0.8179
vn 0.5396 -0.3967 0.7426
vn 0.2837 -0.3967 0.8730
vn 0.3079 -0.0864 0.9475
vn 0.1436 -0.3967 0.9067
vn -0.0000 -0.3966 0.9180
vn -0.1436 -0.3967 0.9067
vn -0.2837 -0.3967 0.8730
vn -0.3079 -0.0862 0.9475
vn -0.4523 -0.0867 0.8876
vn -0.4167 -0.3967 0.8179
vn -0.5396 -0.3967 0.7426
vn -0.7044 -0.0868 0.7044
vn -0.6491 -0.3967 0.6491
vn -0.5856 -0.0866 0.8060
vn -0.6149 0.4938 0.6149
vn -0.7035 0.4939 0.5111
vn -0.8060 -0.0867 0.5856
vn -0.7426 -0.3967 0.5396
vn -0.8877 -0.0866 0.4523
vn -0.8179 -0.3967 0.4168
vn -0.8730 -0.3967 0.2837
vn -0.9840 -0.0862 0.1558
vn -0.9067 -0.3967 0.1436
vn -0.9475 -0.0866 0.3079
vn -0.8270 0.4939 0.2687
vn -0.8588 0.4939 0.1360
vn -0.4362 0.8969 0.0733
vn -0.7748 0.4939 0.3948
vn -0.3955 0.8954 0.2046
vn -0.4262 0.8947 0.1337
vn -0.1301 0.9869 0.0956
vn -0.1439 0.9882 0.0521
vn -0.3638 0.8932 0.2643
vn -0.1593 0.9872 0.0087
vn -0.0984 0.9950 -0.0151
vn -0.1996 0.9500 0.2401
vn -0.5141 0.6995 0.4964
vn -0.5792 0.6885 0.4365
vn -0.2644 0.9499 0.1667
vn -0.4164 0.6753 0.6088
vn -0.0884 0.9559 0.2799
vn -0.3654 0.6480 0.6682
vn -0.2084 0.7383 0.6415
vn -0.0972 0.6481 0.7553
vn -0.0213 0.6329 0.7739
vn 0.0441 0.9521 0.3026
vn 0.1073 0.7276 0.6775
vn 0.2416 0.6625 0.7090
vn 0.1595 0.9500 0.2684
vn 0.3133 0.6995 0.6423
vn 0.4503 0.6753 0.5841
vn 0.2354 0.9567 0.1711
vn 0.5226 0.6481 0.5540
vn 0.5456 0.7383 0.3965
vn 0.6884 0.6480 0.3259
vn 0.6947 0.6753 0.2478
vn 0.3013 0.9508 0.0715
vn 0.7077 0.6995 0.0995
vn 0.7251 0.6885 0.0128
vn 0.3058 0.9517 -0.0280
vn 0.7038 0.6995 -0.1240
vn -0.0001 1.0000 -0.0000
vn 0.2830 0.9504 -0.1292
vn 0.6936 0.6885 -0.2119
vn 0.6310 0.6995 -0.3355
vn 0.5942 0.6885 -0.4158
vn 0.2324 0.9509 -0.2045
vn 0.4965 0.6995 -0.5140
vn 0.1331 0.9524 -0.2744
vn 0.4490 0.6625 -0.5996
vn 0.3115 0.7276 -0.6112
vn 0.2212 0.6626 -0.7156
vn 0.0259 0.9500 -0.3111
vn 0.1241 0.6995 -0.7038
vn -0.0210 0.6752 -0.7373
vn -0.0955 0.9562 -0.2768
vn -0.0972 0.6481 -0.7553
vn -0.2084 0.7383 -0.6415
vn -0.3654 0.6480 -0.6683
vn -0.4164 0.6753 -0.6088
vn -0.2041 0.9508 -0.2330
vn -0.5140 0.6995 -0.4964
vn -0.5791 0.6885 -0.4366
vn -0.2663 0.9509 -0.1578
vn -0.6423 0.6995 -0.3133
vn -0.7490 0.6625 0.0107
vn -0.6776 0.7276 -0.1074
vn -0.3011 0.9526 -0.0428
vn -0.7090 0.6625 -0.2417
vn -0.3026 0.9503 0.0733
vn -0.7077 0.6995 0.0995
vn -0.6857 0.6885 0.2362
vn -0.3913 0.8980 -0.2011
vn -0.4388 0.8872 -0.1426
vn -0.1674 0.9845 -0.0528
vn -0.4306 0.9002 -0.0655
vn -0.4496 0.8932 0.0027
vn -0.8695 0.4939 -0.0000
vn -0.9840 -0.0867 -0.1558
vn -0.9962 -0.0868 -0.0000
vn -0.8588 0.4939 -0.1360
vn -0.9180 -0.3966 -0.0000
vn -0.9067 -0.3967 -0.1436
vn -0.8730 -0.3967 -0.2837
vn -0.8877 -0.0867 -0.4523
vn -0.8179 -0.3966 -0.4168
vn -0.9475 -0.0863 -0.3079
vn -0.8270 0.4938 -0.2687
vn -0.7748 0.4938 -0.3948
vn -0.7035 0.4939 -0.5111
vn -0.7045 -0.0864 -0.7045
vn -0.8060 -0.0865 -0.5856
vn -0.6148 0.4939 -0.6149
vn -0.3168 0.8954 -0.3129
vn -0.3638 0.8932 -0.2643
vn -0.1163 0.9896 -0.0841
vn -0.1049 0.9860 -0.1294
vn -0.0368 0.9975 -0.0605
vn 0.0651 0.8969 -0.4374
vn -0.0027 0.8932 -0.4496
vn -0.0136 0.9855 -0.1693
vn 0.0430 0.9874 -0.1520
vn 0.0028 0.9979 -0.0643
vn -0.0747 0.8968 -0.4360
vn -0.0571 0.9877 -0.1456
vn -0.1415 0.8932 -0.4268
vn -0.2058 0.8968 -0.3916
vn -0.2664 0.8933 -0.3621
vn -0.5111 0.4939 -0.7035
vn -0.4523 -0.0865 -0.8877
vn -0.5856 -0.0866 -0.8060
vn -0.3948 0.4939 -0.7748
vn -0.5396 -0.3967 -0.7426
vn -0.4167 -0.3967 -0.8179
vn -0.6491 -0.3967 -0.6491
vn -0.7426 -0.3967 -0.5396
vn -0.2837 -0.3967 -0.8730
vn -0.1558 -0.0866 -0.9840
vn -0.1436 -0.3967 -0.9067
vn -0.3079 -0.0865 -0.9475
vn -0.0000 -0.3967 -0.9180
vn 0.1558 -0.0866 -0.9840
vn 0.1436 -0.3966 -0.9067
vn -0.0000 -0.0865 -0.9962
vn -0.0000 0.4939 -0.8695
vn 0.1360 0.4939 -0.8588
vn -0.1360 0.4938 -0.8589
vn -0.2687 0.4939 -0.8270
vn 0.2687 0.4939 -0.8270
vn 0.4523 -0.0864 -0.8877
vn 0.3079 -0.0867 -0.9475
vn 0.3948 0.4939 -0.7748
vn 0.1971 0.8969 -0.3959
vn 0.1424 0.8947 -0.4234
vn 0.0944 0.9853 -0.1426
vn 0.0361 0.9979 -0.0545
vn 0.1506 0.9885 0.0110
vn 0.1702 0.9838 -0.0563
vn 0.0628 0.9978 -0.0190
vn 0.4345 0.8975 -0.0748
vn 0.4467 0.8947 -0.0046
vn 0.4362 0.8969 0.0733
vn 0.1518 0.9866 0.0603
vn 0.4262 0.8947 0.1337
vn 0.3922 0.8969 0.2045
vn 0.3641 0.8947 0.2589
vn 0.7035 0.4939 0.5111
vn 0.8060 -0.0867 0.5856
vn 0.8876 -0.0868 0.4523
vn 0.7748 0.4939 0.3947
vn 0.8179 -0.3966 0.4168
vn 0.8730 -0.3967 0.2837
vn 0.9475 -0.0865 0.3079
vn 0.8270 0.4939 0.2687
vn 0.7426 -0.3967 0.5396
vn 0.6491 -0.3967 0.6491
vn 0.8589 0.4938 0.1360
vn 0.9840 -0.0863 0.1558
vn 0.9067 -0.3967 0.1436
vn 0.9180 -0.3967 -0.0000
vn 0.9962 -0.0865 -0.0000
vn 0.8695 0.4939 -0.0000
vn 0.9840 -0.0866 -0.1558
vn 0.8588 0.4939 -0.1360
vn 0.9067 -0.3966 -0.1436
vn 0.8730 -0.3967 -0.2837
vn 0.9475 -0.0867 -0.3079
vn 0.8270 0.4939 -0.2687
vn 0.7748 0.4939 -0.3947
vn 0.3867 0.9002 -0.2004
vn 0.8876 -0.0866 -0.4523
vn 0.4388 0.8872 -0.1426
vn 0.7035 0.4939 -0.5111
vn 0.1185 0.9875 -0.1038
vn 0.3641 0.8947 -0.2589
vn 0.3183 0.8949 -0.3128
vn 0.5111 0.4939 -0.7035
vn 0.2662 0.8947 -0.3587
vn 0.6148 0.4939 -0.6148
vn 0.7044 -0.0868 -0.7044
vn 0.6491 -0.3967 -0.6491
vn 0.5396 -0.3967 -0.7426
vn 0.5856 -0.0867 -0.8060
vn 0.7426 -0.3967 -0.5396
vn 0.8060 -0.0868 -0.5856
vn 0.8179 -0.3967 -0.4167
vn 0.4167 -0.3967 -0.8179
vn 0.2837 -0.3967 -0.8730
vn -0.6423 0.6995 0.3133
vn -0.7985 0.1606 0.5801
vn -0.6979 0.1606 0.6979
vn -0.7071 -0.0017 0.7071
vn -0.5805 0.1608 0.7982
vn -0.8090 -0.0017 0.5878
vn -0.5878 -0.0017 0.8090
vn -0.8910 -0.0016 0.4540
vn -0.8794 0.1606 0.4481
vn -0.5717 0.7075 0.4154
vn -0.4154 0.7076 0.5717
vn -0.4997 0.7075 0.4997
vn -0.6297 0.7075 0.3208
vn -0.6721 0.7076 0.2183
vn -0.9387 0.1607 0.3050
vn -0.9750 0.1608 0.1536
vn -0.6980 0.7075 0.1105
vn -0.9870 0.1607 -0.0000
vn -0.7067 0.7076 -0.0000
vn -0.9750 0.1600 -0.1544
vn -0.6980 0.7075 -0.1105
vn -0.6721 0.7075 -0.2184
vn -0.9388 0.1602 -0.3050
vn -0.8792 0.1607 -0.4486
vn -0.6297 0.7075 -0.3208
vn -0.7985 0.1606 -0.5802
vn -0.5717 0.7075 -0.4154
vn -0.6980 0.1602 -0.6980
vn -0.4997 0.7075 -0.4997
vn -0.4153 0.7076 -0.5717
vn -0.5801 0.1607 -0.7985
vn -0.4478 0.1607 -0.8796
vn -0.3208 0.7075 -0.6297
vn -0.3050 0.1606 -0.9387
vn -0.2184 0.7076 -0.6721
vn -0.4540 -0.0016 -0.8910
vn -0.7071 -0.0017 -0.7071
vn -0.5878 -0.0017 -0.8090
vn -0.8090 -0.0017 -0.5878
vn -0.8910 -0.0016 -0.4539
vn -0.9511 -0.0017 -0.3090
vn -0.9877 -0.0016 -0.1565
vn -1.0000 -0.0017 -0.0000
vn -0.9877 -0.0016 0.1565
vn -0.9511 -0.0017 0.3090
vn 0.9877 -0.0016 0.1564
vn 0.9511 -0.0017 0.3090
vn 0.9387 0.1606 0.3050
vn 0.9747 0.1610 0.1550
vn 0.9870 0.1607 -0.0000
vn 1.0000 -0.0017 -0.0000
vn 0.8910 -0.0016 0.4540
vn 0.7984 0.1611 0.5801
vn 0.8793 0.1604 0.4485
vn 0.8090 -0.0017 0.5878
vn 0.7071 -0.0017 0.7071
vn 0.6975 0.1607 0.6984
vn 0.5878 -0.0017 0.8090
vn 0.5801 0.1607 0.7985
vn 0.4540 -0.0017 0.8910
vn 0.3050 0.1607 0.9387
vn 0.4476 0.1612 0.8796
vn 0.3090 -0.0017 0.9511
vn 0.1564 -0.0017 0.9877
vn -0.0000 -0.0017 1.0000
vn -0.0000 0.1608 0.9870
vn 0.1537 0.1610 0.9749
vn -0.1564 -0.0017 0.9877
vn -0.3050 0.1607 0.9387
vn -0.1551 0.1603 0.9748
vn -0.3090 -0.0017 0.9511
vn -0.4540 -0.0017 0.8910
vn -0.4487 0.1607 0.8791
vn -0.3209 0.7075 0.6297
vn -0.2184 0.7076 0.6720
vn -0.1106 0.7075 0.6980
vn -0.0000 0.7075 0.7067
vn 0.1105 0.7075 0.6980
vn 0.2183 0.7076 0.6721
vn 0.3208 0.7075 0.6297
vn 0.4153 0.7076 0.5717
vn 0.4997 0.7075 0.4997
vn 0.5717 0.7076 0.4154
vn 0.6296 0.7075 0.3208
vn 0.6721 0.7075 0.2184
vn 0.6980 0.7075 0.1105
vn 0.7066 0.7076 -0.0000
vn 0.6980 0.7075 -0.1105
vn 0.9750 0.1600 -0.1541
vn 0.6721 0.7076 -0.2183
vn 0.9399 0.1602 -0.3015
vn 0.9877 -0.0017 -0.1564
vn 0.9567 0.0542 -0.2860
vn -0.3090 -0.0017 -0.9510
vn -0.1564 -0.0016 -0.9877
vn -0.0000 0.1607 -0.9870
vn -0.1538 0.1610 -0.9749
vn -0.0000 -0.0017 -1.0000
vn 0.1564 -0.0016 -0.9877
vn 0.3090 -0.0017 -0.9510
vn 0.3050 0.1606 -0.9387
vn 0.1550 0.1610 -0.9747
vn 0.4540 -0.0016 -0.8910
vn 0.5802 0.1607 -0.7985
vn 0.4484 0.1610 -0.8792
vn 0.5878 -0.0017 -0.8090
vn 0.7071 -0.0016 -0.7071
vn 0.8090 -0.0017 -0.5878
vn 0.7985 0.1607 -0.5802
vn 0.6983 0.1610 -0.6975
vn 0.8910 -0.0016 -0.4540
vn 0.9376 0.1602 -0.3085
vn 0.8798 0.1604 -0.4475
vn 0.9421 0.0542 -0.3310
vn 0.6720 0.7076 -0.2184
vn 0.6297 0.7075 -0.3208
vn 0.5717 0.7076 -0.4153
vn 0.4997 0.7075 -0.4997
vn 0.4153 0.7076 -0.5717
vn 0.3208 0.7075 -0.6297
vn 0.2184 0.7075 -0.6721
vn 0.1106 0.7075 -0.6980
vn -0.0000 0.7076 -0.7067
vn -0.1106 0.7075 -0.6980
vn -0.0038 -0.4897 0.8719
vn -0.1257 -0.5953 0.7936
vn -0.1511 -0.2700 0.9509
vn -0.0933 -0.8327 0.5458
vn 0.1521 -0.2711 0.9505
vn 0.1410 -0.5840 0.7994
vn 0.0505 -0.8341 0.5493
vn 0.2686 -0.4951 0.8263
vn 0.1812 -0.8303 0.5270
vn 0.0908 -0.9324 0.3498
vn -0.0253 -0.9343 0.3555
vn 0.0359 -0.9316 0.3617
vn -0.0614 -0.9314 0.3588
vn 0.1440 -0.9316 0.3337
vn 0.1142 -0.8863 0.4488
vn -0.0309 -0.8858 0.4631
vn 0.2439 -0.8861 0.3942
vn 0.1909 -0.9324 0.3067
vn 0.2463 -0.9297 0.2739
vn 0.3873 -0.8367 0.3873
vn 0.3258 -0.8354 0.4428
vn 0.3317 -0.8849 0.3268
vn 0.2453 -0.8364 0.4901
vn 0.2596 -0.8204 0.5095
vn 0.1767 -0.8204 0.5438
vn 0.1733 -0.8354 0.5216
vn 0.3361 -0.8204 0.4626
vn 0.4043 -0.8204 0.4043
vn 0.4626 -0.8204 0.3361
vn 0.4427 -0.8353 0.3261
vn 0.4914 -0.8349 0.2479
vn 0.5095 -0.8204 0.2596
vn 0.5438 -0.8204 0.1767
vn 0.5231 -0.8351 0.1700
vn 0.5430 -0.8351 0.0882
vn 0.5648 -0.8204 0.0895
vn 0.5718 -0.8204 -0.0000
vn 0.5497 -0.8354 -0.0037
vn 0.5418 -0.8365 -0.0820
vn 0.5648 -0.8204 -0.0895
vn 0.5438 -0.8204 -0.1767
vn 0.5216 -0.8354 -0.1733
vn 0.4901 -0.8364 -0.2455
vn 0.5095 -0.8204 -0.2596
vn 0.4626 -0.8204 -0.3361
vn 0.4425 -0.8354 -0.3260
vn 0.3873 -0.8366 -0.3873
vn 0.4043 -0.8204 -0.4043
vn 0.3361 -0.8204 -0.4626
vn 0.3259 -0.8355 -0.4424
vn 0.2478 -0.8351 -0.4911
vn 0.2596 -0.8204 -0.5095
vn 0.1767 -0.8204 -0.5438
vn 0.1700 -0.8352 -0.5230
vn 0.0882 -0.8348 -0.5434
vn 0.0895 -0.8204 -0.5648
vn -0.0000 -0.8204 -0.5718
vn -0.0037 -0.8355 -0.5495
vn -0.0820 -0.8365 -0.5417
vn -0.0895 -0.8204 -0.5648
vn -0.1767 -0.8204 -0.5438
vn -0.1733 -0.8354 -0.5216
vn -0.2454 -0.8365 -0.4899
vn -0.2596 -0.8204 -0.5095
vn -0.3361 -0.8204 -0.4626
vn -0.3260 -0.8354 -0.4425
vn -0.3849 -0.8365 -0.3901
vn -0.4043 -0.8204 -0.4043
vn -0.4626 -0.8204 -0.3361
vn -0.4468 -0.8354 -0.3201
vn -0.4880 -0.8366 -0.2487
vn -0.5095 -0.8204 -0.2596
vn -0.5438 -0.8204 -0.1767
vn -0.5216 -0.8354 -0.1733
vn -0.5439 -0.8350 -0.0839
vn -0.5648 -0.8204 -0.0894
vn -0.5718 -0.8204 -0.0000
vn -0.5500 -0.8352 -0.0000
vn -0.5441 -0.8348 0.0840
vn -0.5648 -0.8204 0.0894
vn -0.5438 -0.8204 0.1767
vn -0.5216 -0.8354 0.1733
vn -0.4885 -0.8363 0.2489
vn -0.5095 -0.8204 0.2596
vn -0.4626 -0.8204 0.3361
vn -0.4468 -0.8354 0.3201
vn -0.3875 -0.8351 0.3906
vn -0.4043 -0.8204 0.4043
vn -0.3361 -0.8204 0.4626
vn -0.3233 -0.8351 0.4450
vn -0.2517 -0.8350 0.4892
vn -0.2596 -0.8204 0.5095
vn -0.1767 -0.8204 0.5438
vn -0.1663 -0.8355 0.5237
vn -0.0895 -0.8361 0.5412
vn -0.0894 -0.8204 0.5648
vn -0.0000 -0.8204 0.5718
vn 0.0037 -0.8354 0.5496
vn 0.0820 -0.8365 0.5418
vn 0.0894 -0.8204 0.5648
vn -0.1715 -0.8848 0.4333
vn -0.1469 -0.9312 0.3335
vn -0.2702 -0.8863 0.3762
vn -0.2439 -0.9296 0.2764
vn -0.2981 -0.8615 0.4110
vn -0.1258 -0.9341 0.3341
vn -0.2284 -0.8427 0.4876
vn -0.5075 -0.5056 0.6977
vn -0.3768 -0.5859 0.7175
vn -0.2661 -0.4888 0.8308
vn -0.4376 -0.2699 0.8577
vn -0.5814 -0.1465 0.8003
vn -0.4519 -0.0955 0.8869
vn -0.3057 -0.1465 0.9408
vn -0.1557 -0.0956 0.9832
vn -0.0000 -0.1465 0.9892
vn 0.1557 -0.0955 0.9832
vn 0.3057 -0.1465 0.9408
vn 0.4375 -0.2700 0.8577
vn 0.4519 -0.0956 0.8869
vn 0.5815 -0.1465 0.8003
vn 0.5194 -0.4950 0.6966
vn 0.6812 -0.2699 0.6805
vn 0.7039 -0.0956 0.7039
vn 0.8003 -0.1464 0.5815
vn 0.8581 -0.2701 0.4367
vn 0.7018 -0.4887 0.5183
vn 0.8869 -0.0956 0.4519
vn 0.5657 -0.5999 0.5657
vn 0.3677 -0.8560 0.3634
vn 0.7297 -0.5839 0.3558
vn 0.4696 -0.8402 0.2711
vn 0.4797 -0.8640 0.1528
vn 0.2973 -0.9342 0.1971
vn 0.8206 -0.5056 0.2665
vn 0.3109 -0.9311 0.1906
vn 0.3515 -0.9292 0.1141
vn 0.4407 -0.8861 0.1437
vn 0.3906 -0.8864 0.2484
vn 0.3638 -0.9311 0.0284
vn 0.3552 -0.9347 0.0136
vn 0.4632 -0.8858 0.0275
vn 0.3544 -0.9318 -0.0789
vn 0.3457 -0.9342 -0.0886
vn 0.4496 -0.8860 -0.1133
vn 0.5480 -0.8328 -0.0782
vn 0.5360 -0.8417 0.0656
vn 0.8744 -0.4852 -0.0077
vn 0.7936 -0.5954 -0.1257
vn 0.4953 -0.8411 -0.2172
vn 0.8346 -0.4854 -0.2606
vn 0.9510 -0.2700 -0.1506
vn 0.9408 -0.1465 -0.3057
vn 0.9832 -0.0956 -0.1557
vn 0.9892 -0.1464 -0.0000
vn 0.9510 -0.2700 0.1506
vn 0.9832 -0.0956 0.1557
vn 0.9408 -0.1464 0.3057
vn 0.7994 -0.5839 0.1416
vn 0.8577 -0.2699 -0.4376
vn 0.8869 -0.0956 -0.4519
vn 0.8003 -0.1465 -0.5814
vn 0.6805 -0.2701 -0.6811
vn 0.7039 -0.4978 -0.5067
vn 0.7039 -0.0956 -0.7039
vn 0.7165 -0.5839 -0.3817
vn 0.5661 -0.5999 -0.5654
vn 0.3654 -0.8558 -0.3661
vn 0.4503 -0.8279 -0.3344
vn 0.3039 -0.9333 -0.1913
vn 0.2683 -0.8479 -0.4573
vn 0.1881 -0.9332 -0.3063
vn 0.5176 -0.4887 -0.7024
vn 0.2442 -0.9302 -0.2741
vn 0.3128 -0.9317 -0.1846
vn 0.3924 -0.8865 -0.2451
vn 0.2503 -0.8856 -0.3912
vn 0.3310 -0.8849 -0.3276
vn 0.1410 -0.9323 -0.3331
vn 0.1434 -0.8859 -0.4412
vn 0.0886 -0.9327 -0.3496
vn 0.0323 -0.9325 -0.3597
vn -0.0214 -0.9340 -0.3567
vn 0.0276 -0.8858 -0.4632
vn 0.0508 -0.8340 -0.5494
vn 0.1813 -0.8303 -0.5269
vn 0.2686 -0.4951 -0.8262
vn 0.1367 -0.5859 -0.7988
vn -0.0049 -0.4921 -0.8705
vn 0.1506 -0.2700 -0.9510
vn -0.0000 -0.1465 -0.9892
vn 0.1557 -0.0955 -0.9832
vn 0.3057 -0.1465 -0.9408
vn 0.4371 -0.2700 -0.8579
vn 0.4519 -0.0956 -0.8869
vn 0.5814 -0.1465 -0.8003
vn 0.3553 -0.5840 -0.7299
vn -0.1511 -0.2701 -0.9509
vn -0.1557 -0.0956 -0.9832
vn -0.3057 -0.1465 -0.9408
vn -0.4376 -0.2700 -0.8577
vn -0.2622 -0.4850 -0.8343
vn -0.4519 -0.0955 -0.8869
vn -0.1257 -0.5953 -0.7936
vn -0.0933 -0.8327 -0.5458
vn -0.3812 -0.5840 -0.7167
vn -0.2216 -0.8406 -0.4942
vn -0.2995 -0.8637 -0.4054
vn -0.1299 -0.9320 -0.3383
vn -0.5072 -0.5057 -0.6979
vn -0.0780 -0.9320 -0.3540
vn -0.1859 -0.9298 -0.3177
vn -0.1149 -0.8867 -0.4479
vn -0.2465 -0.8861 -0.3926
vn -0.2732 -0.9307 -0.2433
vn -0.2742 -0.9360 -0.2209
vn -0.3541 -0.8853 -0.3015
vn -0.3282 -0.9298 -0.1669
vn -0.3571 -0.9304 -0.0829
vn -0.4494 -0.8857 -0.1162
vn -0.4155 -0.8846 -0.2117
vn -0.3420 -0.9350 -0.0938
vn -0.4605 -0.8562 -0.2343
vn -0.3966 -0.8412 -0.3677
vn -0.7093 -0.4886 -0.5081
vn -0.7129 -0.5999 -0.3632
vn -0.5209 -0.8462 -0.1125
vn -0.8270 -0.4888 -0.2777
vn -0.8579 -0.2701 -0.4371
vn -0.9408 -0.1465 -0.3057
vn -0.8869 -0.0956 -0.4519
vn -0.8003 -0.1465 -0.5814
vn -0.6809 -0.2699 -0.6809
vn -0.7039 -0.0956 -0.7039
vn -0.5814 -0.1465 -0.8003
vn -0.5635 -0.5840 -0.5844
vn -0.9511 -0.2701 -0.1502
vn -0.9832 -0.0956 -0.1557
vn -0.9892 -0.1465 -0.0000
vn -0.9510 -0.2699 0.1511
vn -0.8628 -0.5055 -0.0000
vn -0.9832 -0.0956 0.1557
vn -0.8040 -0.5840 -0.1123
vn -0.8040 -0.5840 0.1118
vn -0.5253 -0.8430 0.1157
vn -0.5053 -0.8629 0.0026
vn -0.3435 -0.9342 0.0961
vn -0.8270 -0.4889 0.2778
vn -0.3545 -0.9312 0.0850
vn -0.3694 -0.9293 0.0001
vn -0.4636 -0.8860 -0.0000
vn -0.4500 -0.8857 0.1139
vn -0.3166 -0.9301 0.1861
vn -0.4582 -0.8600 0.2247
vn -0.3590 -0.8856 0.2948
vn -0.4162 -0.8849 0.2093
vn -0.2750 -0.9334 0.2307
vn -0.4024 -0.8399 0.3642
vn -0.7095 -0.4885 0.5079
vn -0.5659 -0.5859 0.5800
vn -0.6809 -0.2698 0.6809
vn -0.7039 -0.0956 0.7039
vn -0.8003 -0.1465 0.5814
vn -0.8579 -0.2700 0.4371
vn -0.8869 -0.0956 0.4519
vn -0.9408 -0.1465 0.3057
vn -0.7129 -0.5998 0.3632
vn 0.2639 -0.8431 0.4686
vn 0.3553 -0.5840 0.7299
vn 0.0347 -0.9956 -0.0866
vn -0.0174 -0.9986 -0.0503
vn -0.0482 -0.9941 -0.0975
vn 0.0559 -0.9980 -0.0299
vn 0.0130 -0.9887 -0.1491
vn 0.0848 -0.9888 -0.1230
vn -0.0478 -0.9881 -0.1463
vn -0.0179 -0.9850 -0.1718
vn -0.1199 -0.9845 -0.1280
vn -0.0542 -0.9900 -0.1306
vn -0.1025 -0.9880 -0.1154
vn -0.1288 -0.9890 -0.0725
vn -0.1310 -0.9873 -0.0896
vn -0.1593 -0.9868 -0.0299
vn -0.1351 -0.9904 -0.0291
vn -0.1457 -0.9891 0.0232
vn -0.1305 -0.9913 0.0163
vn -0.1293 -0.9889 0.0726
vn -0.1195 -0.9899 0.0765
vn -0.0870 -0.9885 0.1237
vn -0.1093 -0.9866 0.1214
vn -0.0433 -0.9944 0.0969
vn -0.0143 -0.9887 0.1491
vn -0.0407 -0.9867 0.1576
vn -0.0536 -0.9973 0.0500
vn 0.0264 -0.9982 0.0534
vn 0.0417 -0.9944 0.0971
vn 0.0474 -0.9878 0.1486
vn 0.0008 -0.9999 0.0137
vn -0.0607 -0.9978 -0.0253
vn 0.0887 -0.9956 0.0305
vn 0.1265 -0.9894 -0.0719
vn 0.1414 -0.9899 -0.0056
vn 0.0420 -0.9882 -0.1471
vn 0.0767 -0.9879 -0.1350
vn 0.0065 -0.9987 -0.0510
vn -0.0197 -0.9992 -0.0360
vn -0.0433 -0.9989 -0.0180
vn -0.0528 -0.9986 0.0088
vn 0.1095 -0.9929 -0.0467
vn -0.0176 -0.9991 0.0382
vn 0.0073 -0.9988 0.0492
vn 0.0066 -0.9884 0.1515
vn 0.0715 -0.9876 0.1400
vn 0.0358 -0.9982 0.0484
vn 0.1005 -0.9885 0.1129
vn 0.1060 -0.9904 0.0891
vn -0.0873 -0.9918 -0.0931
vn 0.1315 -0.9890 0.0677
vn 0.1522 -0.9863 0.0634
vn 0.0493 -0.9987 0.0086
vn 0.1514 -0.9885 0.0057
vn 0.1510 -0.9877 -0.0416
vn 0.0414 -0.9990 -0.0184
vn 0.1255 -0.9865 -0.1054
vn 0.0311 -0.9986 -0.0419
vn -0.0957 -0.9829 0.1570
vn -0.1756 -0.9750 0.1361
vn -0.0385 -0.9792 0.1993
vn -0.1506 -0.8795 0.4514
vn -0.2150 -0.8734 0.4370
vn -0.2903 -0.8766 0.3837
vn -0.3358 -0.8777 0.3419
vn -0.2085 -0.8813 0.4240
vn -0.3441 -0.7965 0.4971
vn -0.1981 -0.7966 0.5712
vn -0.0826 -0.8496 0.5209
vn -0.0803 -0.8042 0.5889
vn -0.0859 -0.9160 0.3918
vn 0.0046 -0.9918 0.1281
vn -0.0391 -0.9918 0.1215
vn -0.0000 -0.8743 0.4854
vn 0.0111 -0.8874 0.4609
vn 0.0723 -0.8790 0.4713
vn 0.0810 -0.8042 0.5888
vn 0.0900 -0.9076 0.4101
vn 0.0460 -0.9924 0.1139
vn 0.2000 -0.7966 0.5705
vn 0.2175 -0.8791 0.4241
vn 0.0812 -0.9922 0.0941
vn 0.3439 -0.8010 0.4900
vn 0.2544 -0.9247 0.2831
vn 0.4261 -0.8051 0.4126
vn 0.3983 -0.8694 0.2924
vn 0.1151 -0.9899 0.0829
vn 0.3684 -0.8520 0.3718
vn 0.3800 -0.8844 0.2711
vn 0.4203 -0.8798 0.2221
vn 0.5239 -0.8043 0.2806
vn 0.3567 -0.9196 0.1645
vn 0.0978 -0.9949 0.0228
vn 0.5715 -0.8019 0.1739
vn 0.5145 -0.8417 0.1637
vn 0.4814 -0.8735 0.0731
vn 0.5803 -0.8140 0.0271
vn 0.4211 -0.9058 0.0461
vn 0.1086 -0.9940 -0.0100
vn 0.3953 -0.9143 -0.0876
vn 0.1133 -0.9925 -0.0469
vn 0.5870 -0.8063 -0.0727
vn 0.5705 -0.7966 -0.2000
vn 0.4214 -0.8808 -0.2159
vn 0.1023 -0.9921 -0.0731
vn 0.2970 -0.9160 -0.2697
vn 0.4901 -0.8009 -0.3439
vn 0.4283 -0.8766 -0.2193
vn 0.3868 -0.8781 -0.2818
vn 0.3734 -0.8505 -0.3705
vn 0.4065 -0.8094 -0.4239
vn 0.0610 -0.9946 -0.0839
vn 0.1924 -0.9164 -0.3509
vn 0.3583 -0.8017 -0.4785
vn 0.2673 -0.8827 -0.3865
vn 0.2235 -0.8792 -0.4207
vn 0.2556 -0.8094 -0.5288
vn 0.1929 -0.8017 -0.5658
vn 0.0802 -0.9235 -0.3751
vn 0.0364 -0.9929 -0.1135
vn 0.0672 -0.8796 -0.4709
vn 0.0803 -0.8042 -0.5889
vn 0.1659 -0.8426 -0.5123
vn 0.0092 -0.8665 -0.4991
vn 0.0019 -0.8874 -0.4610
vn -0.0872 -0.8504 -0.5188
vn -0.0810 -0.8042 -0.5888
vn -0.0850 -0.9194 -0.3840
vn -0.1980 -0.8004 -0.5658
vn -0.0125 -0.9926 -0.1207
vn -0.0431 -0.9931 -0.1093
vn -0.1560 -0.8782 -0.4522
vn -0.2187 -0.8667 -0.4484
vn -0.2556 -0.8094 -0.5288
vn -0.1900 -0.9245 -0.3303
vn -0.0676 -0.9930 -0.0967
vn -0.3583 -0.8017 -0.4784
vn 0.0757 -0.9807 0.1801
vn 0.2770 -0.8775 0.3914
vn 0.2239 -0.8707 0.4379
vn 0.1415 -0.8774 0.4583
vn 0.1291 -0.9808 0.1459
vn 0.3507 -0.8721 0.3413
vn -0.0913 -0.9927 -0.0792
vn 0.3845 -0.8775 0.2867
vn 0.1670 -0.9810 0.0991
vn 0.4542 -0.8775 0.1539
vn 0.4386 -0.8707 0.2227
vn 0.1909 -0.9807 0.0415
vn -0.1029 -0.9939 -0.0394
vn 0.4843 -0.8721 0.0700
vn 0.4691 -0.8831 0.0041
vn -0.1418 -0.9899 -0.0005
vn 0.2010 -0.9789 -0.0359
vn 0.4449 -0.8831 -0.1489
vn 0.5067 -0.8584 -0.0803
vn -0.1144 -0.9930 0.0309
vn 0.1675 -0.9808 -0.0996
vn 0.4390 -0.8721 -0.2162
vn -0.0839 -0.9948 0.0576
vn 0.3844 -0.8775 -0.2867
vn 0.1273 -0.9810 -0.1466
vn 0.2770 -0.8775 -0.3915
vn 0.3483 -0.8707 -0.3473
vn -0.0711 -0.9931 0.0932
vn 0.0762 -0.9807 -0.1799
vn -0.2784 -0.9077 0.3141
vn -0.4239 -0.8094 0.4065
vn -0.4775 -0.8004 0.3623
vn -0.3432 -0.9186 0.1959
vn -0.5287 -0.8094 0.2556
vn -0.3635 -0.9282 0.0792
vn -0.5661 -0.8003 0.1975
vn -0.5175 -0.8517 0.0829
vn -0.4494 -0.8797 0.1553
vn -0.5889 -0.8042 0.0803
vn -0.4279 -0.8794 0.2088
vn -0.4947 -0.8691 0.0006
vn -0.4915 -0.8679 -0.0721
vn -0.4751 -0.8799 -0.0016
vn -0.5889 -0.8042 -0.0803
vn -0.3832 -0.9201 -0.0808
vn -0.5708 -0.7966 -0.1991
vn -0.4339 -0.8720 -0.2267
vn -0.2819 -0.9260 -0.2513
vn -0.4960 -0.7966 -0.3456
vn -0.4065 -0.8094 -0.4238
vn -0.3509 -0.8687 -0.3496
vn -0.2917 -0.8712 -0.3948
vn -0.3917 -0.8727 -0.2915
vn -0.0929 -0.9829 -0.1588
vn -0.1608 -0.9821 -0.0984
vn -0.1870 -0.9811 -0.0507
vn -0.4649 -0.8703 -0.1626
vn -0.4368 -0.8734 -0.2155
vn -0.2044 -0.9783 0.0332
vn -0.4421 -0.8389 0.3175
vn -0.0237 -0.9804 -0.1958
vn 0.0651 -0.9774 -0.2011
vn 0.1358 -0.9800 -0.1453
vn 0.4611 -0.8748 -0.1489
vn 0.1924 -0.9809 -0.0302
vn 0.5213 -0.8498 -0.0782
vn 0.4751 -0.8799 -0.0100
vn 0.2013 -0.9773 0.0660
vn 0.1359 -0.9815 0.1350
vn 0.2769 -0.8810 0.3835
vn 0.2210 -0.8832 0.4137
vn 0.0635 -0.9773 0.2019
vn 0.1669 -0.8428 0.5117
vn 0.2281 -0.8721 -0.4330
vn 0.1448 -0.8773 -0.4575
vn 0.3371 -0.6689 -0.6625
vn 0.4947 -0.5391 -0.6816
vn 0.4259 -0.6888 -0.5866
vn 0.2240 -0.6888 -0.6895
vn 0.2599 -0.5391 -0.8011
vn 0.1171 -0.6689 -0.7341
vn 0.0831 -0.8721 -0.4823
vn -0.0057 -0.8775 -0.4796
vn -0.0000 -0.6888 -0.7250
vn -0.0004 -0.5391 -0.8422
vn -0.1152 -0.6689 -0.7344
vn -0.0700 -0.8721 -0.4843
vn -0.0464 -0.9808 -0.1895
vn 0.0176 -0.9807 -0.1945
vn -0.1534 -0.8750 -0.4592
vn -0.2238 -0.6888 -0.6895
vn -0.3401 -0.6681 -0.6618
vn -0.2246 -0.8691 -0.4408
vn -0.0828 -0.9834 -0.1615
vn -0.1383 -0.9796 -0.1459
vn -0.2812 -0.8751 -0.3939
vn -0.5248 -0.6689 -0.5264
vn -0.4261 -0.6888 -0.5865
vn -0.3507 -0.8721 -0.3413
vn -0.3771 -0.8831 -0.2790
vn -0.1848 -0.9788 -0.0885
vn -0.5864 -0.6888 -0.4263
vn -0.6641 -0.6681 -0.3355
vn -0.4571 -0.8584 -0.2329
vn -0.4528 -0.8793 -0.1473
vn -0.7341 -0.6689 -0.1174
vn -0.6895 -0.6888 -0.2240
vn -0.4886 -0.8691 -0.0774
vn -0.1784 -0.9835 -0.0284
vn -0.4840 -0.8750 -0.0040
vn -0.1991 -0.9796 0.0263
vn -0.7249 -0.6888 -0.0002
vn -0.7345 -0.6681 0.1190
vn -0.4823 -0.8721 0.0831
vn -0.1803 -0.9787 0.0983
vn -0.4476 -0.8831 0.1406
vn -0.6628 -0.6689 0.3365
vn -0.6895 -0.6887 0.2241
vn -0.4571 -0.8584 0.2329
vn -0.3771 -0.8831 0.2791
vn -0.5866 -0.6888 0.4260
vn -0.5242 -0.6682 0.5280
vn -0.3507 -0.8721 0.3413
vn -0.1273 -0.9806 0.1493
vn -0.2833 -0.8748 0.3929
vn -0.3385 -0.6688 0.6620
vn -0.4261 -0.6888 0.5865
vn -0.2246 -0.8691 0.4408
vn -0.0817 -0.9836 0.1611
vn -0.1534 -0.8750 0.4591
vn -0.0423 -0.9806 0.1912
vn -0.0060 -0.8775 0.4796
vn -0.0761 -0.8707 0.4860
vn 0.0190 -0.9806 0.1951
vn 0.0831 -0.8721 0.4823
vn 0.1154 -0.6688 0.7344
vn 0.2238 -0.6888 0.6895
vn 0.2605 -0.5392 0.8009
vn -0.0000 -0.6888 0.7250
vn 0.0009 -0.5386 0.8425
vn 0.1346 -0.5079 0.8508
vn 0.1436 -0.3968 0.9066
vn -0.0000 -0.4062 0.9138
vn 0.2824 -0.4063 0.8690
vn 0.3909 -0.5084 0.7673
vn 0.5371 -0.4062 0.7393
vn 0.3410 -0.6673 0.6621
vn 0.4950 -0.5393 0.6813
vn 0.4263 -0.6888 0.5864
vn 0.5274 -0.6684 0.5244
vn 0.6089 -0.5081 0.6091
vn 0.6811 -0.5396 0.4948
vn 0.7392 -0.4063 0.5371
vn 0.7673 -0.5083 0.3910
vn 0.8179 -0.3967 0.4167
vn 0.8690 -0.4063 0.2824
vn 0.6651 -0.6673 0.3352
vn 0.8009 -0.5394 0.2602
vn 0.6896 -0.6888 0.2238
vn 0.7350 -0.6684 0.1142
vn 0.8507 -0.5080 0.1349
vn 0.8420 -0.5394 -0.0000
vn 0.9066 -0.3967 0.1436
vn 0.9138 -0.4062 -0.0000
vn 0.8507 -0.5082 -0.1347
vn 0.9066 -0.3968 -0.1436
vn 0.8690 -0.4063 -0.2824
vn 0.7351 -0.6673 -0.1197
vn 0.8010 -0.5392 -0.2602
vn 0.6894 -0.6888 -0.2242
vn 0.6618 -0.6684 -0.3396
vn 0.7677 -0.5075 -0.3912
vn 0.6812 -0.5395 -0.4949
vn 0.7392 -0.4063 -0.5371
vn 0.6093 -0.5075 -0.6093
vn 0.5371 -0.4062 -0.7393
vn 0.5251 -0.6688 -0.5263
vn 0.5864 -0.6888 -0.4263
vn 0.3911 -0.5078 -0.7676
vn 0.2824 -0.4063 -0.8690
vn 0.1347 -0.5082 -0.8507
vn 0.1436 -0.3967 -0.9066
vn -0.0000 -0.4062 -0.9138
vn -0.1347 -0.5081 -0.8507
vn -0.1436 -0.3967 -0.9066
vn -0.2824 -0.4062 -0.8690
vn -0.2609 -0.5389 -0.8010
vn -0.3911 -0.5079 -0.7675
vn -0.5371 -0.4062 -0.7393
vn -0.4957 -0.5389 -0.6811
vn -0.6090 -0.5081 -0.6090
vn -0.7392 -0.4063 -0.5371
vn -0.6818 -0.5389 -0.4946
vn -0.7674 -0.5081 -0.3911
vn -0.8179 -0.3967 -0.4167
vn -0.8690 -0.4063 -0.2824
vn -0.8013 -0.5390 -0.2595
vn -0.8510 -0.5075 -0.1348
vn -0.9066 -0.3968 -0.1436
vn -0.9138 -0.4062 -0.0000
vn -0.8423 -0.5390 0.0008
vn -0.8505 -0.5084 0.1347
vn -0.9066 -0.3967 0.1436
vn -0.8690 -0.4063 0.2824
vn -0.8008 -0.5390 0.2610
vn -0.7675 -0.5080 0.3911
vn -0.8179 -0.3967 0.4167
vn -0.7393 -0.4062 0.5371
vn -0.6811 -0.5389 0.4956
vn -0.6092 -0.5078 0.6092
vn -0.5371 -0.4062 0.7393
vn -0.4946 -0.5389 0.6819
vn -0.3910 -0.5081 0.7674
vn -0.2824 -0.4062 0.8690
vn -0.1347 -0.5084 0.8505
vn -0.1436 -0.3967 0.9066
vn -0.2607 -0.5391 0.8009
vn -0.2238 -0.6888 0.6895
vn -0.1143 -0.6684 0.7349
vn 0.7249 -0.6888 -0.0002
vn 0.5867 -0.6888 0.4259
vt 0.126896 0.209473
vt 0.144540 0.210433
vt 0.124101 0.204142
vt 0.155052 0.224784
vt 0.154381 0.212007
vt 0.146288 0.206998
vt 0.137514 0.203325
vt 0.147582 0.204464
vt 0.138397 0.200622
vt 0.128732 0.198247
vt 0.128279 0.201052
vt 0.118804 0.200243
vt 0.109850 0.204325
vt 0.118816 0.197406
vt 0.108893 0.198111
vt 0.109324 0.200916
vt 0.099206 0.200375
vt 0.100075 0.203087
vt 0.098343 0.197694
vt 0.108470 0.195357
vt 0.118830 0.194614
vt 0.089988 0.204121
vt 0.096198 0.208376
vt 0.091276 0.206671
vt 0.081093 0.217805
vt 0.097890 0.213356
vt 0.083144 0.211585
vt 0.107938 0.227612
vt 0.124133 0.226529
vt 0.096313 0.233738
vt 0.071405 0.242146
vt 0.069675 0.231457
vt 0.069684 0.224903
vt 0.075880 0.217703
vt 0.073869 0.215685
vt 0.067382 0.223229
vt 0.065101 0.221578
vt 0.071874 0.213689
vt 0.079811 0.206967
vt 0.081473 0.209270
vt 0.078153 0.204669
vt 0.069886 0.211704
vt 0.087422 0.199040
vt 0.088704 0.201578
vt 0.097484 0.195027
vt 0.108053 0.192629
vt 0.118846 0.191845
vt 0.129619 0.192715
vt 0.129177 0.195473
vt 0.139266 0.197945
vt 0.140129 0.195281
vt 0.150124 0.199455
vt 0.157709 0.207423
vt 0.159350 0.205152
vt 0.148858 0.201953
vt 0.156057 0.209705
vt 0.163615 0.216204
vt 0.165610 0.214207
vt 0.167594 0.212218
vt 0.172349 0.222158
vt 0.174645 0.220497
vt 0.180296 0.229780
vt 0.181670 0.240722
vt 0.184336 0.239861
vt 0.177759 0.231066
vt 0.175219 0.232351
vt 0.178990 0.241586
vt 0.176282 0.242456
vt 0.170048 0.223822
vt 0.167736 0.225493
vt 0.172673 0.233639
vt 0.159150 0.220649
vt 0.167708 0.232070
vt 0.161596 0.218217
vt 0.174228 0.248700
vt 0.169162 0.263882
vt 0.145578 0.238659
vt 0.151133 0.248113
vt 0.137373 0.231384
vt 0.137665 0.234849
vt 0.141510 0.238165
vt 0.133353 0.232169
vt 0.128674 0.230199
vt 0.123748 0.228976
vt 0.118693 0.228542
vt 0.113637 0.228896
vt 0.108705 0.230040
vt 0.104017 0.231935
vt 0.099691 0.234542
vt 0.095829 0.237790
vt 0.087673 0.244778
vt 0.092535 0.241609
vt 0.089881 0.245898
vt 0.087940 0.250556
vt 0.086750 0.255466
vt 0.083735 0.258221
vt 0.086351 0.260507
vt 0.086738 0.265557
vt 0.084717 0.269115
vt 0.087911 0.270489
vt 0.072774 0.283679
vt 0.088997 0.279196
vt 0.089830 0.275186
vt 0.092459 0.279529
vt 0.095725 0.283417
vt 0.096159 0.287492
vt 0.099555 0.286749
vt 0.097418 0.307940
vt 0.107688 0.293855
vt 0.103850 0.289450
vt 0.108512 0.291446
vt 0.113421 0.292693
vt 0.120705 0.295794
vt 0.118461 0.293149
vt 0.126338 0.312364
vt 0.134211 0.292012
vt 0.123506 0.292812
vt 0.128433 0.291680
vt 0.133121 0.289791
vt 0.137451 0.287180
vt 0.141320 0.283921
vt 0.145384 0.283476
vt 0.144625 0.280086
vt 0.147292 0.275777
vt 0.151019 0.274087
vt 0.149247 0.271096
vt 0.152818 0.299749
vt 0.153413 0.261119
vt 0.150496 0.256033
vt 0.150869 0.261100
vt 0.150452 0.266163
vt 0.149334 0.251088
vt 0.147419 0.246385
vt 0.176090 0.279985
vt 0.178371 0.270734
vt 0.174564 0.270121
vt 0.179169 0.261234
vt 0.178476 0.251728
vt 0.181281 0.251296
vt 0.184802 0.261261
vt 0.184034 0.250873
vt 0.182009 0.261247
vt 0.186763 0.250454
vt 0.187572 0.261275
vt 0.186725 0.272087
vt 0.181495 0.281767
vt 0.184185 0.282653
vt 0.183960 0.271641
vt 0.181181 0.271191
vt 0.178798 0.280879
vt 0.174940 0.290082
vt 0.171957 0.300235
vt 0.177471 0.291384
vt 0.169684 0.298571
vt 0.167392 0.296885
vt 0.172405 0.288774
vt 0.169348 0.287194
vt 0.161133 0.298883
vt 0.118084 0.321450
vt 0.127578 0.320823
vt 0.130640 0.316593
vt 0.112832 0.317522
vt 0.136854 0.318690
vt 0.147294 0.310170
vt 0.145692 0.315132
vt 0.153868 0.310231
vt 0.161172 0.304107
vt 0.163165 0.306133
vt 0.157142 0.314850
vt 0.165123 0.308123
vt 0.155517 0.312551
vt 0.167064 0.310095
vt 0.158757 0.317139
vt 0.174219 0.301887
vt 0.180000 0.292683
vt 0.149470 0.322794
vt 0.138536 0.324128
vt 0.139372 0.326835
vt 0.148214 0.320243
vt 0.128758 0.329222
vt 0.117981 0.327112
vt 0.117921 0.329913
vt 0.128372 0.326440
vt 0.127980 0.323645
vt 0.118036 0.324296
vt 0.137698 0.321415
vt 0.146955 0.317690
vt 0.108119 0.323388
vt 0.097557 0.323596
vt 0.107623 0.326159
vt 0.098480 0.320935
vt 0.099407 0.318244
vt 0.108613 0.320586
vt 0.095636 0.312889
vt 0.061905 0.265715
vt 0.067966 0.286146
vt 0.060947 0.279086
vt 0.058773 0.269864
vt 0.058058 0.260414
vt 0.063070 0.247976
vt 0.058812 0.250965
vt 0.061047 0.241746
vt 0.064694 0.232983
vt 0.062158 0.231693
vt 0.059646 0.230421
vt 0.055661 0.240008
vt 0.058341 0.240870
vt 0.052994 0.239152
vt 0.050452 0.249662
vt 0.053220 0.250090
vt 0.056002 0.250522
vt 0.057146 0.229157
vt 0.062830 0.219937
vt 0.055212 0.260413
vt 0.052397 0.260418
vt 0.049596 0.260425
vt 0.050426 0.271175
vt 0.053186 0.270739
vt 0.055962 0.270302
vt 0.055581 0.280799
vt 0.058242 0.279949
vt 0.052943 0.281642
vt 0.057030 0.291604
vt 0.059493 0.290372
vt 0.061980 0.289128
vt 0.067103 0.297612
vt 0.069415 0.295966
vt 0.064828 0.299231
vt 0.064515 0.287860
vt 0.073473 0.305209
vt 0.080715 0.303201
vt 0.075509 0.303224
vt 0.082657 0.309451
vt 0.089348 0.317021
vt 0.090682 0.314506
vt 0.080950 0.311729
vt 0.079256 0.313980
vt 0.077569 0.316216
vt 0.086701 0.321978
vt 0.088022 0.319507
vt 0.069455 0.309116
vt 0.071459 0.307169
vt 0.062571 0.300837
vt 0.096636 0.326241
vt 0.107126 0.328916
vt 0.144786 0.242043
vt 0.931368 0.905002
vt 0.931368 0.910171
vt 0.950661 0.910171
vt 0.931368 0.915340
vt 0.950661 0.905001
vt 0.950661 0.915340
vt 0.950661 0.899832
vt 0.931368 0.899832
vt 0.928576 0.905001
vt 0.928576 0.915340
vt 0.928576 0.910171
vt 0.928576 0.899832
vt 0.928576 0.894663
vt 0.931368 0.894663
vt 0.931368 0.889494
vt 0.928576 0.889494
vt 0.931368 0.884325
vt 0.928576 0.884325
vt 0.931368 0.879156
vt 0.928576 0.879156
vt 0.928576 0.873986
vt 0.931368 0.873986
vt 0.931368 0.868817
vt 0.928576 0.868817
vt 0.931368 0.863648
vt 0.928576 0.863648
vt 0.931368 0.858479
vt 0.928576 0.858479
vt 0.928576 0.853310
vt 0.931368 0.853310
vt 0.931368 0.848140
vt 0.928576 0.848140
vt 0.931368 0.842971
vt 0.928576 0.842971
vt 0.950661 0.848140
vt 0.950661 0.858479
vt 0.950661 0.853310
vt 0.950661 0.863648
vt 0.950661 0.868817
vt 0.950661 0.873986
vt 0.950661 0.879156
vt 0.950661 0.884325
vt 0.950661 0.889494
vt 0.950661 0.894663
vt 0.950661 0.982539
vt 0.950661 0.977370
vt 0.931368 0.977370
vt 0.931368 0.982539
vt 0.931368 0.987709
vt 0.950661 0.987709
vt 0.950661 0.972201
vt 0.931368 0.967032
vt 0.931368 0.972201
vt 0.950661 0.967032
vt 0.950661 0.961863
vt 0.931368 0.961863
vt 0.950661 0.956693
vt 0.931368 0.956693
vt 0.950661 0.951524
vt 0.931368 0.946355
vt 0.931368 0.951524
vt 0.950661 0.946355
vt 0.950661 0.941186
vt 0.950661 0.936017
vt 0.931368 0.936017
vt 0.931368 0.941186
vt 0.950661 0.930848
vt 0.931368 0.925678
vt 0.931368 0.930848
vt 0.950661 0.925678
vt 0.950661 0.920509
vt 0.931368 0.920509
vt 0.928576 0.920509
vt 0.928576 0.925678
vt 0.928576 0.930848
vt 0.928576 0.936017
vt 0.928576 0.941186
vt 0.928576 0.946355
vt 0.928576 0.951524
vt 0.928576 0.956693
vt 0.928576 0.961863
vt 0.928576 0.967032
vt 0.928576 0.972201
vt 0.928576 0.977370
vt 0.928576 0.982539
vt 0.928576 0.987709
vt 0.928576 0.992878
vt 0.931368 0.992878
vt 0.929274 0.996755
vt 0.931368 0.998047
vt 0.950661 0.992878
vt 0.949975 0.996755
vt 0.950661 0.842971
vt 0.950661 0.837802
vt 0.931368 0.832633
vt 0.931368 0.837802
vt 0.950661 0.832633
vt 0.950661 0.827464
vt 0.950661 0.822294
vt 0.931368 0.822295
vt 0.931368 0.827464
vt 0.950661 0.817125
vt 0.931368 0.811956
vt 0.931368 0.817125
vt 0.950661 0.811956
vt 0.950661 0.806787
vt 0.950661 0.801618
vt 0.931368 0.801618
vt 0.931368 0.806787
vt 0.950661 0.796448
vt 0.931368 0.791279
vt 0.931368 0.796448
vt 0.949975 0.792572
vt 0.929274 0.792572
vt 0.928576 0.796448
vt 0.928576 0.801618
vt 0.928576 0.806787
vt 0.928576 0.811956
vt 0.928576 0.817125
vt 0.928576 0.822294
vt 0.928576 0.827464
vt 0.928576 0.832633
vt 0.928576 0.837802
vt 0.589801 0.918818
vt 0.588917 0.923806
vt 0.590831 0.923812
vt 0.586994 0.923799
vt 0.592370 0.914410
vt 0.590554 0.913808
vt 0.588191 0.915376
vt 0.592950 0.909340
vt 0.590813 0.908236
vt 0.586940 0.908931
vt 0.583971 0.920292
vt 0.579134 0.913026
vt 0.577604 0.923762
vt 0.584574 0.900518
vt 0.573677 0.903143
vt 0.569586 0.918891
vt 0.582429 0.889434
vt 0.593257 0.899035
vt 0.593608 0.890316
vt 0.584732 0.873204
vt 0.577252 0.879563
vt 0.590845 0.881637
vt 0.570863 0.887013
vt 0.561671 0.880350
vt 0.555597 0.890221
vt 0.565712 0.895362
vt 0.569207 0.871527
vt 0.578035 0.863977
vt 0.587939 0.857919
vt 0.593114 0.868092
vt 0.602204 0.864383
vt 0.598706 0.853576
vt 0.610036 0.850948
vt 0.611766 0.862131
vt 0.621563 0.861393
vt 0.621632 0.850035
vt 0.633210 0.850926
vt 0.631352 0.862186
vt 0.640892 0.864528
vt 0.644489 0.853712
vt 0.655192 0.858250
vt 0.649949 0.868335
vt 0.658289 0.873523
vt 0.665045 0.864400
vt 0.673820 0.871996
vt 0.665718 0.879945
vt 0.672046 0.887452
vt 0.681290 0.880870
vt 0.687289 0.890792
vt 0.677130 0.895848
vt 0.680829 0.904936
vt 0.691652 0.901527
vt 0.694295 0.912805
vt 0.683074 0.914487
vt 0.683793 0.924271
vt 0.695134 0.924353
vt 0.694164 0.935886
vt 0.682985 0.934045
vt 0.680649 0.943571
vt 0.691380 0.947116
vt 0.686904 0.957802
vt 0.676865 0.952624
vt 0.671714 0.960980
vt 0.680857 0.967700
vt 0.673342 0.976520
vt 0.665326 0.968431
vt 0.657830 0.974765
vt 0.664466 0.983972
vt 0.654517 0.989963
vt 0.649435 0.979857
vt 0.640348 0.983577
vt 0.643783 0.994394
vt 0.632512 0.997093
vt 0.630798 0.985833
vt 0.621011 0.986533
vt 0.620951 0.997883
vt 0.609388 0.996862
vt 0.611231 0.985700
vt 0.601701 0.983356
vt 0.598113 0.994124
vt 0.587423 0.989677
vt 0.592659 0.979561
vt 0.584337 0.974376
vt 0.577618 0.983527
vt 0.568873 0.975916
vt 0.576920 0.967960
vt 0.570589 0.960472
vt 0.561364 0.967089
vt 0.555328 0.957223
vt 0.565498 0.952099
vt 0.561804 0.943024
vt 0.551004 0.946500
vt 0.548402 0.935219
vt 0.559565 0.933482
vt 0.558839 0.923708
vt 0.547535 0.923683
vt 0.548441 0.912158
vt 0.559631 0.913940
vt 0.561945 0.904414
vt 0.551157 0.900914
vt 0.570555 0.935126
vt 0.579049 0.934501
vt 0.574790 0.947417
vt 0.584399 0.947056
vt 0.590260 0.939627
vt 0.584688 0.932009
vt 0.588133 0.932233
vt 0.592864 0.938316
vt 0.590493 0.933823
vt 0.589775 0.928802
vt 0.592346 0.933227
vt 0.595934 0.936772
vt 0.594205 0.932628
vt 0.593118 0.928280
vt 0.592740 0.923816
vt 0.593088 0.919354
vt 0.594180 0.915011
vt 0.595954 0.910894
vt 0.596771 0.905950
vt 0.598345 0.907108
vt 0.601280 0.903726
vt 0.598857 0.901286
vt 0.603540 0.899236
vt 0.604687 0.900817
vt 0.608490 0.898452
vt 0.612026 0.894882
vt 0.606958 0.895437
vt 0.612615 0.896698
vt 0.602398 0.897659
vt 0.601104 0.895866
vt 0.611438 0.893063
vt 0.608781 0.892091
vt 0.616005 0.889487
vt 0.606600 0.889426
vt 0.616447 0.892342
vt 0.605350 0.883388
vt 0.614642 0.880696
vt 0.613350 0.872363
vt 0.600906 0.876118
vt 0.624315 0.880453
vt 0.624950 0.886583
vt 0.626348 0.872187
vt 0.637600 0.883525
vt 0.636307 0.889553
vt 0.642096 0.876281
vt 0.632039 0.891344
vt 0.623675 0.889784
vt 0.626426 0.892427
vt 0.631436 0.893175
vt 0.639685 0.895076
vt 0.635908 0.895561
vt 0.630836 0.895008
vt 0.634370 0.898574
vt 0.630237 0.896842
vt 0.625885 0.895756
vt 0.621430 0.893428
vt 0.621420 0.895336
vt 0.616959 0.895633
vt 0.621439 0.891515
vt 0.639316 0.899366
vt 0.638181 0.900927
vt 0.641576 0.903844
vt 0.646027 0.906133
vt 0.643971 0.901455
vt 0.644463 0.907266
vt 0.640452 0.897806
vt 0.647590 0.905003
vt 0.649377 0.903715
vt 0.645676 0.899760
vt 0.646204 0.895865
vt 0.653125 0.911416
vt 0.655796 0.909234
vt 0.649796 0.909574
vt 0.658235 0.900835
vt 0.649292 0.890533
vt 0.655803 0.885049
vt 0.669102 0.903562
vt 0.663602 0.893479
vt 0.663556 0.913405
vt 0.672814 0.916035
vt 0.658640 0.920639
vt 0.664750 0.927006
vt 0.657847 0.932370
vt 0.673025 0.929049
vt 0.655396 0.926359
vt 0.655194 0.918745
vt 0.652815 0.919111
vt 0.653650 0.924119
vt 0.652758 0.929122
vt 0.651720 0.924115
vt 0.649416 0.928593
vt 0.649788 0.924113
vt 0.649472 0.919631
vt 0.650297 0.914667
vt 0.648459 0.915258
vt 0.646778 0.911101
vt 0.652133 0.914077
vt 0.650202 0.933554
vt 0.648363 0.932960
vt 0.646646 0.937097
vt 0.645857 0.942032
vt 0.649670 0.938633
vt 0.644277 0.940882
vt 0.652038 0.934149
vt 0.653872 0.934747
vt 0.647430 0.943176
vt 0.650164 0.942407
vt 0.645836 0.948755
vt 0.653501 0.943280
vt 0.643777 0.946691
vt 0.661717 0.940320
vt 0.654696 0.952013
vt 0.668954 0.944815
vt 0.660178 0.958522
vt 0.644420 0.960993
vt 0.640319 0.956403
vt 0.647622 0.968878
vt 0.634646 0.965655
vt 0.623958 0.967510
vt 0.625917 0.975794
vt 0.637206 0.973687
vt 0.624650 0.961386
vt 0.631875 0.956982
vt 0.639470 0.953057
vt 0.635696 0.952543
vt 0.631204 0.954881
vt 0.623403 0.958173
vt 0.626181 0.955562
vt 0.630621 0.953042
vt 0.625680 0.952219
vt 0.630040 0.951201
vt 0.634174 0.949512
vt 0.639109 0.948750
vt 0.637965 0.947167
vt 0.641353 0.944259
vt 0.640248 0.950327
vt 0.621198 0.954481
vt 0.621214 0.952551
vt 0.616749 0.952193
vt 0.611794 0.952953
vt 0.616200 0.955523
vt 0.612392 0.951142
vt 0.621184 0.956411
vt 0.611193 0.954770
vt 0.608526 0.955722
vt 0.615727 0.958393
vt 0.606316 0.958368
vt 0.606726 0.952371
vt 0.605011 0.964392
vt 0.614284 0.967173
vt 0.612915 0.975487
vt 0.600502 0.971614
vt 0.593318 0.957361
vt 0.600879 0.951881
vt 0.582145 0.958137
vt 0.590482 0.966011
vt 0.593059 0.948637
vt 0.594932 0.945734
vt 0.598674 0.946455
vt 0.595064 0.942894
vt 0.596647 0.941761
vt 0.598236 0.940624
vt 0.601085 0.944080
vt 0.603322 0.948571
vt 0.604457 0.947037
vt 0.608256 0.949416
vt 0.602185 0.950110
vt 0.595101 0.901955
vt 0.595202 0.904797
vt 0.666962 0.254607
vt 0.672296 0.262661
vt 0.678139 0.258585
vt 0.661009 0.260005
vt 0.673719 0.248791
vt 0.663441 0.247818
vt 0.681070 0.253302
vt 0.682101 0.240819
vt 0.694624 0.255264
vt 0.690211 0.247319
vt 0.684982 0.260363
vt 0.685718 0.266581
vt 0.696956 0.264656
vt 0.696259 0.274306
vt 0.683470 0.271603
vt 0.691087 0.285197
vt 0.680624 0.276930
vt 0.677297 0.283421
vt 0.682480 0.293575
vt 0.668883 0.286849
vt 0.673575 0.297328
vt 0.666360 0.282156
vt 0.658595 0.285883
vt 0.660932 0.297007
vt 0.669393 0.277118
vt 0.659605 0.272312
vt 0.654931 0.276603
vt 0.651266 0.281377
vt 0.665429 0.269464
vt 0.675131 0.267440
vt 0.652710 0.264812
vt 0.655024 0.251258
vt 0.649688 0.258089
vt 0.673381 0.237538
vt 0.663489 0.236539
vt 0.676569 0.234330
vt 0.693619 0.247072
vt 0.700489 0.268980
vt 0.694266 0.287441
vt 0.688860 0.297172
vt 0.666425 0.301450
vt 0.646042 0.295492
vt 0.650221 0.293840
vt 0.640737 0.284927
vt 0.635428 0.283343
vt 0.647360 0.274325
vt 0.636176 0.274825
vt 0.631003 0.279469
vt 0.646621 0.268116
vt 0.635340 0.265199
vt 0.633197 0.256983
vt 0.637525 0.255780
vt 0.644217 0.245766
vt 0.644237 0.240913
vt 0.654114 0.238892
vt 0.660447 0.233153
vt 0.663438 0.230473
vt 0.649208 0.234785
vt 0.677253 0.232225
vt 0.671899 0.228991
vt 0.665828 0.228551
vt 0.659768 0.229107
vt 0.653865 0.230575
vt 0.665779 0.223450
vt 0.659161 0.225500
vt 0.672438 0.225378
vt 0.677838 0.230340
vt 0.678925 0.226883
vt 0.676792 0.223953
vt 0.687154 0.225233
vt 0.673167 0.220457
vt 0.685562 0.228452
vt 0.683478 0.232636
vt 0.688706 0.235759
vt 0.690812 0.232809
vt 0.694432 0.232750
vt 0.701383 0.235826
vt 0.695917 0.237086
vt 0.701457 0.241249
vt 0.709388 0.248275
vt 0.703800 0.247777
vt 0.707514 0.250472
vt 0.706392 0.253917
vt 0.709021 0.260217
vt 0.712902 0.259582
vt 0.702938 0.255064
vt 0.704391 0.260976
vt 0.704933 0.267042
vt 0.708559 0.267023
vt 0.710728 0.269926
vt 0.712654 0.274361
vt 0.708079 0.273665
vt 0.704476 0.273112
vt 0.703098 0.279038
vt 0.705064 0.283807
vt 0.707717 0.283572
vt 0.706909 0.291129
vt 0.700656 0.295635
vt 0.697575 0.302581
vt 0.700604 0.292012
vt 0.696326 0.297110
vt 0.692169 0.302651
vt 0.687941 0.309407
vt 0.682965 0.308689
vt 0.685659 0.304986
vt 0.689155 0.298545
vt 0.683986 0.301745
vt 0.678388 0.304112
vt 0.679527 0.307559
vt 0.673829 0.313723
vt 0.669363 0.311859
vt 0.673069 0.309154
vt 0.672478 0.305544
vt 0.666423 0.306098
vt 0.666443 0.309735
vt 0.659814 0.309286
vt 0.655460 0.310715
vt 0.656129 0.313525
vt 0.654443 0.304327
vt 0.653344 0.307787
vt 0.660365 0.305670
vt 0.646724 0.306220
vt 0.648822 0.302031
vt 0.643616 0.298907
vt 0.641507 0.301857
vt 0.637894 0.301915
vt 0.636426 0.297581
vt 0.642382 0.308178
vt 0.632941 0.301117
vt 0.638986 0.294977
vt 0.634997 0.290402
vt 0.632073 0.292567
vt 0.628617 0.291514
vt 0.625747 0.291789
vt 0.628551 0.286940
vt 0.628128 0.299509
vt 0.619552 0.291637
vt 0.623916 0.298597
vt 0.629308 0.304801
vt 0.620070 0.286227
vt 0.616347 0.284064
vt 0.620192 0.278132
vt 0.614355 0.276074
vt 0.616503 0.271077
vt 0.614186 0.259639
vt 0.613627 0.267863
vt 0.617786 0.255555
vt 0.619655 0.260436
vt 0.616054 0.251609
vt 0.619149 0.243966
vt 0.623786 0.246267
vt 0.625788 0.238613
vt 0.628673 0.230577
vt 0.623393 0.236902
vt 0.630444 0.236511
vt 0.639186 0.225495
vt 0.634881 0.225156
vt 0.644436 0.225638
vt 0.641858 0.220760
vt 0.653442 0.219166
vt 0.657457 0.215491
vt 0.649449 0.217515
vt 0.661341 0.220331
vt 0.668969 0.217575
vt 0.654774 0.224157
vt 0.652703 0.227124
vt 0.646578 0.229737
vt 0.641995 0.229822
vt 0.640946 0.233285
vt 0.631598 0.239153
vt 0.635933 0.237664
vt 0.634625 0.244866
vt 0.638546 0.240214
vt 0.631664 0.242770
vt 0.643119 0.236203
vt 0.627307 0.248012
vt 0.629206 0.255721
vt 0.631507 0.250090
vt 0.625739 0.254639
vt 0.622808 0.256773
vt 0.624235 0.261118
vt 0.622314 0.267767
vt 0.623006 0.278754
vt 0.624358 0.274374
vt 0.625965 0.280823
vt 0.629406 0.279662
vt 0.631799 0.285244
vt 0.627951 0.273765
vt 0.635094 0.287341
vt 0.629320 0.270100
vt 0.630289 0.258585
vt 0.627849 0.261648
vt 0.627403 0.267712
vt 0.636228 0.246014
vt 0.648279 0.232984
vt 0.644770 0.297305
vt 0.660682 0.303665
vt 0.677774 0.302238
vt 0.693732 0.294540
vt 0.696050 0.288744
vt 0.697653 0.289889
vt 0.700778 0.284666
vt 0.702467 0.272818
vt 0.701067 0.255694
vt 0.700547 0.249464
vt 0.697349 0.244284
vt 0.691939 0.241147
vt 0.693355 0.239692
vt 0.665688 0.214761
vt 0.673928 0.215330
vt 0.665653 0.211783
vt 0.656019 0.207297
vt 0.657023 0.212953
vt 0.674305 0.212773
vt 0.675116 0.207068
vt 0.682856 0.214359
vt 0.681966 0.217206
vt 0.689618 0.220307
vt 0.690764 0.217995
vt 0.693343 0.212794
vt 0.698429 0.222118
vt 0.696702 0.224551
vt 0.697700 0.228750
vt 0.684213 0.220899
vt 0.703036 0.229841
vt 0.704847 0.227991
vt 0.710848 0.234305
vt 0.708444 0.236084
vt 0.706360 0.237625
vt 0.712297 0.248530
vt 0.712810 0.243102
vt 0.718850 0.249782
vt 0.715110 0.241908
vt 0.716022 0.250722
vt 0.718013 0.258747
vt 0.715762 0.267000
vt 0.720556 0.258332
vt 0.721700 0.266978
vt 0.718716 0.266985
vt 0.718120 0.275220
vt 0.719057 0.284158
vt 0.720686 0.275623
vt 0.716213 0.283240
vt 0.713747 0.282448
vt 0.713085 0.290867
vt 0.708410 0.293628
vt 0.715385 0.292034
vt 0.711241 0.299668
vt 0.708825 0.297924
vt 0.695571 0.307271
vt 0.703534 0.304244
vt 0.699072 0.312060
vt 0.705369 0.306061
vt 0.697311 0.309658
vt 0.690318 0.314021
vt 0.691499 0.316318
vt 0.683649 0.320018
vt 0.682716 0.317188
vt 0.678743 0.315506
vt 0.674711 0.319144
vt 0.666523 0.322864
vt 0.675128 0.321693
vt 0.666504 0.319878
vt 0.666488 0.317290
vt 0.658291 0.319338
vt 0.654217 0.315740
vt 0.642634 0.314373
vt 0.650266 0.317477
vt 0.639884 0.309686
vt 0.635597 0.310103
vt 0.633862 0.312523
vt 0.627497 0.306640
vt 0.623426 0.310774
vt 0.641475 0.316676
vt 0.638911 0.321816
vt 0.628661 0.319808
vt 0.624725 0.325329
vt 0.634350 0.331004
vt 0.616119 0.318192
vt 0.614288 0.305694
vt 0.608823 0.309709
vt 0.602965 0.300172
vt 0.621511 0.300376
vt 0.612117 0.295488
vt 0.617251 0.292840
vt 0.613513 0.285018
vt 0.605057 0.287797
vt 0.606142 0.277435
vt 0.598677 0.289874
vt 0.596049 0.279069
vt 0.601821 0.267963
vt 0.595170 0.268010
vt 0.595983 0.256946
vt 0.610650 0.267893
vt 0.605998 0.258429
vt 0.611635 0.259262
vt 0.613214 0.250721
vt 0.604784 0.248099
vt 0.611685 0.240294
vt 0.598431 0.246126
vt 0.602498 0.235807
vt 0.613667 0.230078
vt 0.608165 0.226246
vt 0.615271 0.217675
vt 0.620955 0.235176
vt 0.622671 0.224768
vt 0.626817 0.228768
vt 0.633090 0.222761
vt 0.627719 0.215666
vt 0.637949 0.213399
vt 0.623657 0.210326
vt 0.633095 0.204367
vt 0.645577 0.206302
vt 0.643361 0.199966
vt 0.654195 0.197209
vt 0.648490 0.214698
vt 0.640655 0.218474
vt 0.665485 0.202894
vt 0.665339 0.196181
vt 0.676533 0.196885
vt 0.685511 0.205800
vt 0.687516 0.199322
vt 0.697974 0.203471
vt 0.703641 0.214826
vt 0.707593 0.209314
vt 0.716165 0.216614
vt 0.708905 0.223894
vt 0.718046 0.229065
vt 0.723484 0.225133
vt 0.729380 0.234659
vt 0.720236 0.239288
vt 0.727301 0.247036
vt 0.733683 0.244980
vt 0.736313 0.255831
vt 0.726215 0.257427
vt 0.730539 0.266960
vt 0.737190 0.266945
vt 0.736371 0.278079
vt 0.726341 0.276509
vt 0.727526 0.286912
vt 0.733912 0.288991
vt 0.729787 0.299368
vt 0.720544 0.294660
vt 0.718486 0.304920
vt 0.723968 0.308896
vt 0.716697 0.317366
vt 0.709441 0.310117
vt 0.704290 0.319196
vt 0.708217 0.324573
vt 0.698750 0.330428
vt 0.694109 0.321397
vt 0.686425 0.328468
vt 0.688519 0.334846
vt 0.677748 0.337602
vt 0.676066 0.327400
vt 0.666599 0.331764
vt 0.666663 0.338474
vt 0.655552 0.337595
vt 0.646702 0.328748
vt 0.644703 0.335099
vt 0.657054 0.327554
vt 0.657904 0.321899
vt 0.649363 0.320319
vt 0.616836 0.242820
vt 0.611807 0.276505
s 1
usemtl 1001
f 1/1/1 2/2/2 11/3/3
f 1/1/1 72/4/4 2/2/2
f 3/5/5 4/6/6 2/2/2
f 2/2/2 4/6/6 5/7/7
f 8/8/8 6/9/9 5/7/7
f 5/7/7 6/9/9 7/10/10
f 5/7/7 4/6/6 8/8/8
f 11/3/3 2/2/2 5/7/7
f 7/10/10 9/11/11 5/7/7
f 5/7/7 9/11/11 11/3/3
f 10/12/12 9/11/11 7/10/10
f 11/3/3 9/11/11 10/12/12
f 13/13/13 11/3/3 10/12/12
f 7/10/10 14/14/14 10/12/12
f 15/15/15 12/16/16 10/12/12
f 10/12/12 12/16/16 13/13/13
f 10/12/12 14/14/14 15/15/15
f 15/15/15 16/17/17 20/18/18
f 17/19/19 16/17/17 15/15/15
f 15/15/15 18/20/20 17/19/19
f 19/21/21 18/20/20 15/15/15
f 15/15/15 14/14/14 19/21/21
f 20/18/18 12/16/16 15/15/15
f 20/18/18 16/17/17 21/22/22
f 20/18/18 23/23/23 13/13/13
f 21/22/22 22/24/24 20/18/18
f 13/13/13 12/16/16 20/18/18
f 20/18/18 22/24/24 23/23/23
f 23/23/23 29/25/25 26/26/26
f 24/27/27 29/25/25 23/23/23
f 23/23/23 22/24/24 24/27/27
f 13/13/13 23/23/23 26/26/26
f 13/13/13 26/26/26 1/1/1
f 1/1/1 11/3/3 13/13/13
f 25/28/28 246/29/28 1/1/28
f 1/1/28 26/26/28 25/28/28
f 26/26/28 27/30/28 25/28/28
f 29/25/25 28/31/29 26/26/26
f 29/25/25 198/32/30 28/31/29
f 30/33/31 198/32/30 29/25/25
f 29/25/25 31/34/32 30/33/31
f 24/27/27 31/34/32 29/25/25
f 30/33/31 31/34/32 32/35/33
f 32/35/33 31/34/32 24/27/27
f 32/35/33 33/36/34 30/33/31
f 34/37/35 33/36/34 32/35/33
f 32/35/33 35/38/36 34/37/35
f 36/39/37 35/38/36 32/35/33
f 32/35/33 37/40/38 36/39/37
f 24/27/27 37/40/38 32/35/33
f 36/39/37 37/40/38 21/22/22
f 21/22/22 37/40/38 24/27/27
f 36/39/37 39/41/39 38/42/40
f 38/42/40 35/38/36 36/39/37
f 40/43/41 39/41/39 36/39/37
f 36/39/37 41/44/42 40/43/41
f 21/22/22 41/44/42 36/39/37
f 40/43/41 41/44/42 17/19/19
f 17/19/19 41/44/42 21/22/22
f 17/19/19 42/45/43 40/43/41
f 43/46/44 42/45/43 17/19/19
f 17/19/19 18/20/20 43/46/44
f 43/46/44 18/20/20 19/21/21
f 19/21/21 44/47/45 43/46/44
f 45/48/46 44/47/45 19/21/21
f 45/48/46 46/49/47 47/50/48
f 19/21/21 46/49/47 45/48/46
f 47/50/48 48/51/49 45/48/46
f 49/52/50 48/51/49 47/50/48
f 51/53/51 50/54/52 49/52/50
f 47/50/48 52/55/53 49/52/50
f 49/52/50 52/55/53 51/53/51
f 8/8/8 52/55/53 47/50/48
f 51/53/51 52/55/53 8/8/8
f 51/53/51 56/56/54 53/57/55
f 53/57/55 54/58/56 51/53/51
f 51/53/51 54/58/56 55/59/57
f 8/8/8 56/56/54 51/53/51
f 55/59/57 50/54/52 51/53/51
f 53/57/55 56/56/54 3/5/5
f 3/5/5 56/56/54 8/8/8
f 57/60/58 58/61/59 55/59/57
f 55/59/57 54/58/56 57/60/58
f 59/62/60 58/61/59 57/60/58
f 61/63/61 60/64/62 59/62/60
f 57/60/58 62/65/63 59/62/60
f 59/62/60 62/65/63 61/63/61
f 63/66/64 62/65/63 57/60/58
f 61/63/61 62/65/63 63/66/64
f 63/66/64 64/67/65 61/63/61
f 66/68/66 64/67/65 63/66/64
f 57/60/58 65/69/67 63/66/64
f 63/66/64 65/69/67 68/70/68
f 63/66/64 67/71/69 66/68/66
f 68/70/68 67/71/69 63/66/64
f 70/72/70 71/73/71 68/70/68
f 68/70/68 65/69/67 53/57/55
f 53/57/55 69/74/72 68/70/68
f 68/70/68 69/74/72 70/72/70
f 71/73/71 67/71/69 68/70/68
f 66/68/66 67/71/69 71/73/71
f 71/73/71 130/75/73 66/68/66
f 118/76/74 130/75/73 71/73/71
f 71/73/71 72/4/4 118/76/74
f 72/4/4 71/73/71 70/72/70
f 72/4/28 73/77/28 125/78/28
f 72/4/28 74/79/28 73/77/28
f 74/79/75 76/80/76 75/81/77
f 75/81/77 73/77/78 74/79/75
f 77/82/79 76/80/76 74/79/75
f 77/82/79 74/79/75 246/29/80
f 246/29/80 78/83/81 77/82/79
f 79/84/82 78/83/81 246/29/80
f 246/29/80 80/85/83 79/84/82
f 81/86/84 80/85/83 246/29/80
f 25/28/85 82/87/86 81/86/84
f 246/29/80 25/28/85 81/86/84
f 83/88/87 82/87/86 25/28/85
f 27/30/88 84/89/89 83/88/87
f 83/88/87 25/28/85 27/30/88
f 85/90/90 84/89/89 27/30/88
f 244/91/91 86/92/92 85/90/90
f 85/90/90 27/30/88 244/91/91
f 87/93/93 86/92/92 244/91/91
f 244/91/91 88/94/94 87/93/93
f 89/95/95 88/94/94 244/91/91
f 243/96/96 90/97/97 89/95/95
f 244/91/91 243/96/96 89/95/95
f 91/98/98 90/97/97 243/96/96
f 93/99/99 92/100/100 91/98/98
f 243/96/96 93/99/99 91/98/98
f 28/31/28 94/101/28 93/99/28
f 93/99/28 243/96/101 28/31/28
f 95/102/28 93/99/28 94/101/28
f 93/99/99 95/102/102 96/103/103
f 95/102/102 97/104/104 96/103/103
f 96/103/103 92/100/100 93/99/99
f 98/105/105 97/104/104 95/102/102
f 100/106/106 99/107/107 98/105/105
f 95/102/102 100/106/106 98/105/105
f 100/106/28 95/102/28 94/101/28
f 100/106/28 94/101/28 102/108/28
f 101/109/28 100/106/28 102/108/28
f 100/106/106 101/109/108 103/110/109
f 101/109/108 104/111/110 103/110/109
f 103/110/109 99/107/107 100/106/106
f 105/112/111 104/111/110 101/109/108
f 107/113/112 106/114/113 105/112/111
f 105/112/111 101/109/108 107/113/112
f 101/109/28 102/108/28 153/115/28
f 153/115/28 107/113/28 101/109/28
f 153/115/28 108/116/28 107/113/28
f 109/117/114 107/113/112 108/116/115
f 108/116/115 110/118/116 109/117/114
f 111/119/117 110/118/116 108/116/115
f 108/116/115 112/120/118 111/119/117
f 113/121/119 112/120/118 108/116/115
f 108/116/115 152/122/120 113/121/119
f 152/122/120 114/123/121 113/121/119
f 115/124/122 114/123/121 152/122/120
f 152/122/120 117/125/123 115/124/122
f 117/125/123 116/126/124 115/124/122
f 151/127/28 118/76/28 117/125/28
f 117/125/28 152/122/28 151/127/28
f 119/128/28 117/125/28 118/76/28
f 121/129/125 120/130/126 119/128/127
f 119/128/127 120/130/126 122/131/128
f 121/129/125 119/128/127 125/78/129
f 125/78/129 123/132/130 121/129/125
f 124/133/131 123/132/130 125/78/129
f 118/76/28 125/78/28 119/128/28
f 118/76/28 72/4/28 125/78/28
f 127/134/132 128/135/133 126/136/134
f 126/136/134 128/135/133 129/137/135
f 130/75/73 126/136/134 129/137/135
f 118/76/74 126/136/134 130/75/73
f 129/137/135 131/138/136 130/75/73
f 130/75/73 131/138/136 66/68/66
f 66/68/66 131/138/136 132/139/137
f 132/139/137 131/138/136 129/137/135
f 133/140/138 135/141/139 132/139/137
f 132/139/137 134/142/140 133/140/138
f 129/137/135 134/142/140 132/139/137
f 132/139/137 135/141/139 61/63/61
f 61/63/61 64/67/65 132/139/137
f 132/139/137 64/67/65 66/68/66
f 136/143/141 135/141/139 133/140/138
f 61/63/61 135/141/139 136/143/141
f 133/140/138 137/144/142 136/143/141
f 136/143/141 60/64/62 61/63/61
f 138/145/143 137/144/142 133/140/138
f 140/146/144 139/147/145 138/145/143
f 133/140/138 141/148/146 138/145/143
f 138/145/143 141/148/146 140/146/144
f 142/149/147 141/148/146 133/140/138
f 140/146/144 141/148/146 142/149/147
f 142/149/147 143/150/148 140/146/144
f 127/134/132 143/150/148 142/149/147
f 133/140/138 134/142/140 142/149/147
f 142/149/147 134/142/140 129/137/135
f 142/149/147 128/135/133 127/134/132
f 129/137/135 128/135/133 142/149/147
f 144/151/149 143/150/148 127/134/132
f 140/146/144 143/150/148 144/151/149
f 145/152/150 147/153/151 144/151/149
f 144/151/149 146/154/152 145/152/150
f 148/155/153 146/154/152 144/151/149
f 144/151/149 147/153/151 140/146/144
f 144/151/149 149/156/154 148/155/153
f 127/134/132 149/156/154 144/151/149
f 148/155/153 149/156/154 150/157/155
f 150/157/155 149/156/154 127/134/132
f 150/157/155 161/158/156 148/155/153
f 151/127/157 161/158/156 150/157/155
f 127/134/132 126/136/134 150/157/155
f 150/157/155 126/136/134 118/76/74
f 150/157/155 118/76/74 151/127/157
f 152/122/28 108/116/28 151/127/28
f 155/159/158 156/160/159 154/161/160
f 154/161/160 189/162/161 155/159/158
f 153/115/162 189/162/161 154/161/160
f 154/161/160 156/160/159 157/163/163
f 158/164/164 154/161/160 157/163/163
f 153/115/162 154/161/160 158/164/164
f 157/163/163 159/165/165 158/164/164
f 158/164/164 159/165/165 160/166/166
f 158/164/164 151/127/157 153/115/162
f 161/158/156 158/164/164 160/166/166
f 151/127/157 158/164/164 161/158/156
f 160/166/166 162/167/167 161/158/156
f 161/158/156 162/167/167 148/155/153
f 163/168/168 162/167/167 160/166/166
f 148/155/153 162/167/167 163/168/168
f 164/169/169 166/170/170 163/168/168
f 163/168/168 165/171/171 164/169/169
f 160/166/166 165/171/171 163/168/168
f 163/168/168 166/170/170 145/152/150
f 145/152/150 146/154/152 163/168/168
f 163/168/168 146/154/152 148/155/153
f 167/172/172 166/170/170 164/169/169
f 145/152/150 166/170/170 167/172/172
f 164/169/169 168/173/173 167/172/172
f 167/172/172 169/174/174 145/152/150
f 145/152/150 169/174/174 170/175/175
f 170/175/175 147/153/151 145/152/150
f 140/146/144 147/153/151 170/175/175
f 170/175/175 139/147/145 140/146/144
f 171/176/176 168/173/173 164/169/169
f 172/177/177 174/178/178 171/176/176
f 171/176/176 173/179/179 172/177/177
f 164/169/169 173/179/179 171/176/176
f 175/180/180 174/178/178 172/177/177
f 177/181/181 176/182/182 175/180/180
f 172/177/177 178/183/183 175/180/180
f 175/180/180 178/183/183 177/181/181
f 179/184/184 178/183/183 172/177/177
f 177/181/181 178/183/183 179/184/184
f 179/184/184 180/185/185 177/181/181
f 155/159/158 180/185/185 179/184/184
f 172/177/177 181/186/186 179/184/184
f 179/184/184 181/186/186 157/163/163
f 179/184/184 156/160/159 155/159/158
f 157/163/163 156/160/159 179/184/184
f 157/163/163 181/186/186 182/187/187
f 182/187/187 181/186/186 172/177/177
f 172/177/177 173/179/179 182/187/187
f 182/187/187 173/179/179 164/169/169
f 164/169/169 165/171/171 182/187/187
f 182/187/187 165/171/171 160/166/166
f 182/187/187 159/165/165 157/163/163
f 160/166/166 159/165/165 182/187/187
f 177/181/181 180/185/185 183/188/188
f 183/188/188 180/185/185 155/159/158
f 184/189/189 186/190/190 183/188/188
f 183/188/188 185/191/191 184/189/189
f 187/192/192 185/191/191 183/188/188
f 183/188/188 186/190/190 177/181/181
f 183/188/188 188/193/193 187/192/192
f 155/159/158 188/193/193 183/188/188
f 189/162/161 188/193/193 155/159/158
f 187/192/192 188/193/193 189/162/161
f 189/162/161 190/194/194 187/192/192
f 102/108/195 190/194/194 189/162/161
f 153/115/162 102/108/195 189/162/161
f 191/195/196 226/196/197 94/101/198
f 192/197/199 226/196/197 191/195/196
f 191/195/196 193/198/200 192/197/199
f 194/199/201 193/198/200 191/195/196
f 191/195/196 94/101/198 28/31/29
f 195/200/202 191/195/196 28/31/29
f 194/199/201 191/195/196 195/200/202
f 195/200/202 196/201/203 194/199/201
f 197/202/204 196/201/203 195/200/202
f 198/32/30 195/200/202 28/31/29
f 197/202/204 195/200/202 198/32/30
f 198/32/30 199/203/205 197/202/204
f 30/33/31 199/203/205 198/32/30
f 200/204/206 199/203/205 30/33/31
f 197/202/204 199/203/205 200/204/206
f 34/37/35 201/205/207 200/204/206
f 200/204/206 201/205/207 203/206/208
f 200/204/206 33/36/34 34/37/35
f 30/33/31 33/36/34 200/204/206
f 200/204/206 202/207/209 197/202/204
f 203/206/208 202/207/209 200/204/206
f 203/206/208 207/208/210 204/209/211
f 204/209/211 205/210/212 203/206/208
f 206/211/213 202/207/209 203/206/208
f 203/206/208 205/210/212 206/211/213
f 208/212/214 207/208/210 203/206/208
f 203/206/208 201/205/207 208/212/214
f 208/212/214 201/205/207 34/37/35
f 34/37/35 209/213/215 208/212/214
f 38/42/40 209/213/215 34/37/35
f 206/211/213 210/214/216 194/199/201
f 211/215/217 210/214/216 206/211/213
f 206/211/213 205/210/212 211/215/217
f 197/202/204 202/207/209 206/211/213
f 194/199/201 196/201/203 206/211/213
f 206/211/213 196/201/203 197/202/204
f 211/215/217 215/216/218 212/217/219
f 212/217/219 213/218/220 211/215/217
f 214/219/221 210/214/216 211/215/217
f 211/215/217 213/218/220 214/219/221
f 204/209/211 215/216/218 211/215/217
f 211/215/217 205/210/212 204/209/211
f 214/219/221 213/218/220 217/220/222
f 194/199/201 210/214/216 214/219/221
f 192/197/199 193/198/200 214/219/221
f 214/219/221 216/221/223 192/197/199
f 214/219/221 193/198/200 194/199/201
f 217/220/222 216/221/223 214/219/221
f 217/220/222 221/222/224 218/223/225
f 218/223/225 219/224/226 217/220/222
f 220/225/227 216/221/223 217/220/222
f 217/220/222 219/224/226 220/225/227
f 212/217/219 221/222/224 217/220/222
f 217/220/222 213/218/220 212/217/219
f 220/225/227 222/226/228 224/227/229
f 223/228/230 222/226/228 220/225/227
f 220/225/227 219/224/226 223/228/230
f 192/197/199 216/221/223 220/225/227
f 224/227/229 225/229/231 220/225/227
f 220/225/227 225/229/231 192/197/199
f 226/196/197 225/229/231 224/227/229
f 192/197/199 225/229/231 226/196/197
f 224/227/229 222/226/228 227/230/232
f 229/231/233 226/196/197 224/227/229
f 227/230/232 228/232/234 224/227/229
f 224/227/229 228/232/234 229/231/233
f 229/231/233 228/232/234 230/233/235
f 94/101/198 226/196/197 229/231/233
f 102/108/195 94/101/198 229/231/233
f 232/234/236 231/235/237 230/233/235
f 230/233/235 231/235/237 190/194/194
f 190/194/194 229/231/233 230/233/235
f 230/233/235 228/232/234 227/230/232
f 227/230/232 233/236/238 230/233/235
f 230/233/235 233/236/238 232/234/236
f 232/234/236 233/236/238 234/237/239
f 234/237/239 233/236/238 227/230/232
f 234/237/239 237/238/240 235/239/241
f 235/239/241 236/240/242 234/237/239
f 234/237/239 236/240/242 232/234/236
f 238/241/243 237/238/240 234/237/239
f 234/237/239 239/242/244 238/241/243
f 227/230/232 239/242/244 234/237/239
f 238/241/243 239/242/244 223/228/230
f 223/228/230 239/242/244 227/230/232
f 223/228/230 240/243/245 238/241/243
f 218/223/225 240/243/245 223/228/230
f 184/189/189 236/240/242 235/239/241
f 232/234/236 236/240/242 184/189/189
f 235/239/241 241/244/246 184/189/189
f 184/189/189 241/244/246 242/245/247
f 177/181/181 186/190/190 242/245/247
f 242/245/247 186/190/190 184/189/189
f 242/245/247 176/182/182 177/181/181
f 187/192/192 231/235/237 232/234/236
f 232/234/236 185/191/191 187/192/192
f 184/189/189 185/191/191 232/234/236
f 190/194/194 231/235/237 187/192/192
f 102/108/195 229/231/233 190/194/194
f 227/230/232 222/226/228 223/228/230
f 223/228/230 219/224/226 218/223/225
f 243/96/101 244/91/28 28/31/28
f 28/31/28 244/91/28 27/30/28
f 153/115/28 151/127/28 108/116/28
f 124/133/131 125/78/129 73/77/78
f 73/77/78 245/246/248 124/133/131
f 75/81/77 245/246/248 73/77/78
f 117/125/123 119/128/127 122/131/128
f 122/131/128 116/126/124 117/125/123
f 109/117/114 106/114/113 107/113/112
f 1/1/28 246/29/28 74/79/28
f 74/79/28 72/4/28 1/1/28
f 70/72/70 69/74/72 3/5/5
f 3/5/5 2/2/2 70/72/70
f 70/72/70 2/2/2 72/4/4
f 3/5/5 69/74/72 53/57/55
f 53/57/55 65/69/67 57/60/58
f 57/60/58 54/58/56 53/57/55
f 47/50/48 6/9/9 8/8/8
f 7/10/10 6/9/9 47/50/48
f 47/50/48 46/49/47 7/10/10
f 7/10/10 46/49/47 19/21/21
f 34/37/35 35/38/36 38/42/40
f 27/30/28 26/26/28 28/31/28
f 24/27/27 22/24/24 21/22/22
f 21/22/22 16/17/17 17/19/19
f 19/21/21 14/14/14 7/10/10
f 8/8/8 4/6/6 3/5/5
f 251/247/249 253/248/250 248/249/251
f 248/249/251 253/248/250 250/250/252
f 248/249/251 247/251/253 251/247/249
f 250/250/252 286/252/254 248/249/251
f 249/253/255 252/254/256 251/247/249
f 251/247/249 247/251/253 249/253/255
f 253/248/250 251/247/249 256/255/257
f 254/256/258 250/250/252 253/248/250
f 253/248/250 255/257/259 254/256/258
f 256/255/257 255/257/259 253/248/250
f 252/254/256 257/258/260 256/255/257
f 256/255/257 251/247/249 252/254/256
f 258/259/261 257/258/260 252/254/256
f 252/254/256 262/260/262 258/259/261
f 258/259/261 262/260/262 260/261/263
f 260/261/263 259/262/264 258/259/261
f 260/261/263 261/263/265 263/264/266
f 263/264/266 259/262/264 260/261/263
f 264/265/267 265/266/268 263/264/266
f 263/264/266 261/263/265 264/265/267
f 266/267/269 265/266/268 264/265/267
f 264/265/267 270/268/270 266/267/269
f 266/267/269 270/268/270 268/269/271
f 268/269/271 267/270/272 266/267/269
f 268/269/271 269/271/273 271/272/274
f 271/272/274 267/270/272 268/269/271
f 272/273/275 273/274/276 271/272/274
f 271/272/274 269/271/273 272/273/275
f 274/275/277 273/274/276 272/273/275
f 272/273/275 279/276/278 274/275/277
f 274/275/277 279/276/278 276/277/279
f 276/277/279 275/278/280 274/275/277
f 276/277/279 277/279/281 278/280/282
f 278/280/282 275/278/280 276/277/279
f 339/281/283 276/277/279 279/276/278
f 279/276/278 272/273/275 280/282/284
f 279/276/278 337/283/285 339/281/283
f 280/282/284 337/283/285 279/276/278
f 280/282/284 272/273/275 269/271/273
f 269/271/273 336/284/286 280/282/284
f 281/285/287 336/284/286 269/271/273
f 269/271/273 268/269/271 281/285/287
f 281/285/287 268/269/271 270/268/270
f 270/268/270 335/286/288 281/285/287
f 282/287/289 335/286/288 270/268/270
f 270/268/270 264/265/267 282/287/289
f 282/287/289 264/265/267 261/263/265
f 261/263/265 284/288/290 282/287/289
f 283/289/291 284/288/290 261/263/265
f 261/263/265 260/261/263 283/289/291
f 283/289/291 260/261/263 262/260/262
f 262/260/262 285/290/292 283/289/291
f 296/291/293 292/292/294 297/293/295
f 297/293/295 328/294/296 296/291/293
f 298/295/297 293/296/298 296/291/293
f 296/291/293 328/294/296 298/295/297
f 297/293/295 292/292/294 299/297/299
f 300/298/300 301/299/301 299/297/299
f 299/297/299 301/299/301 297/293/295
f 299/297/299 291/300/302 300/298/300
f 304/301/303 302/302/304 300/298/300
f 300/298/300 291/300/302 304/301/303
f 304/301/303 290/303/305 303/304/306
f 303/304/306 302/302/304 304/301/303
f 303/304/306 290/303/305 306/305/307
f 305/306/308 322/307/309 306/305/307
f 306/305/307 322/307/309 303/304/306
f 306/305/307 289/308/310 305/306/308
f 307/309/311 288/310/312 308/311/313
f 308/311/313 318/312/314 307/309/311
f 305/306/308 289/308/310 307/309/311
f 307/309/311 318/312/314 305/306/308
f 308/311/313 288/310/312 309/313/315
f 310/314/316 311/315/317 309/313/315
f 309/313/315 311/315/317 308/311/313
f 309/313/315 287/316/318 310/314/316
f 313/317/319 312/318/320 310/314/316
f 310/314/316 287/316/318 313/317/319
f 250/250/252 312/318/320 313/317/319
f 313/317/319 286/252/254 250/250/252
f 312/318/320 250/250/252 254/256/258
f 312/318/320 315/319/321 314/320/322
f 314/320/322 310/314/316 312/318/320
f 254/256/258 315/319/321 312/318/320
f 314/320/322 316/321/323 311/315/317
f 311/315/317 310/314/316 314/320/322
f 311/315/317 316/321/323 317/322/324
f 317/322/324 308/311/313 311/315/317
f 318/312/314 308/311/313 317/322/324
f 317/322/324 319/323/325 318/312/314
f 318/312/314 319/323/325 320/324/326
f 320/324/326 321/325/327 322/307/309
f 320/324/326 305/306/308 318/312/314
f 322/307/309 305/306/308 320/324/326
f 323/326/328 303/304/306 322/307/309
f 322/307/309 321/325/327 323/326/328
f 302/302/304 303/304/306 323/326/328
f 323/326/328 324/327/329 302/302/304
f 302/302/304 324/327/329 325/328/330
f 325/328/330 326/329/331 301/299/301
f 325/328/330 300/298/300 302/302/304
f 301/299/301 300/298/300 325/328/330
f 301/299/301 326/329/331 327/330/332
f 327/330/332 297/293/295 301/299/301
f 328/294/296 297/293/295 327/330/332
f 327/330/332 329/331/333 328/294/296
f 328/294/296 329/331/333 330/332/334
f 330/332/334 331/333/335 332/334/336
f 330/332/334 298/295/297 328/294/296
f 332/334/336 298/295/297 330/332/334
f 334/335/337 333/336/338 332/334/336
f 332/334/336 331/333/335 334/335/337
f 295/337/339 332/334/336 333/336/338
f 333/336/338 294/338/340 295/337/339
f 298/295/297 332/334/336 295/337/339
f 295/337/339 293/296/298 298/295/297
f 339/281/283 338/339/341 277/279/281
f 277/279/281 338/339/341 340/340/342
f 341/341/343 368/342/344 340/340/342
f 340/340/342 368/342/344 277/279/281
f 340/340/342 351/343/345 341/341/343
f 342/344/346 350/345/347 343/346/348
f 343/346/348 365/347/349 342/344/346
f 341/341/343 351/343/345 342/344/346
f 342/344/346 365/347/349 341/341/343
f 343/346/348 350/345/347 344/348/350
f 345/349/351 363/350/352 344/348/350
f 344/348/350 363/350/352 343/346/348
f 344/348/350 349/351/353 345/349/351
f 345/349/351 349/351/353 347/352/354
f 347/352/354 348/353/355 346/354/356
f 346/354/356 359/355/357 347/352/354
f 347/352/354 359/355/357 345/349/351
f 346/354/356 348/353/355 353/356/358
f 354/357/359 355/358/360 353/356/358
f 353/356/358 355/358/360 346/354/356
f 353/356/358 352/359/361 354/357/359
f 355/358/360 354/357/359 356/360/362
f 356/360/362 357/361/363 355/358/360
f 355/358/360 357/361/363 358/362/364
f 358/362/364 346/354/356 355/358/360
f 359/355/357 346/354/356 358/362/364
f 358/362/364 360/363/365 359/355/357
f 359/355/357 360/363/365 361/364/366
f 361/364/366 362/365/367 363/350/352
f 361/364/366 345/349/351 359/355/357
f 363/350/352 345/349/351 361/364/366
f 364/366/368 343/346/348 363/350/352
f 363/350/352 362/365/367 364/366/368
f 365/347/349 343/346/348 364/366/368
f 364/366/368 366/367/369 365/347/349
f 365/347/349 366/367/369 367/368/370
f 368/342/344 341/341/343 367/368/370
f 367/368/370 369/369/371 368/342/344
f 367/368/370 341/341/343 365/347/349
f 368/342/344 369/369/371 278/280/282
f 278/280/282 277/279/281 368/342/344
f 249/253/255 285/290/292 262/260/262
f 277/279/281 276/277/279 339/281/283
f 262/260/262 252/254/256 249/253/255
f 370/370/372 372/371/373 371/372/374
f 375/373/375 372/371/373 370/370/372
f 373/374/376 374/375/377 370/370/372
f 370/370/372 374/375/377 376/376/378
f 370/370/372 376/376/378 375/373/375
f 376/376/378 374/375/377 377/377/379
f 377/377/379 379/378/380 376/376/378
f 376/376/378 379/378/380 378/379/381
f 376/376/378 378/379/381 380/380/382
f 375/373/375 376/376/378 380/380/382
f 380/380/382 378/379/381 382/381/383
f 380/380/382 382/381/383 381/382/384
f 382/381/383 384/383/385 383/384/386
f 382/381/383 383/384/386 469/385/387
f 378/379/381 384/383/385 382/381/383
f 384/383/385 387/386/388 383/384/386
f 386/387/389 385/388/390 384/383/385
f 384/383/385 385/388/390 387/386/388
f 378/379/381 386/387/389 384/383/385
f 388/389/391 390/390/392 387/386/388
f 387/386/388 389/391/393 388/389/391
f 385/388/390 389/391/393 387/386/388
f 387/386/388 390/390/392 391/392/394
f 391/392/394 395/393/395 392/394/396
f 392/394/396 393/395/397 391/392/394
f 383/384/386 387/386/388 391/392/394
f 391/392/394 393/395/397 383/384/386
f 391/392/394 390/390/392 394/396/398
f 394/396/398 395/393/395 391/392/394
f 388/389/391 396/397/399 394/396/398
f 394/396/398 390/390/392 388/389/391
f 397/398/400 396/397/399 388/389/391
f 388/389/391 398/399/401 397/398/400
f 397/398/400 398/399/401 399/400/402
f 399/400/402 400/401/403 397/398/400
f 401/402/404 400/401/403 399/400/402
f 399/400/402 402/403/405 401/402/404
f 401/402/404 402/403/405 403/404/406
f 403/404/406 404/405/407 401/402/404
f 405/406/408 404/405/407 403/404/406
f 405/406/408 406/407/409 407/408/410
f 403/404/406 406/407/409 405/406/408
f 407/408/410 408/409/411 405/406/408
f 409/410/412 408/409/411 407/408/410
f 407/408/410 410/411/413 409/410/412
f 409/410/412 410/411/413 411/412/414
f 411/412/414 412/413/415 409/410/412
f 413/414/416 412/413/415 411/412/414
f 411/412/414 414/415/417 413/414/416
f 413/414/416 414/415/417 415/416/418
f 415/416/418 416/417/419 413/414/416
f 417/418/420 416/417/419 415/416/418
f 415/416/418 418/419/421 417/418/420
f 417/418/420 418/419/421 419/420/422
f 419/420/422 420/421/423 417/418/420
f 421/422/424 420/421/423 419/420/422
f 421/422/424 422/423/425 423/424/426
f 419/420/422 422/423/425 421/422/424
f 423/424/426 424/425/427 421/422/424
f 425/426/428 424/425/427 423/424/426
f 423/424/426 426/427/429 425/426/428
f 425/426/428 426/427/429 427/428/430
f 427/428/430 428/429/431 425/426/428
f 429/430/432 428/429/431 427/428/430
f 427/428/430 430/431/433 429/430/432
f 429/430/432 430/431/433 431/432/434
f 431/432/434 432/433/435 429/430/432
f 433/434/436 432/433/435 431/432/434
f 431/432/434 434/435/437 433/434/436
f 433/434/436 434/435/437 435/436/438
f 435/436/438 436/437/439 433/434/436
f 437/438/440 436/437/439 435/436/438
f 437/438/440 438/439/441 439/440/442
f 435/436/438 438/439/441 437/438/440
f 439/440/442 440/441/443 437/438/440
f 441/442/444 440/441/443 439/440/442
f 439/440/442 442/443/445 441/442/444
f 441/442/444 442/443/445 443/444/446
f 443/444/446 444/445/447 441/442/444
f 445/446/448 444/445/447 443/444/446
f 443/444/446 446/447/449 445/446/448
f 445/446/448 446/447/449 447/448/450
f 447/448/450 448/449/451 445/446/448
f 449/450/452 448/449/451 447/448/450
f 447/448/450 450/451/453 449/450/452
f 449/450/452 450/451/453 451/452/454
f 451/452/454 452/453/455 449/450/452
f 453/454/456 452/453/455 451/452/454
f 453/454/456 454/455/457 455/456/458
f 451/452/454 454/455/457 453/454/456
f 455/456/458 456/457/459 453/454/456
f 457/458/460 456/457/459 455/456/458
f 455/456/458 458/459/461 457/458/460
f 457/458/460 458/459/461 459/460/462
f 459/460/462 460/461/463 457/458/460
f 461/462/464 460/461/463 459/460/462
f 459/460/462 462/463/465 461/462/464
f 461/462/464 462/463/465 463/464/466
f 463/464/466 464/465/467 461/462/464
f 465/466/468 464/465/467 463/464/466
f 463/464/466 466/467/469 465/466/468
f 465/466/468 466/467/469 467/468/470
f 467/468/470 468/469/471 465/466/468
f 392/394/396 468/469/471 467/468/470
f 467/468/470 466/467/469 469/385/387
f 469/385/387 383/384/386 467/468/470
f 467/468/470 393/395/397 392/394/396
f 383/384/386 393/395/397 467/468/470
f 469/385/387 466/467/469 463/464/466
f 463/464/466 462/463/465 470/470/472
f 470/470/472 469/385/387 463/464/466
f 381/382/384 469/385/387 470/470/472
f 470/470/472 462/463/465 459/460/462
f 470/470/472 471/471/473 381/382/384
f 471/471/473 470/470/472 472/472/474
f 472/472/474 625/473/475 471/471/473
f 471/471/473 625/473/475 473/474/476
f 473/474/476 474/475/477 471/471/473
f 475/476/478 474/475/477 473/474/476
f 477/477/479 476/478/480 475/476/478
f 475/476/478 476/478/480 478/479/481
f 475/476/478 473/474/476 477/477/479
f 478/479/481 372/371/373 375/373/375
f 371/372/374 372/371/373 478/479/481
f 478/479/481 476/478/480 479/480/482
f 375/373/375 475/476/478 478/479/481
f 479/480/482 477/477/479 480/481/483
f 480/481/483 482/482/484 479/480/482
f 479/480/482 476/478/480 477/477/479
f 479/480/482 482/482/484 481/483/485
f 481/483/485 478/479/481 479/480/482
f 371/372/374 478/479/481 481/483/485
f 481/483/485 483/484/486 371/372/374
f 371/372/374 483/484/486 484/485/487
f 484/485/487 370/370/372 371/372/374
f 373/374/376 370/370/372 484/485/487
f 484/485/487 485/486/488 373/374/376
f 373/374/376 485/486/488 486/487/489
f 486/487/489 377/377/379 373/374/376
f 487/488/490 377/377/379 486/487/489
f 486/487/489 488/489/491 487/488/490
f 487/488/490 488/489/491 489/490/492
f 489/490/492 636/491/493 487/488/490
f 490/492/494 636/491/493 489/490/492
f 489/490/492 491/493/495 490/492/494
f 490/492/494 491/493/495 492/494/496
f 493/495/497 495/496/498 492/494/496
f 492/494/496 494/497/499 493/495/497
f 492/494/496 495/496/498 490/492/494
f 495/496/498 496/498/500 490/492/494
f 502/499/501 496/498/500 495/496/498
f 493/495/497 497/500/502 495/496/498
f 495/496/498 497/500/502 498/501/503
f 495/496/498 498/501/503 502/499/501
f 499/502/504 501/503/505 498/501/503
f 498/501/503 497/500/502 500/504/506
f 500/504/506 499/502/504 498/501/503
f 502/499/501 498/501/503 501/503/505
f 385/388/390 502/499/501 501/503/505
f 501/503/505 503/505/507 385/388/390
f 503/505/507 501/503/505 499/502/504
f 499/502/504 505/506/508 503/505/507
f 503/505/507 505/506/508 504/507/509
f 504/507/509 506/508/510 503/505/507
f 399/400/402 506/508/510 504/507/509
f 388/389/391 389/391/393 506/508/510
f 506/508/510 398/399/401 388/389/391
f 399/400/402 398/399/401 506/508/510
f 385/388/390 503/505/507 506/508/510
f 506/508/510 389/391/393 385/388/390
f 507/509/511 505/506/508 499/502/504
f 504/507/509 505/506/508 507/509/511
f 499/502/504 509/510/512 507/509/511
f 507/509/511 508/511/513 504/507/509
f 508/511/513 507/509/511 510/512/514
f 510/512/514 507/509/511 509/510/512
f 509/510/512 511/513/515 510/512/514
f 510/512/514 512/514/516 508/511/513
f 508/511/513 512/514/516 407/408/410
f 513/515/517 511/513/515 509/510/512
f 513/515/517 526/516/518 514/517/519
f 514/517/519 517/518/520 513/515/517
f 509/510/512 526/516/518 513/515/517
f 513/515/517 515/519/521 511/513/515
f 516/520/522 515/519/521 513/515/517
f 513/515/517 517/518/520 516/520/522
f 518/521/523 517/518/520 514/517/519
f 516/520/522 517/518/520 518/521/523
f 519/522/524 516/520/522 518/521/523
f 518/521/523 520/523/525 519/522/524
f 521/524/526 520/523/525 518/521/523
f 518/521/523 514/517/519 521/524/526
f 522/525/527 523/526/528 521/524/526
f 521/524/526 514/517/519 522/525/527
f 524/527/529 523/526/528 522/525/527
f 493/495/497 494/497/499 524/527/529
f 524/527/529 500/504/506 493/495/497
f 522/525/527 500/504/506 524/527/529
f 514/517/519 525/528/530 522/525/527
f 522/525/527 525/528/530 500/504/506
f 526/516/518 525/528/530 514/517/519
f 500/504/506 525/528/530 526/516/518
f 526/516/518 509/510/512 499/502/504
f 526/516/518 499/502/504 500/504/506
f 527/529/531 516/520/522 519/522/524
f 519/522/524 528/530/532 527/529/531
f 527/529/531 528/530/532 529/531/533
f 530/532/534 532/533/535 529/531/533
f 529/531/533 531/534/536 530/532/534
f 529/531/533 532/533/535 527/529/531
f 532/533/535 533/535/537 527/529/531
f 515/519/521 533/535/537 532/533/535
f 530/532/534 534/536/538 532/533/535
f 532/533/535 534/536/538 537/537/539
f 532/533/535 535/538/540 515/519/521
f 537/537/539 535/538/540 532/533/535
f 540/539/541 535/538/540 537/537/539
f 537/537/539 539/540/542 536/541/543
f 537/537/539 534/536/538 538/542/544
f 538/542/544 539/540/542 537/537/539
f 515/519/521 535/538/540 540/539/541
f 540/539/541 537/537/539 542/543/545
f 542/543/545 541/544/546 540/539/541
f 542/543/545 537/537/539 536/541/543
f 545/545/547 541/544/546 542/543/545
f 543/546/548 544/547/549 542/543/545
f 542/543/545 544/547/549 545/545/547
f 545/545/547 544/547/549 415/416/418
f 415/416/418 544/547/549 543/546/548
f 545/545/547 414/415/417 411/412/414
f 415/416/418 414/415/417 545/545/547
f 541/544/546 545/545/547 512/514/516
f 512/514/516 545/545/547 411/412/414
f 546/548/550 542/543/545 536/541/543
f 543/546/548 542/543/545 546/548/550
f 547/549/551 543/546/548 546/548/550
f 546/548/550 536/541/543 548/550/552
f 547/549/551 546/548/550 549/551/553
f 549/551/553 546/548/550 548/550/552
f 549/551/553 548/550/552 550/552/554
f 549/551/553 551/553/555 547/549/551
f 547/549/551 551/553/555 423/424/426
f 550/552/554 548/550/552 552/554/556
f 552/554/556 554/555/557 553/556/558
f 553/556/558 556/557/559 552/554/556
f 548/550/552 554/555/557 552/554/556
f 552/554/556 556/557/559 555/558/560
f 557/559/561 556/557/559 553/556/558
f 555/558/560 556/557/559 557/559/561
f 558/560/562 555/558/560 557/559/561
f 557/559/561 559/561/563 558/560/562
f 560/562/564 559/561/563 557/559/561
f 557/559/561 553/556/558 560/562/564
f 561/563/565 562/564/566 560/562/564
f 560/562/564 553/556/558 561/563/565
f 563/565/567 562/564/566 561/563/565
f 530/532/534 531/534/536 563/565/567
f 563/565/567 538/542/544 530/532/534
f 561/563/565 538/542/544 563/565/567
f 553/556/558 564/566/568 561/563/565
f 561/563/565 564/566/568 538/542/544
f 539/540/542 564/566/568 553/556/558
f 538/542/544 564/566/568 539/540/542
f 553/556/558 554/555/557 539/540/542
f 539/540/542 554/555/557 548/550/552
f 548/550/552 536/541/543 539/540/542
f 565/567/569 555/558/560 558/560/562
f 558/560/562 566/568/570 565/567/569
f 565/567/569 566/568/570 567/569/571
f 568/570/572 570/571/573 567/569/571
f 567/569/571 569/572/574 568/570/572
f 567/569/571 570/571/573 565/567/569
f 570/571/573 571/573/575 565/567/569
f 573/574/576 571/573/575 570/571/573
f 568/570/572 572/575/577 570/571/573
f 570/571/573 572/575/577 574/576/578
f 570/571/573 574/576/578 573/574/576
f 575/577/579 577/578/580 574/576/578
f 574/576/578 572/575/577 576/579/581
f 576/579/581 575/577/579 574/576/578
f 573/574/576 574/576/578 577/578/580
f 577/578/580 550/552/554 573/574/576
f 578/580/582 550/552/554 577/578/580
f 579/581/583 578/580/582 577/578/580
f 579/581/583 577/578/580 575/577/579
f 581/582/584 578/580/582 579/581/583
f 579/581/583 580/583/585 581/582/584
f 581/582/584 580/583/585 431/432/434
f 581/582/584 430/431/433 427/428/430
f 431/432/434 430/431/433 581/582/584
f 578/580/582 581/582/584 551/553/555
f 551/553/555 581/582/584 427/428/430
f 582/584/586 579/581/583 575/577/579
f 580/583/585 579/581/583 582/584/586
f 575/577/579 584/585/587 582/584/586
f 582/584/586 583/586/588 580/583/585
f 583/586/588 582/584/586 585/587/589
f 585/587/589 582/584/586 584/585/587
f 585/587/589 587/588/590 586/589/591
f 586/589/591 590/590/592 585/587/589
f 588/591/593 587/588/590 585/587/589
f 585/587/589 589/592/594 588/591/593
f 584/585/587 589/592/594 585/587/589
f 585/587/589 590/590/592 583/586/588
f 583/586/588 590/590/592 439/440/442
f 439/440/442 590/590/592 586/589/591
f 589/592/594 603/593/595 591/594/596
f 591/594/596 594/595/597 589/592/594
f 584/585/587 603/593/595 589/592/594
f 589/592/594 592/596/598 588/591/593
f 593/597/599 592/596/598 589/592/594
f 589/592/594 594/595/597 593/597/599
f 595/598/600 594/595/597 591/594/596
f 593/597/599 594/595/597 595/598/600
f 596/599/601 593/597/599 595/598/600
f 595/598/600 597/600/602 596/599/601
f 598/601/603 597/600/602 595/598/600
f 595/598/600 591/594/596 598/601/603
f 599/602/604 600/603/605 598/601/603
f 598/601/603 591/594/596 599/602/604
f 601/604/606 600/603/605 599/602/604
f 568/570/572 569/572/574 601/604/606
f 601/604/606 576/579/581 568/570/572
f 599/602/604 576/579/581 601/604/606
f 591/594/596 602/605/607 599/602/604
f 599/602/604 602/605/607 576/579/581
f 603/593/595 602/605/607 591/594/596
f 576/579/581 602/605/607 603/593/595
f 603/593/595 584/585/587 575/577/579
f 603/593/595 575/577/579 576/579/581
f 604/606/608 593/597/599 596/599/601
f 596/599/601 605/607/609 604/606/608
f 604/606/608 605/607/609 606/608/610
f 607/609/611 609/610/612 606/608/610
f 606/608/610 608/611/613 607/609/611
f 606/608/610 609/610/612 604/606/608
f 609/610/612 610/612/614 604/606/608
f 592/596/598 610/612/614 609/610/612
f 607/609/611 611/613/615 609/610/612
f 609/610/612 611/613/615 612/614/616
f 609/610/612 615/615/617 592/596/598
f 612/614/616 615/615/617 609/610/612
f 612/614/616 613/616/618 615/615/617
f 612/614/616 611/613/615 614/617/619
f 615/615/617 588/591/593 592/596/598
f 587/588/590 588/591/593 615/615/617
f 615/615/617 613/616/618 617/618/620
f 615/615/617 616/619/621 587/588/590
f 617/618/620 616/619/621 615/615/617
f 618/620/622 616/619/621 617/618/620
f 617/618/620 619/621/623 618/620/622
f 618/620/622 619/621/623 447/448/450
f 618/620/622 586/589/591 587/588/590
f 443/444/446 586/589/591 618/620/622
f 618/620/622 446/447/449 443/444/446
f 447/448/450 446/447/449 618/620/622
f 587/588/590 616/619/621 618/620/622
f 620/622/624 617/618/620 613/616/618
f 619/621/623 617/618/620 620/622/624
f 613/616/618 624/623/625 620/622/624
f 621/624/626 622/625/627 620/622/624
f 620/622/624 622/625/627 619/621/623
f 620/622/624 624/623/625 623/626/628
f 621/624/626 620/622/624 625/473/475
f 625/473/475 620/622/624 623/626/628
f 472/472/474 621/624/626 625/473/475
f 625/473/475 623/626/628 473/474/476
f 455/456/458 621/624/626 472/472/474
f 473/474/476 623/626/628 627/627/629
f 626/628/630 628/629/631 627/627/629
f 477/477/479 473/474/476 627/627/629
f 627/627/629 628/629/631 477/477/479
f 629/630/632 628/629/631 626/628/630
f 477/477/479 628/629/631 629/630/632
f 480/481/483 477/477/479 629/630/632
f 629/630/632 630/631/633 480/481/483
f 631/632/634 630/631/633 629/630/632
f 629/630/632 626/628/630 631/632/634
f 632/633/635 633/634/636 631/632/634
f 631/632/634 626/628/630 632/633/635
f 634/635/637 633/634/636 632/633/635
f 607/609/611 608/611/613 634/635/637
f 634/635/637 614/617/619 607/609/611
f 632/633/635 614/617/619 634/635/637
f 626/628/630 635/636/638 632/633/635
f 632/633/635 635/636/638 614/617/619
f 624/623/625 635/636/638 626/628/630
f 614/617/619 635/636/638 624/623/625
f 626/628/630 627/627/629 624/623/625
f 613/616/618 612/614/616 624/623/625
f 624/623/625 612/614/616 614/617/619
f 624/623/625 627/627/629 623/626/628
f 619/621/623 622/625/627 451/452/454
f 451/452/454 622/625/627 621/624/626
f 455/456/458 454/455/457 621/624/626
f 621/624/626 454/455/457 451/452/454
f 619/621/623 450/451/453 447/448/450
f 451/452/454 450/451/453 619/621/623
f 614/617/619 611/613/615 607/609/611
f 593/597/599 610/612/614 592/596/598
f 604/606/608 610/612/614 593/597/599
f 443/444/446 442/443/445 586/589/591
f 586/589/591 442/443/445 439/440/442
f 580/583/585 583/586/588 435/436/438
f 439/440/442 438/439/441 583/586/588
f 583/586/588 438/439/441 435/436/438
f 580/583/585 434/435/437 431/432/434
f 435/436/438 434/435/437 580/583/585
f 551/553/555 549/551/553 578/580/582
f 578/580/582 549/551/553 550/552/554
f 576/579/581 572/575/577 568/570/572
f 550/552/554 552/554/556 573/574/576
f 573/574/576 552/554/556 555/558/560
f 555/558/560 571/573/575 573/574/576
f 565/567/569 571/573/575 555/558/560
f 427/428/430 426/427/429 551/553/555
f 551/553/555 426/427/429 423/424/426
f 419/420/422 543/546/548 547/549/551
f 423/424/426 422/423/425 547/549/551
f 547/549/551 422/423/425 419/420/422
f 543/546/548 418/419/421 415/416/418
f 419/420/422 418/419/421 543/546/548
f 512/514/516 510/512/514 541/544/546
f 541/544/546 510/512/514 511/513/515
f 511/513/515 540/539/541 541/544/546
f 515/519/521 540/539/541 511/513/515
f 538/542/544 534/536/538 530/532/534
f 516/520/522 533/535/537 515/519/521
f 527/529/531 533/535/537 516/520/522
f 411/412/414 410/411/413 512/514/516
f 512/514/516 410/411/413 407/408/410
f 504/507/509 508/511/513 403/404/406
f 407/408/410 406/407/409 508/511/513
f 508/511/513 406/407/409 403/404/406
f 504/507/509 402/403/405 399/400/402
f 403/404/406 402/403/405 504/507/509
f 386/387/389 502/499/501 385/388/390
f 500/504/506 497/500/502 493/495/497
f 386/387/389 638/637/639 502/499/501
f 502/499/501 638/637/639 636/491/493
f 636/491/493 496/498/500 502/499/501
f 636/491/493 637/638/640 487/488/490
f 638/637/639 637/638/640 636/491/493
f 490/492/494 496/498/500 636/491/493
f 638/637/639 379/378/380 377/377/379
f 377/377/379 637/638/640 638/637/639
f 378/379/381 379/378/380 638/637/639
f 638/637/639 386/387/389 378/379/381
f 487/488/490 637/638/640 377/377/379
f 474/475/477 475/476/478 375/373/375
f 474/475/477 380/380/382 381/382/384
f 375/373/375 380/380/382 474/475/477
f 381/382/384 471/471/473 474/475/477
f 459/460/462 458/459/461 472/472/474
f 472/472/474 470/470/472 459/460/462
f 472/472/474 458/459/461 455/456/458
f 381/382/384 382/381/383 469/385/387
f 377/377/379 374/375/377 373/374/376
f 641/639/641 640/640/642 639/641/643
f 665/642/644 640/640/642 641/639/641
f 641/639/641 642/643/645 666/644/646
f 639/641/643 643/645/647 642/643/645
f 642/643/645 641/639/641 639/641/643
f 644/646/648 642/643/645 643/645/647
f 645/647/649 671/648/650 643/645/647
f 643/645/647 646/649/651 645/647/649
f 646/649/651 643/645/647 639/641/643
f 646/649/651 639/641/643 647/650/652
f 648/651/653 645/647/649 646/649/651
f 646/649/651 647/650/652 648/651/653
f 649/652/654 648/651/653 647/650/652
f 649/652/654 647/650/652 662/653/655
f 650/654/656 649/652/654 662/653/655
f 662/653/655 663/655/657 650/654/656
f 663/655/657 651/656/658 650/654/656
f 651/656/658 652/657/659 650/654/656
f 653/658/660 654/659/661 652/657/659
f 652/657/659 651/656/658 653/658/660
f 651/656/658 656/660/662 653/658/660
f 655/661/663 676/662/664 653/658/660
f 656/660/662 655/661/663 653/658/660
f 656/660/662 657/663/665 658/664/666
f 658/664/666 1003/665/667 656/660/662
f 656/660/662 1003/665/667 655/661/663
f 1003/665/667 659/666/668 655/661/663
f 658/664/666 660/667/669 665/642/644
f 660/667/669 661/668/670 640/640/642
f 660/667/669 640/640/642 665/642/644
f 660/667/669 657/663/665 661/668/670
f 663/655/657 662/653/655 661/668/670
f 663/655/657 661/668/670 657/663/665
f 651/656/658 663/655/657 657/663/665
f 640/640/642 661/668/670 639/641/643
f 647/650/652 639/641/643 661/668/670
f 661/668/670 662/653/655 647/650/652
f 658/664/666 657/663/665 660/667/669
f 664/669/671 658/664/666 665/642/644
f 1000/670/672 1001/671/673 665/642/644
f 665/642/644 641/639/641 1000/670/672
f 1000/670/672 641/639/641 666/644/646
f 668/672/674 667/673/675 666/644/646
f 642/643/645 668/672/674 666/644/646
f 668/672/674 644/646/648 669/674/676
f 644/646/648 670/675/677 669/674/676
f 644/646/648 671/648/650 670/675/677
f 643/645/647 671/648/650 644/646/648
f 671/648/650 645/647/649 670/675/677
f 672/676/678 670/675/677 645/647/649
f 645/647/649 648/651/653 672/676/678
f 648/651/653 649/652/654 672/676/678
f 673/677/679 672/676/678 649/652/654
f 649/652/654 650/654/656 673/677/679
f 673/677/679 650/654/656 652/657/659
f 652/657/659 674/678/680 673/677/679
f 674/678/680 652/657/659 654/659/661
f 654/659/661 675/679/681 674/678/680
f 675/679/681 654/659/661 676/662/664
f 678/680/682 675/679/681 676/662/664
f 676/662/664 677/681/683 678/680/682
f 677/681/683 679/682/684 678/680/682
f 659/666/668 679/682/684 677/681/683
f 679/682/684 680/683/685 678/680/682
f 659/666/668 1002/684/686 679/682/684
f 1002/684/686 681/685/687 679/682/684
f 682/686/688 680/683/685 681/685/687
f 680/683/685 679/682/684 681/685/687
f 1002/684/686 683/687/689 681/685/687
f 683/687/689 684/688/690 681/685/687
f 682/686/688 681/685/687 684/688/690
f 685/689/691 682/686/688 684/688/690
f 685/689/691 684/688/690 686/690/692
f 1001/671/673 687/691/693 686/690/692
f 687/691/693 688/692/694 685/689/691
f 685/689/691 686/690/692 687/691/693
f 687/691/693 689/693/695 688/692/694
f 689/693/695 687/691/693 1000/670/672
f 689/693/695 1000/670/672 666/644/646
f 689/693/695 690/694/696 688/692/694
f 689/693/695 667/673/675 690/694/696
f 690/694/696 691/695/697 824/696/698
f 669/674/676 692/697/699 691/695/697
f 691/695/697 692/697/699 697/698/700
f 691/695/697 690/694/696 669/674/676
f 697/698/700 695/699/701 691/695/697
f 691/695/697 695/699/701 694/700/702
f 694/700/702 693/701/703 824/696/698
f 824/696/698 691/695/697 694/700/702
f 695/699/701 696/702/704 698/703/705
f 699/704/706 696/702/704 695/699/701
f 695/699/701 697/698/700 699/704/706
f 698/703/705 694/700/702 695/699/701
f 699/704/706 697/698/700 700/705/707
f 700/705/707 701/706/708 699/704/706
f 699/704/706 701/706/708 702/707/709
f 699/704/706 702/707/709 696/702/704
f 702/707/709 703/708/710 704/709/711
f 702/707/709 705/710/712 703/708/710
f 702/707/709 701/706/708 705/710/712
f 700/705/707 706/711/713 705/710/712
f 705/710/712 701/706/708 700/705/707
f 705/710/712 706/711/713 707/712/714
f 707/712/714 708/713/715 705/710/712
f 705/710/712 708/713/715 711/714/716
f 710/715/717 703/708/710 711/714/716
f 711/714/716 708/713/715 709/716/718
f 703/708/710 705/710/712 711/714/716
f 713/717/719 711/714/716 709/716/718
f 710/715/717 711/714/716 713/717/719
f 714/718/720 710/715/717 713/717/719
f 712/719/721 715/720/722 713/717/719
f 713/717/719 715/720/722 714/718/720
f 712/719/721 716/721/723 715/720/722
f 715/720/722 716/721/723 718/722/724
f 717/723/725 714/718/720 715/720/722
f 715/720/722 718/722/724 717/723/725
f 719/724/726 720/725/727 718/722/724
f 718/722/724 716/721/723 719/724/726
f 718/722/724 720/725/727 721/726/728
f 721/726/728 722/727/729 718/722/724
f 718/722/724 722/727/729 724/728/730
f 724/728/730 723/729/731 717/723/725
f 717/723/725 718/722/724 724/728/730
f 724/728/730 722/727/729 725/730/732
f 721/726/728 726/731/733 725/730/732
f 725/730/732 722/727/729 721/726/728
f 725/730/732 726/731/733 727/732/734
f 727/732/734 728/733/735 725/730/732
f 725/730/732 728/733/735 730/734/736
f 730/734/736 724/728/730 725/730/732
f 729/735/737 723/729/731 730/734/736
f 723/729/731 724/728/730 730/734/736
f 734/736/738 730/734/736 728/733/735
f 729/735/737 730/734/736 734/736/738
f 733/737/739 729/735/737 734/736/738
f 734/736/738 732/738/740 731/739/741
f 728/733/735 732/738/740 734/736/738
f 735/740/742 734/736/738 731/739/741
f 733/737/739 734/736/738 735/740/742
f 737/741/743 733/737/739 735/740/742
f 735/740/742 736/742/744 737/741/743
f 738/743/745 736/742/744 735/740/742
f 739/744/746 740/745/747 738/743/745
f 738/743/745 735/740/742 739/744/746
f 738/743/745 740/745/747 741/746/748
f 741/746/748 742/747/749 738/743/745
f 738/743/745 742/747/749 736/742/744
f 736/742/744 743/748/750 737/741/743
f 736/742/744 744/749/751 743/748/750
f 745/750/752 744/749/751 736/742/744
f 736/742/744 742/747/749 745/750/752
f 741/746/748 746/751/753 745/750/752
f 745/750/752 742/747/749 741/746/748
f 745/750/752 746/751/753 747/752/754
f 747/752/754 748/753/755 745/750/752
f 745/750/752 748/753/755 744/749/751
f 750/754/756 752/755/757 744/749/751
f 744/749/751 752/755/757 749/756/758
f 744/749/751 748/753/755 750/754/756
f 749/756/758 743/748/750 744/749/751
f 751/757/759 753/758/760 750/754/756
f 750/754/756 831/759/761 751/757/759
f 747/752/754 831/759/761 750/754/756
f 750/754/756 748/753/755 747/752/754
f 750/754/756 753/758/760 752/755/757
f 752/755/757 753/758/760 754/760/762
f 754/760/762 753/758/760 751/757/759
f 751/757/759 755/761/763 754/760/762
f 754/760/762 755/761/763 756/762/764
f 756/762/764 757/763/765 754/760/762
f 754/760/762 757/763/765 758/764/766
f 758/764/766 757/763/765 761/765/767
f 759/766/768 754/760/762 758/764/766
f 760/767/769 759/766/768 758/764/766
f 756/762/764 762/768/770 761/765/767
f 761/765/767 757/763/765 756/762/764
f 761/765/767 762/768/770 763/769/771
f 763/769/771 764/770/772 761/765/767
f 761/765/767 764/770/772 765/771/773
f 765/771/773 758/764/766 761/765/767
f 760/767/769 758/764/766 765/771/773
f 765/771/773 766/772/774 760/767/769
f 765/771/773 764/770/772 767/773/775
f 760/767/769 766/772/774 768/774/776
f 770/775/777 769/776/778 768/774/776
f 768/774/776 769/776/778 771/777/779
f 768/774/776 772/778/780 770/775/777
f 766/772/774 772/778/780 768/774/776
f 772/778/780 773/779/781 770/775/777
f 766/772/774 774/780/782 772/778/780
f 775/781/783 773/779/781 772/778/780
f 774/780/782 776/782/784 772/778/780
f 772/778/780 776/782/784 775/781/783
f 778/783/785 777/784/786 776/782/784
f 776/782/784 777/784/786 775/781/783
f 776/782/784 780/785/787 778/783/785
f 774/780/782 779/786/788 776/782/784
f 779/786/788 780/785/787 776/782/784
f 780/785/787 781/787/789 778/783/785
f 783/788/790 781/787/789 780/785/787
f 780/785/787 779/786/788 782/789/791
f 782/789/791 787/790/792 780/785/787
f 780/785/787 787/790/792 783/788/790
f 785/791/793 784/792/794 787/790/792
f 787/790/792 784/792/794 783/788/790
f 782/789/791 786/793/795 787/790/792
f 785/791/793 787/790/792 791/794/796
f 791/794/796 787/790/792 786/793/795
f 791/794/796 788/795/797 785/791/793
f 786/793/795 789/796/798 791/794/796
f 790/797/799 788/795/797 791/794/796
f 793/798/800 791/794/796 789/796/798
f 790/797/799 791/794/796 793/798/800
f 794/799/801 792/800/802 793/798/800
f 793/798/800 792/800/802 790/797/799
f 793/798/800 789/796/798 795/801/803
f 796/802/804 793/798/800 795/801/803
f 795/801/803 789/796/798 797/803/805
f 795/801/803 797/803/805 696/702/704
f 696/702/704 797/803/805 698/703/705
f 797/803/805 798/804/806 698/703/705
f 799/805/807 798/804/806 797/803/805
f 797/803/805 800/806/808 799/805/807
f 789/796/798 800/806/808 797/803/805
f 800/806/808 802/807/809 799/805/807
f 786/793/795 801/808/810 800/806/808
f 800/806/808 801/808/810 803/809/811
f 803/809/811 802/807/809 800/806/808
f 800/806/808 789/796/798 786/793/795
f 804/810/812 806/811/813 803/809/811
f 803/809/811 805/812/814 804/810/812
f 801/808/810 805/812/814 803/809/811
f 803/809/811 806/811/813 807/813/815
f 807/813/815 802/807/809 803/809/811
f 782/789/791 808/814/816 801/808/810
f 801/808/810 786/793/795 782/789/791
f 808/814/816 805/812/814 801/808/810
f 809/815/817 811/816/818 808/814/816
f 808/814/816 810/817/819 809/815/817
f 813/818/820 810/817/819 808/814/816
f 808/814/816 811/816/818 804/810/812
f 804/810/812 805/812/814 808/814/816
f 812/819/821 810/817/819 813/818/820
f 813/818/820 808/814/816 782/789/791
f 782/789/791 779/786/788 813/818/820
f 812/819/821 813/818/820 814/820/822
f 814/820/822 813/818/820 779/786/788
f 814/820/822 816/821/823 815/822/824
f 814/820/822 779/786/788 774/780/782
f 774/780/782 816/821/823 814/820/822
f 816/821/823 817/823/825 815/822/824
f 766/772/774 765/771/773 816/821/823
f 816/821/823 765/771/773 767/773/775
f 767/773/775 817/823/825 816/821/823
f 816/821/823 774/780/782 766/772/774
f 815/822/824 817/823/825 818/824/826
f 818/824/826 817/823/825 767/773/775
f 767/773/775 819/825/827 818/824/826
f 818/824/826 820/826/828 815/822/824
f 682/686/688 818/824/826 819/825/827
f 820/826/828 818/824/826 682/686/688
f 819/825/827 828/827/829 682/686/688
f 682/686/688 828/827/829 680/683/685
f 682/686/688 821/828/830 820/826/828
f 821/828/830 822/829/831 827/830/832
f 827/830/832 826/831/833 821/828/830
f 821/828/830 682/686/688 685/689/691
f 821/828/830 826/831/833 820/826/828
f 685/689/691 822/829/831 821/828/830
f 685/689/691 823/832/834 822/829/831
f 822/829/831 823/832/834 811/816/818
f 811/816/818 809/815/817 822/829/831
f 822/829/831 809/815/817 827/830/832
f 823/832/834 804/810/812 811/816/818
f 806/811/813 804/810/812 823/832/834
f 685/689/691 688/692/694 823/832/834
f 806/811/813 823/832/834 824/696/698
f 824/696/698 823/832/834 688/692/694
f 824/696/698 807/813/815 806/811/813
f 825/833/835 807/813/815 824/696/698
f 824/696/698 693/701/703 825/833/835
f 799/805/807 825/833/835 693/701/703
f 807/813/815 825/833/835 799/805/807
f 826/831/833 827/830/832 812/819/821
f 812/819/821 814/820/822 826/831/833
f 826/831/833 814/820/822 815/822/824
f 815/822/824 820/826/828 826/831/833
f 812/819/821 827/830/832 809/815/817
f 819/825/827 763/769/771 828/827/829
f 828/827/829 763/769/771 762/768/770
f 828/827/829 829/834/836 678/680/682
f 678/680/682 680/683/685 828/827/829
f 762/768/770 829/834/836 828/827/829
f 762/768/770 756/762/764 829/834/836
f 829/834/836 756/762/764 755/761/763
f 830/835/837 829/834/836 755/761/763
f 678/680/682 829/834/836 830/835/837
f 755/761/763 751/757/759 830/835/837
f 830/835/837 751/757/759 831/759/761
f 830/835/837 675/679/681 678/680/682
f 830/835/837 832/836/838 675/679/681
f 830/835/837 747/752/754 746/751/753
f 746/751/753 832/836/838 830/835/837
f 831/759/761 747/752/754 830/835/837
f 746/751/753 741/746/748 832/836/838
f 832/836/838 741/746/748 740/745/747
f 674/678/680 675/679/681 832/836/838
f 740/745/747 739/744/746 674/678/680
f 674/678/680 832/836/838 740/745/747
f 834/837/839 835/838/840 674/678/680
f 674/678/680 835/838/840 673/677/679
f 674/678/680 739/744/746 834/837/839
f 834/837/839 833/839/841 835/838/840
f 835/838/840 833/839/841 836/840/842
f 836/840/842 727/732/734 837/841/843
f 837/841/843 835/838/840 836/840/842
f 837/841/843 727/732/734 726/731/733
f 837/841/843 672/676/678 673/677/679
f 673/677/679 835/838/840 837/841/843
f 726/731/733 721/726/728 837/841/843
f 837/841/843 721/726/728 720/725/727
f 837/841/843 838/842/844 672/676/678
f 720/725/727 838/842/844 837/841/843
f 720/725/727 719/724/726 838/842/844
f 838/842/844 670/675/677 672/676/678
f 838/842/844 719/724/726 840/843/845
f 840/843/845 839/844/846 842/845/847
f 842/845/847 838/842/844 840/843/845
f 842/845/847 839/844/846 841/846/848
f 670/675/677 838/842/844 842/845/847
f 841/846/848 707/712/714 842/845/847
f 842/845/847 707/712/714 706/711/713
f 669/674/676 670/675/677 842/845/847
f 706/711/713 692/697/699 842/845/847
f 842/845/847 692/697/699 669/674/676
f 706/711/713 700/705/707 692/697/699
f 692/697/699 700/705/707 697/698/700
f 709/716/718 841/846/848 839/844/846
f 707/712/714 841/846/848 709/716/718
f 712/719/721 840/843/845 719/724/726
f 839/844/846 840/843/845 712/719/721
f 712/719/721 713/717/719 839/844/846
f 839/844/846 713/717/719 709/716/718
f 728/733/735 836/840/842 833/839/841
f 727/732/734 836/840/842 728/733/735
f 731/739/741 834/837/839 739/744/746
f 833/839/841 834/837/839 731/739/741
f 731/739/741 732/738/740 833/839/841
f 833/839/841 732/738/740 728/733/735
f 763/769/771 819/825/827 767/773/775
f 809/815/817 810/817/819 812/819/821
f 799/805/807 802/807/809 807/813/815
f 693/701/703 798/804/806 799/805/807
f 698/703/705 798/804/806 693/701/703
f 796/802/804 795/801/803 704/709/711
f 704/709/711 795/801/803 696/702/704
f 794/799/801 793/798/800 796/802/804
f 796/802/804 844/847/849 794/799/801
f 843/848/850 844/847/849 796/802/804
f 794/799/801 844/847/849 845/849/851
f 845/849/851 844/847/849 843/848/850
f 847/850/852 846/851/853 845/849/851
f 845/849/851 846/851/853 794/799/801
f 845/849/851 849/852/854 848/853/855
f 843/848/850 849/852/854 845/849/851
f 848/853/855 849/852/854 850/854/856
f 850/854/856 849/852/854 843/848/850
f 850/854/856 851/855/857 854/856/858
f 843/848/850 851/855/857 850/854/856
f 850/854/856 853/857/859 852/858/860
f 854/856/858 853/857/859 850/854/856
f 855/859/861 853/857/859 854/856/858
f 854/856/858 856/860/862 855/859/861
f 858/861/863 856/860/862 854/856/858
f 854/856/858 851/855/857 857/862/864
f 854/856/858 857/862/864 858/861/863
f 858/861/863 703/708/710 710/715/717
f 859/863/865 856/860/862 858/861/863
f 858/861/863 857/862/864 703/708/710
f 855/859/861 856/860/862 859/863/865
f 859/863/865 860/864/866 855/859/861
f 861/865/867 860/864/866 859/863/865
f 859/863/865 862/866/868 861/865/867
f 863/867/869 862/866/868 859/863/865
f 859/863/865 858/861/863 863/867/869
f 863/867/869 710/715/717 714/718/720
f 714/718/720 864/868/870 863/867/869
f 863/867/869 864/868/870 865/869/871
f 863/867/869 858/861/863 710/715/717
f 865/869/871 862/866/868 863/867/869
f 867/870/872 866/871/873 865/869/871
f 865/869/871 866/871/873 861/865/867
f 865/869/871 868/872/874 867/870/872
f 864/868/870 868/872/874 865/869/871
f 861/865/867 862/866/868 865/869/871
f 864/868/870 714/718/720 717/723/725
f 870/873/875 868/872/874 864/868/870
f 717/723/725 869/874/876 864/868/870
f 864/868/870 869/874/876 870/873/875
f 867/870/872 868/872/874 870/873/875
f 870/873/875 871/875/877 867/870/872
f 872/876/878 871/875/877 870/873/875
f 870/873/875 873/877/879 872/876/878
f 869/874/876 873/877/879 870/873/875
f 717/723/725 723/729/731 869/874/876
f 874/878/880 873/877/879 869/874/876
f 876/879/881 875/880/882 874/878/880
f 874/878/880 875/880/882 872/876/878
f 874/878/880 877/881/883 876/879/881
f 878/882/884 877/881/883 874/878/880
f 874/878/880 869/874/876 878/882/884
f 872/876/878 873/877/879 874/878/880
f 878/882/884 723/729/731 729/735/737
f 880/883/885 877/881/883 878/882/884
f 729/735/737 879/884/886 878/882/884
f 878/882/884 879/884/886 880/883/885
f 878/882/884 869/874/876 723/729/731
f 876/879/881 877/881/883 880/883/885
f 880/883/885 881/885/887 876/879/881
f 882/886/888 881/885/887 880/883/885
f 880/883/885 883/887/889 882/886/888
f 879/884/886 883/887/889 880/883/885
f 879/884/886 729/735/737 733/737/739
f 733/737/739 884/888/890 879/884/886
f 879/884/886 884/888/890 885/889/891
f 885/889/891 883/887/889 879/884/886
f 887/890/892 886/891/893 885/889/891
f 885/889/891 886/891/893 882/886/888
f 885/889/891 888/892/894 887/890/892
f 884/888/890 888/892/894 885/889/891
f 882/886/888 883/887/889 885/889/891
f 884/888/890 733/737/739 737/741/743
f 889/893/895 888/892/894 884/888/890
f 887/890/892 888/892/894 889/893/895
f 889/893/895 890/894/896 887/890/892
f 891/895/897 890/894/896 889/893/895
f 889/893/895 892/896/898 891/895/897
f 893/897/899 892/896/898 889/893/895
f 889/893/895 884/888/890 893/897/899
f 737/741/743 743/748/750 893/897/899
f 893/897/899 884/888/890 737/741/743
f 894/898/900 892/896/898 893/897/899
f 896/899/901 895/900/902 894/898/900
f 894/898/900 895/900/902 891/895/897
f 894/898/900 897/901/903 896/899/901
f 898/902/904 897/901/903 894/898/900
f 894/898/900 893/897/899 898/902/904
f 891/895/897 892/896/898 894/898/900
f 898/902/904 893/897/899 743/748/750
f 899/903/905 897/901/903 898/902/904
f 898/902/904 743/748/750 749/756/758
f 749/756/758 900/904/906 898/902/904
f 898/902/904 900/904/906 899/903/905
f 902/905/907 901/906/908 900/904/906
f 900/904/906 901/906/908 899/903/905
f 900/904/906 903/907/909 902/905/907
f 900/904/906 749/756/758 759/766/768
f 759/766/768 903/907/909 900/904/906
f 903/907/909 904/908/910 902/905/907
f 771/777/779 904/908/910 903/907/909
f 903/907/909 759/766/768 760/767/769
f 760/767/769 768/774/776 903/907/909
f 903/907/909 768/774/776 771/777/779
f 902/905/907 904/908/910 905/909/911
f 905/909/911 904/908/910 771/777/779
f 771/777/779 906/910/912 905/909/911
f 905/909/911 906/910/912 907/911/913
f 905/909/911 908/912/914 902/905/907
f 909/913/915 908/912/914 905/909/911
f 909/913/915 905/909/911 910/914/916
f 910/914/916 905/909/911 907/911/913
f 910/914/916 911/915/917 912/916/918
f 913/917/919 911/915/917 910/914/916
f 912/916/918 909/913/915 910/914/916
f 910/914/916 907/911/913 913/917/919
f 915/918/920 914/919/39 913/917/919
f 913/917/919 907/911/913 915/918/920
f 916/920/921 914/919/39 915/918/920
f 907/911/913 920/921/922 915/918/920
f 915/918/920 920/921/922 917/922/923
f 915/918/920 917/922/923 916/920/921
f 917/922/923 919/923/924 918/924/925
f 920/921/922 919/923/924 917/922/923
f 917/922/923 918/924/925 921/925/926
f 921/925/926 918/924/925 923/926/927
f 921/925/926 922/927/215 916/920/921
f 924/928/928 922/927/215 921/925/926
f 916/920/921 917/922/923 921/925/926
f 921/925/926 923/926/927 924/928/928
f 926/929/929 925/930/930 924/928/928
f 924/928/928 923/926/927 926/929/929
f 927/931/931 925/930/930 926/929/929
f 923/926/927 931/932/932 926/929/929
f 926/929/929 931/932/932 928/933/933
f 926/929/929 928/933/933 927/931/931
f 928/933/933 930/934/934 929/935/935
f 931/932/932 930/934/934 928/933/933
f 928/933/933 929/935/935 932/936/936
f 932/936/936 929/935/935 934/937/937
f 932/936/936 933/938/938 927/931/931
f 935/939/939 933/938/938 932/936/936
f 927/931/931 928/933/933 932/936/936
f 932/936/936 934/937/937 935/939/939
f 937/940/940 936/941/941 935/939/939
f 935/939/939 934/937/937 937/940/940
f 938/942/942 936/941/941 937/940/940
f 934/937/937 942/943/943 937/940/940
f 937/940/940 942/943/943 939/944/944
f 937/940/940 939/944/944 938/942/942
f 939/944/944 941/945/945 940/946/946
f 942/943/943 941/945/945 939/944/944
f 939/944/944 940/946/946 943/947/947
f 943/947/947 940/946/946 945/948/948
f 943/947/947 944/949/245 938/942/942
f 946/950/949 944/949/245 943/947/947
f 938/942/942 939/944/944 943/947/947
f 943/947/947 945/948/948 946/950/949
f 948/951/950 947/952/240 946/950/949
f 946/950/949 945/948/948 948/951/950
f 948/951/950 847/850/852 949/953/951
f 949/953/951 947/952/240 948/951/950
f 948/951/950 950/954/952 847/850/852
f 945/948/948 950/954/952 948/951/950
f 950/954/952 792/800/802 794/799/801
f 790/797/799 792/800/802 950/954/952
f 945/948/948 951/955/953 950/954/952
f 950/954/952 951/955/953 790/797/799
f 794/799/801 846/851/853 950/954/952
f 950/954/952 846/851/853 847/850/852
f 940/946/946 951/955/953 945/948/948
f 790/797/799 951/955/953 940/946/946
f 949/953/951 847/850/852 953/956/954
f 953/956/954 952/957/246 949/953/951
f 847/850/852 845/849/851 953/956/954
f 953/956/954 845/849/851 848/853/855
f 953/956/954 848/853/855 954/958/955
f 954/958/955 952/957/246 953/956/954
f 954/958/955 848/853/855 955/959/956
f 955/959/956 956/960/957 954/958/955
f 957/961/958 956/960/957 955/959/956
f 955/959/956 850/854/856 852/858/860
f 955/959/956 852/858/860 957/961/958
f 848/853/855 850/854/856 955/959/956
f 957/961/958 852/858/860 958/962/959
f 958/962/959 959/963/960 957/961/958
f 960/964/961 959/963/960 958/962/959
f 958/962/959 997/965/962 960/964/961
f 960/964/961 997/965/962 961/966/963
f 961/966/963 962/967/173 960/964/961
f 963/968/964 962/967/173 961/966/963
f 961/966/963 996/969/965 963/968/964
f 963/968/964 996/969/965 964/970/966
f 964/970/966 965/971/174 963/968/964
f 966/972/967 965/971/174 964/970/966
f 964/970/966 995/973/968 966/972/967
f 966/972/967 995/973/968 967/974/969
f 967/974/969 968/975/970 966/972/967
f 969/976/971 968/975/970 967/974/969
f 967/974/969 994/977/972 969/976/971
f 969/976/971 994/977/972 970/978/973
f 970/978/973 971/979/974 969/976/971
f 972/980/975 971/979/974 970/978/973
f 970/978/973 993/981/976 972/980/975
f 972/980/975 993/981/976 973/982/977
f 973/982/977 974/983/978 972/980/975
f 975/984/979 974/983/978 973/982/977
f 973/982/977 992/985/980 975/984/979
f 975/984/979 992/985/980 976/986/981
f 976/986/981 977/987/982 975/984/979
f 978/988/983 977/987/982 976/986/981
f 976/986/981 991/989/984 978/988/983
f 978/988/983 991/989/984 979/990/985
f 979/990/985 980/991/52 978/988/983
f 981/992/986 980/991/52 979/990/985
f 979/990/985 990/993/987 981/992/986
f 981/992/986 990/993/987 982/994/988
f 982/994/988 983/995/49 981/992/986
f 984/996/989 983/995/49 982/994/988
f 986/997/990 985/998/991 984/996/989
f 984/996/989 987/999/992 986/997/990
f 982/994/988 987/999/992 984/996/989
f 987/999/992 989/1000/993 988/1001/994
f 896/899/901 989/1000/993 987/999/992
f 987/999/992 988/1001/994 986/997/990
f 982/994/988 896/899/901 987/999/992
f 990/993/987 896/899/901 982/994/988
f 990/993/987 895/900/902 896/899/901
f 891/895/897 895/900/902 990/993/987
f 979/990/985 891/895/897 990/993/987
f 991/989/984 891/895/897 979/990/985
f 887/890/892 890/894/896 991/989/984
f 976/986/981 887/890/892 991/989/984
f 991/989/984 890/894/896 891/895/897
f 992/985/980 887/890/892 976/986/981
f 992/985/980 886/891/893 887/890/892
f 882/886/888 886/891/893 992/985/980
f 973/982/977 882/886/888 992/985/980
f 993/981/976 882/886/888 973/982/977
f 876/879/881 881/885/887 993/981/976
f 970/978/973 876/879/881 993/981/976
f 993/981/976 881/885/887 882/886/888
f 994/977/972 876/879/881 970/978/973
f 994/977/972 875/880/882 876/879/881
f 872/876/878 875/880/882 994/977/972
f 967/974/969 872/876/878 994/977/972
f 995/973/968 872/876/878 967/974/969
f 867/870/872 871/875/877 995/973/968
f 964/970/966 867/870/872 995/973/968
f 995/973/968 871/875/877 872/876/878
f 996/969/965 867/870/872 964/970/966
f 996/969/965 866/871/873 867/870/872
f 861/865/867 866/871/873 996/969/965
f 961/966/963 861/865/867 996/969/965
f 997/965/962 861/865/867 961/966/963
f 855/859/861 860/864/866 997/965/962
f 958/962/959 855/859/861 997/965/962
f 997/965/962 860/864/866 861/865/867
f 852/858/860 855/859/861 958/962/959
f 986/997/990 988/1001/994 909/913/915
f 988/1001/994 989/1000/993 899/903/905
f 899/903/905 989/1000/993 896/899/901
f 988/1001/994 901/906/908 902/905/907
f 899/903/905 901/906/908 988/1001/994
f 902/905/907 908/912/914 988/1001/994
f 988/1001/994 908/912/914 909/913/915
f 912/916/918 985/998/991 986/997/990
f 986/997/990 909/913/915 912/916/918
f 942/943/943 784/792/794 785/791/793
f 783/788/790 784/792/794 942/943/943
f 934/937/937 998/1002/995 942/943/943
f 942/943/943 998/1002/995 783/788/790
f 785/791/793 941/945/945 942/943/943
f 929/935/935 998/1002/995 934/937/937
f 783/788/790 998/1002/995 929/935/935
f 940/946/946 941/945/945 785/791/793
f 785/791/793 788/795/797 940/946/946
f 940/946/946 788/795/797 790/797/799
f 931/932/932 777/784/786 778/783/785
f 775/781/783 777/784/786 931/932/932
f 923/926/927 999/1003/996 931/932/932
f 931/932/932 999/1003/996 775/781/783
f 778/783/785 930/934/934 931/932/932
f 918/924/925 999/1003/996 923/926/927
f 775/781/783 999/1003/996 918/924/925
f 929/935/935 930/934/934 778/783/785
f 778/783/785 781/787/789 929/935/935
f 929/935/935 781/787/789 783/788/790
f 920/921/922 769/776/778 770/775/777
f 771/777/779 769/776/778 920/921/922
f 907/911/913 906/910/912 920/921/922
f 920/921/922 906/910/912 771/777/779
f 770/775/777 919/923/924 920/921/922
f 918/924/925 919/923/924 770/775/777
f 770/775/777 773/779/781 918/924/925
f 918/924/925 773/779/781 775/781/783
f 759/766/768 749/756/758 752/755/757
f 896/899/901 897/901/903 899/903/905
f 704/709/711 703/708/710 857/862/864
f 843/848/850 796/802/804 857/862/864
f 857/862/864 796/802/804 704/709/711
f 857/862/864 851/855/857 843/848/850
f 852/858/860 853/857/859 855/859/861
f 767/773/775 764/770/772 763/769/771
f 752/755/757 754/760/762 759/766/768
f 739/744/746 735/740/742 731/739/741
f 719/724/726 716/721/723 712/719/721
f 709/716/718 708/713/715 707/712/714
f 696/702/704 702/707/709 704/709/711
f 693/701/703 694/700/702 698/703/705
f 688/692/694 690/694/696 824/696/698
f 669/674/676 690/694/696 667/673/675
f 667/673/675 689/693/695 666/644/646
f 1001/671/673 1000/670/672 687/691/693
f 664/669/671 1001/671/673 683/687/689
f 1002/684/686 659/666/668 1003/665/667
f 1002/684/686 1003/665/667 683/687/689
f 683/687/689 1003/665/667 664/669/671
f 658/664/666 664/669/671 1003/665/667
f 684/688/690 683/687/689 1001/671/673
f 1001/671/673 686/690/692 684/688/690
f 677/681/683 676/662/664 655/661/663
f 677/681/683 655/661/663 659/666/668
f 653/658/660 676/662/664 654/659/661
f 667/673/675 668/672/674 669/674/676
f 644/646/648 668/672/674 642/643/645
f 664/669/671 665/642/644 1001/671/673
f 657/663/665 656/660/662 651/656/658
