# Blender 5.1.2
# www.blender.org
mtllib stick_r.mtl
o stick_r
v 0.307922 -0.407471 -0.023495
v 0.314230 -0.405648 -0.039380
v 0.296182 -0.405832 -0.032260
v 0.286742 -0.401881 -0.051623
v 0.272691 -0.401881 -0.039609
v 0.284869 -0.405902 -0.018847
v 0.263040 -0.401881 -0.023841
v 0.258733 -0.401881 -0.005863
v 0.261702 -0.401973 0.016917
v 0.284877 -0.405902 0.016345
v 0.282478 -0.406251 -0.002908
v 0.291540 -0.405621 0.027211
v 0.305416 -0.405641 0.035211
v 0.278408 -0.400931 0.052751
v 0.289136 -0.401913 0.050486
v 0.272691 -0.401881 0.037091
v 0.258293 -0.401952 0.041863
v 0.281536 -0.400965 0.059459
v 0.265748 -0.401968 0.050638
v 0.274524 -0.401952 0.058094
v 0.260103 -0.400963 0.040552
v 0.247873 -0.401952 0.021412
v 0.256037 -0.400932 0.025913
v 0.252251 -0.401969 0.032062
v 0.247649 -0.400963 0.009829
v 0.251466 -0.400931 -0.011737
v 0.245155 -0.401968 0.010223
v 0.244282 -0.401952 -0.001259
v 0.245155 -0.401968 -0.012740
v 0.243011 -0.406407 0.022992
v 0.240142 -0.406407 0.011017
v 0.237582 -0.407568 -0.001259
v 0.240142 -0.406407 -0.013534
v 0.237100 -0.408594 0.016956
v 0.230691 -0.409950 -0.001259
v 0.234454 -0.409948 0.025774
v 0.221490 -0.408249 -0.001259
v 0.226196 -0.408249 0.028455
v 0.226076 -0.409822 0.007170
v 0.230424 -0.409821 0.027081
v 0.222681 -0.408249 0.013782
v 0.217847 -0.405266 -0.001259
v 0.216663 -0.396464 0.031553
v 0.218530 -0.404744 0.014440
v 0.222731 -0.405266 0.029581
v 0.211468 -0.396467 -0.001259
v 0.209400 -0.390714 0.015886
v 0.209400 -0.390714 -0.018403
v 0.218530 -0.404744 -0.016957
v 0.216663 -0.396464 -0.034070
v 0.226196 -0.408249 -0.030973
v 0.222731 -0.405266 -0.032099
v 0.222681 -0.408249 -0.016300
v 0.227953 -0.409822 -0.021542
v 0.233171 -0.409949 -0.022855
v 0.237100 -0.408594 -0.019474
v 0.239854 -0.408249 -0.057778
v 0.238610 -0.409822 -0.048264
v 0.231977 -0.408249 -0.044909
v 0.243977 -0.409949 -0.047901
v 0.246669 -0.408594 -0.043470
v 0.261127 -0.408249 -0.079051
v 0.257003 -0.409822 -0.070387
v 0.249659 -0.408249 -0.069246
v 0.261997 -0.409949 -0.068384
v 0.280980 -0.407959 -0.073220
v 0.263186 -0.408594 -0.063336
v 0.281334 -0.409822 -0.085744
v 0.285464 -0.409949 -0.082295
v 0.273996 -0.408249 -0.086928
v 0.287932 -0.408249 -0.092709
v 0.302605 -0.408249 -0.096224
v 0.286806 -0.405266 -0.096174
v 0.284835 -0.396464 -0.102242
v 0.255234 -0.396462 -0.087161
v 0.258985 -0.405266 -0.081998
v 0.272088 -0.404744 -0.090673
v 0.267891 -0.390714 -0.098909
v 0.250218 -0.381252 -0.094066
v 0.265571 -0.381252 -0.103463
v 0.282197 -0.381252 -0.110360
v 0.300502 -0.390714 -0.109505
v 0.299702 -0.381252 -0.114553
v 0.317646 -0.381252 -0.115974
v 0.335590 -0.381252 -0.114553
v 0.334791 -0.390714 -0.109505
v 0.350459 -0.396463 -0.102243
v 0.317646 -0.396464 -0.107439
v 0.353095 -0.381252 -0.110360
v 0.333344 -0.404744 -0.100375
v 0.348486 -0.405266 -0.096174
v 0.317646 -0.405266 -0.101059
v 0.332687 -0.408249 -0.096224
v 0.317646 -0.408249 -0.097415
v 0.347360 -0.408249 -0.092709
v 0.359279 -0.409821 -0.082967
v 0.361297 -0.408249 -0.086928
v 0.337926 -0.409822 -0.090953
v 0.363205 -0.404744 -0.090673
v 0.380057 -0.396466 -0.087159
v 0.376307 -0.405266 -0.081998
v 0.374165 -0.408249 -0.079051
v 0.378290 -0.409822 -0.070386
v 0.385634 -0.408249 -0.069246
v 0.388606 -0.404744 -0.072218
v 0.403546 -0.396468 -0.063669
v 0.398386 -0.405266 -0.059920
v 0.395438 -0.408249 -0.057778
v 0.403315 -0.408249 -0.044909
v 0.407060 -0.404744 -0.046818
v 0.418626 -0.396471 -0.034069
v 0.412561 -0.405266 -0.032099
v 0.409096 -0.408249 -0.030973
v 0.408221 -0.409821 -0.015604
v 0.412611 -0.408249 -0.016300
v 0.399841 -0.409825 -0.043143
v 0.416763 -0.404744 -0.016957
v 0.423825 -0.396467 -0.001259
v 0.417446 -0.405266 -0.001259
v 0.413802 -0.408249 -0.001259
v 0.409217 -0.409822 0.007171
v 0.412611 -0.408249 0.013782
v 0.416763 -0.404744 0.014440
v 0.418626 -0.396471 0.031551
v 0.412561 -0.405266 0.029581
v 0.409096 -0.408249 0.028455
v 0.403315 -0.408249 0.042392
v 0.407060 -0.404744 0.044300
v 0.403547 -0.396467 0.061151
v 0.398386 -0.405266 0.057402
v 0.395438 -0.408249 0.055260
v 0.385634 -0.408249 0.066729
v 0.399841 -0.409825 0.040626
v 0.380057 -0.396466 0.084642
v 0.376307 -0.405266 0.079481
v 0.374165 -0.408249 0.076533
v 0.388606 -0.404744 0.069701
v 0.395142 -0.390714 0.076237
v 0.385074 -0.381252 0.091548
v 0.398756 -0.381252 0.079851
v 0.410453 -0.381252 0.066169
v 0.415297 -0.390714 0.048497
v 0.419851 -0.381252 0.050817
v 0.426747 -0.381252 0.034190
v 0.425893 -0.390714 0.015886
v 0.430941 -0.381252 0.016685
v 0.432362 -0.381252 -0.001259
v 0.425893 -0.390714 -0.018403
v 0.430941 -0.381252 -0.019203
v 0.426747 -0.381252 -0.036708
v 0.415297 -0.390714 -0.051014
v 0.419851 -0.381252 -0.053335
v 0.410453 -0.381252 -0.068687
v 0.395142 -0.390714 -0.078755
v 0.398756 -0.381252 -0.082369
v 0.385074 -0.381252 -0.094066
v 0.367402 -0.390714 -0.098909
v 0.369722 -0.381252 -0.103463
v 0.367402 -0.390714 0.096392
v 0.363205 -0.404744 0.088156
v 0.350457 -0.396469 0.099722
v 0.353095 -0.381252 0.107842
v 0.369722 -0.381252 0.100946
v 0.334791 -0.390714 0.106988
v 0.335590 -0.381252 0.112036
v 0.317646 -0.381252 0.113457
v 0.300502 -0.390714 0.106988
v 0.299702 -0.381252 0.112036
v 0.282197 -0.381252 0.107842
v 0.267891 -0.390714 0.096392
v 0.265571 -0.381252 0.100946
v 0.250218 -0.381252 0.091548
v 0.240150 -0.390714 0.076237
v 0.236536 -0.381252 0.079851
v 0.224839 -0.381252 0.066169
v 0.219996 -0.390714 0.048497
v 0.215442 -0.381252 0.050817
v 0.208545 -0.381252 0.034190
v 0.204352 -0.381252 0.016685
v 0.202931 -0.381252 -0.001259
v 0.204352 -0.381252 -0.019203
v 0.208545 -0.381252 -0.036708
v 0.219996 -0.390714 -0.051014
v 0.215442 -0.381252 -0.053335
v 0.224839 -0.381252 -0.068687
v 0.240150 -0.390714 -0.078755
v 0.236536 -0.381252 -0.082369
v 0.231745 -0.396466 -0.063670
v 0.246687 -0.404743 -0.072219
v 0.236907 -0.405266 -0.059920
v 0.228231 -0.404742 -0.046818
v 0.231745 -0.396465 0.061152
v 0.228231 -0.404742 0.044301
v 0.236907 -0.405266 0.057402
v 0.239854 -0.408249 0.055260
v 0.231977 -0.408249 0.042392
v 0.238610 -0.409822 0.045746
v 0.250522 -0.409949 0.054390
v 0.245685 -0.407958 0.035407
v 0.255568 -0.408594 0.053201
v 0.254158 -0.406407 0.044868
v 0.271519 -0.406407 0.062230
v 0.262160 -0.406407 0.054228
v 0.271003 -0.409949 0.072409
v 0.275436 -0.408594 0.069719
v 0.290776 -0.409950 0.081441
v 0.299435 -0.408594 0.079288
v 0.293396 -0.406407 0.073376
v 0.282022 -0.406407 0.068659
v 0.284327 -0.401968 0.064137
v 0.294975 -0.401952 0.068514
v 0.306559 -0.400963 0.068739
v 0.306165 -0.401968 0.071232
v 0.317646 -0.401952 0.072105
v 0.305371 -0.406407 0.076245
v 0.341897 -0.406407 0.073376
v 0.340316 -0.401952 0.068514
v 0.329127 -0.401968 0.071232
v 0.329922 -0.406407 0.076245
v 0.317646 -0.407568 0.078806
v 0.339244 -0.409949 0.083217
v 0.335858 -0.408594 0.079288
v 0.312083 -0.409949 0.085756
v 0.309217 -0.409822 0.090312
v 0.287932 -0.408249 0.090191
v 0.317646 -0.408249 0.094897
v 0.281334 -0.409822 0.083226
v 0.302605 -0.408249 0.093706
v 0.286806 -0.405266 0.093656
v 0.317646 -0.396468 0.104919
v 0.301947 -0.404743 0.097858
v 0.317646 -0.405266 0.098541
v 0.284836 -0.396469 0.099722
v 0.272088 -0.404744 0.088156
v 0.255234 -0.396462 0.084644
v 0.261127 -0.408249 0.076533
v 0.258985 -0.405266 0.079481
v 0.273996 -0.408249 0.084410
v 0.257003 -0.409822 0.067870
v 0.249659 -0.408249 0.066729
v 0.246687 -0.404743 0.069701
v 0.333345 -0.404744 0.097858
v 0.332687 -0.408249 0.093706
v 0.348486 -0.405266 0.093656
v 0.347360 -0.408249 0.090191
v 0.359279 -0.409821 0.080450
v 0.337925 -0.409822 0.088435
v 0.361297 -0.408249 0.084410
v 0.378290 -0.409822 0.067869
v 0.369061 -0.409948 0.069510
v 0.354312 -0.407959 0.070703
v 0.372104 -0.408594 0.060821
v 0.363773 -0.406407 0.062230
v 0.350967 -0.401968 0.064136
v 0.360769 -0.401952 0.058094
v 0.369544 -0.401969 0.050640
v 0.376998 -0.401952 0.041863
v 0.373133 -0.406407 0.054228
v 0.387995 -0.409950 0.049852
v 0.382421 -0.407568 0.045802
v 0.393515 -0.408594 0.031350
v 0.392282 -0.406407 0.022992
v 0.387564 -0.406407 0.034366
v 0.398684 -0.409949 0.030920
v 0.397416 -0.407958 0.011376
v 0.404661 -0.409949 0.004308
v 0.399879 -0.408594 -0.008832
v 0.400840 -0.409948 -0.028287
v 0.393515 -0.408594 -0.033868
v 0.387995 -0.409950 -0.052370
v 0.382421 -0.407568 -0.048319
v 0.372104 -0.408594 -0.063338
v 0.373292 -0.409949 -0.068386
v 0.354312 -0.407959 -0.073220
v 0.349828 -0.409949 -0.082295
v 0.335858 -0.408594 -0.081806
v 0.317646 -0.409948 -0.088733
v 0.317646 -0.407568 -0.081323
v 0.299435 -0.408594 -0.081806
v 0.309218 -0.409822 -0.092830
v 0.293396 -0.406407 -0.075894
v 0.305371 -0.406407 -0.078763
v 0.329922 -0.406407 -0.078763
v 0.306164 -0.401968 -0.073750
v 0.294975 -0.401952 -0.071032
v 0.317646 -0.401952 -0.074623
v 0.329127 -0.401968 -0.073750
v 0.306559 -0.400963 -0.071257
v 0.307165 -0.400931 -0.067439
v 0.322248 -0.401881 -0.060170
v 0.303246 -0.401911 -0.058427
v 0.324127 -0.408148 -0.014257
v 0.343756 -0.405622 -0.029728
v 0.330709 -0.407006 -0.026523
v 0.332645 -0.408035 -0.008840
v 0.350806 -0.406501 0.002577
v 0.351221 -0.406331 -0.008666
v 0.350412 -0.405905 -0.018843
v 0.368004 -0.401882 -0.032165
v 0.355997 -0.401881 -0.046214
v 0.341561 -0.401818 -0.055723
v 0.329890 -0.405644 -0.037707
v 0.348388 -0.400934 -0.061593
v 0.339626 -0.400963 -0.068907
v 0.367758 -0.400963 -0.051373
v 0.379257 -0.400932 -0.028429
v 0.385294 -0.400963 -0.023240
v 0.387645 -0.400963 0.009824
v 0.376346 -0.401876 -0.010558
v 0.383826 -0.400931 0.009224
v 0.375084 -0.401883 0.012571
v 0.350423 -0.405904 0.016324
v 0.331422 -0.407833 0.012520
v 0.339107 -0.405836 0.029730
v 0.330717 -0.407002 0.024018
v 0.321051 -0.405646 0.036882
v 0.313046 -0.401883 0.057641
v 0.335737 -0.402007 0.054476
v 0.306289 -0.407089 0.024162
v 0.310938 -0.408087 0.012766
v 0.292299 -0.407225 0.006455
v 0.303112 -0.408016 -0.009958
v 0.317747 -0.408530 0.003172
v 0.307165 -0.400931 0.064922
v 0.339626 -0.400963 0.066389
v 0.367758 -0.400963 0.048855
v 0.348388 -0.400934 0.059076
v 0.355990 -0.401883 0.043688
v 0.380658 -0.400805 0.028416
v 0.368000 -0.401883 0.029643
v 0.383040 -0.401968 0.032062
v 0.387419 -0.401952 0.021412
v 0.390137 -0.401968 0.010221
v 0.396122 -0.406407 -0.001259
v 0.391010 -0.401952 -0.001259
v 0.390137 -0.401968 -0.012739
v 0.392282 -0.406407 -0.025509
v 0.387419 -0.401952 -0.023929
v 0.395150 -0.406407 -0.013534
v 0.383040 -0.401968 -0.034579
v 0.376998 -0.401952 -0.044381
v 0.387564 -0.406407 -0.036883
v 0.369544 -0.401969 -0.053157
v 0.363773 -0.406407 -0.064747
v 0.360769 -0.401952 -0.060611
v 0.373133 -0.406407 -0.056745
v 0.350967 -0.401968 -0.066654
v 0.341897 -0.406407 -0.075894
v 0.340317 -0.401952 -0.071032
v 0.284327 -0.401968 -0.066654
v 0.274524 -0.401952 -0.060612
v 0.278408 -0.400931 -0.055269
v 0.281536 -0.400965 -0.061976
v 0.268904 -0.400851 -0.051323
v 0.256930 -0.400965 -0.037372
v 0.265748 -0.401968 -0.053156
v 0.258293 -0.401952 -0.044381
v 0.252251 -0.401969 -0.034580
v 0.254158 -0.406407 -0.047386
v 0.243011 -0.406407 -0.025509
v 0.247873 -0.401952 -0.023929
v 0.247729 -0.406407 -0.036883
v 0.248742 -0.400965 -0.016842
v 0.262160 -0.406407 -0.056745
v 0.271519 -0.406407 -0.064747
v 0.301947 -0.404744 -0.100375
v 0.241218 -0.280419 0.103936
v 0.266549 -0.292594 0.099025
v 0.251486 -0.292594 0.089804
v 0.258619 -0.280419 0.114588
v 0.238061 -0.292594 0.078327
v 0.225710 -0.280419 0.090678
v 0.212451 -0.280419 0.075170
v 0.201799 -0.280419 0.057768
v 0.226584 -0.292594 0.064902
v 0.217363 -0.292594 0.049838
v 0.236306 -0.302864 0.050247
v 0.193982 -0.280419 0.038922
v 0.210596 -0.292594 0.033524
v 0.237887 -0.309162 0.016778
v 0.224371 -0.302864 0.022589
v 0.247363 -0.309162 0.040541
v 0.206481 -0.292594 0.016348
v 0.187618 -0.280419 -0.001259
v 0.205087 -0.292594 -0.001259
v 0.189229 -0.280419 0.019080
v 0.206481 -0.292594 -0.018866
v 0.221567 -0.302864 -0.007401
v 0.193982 -0.280419 -0.041440
v 0.210596 -0.292594 -0.036041
v 0.189229 -0.280419 -0.021598
v 0.217363 -0.292594 -0.052356
v 0.212451 -0.280419 -0.077687
v 0.226584 -0.292594 -0.067419
v 0.228168 -0.302864 -0.036790
v 0.201799 -0.280419 -0.060286
v 0.243528 -0.302864 -0.062704
v 0.247363 -0.309162 -0.043058
v 0.238061 -0.292594 -0.080844
v 0.241218 -0.280419 -0.106454
v 0.251486 -0.292594 -0.092321
v 0.225710 -0.280419 -0.093195
v 0.266144 -0.302864 -0.082600
v 0.263720 -0.309162 -0.062731
v 0.266549 -0.292594 -0.101542
v 0.277465 -0.280419 -0.124923
v 0.282864 -0.292594 -0.108309
v 0.258619 -0.280419 -0.117106
v 0.300039 -0.292594 -0.112424
v 0.293800 -0.302864 -0.094534
v 0.317646 -0.280419 -0.131287
v 0.317646 -0.292594 -0.113818
v 0.297307 -0.280419 -0.129676
v 0.335253 -0.292594 -0.112424
v 0.357827 -0.280419 -0.124923
v 0.352429 -0.292594 -0.108309
v 0.323790 -0.302864 -0.097338
v 0.337986 -0.280419 -0.129676
v 0.353180 -0.302864 -0.090737
v 0.335681 -0.309162 -0.081019
v 0.368743 -0.292594 -0.101542
v 0.394075 -0.280419 -0.106454
v 0.383807 -0.292594 -0.092321
v 0.376673 -0.280419 -0.117106
v 0.379090 -0.302864 -0.075378
v 0.359443 -0.309162 -0.071544
v 0.397232 -0.292594 -0.080844
v 0.422841 -0.280419 -0.077687
v 0.408709 -0.292594 -0.067419
v 0.409583 -0.280419 -0.093195
v 0.417930 -0.292594 -0.052356
v 0.398988 -0.302864 -0.052761
v 0.441310 -0.280419 -0.041440
v 0.424697 -0.292594 -0.036041
v 0.433493 -0.280419 -0.060286
v 0.428811 -0.292594 -0.018866
v 0.447674 -0.280419 -0.001259
v 0.430206 -0.292594 -0.001259
v 0.410921 -0.302864 -0.025110
v 0.446064 -0.280419 -0.021598
v 0.413769 -0.302804 -0.001259
v 0.399398 -0.309083 -0.001259
v 0.397408 -0.309162 -0.019291
v 0.428811 -0.292594 0.016348
v 0.441310 -0.280419 0.038922
v 0.424697 -0.292594 0.033524
v 0.446064 -0.280419 0.019080
v 0.410921 -0.302864 0.022592
v 0.390482 -0.309083 0.035853
v 0.403286 -0.302804 0.042377
v 0.397407 -0.309162 0.016773
v 0.417930 -0.292594 0.049838
v 0.422841 -0.280419 0.075170
v 0.408709 -0.292594 0.064902
v 0.433493 -0.280419 0.057768
v 0.397232 -0.292594 0.078327
v 0.391764 -0.302864 0.060186
v 0.394075 -0.280419 0.103936
v 0.383807 -0.292594 0.089804
v 0.409583 -0.280419 0.090678
v 0.368743 -0.292594 0.099025
v 0.357827 -0.280419 0.122405
v 0.369150 -0.302864 0.080082
v 0.352429 -0.292594 0.105791
v 0.376673 -0.280419 0.114588
v 0.341493 -0.302864 0.092017
v 0.359446 -0.309162 0.069024
v 0.335681 -0.309162 0.078501
v 0.335253 -0.292594 0.109906
v 0.317646 -0.302804 0.094864
v 0.317646 -0.280419 0.128769
v 0.317646 -0.292594 0.111301
v 0.337986 -0.280419 0.127159
v 0.300039 -0.292594 0.109906
v 0.277465 -0.280419 0.122405
v 0.282864 -0.292594 0.105791
v 0.297307 -0.280419 0.127159
v 0.293800 -0.302864 0.092017
v 0.266144 -0.302864 0.080083
v 0.285355 -0.309162 0.073869
v 0.310150 -0.309162 0.080170
v 0.300065 -0.312851 0.067512
v 0.322177 -0.312851 0.069579
v 0.298419 -0.318205 0.057916
v 0.291795 -0.315256 0.058884
v 0.317646 -0.318205 0.060962
v 0.311646 -0.315256 0.063929
v 0.307828 -0.317521 0.060734
v 0.308042 -0.320654 0.059380
v 0.298856 -0.324599 0.056570
v 0.317646 -0.324599 0.059546
v 0.308135 -0.324599 0.058793
v 0.327250 -0.320654 0.059380
v 0.327158 -0.324599 0.058793
v 0.327465 -0.317521 0.060734
v 0.336436 -0.324599 0.056570
v 0.336874 -0.318205 0.057917
v 0.345519 -0.320654 0.053444
v 0.353387 -0.324599 0.047934
v 0.354219 -0.318205 0.049079
v 0.345249 -0.324599 0.052915
v 0.346141 -0.317521 0.054666
v 0.343495 -0.315256 0.058885
v 0.356488 -0.314699 0.052202
v 0.343844 -0.312851 0.064712
v 0.327861 -0.315244 0.063234
v 0.379119 -0.309162 0.052667
v 0.367983 -0.318206 0.035313
v 0.366857 -0.315256 0.041913
v 0.362028 -0.317521 0.043123
v 0.372294 -0.312851 0.044042
v 0.376205 -0.314916 0.028578
v 0.386416 -0.312851 0.016326
v 0.376822 -0.318206 0.017968
v 0.381497 -0.315256 0.013181
v 0.373571 -0.317521 0.027236
v 0.372349 -0.320654 0.026614
v 0.366839 -0.324599 0.034482
v 0.375475 -0.324599 0.017531
v 0.371820 -0.324599 0.026344
v 0.378285 -0.320654 0.008345
v 0.378451 -0.324599 -0.001259
v 0.379867 -0.318205 -0.001259
v 0.377698 -0.324599 0.008253
v 0.379639 -0.317521 0.008560
v 0.383727 -0.314699 -0.001259
v 0.376822 -0.318205 -0.020486
v 0.381497 -0.315256 -0.015698
v 0.386416 -0.312851 -0.018843
v 0.379639 -0.317521 -0.011077
v 0.378285 -0.320654 -0.010863
v 0.375475 -0.324599 -0.020049
v 0.377698 -0.324599 -0.010770
v 0.372349 -0.320654 -0.029131
v 0.366839 -0.324599 -0.036999
v 0.367983 -0.318206 -0.037831
v 0.371820 -0.324599 -0.028862
v 0.373571 -0.317521 -0.029754
v 0.366856 -0.315256 -0.044430
v 0.372294 -0.312851 -0.046560
v 0.376205 -0.314916 -0.031096
v 0.390482 -0.309083 -0.038370
v 0.379119 -0.309163 -0.055185
v 0.356488 -0.314699 -0.054719
v 0.354219 -0.318205 -0.051596
v 0.362028 -0.317521 -0.045641
v 0.361059 -0.320654 -0.044671
v 0.353387 -0.324599 -0.050451
v 0.360639 -0.324599 -0.044251
v 0.345519 -0.320654 -0.055962
v 0.336436 -0.324599 -0.059088
v 0.336873 -0.318205 -0.060434
v 0.345249 -0.324599 -0.055432
v 0.346141 -0.317521 -0.057184
v 0.343496 -0.315256 -0.061402
v 0.343844 -0.312851 -0.067230
v 0.327861 -0.315244 -0.065751
v 0.317646 -0.318205 -0.063479
v 0.311646 -0.315256 -0.066446
v 0.322177 -0.312851 -0.072097
v 0.327465 -0.317521 -0.063252
v 0.327250 -0.320654 -0.061897
v 0.317646 -0.324599 -0.062064
v 0.327158 -0.324599 -0.061311
v 0.308042 -0.320654 -0.061897
v 0.298856 -0.324599 -0.059088
v 0.298419 -0.318205 -0.060434
v 0.308135 -0.324599 -0.061311
v 0.307828 -0.317521 -0.063252
v 0.291794 -0.315256 -0.061401
v 0.300065 -0.312851 -0.070030
v 0.310151 -0.309162 -0.082688
v 0.285355 -0.309162 -0.076386
v 0.279676 -0.312851 -0.061232
v 0.281074 -0.318205 -0.051596
v 0.274476 -0.315256 -0.050470
v 0.289151 -0.317521 -0.057184
v 0.289774 -0.320654 -0.055962
v 0.281906 -0.324599 -0.050451
v 0.290043 -0.324599 -0.055432
v 0.274234 -0.320654 -0.044671
v 0.268454 -0.324599 -0.036999
v 0.267308 -0.318204 -0.037831
v 0.274654 -0.324599 -0.044251
v 0.273264 -0.317521 -0.045641
v 0.264816 -0.315244 -0.039642
v 0.263001 -0.312851 -0.046562
v 0.258471 -0.318205 -0.020486
v 0.257503 -0.315256 -0.027108
v 0.251677 -0.312851 -0.027459
v 0.261722 -0.317521 -0.029754
v 0.262944 -0.320654 -0.029131
v 0.259817 -0.324599 -0.020049
v 0.263473 -0.324599 -0.028862
v 0.257008 -0.320654 -0.010863
v 0.256841 -0.324599 -0.001259
v 0.255426 -0.318205 -0.001259
v 0.257594 -0.324599 -0.010770
v 0.255653 -0.317521 -0.011077
v 0.252459 -0.315256 -0.007260
v 0.246809 -0.312851 -0.005790
v 0.236217 -0.309162 -0.008752
v 0.239896 -0.309083 -0.026521
v 0.252734 -0.314916 0.009022
v 0.251677 -0.312851 0.024942
v 0.258471 -0.318205 0.017969
v 0.257503 -0.315256 0.024590
v 0.255653 -0.317521 0.008560
v 0.257008 -0.320654 0.008345
v 0.259817 -0.324599 0.017531
v 0.257594 -0.324599 0.008253
v 0.262944 -0.320654 0.026614
v 0.268454 -0.324599 0.034482
v 0.267308 -0.318204 0.035314
v 0.263473 -0.324599 0.026344
v 0.261722 -0.317521 0.027236
v 0.264816 -0.315244 0.037124
v 0.263001 -0.312851 0.044045
v 0.263720 -0.309162 0.060213
v 0.281074 -0.318205 0.049079
v 0.279676 -0.312851 0.058714
v 0.274476 -0.315256 0.047952
v 0.273264 -0.317521 0.043123
v 0.274234 -0.320654 0.042154
v 0.281906 -0.324599 0.047934
v 0.274654 -0.324599 0.041734
v 0.289774 -0.320654 0.053444
v 0.290043 -0.324599 0.052915
v 0.289151 -0.317521 0.054666
v 0.249682 -0.302804 0.066705
v 0.361059 -0.320654 0.042154
v 0.360639 -0.324599 0.041734
v 0.353270 -0.360040 0.047773
v 0.345184 -0.324593 0.052787
v 0.345159 -0.360040 0.052739
v 0.360537 -0.324593 0.041632
v 0.360499 -0.360040 0.041594
v 0.367727 -0.363929 0.035127
v 0.354032 -0.363929 0.048822
v 0.366679 -0.360040 0.034365
v 0.361415 -0.363929 0.042510
v 0.371692 -0.324593 0.026279
v 0.371644 -0.360040 0.026254
v 0.375287 -0.360040 0.017470
v 0.372798 -0.363929 0.026843
v 0.376520 -0.363929 0.017870
v 0.378783 -0.363929 0.008424
v 0.379550 -0.363929 -0.001259
v 0.378783 -0.363929 -0.010942
v 0.376520 -0.363929 -0.020388
v 0.372798 -0.363929 -0.029360
v 0.367727 -0.363929 -0.037645
v 0.361415 -0.363929 -0.045028
v 0.354032 -0.363929 -0.051340
v 0.345748 -0.363929 -0.056411
v 0.336775 -0.363929 -0.060132
v 0.327329 -0.363929 -0.062395
v 0.317646 -0.363929 -0.063162
v 0.307963 -0.363929 -0.062395
v 0.317646 -0.360040 -0.061866
v 0.327135 -0.324593 -0.061169
v 0.327127 -0.360040 -0.061115
v 0.308158 -0.324593 -0.061169
v 0.308166 -0.360040 -0.061115
v 0.298918 -0.360040 -0.058900
v 0.290109 -0.324593 -0.055304
v 0.290133 -0.360040 -0.055256
v 0.282022 -0.360040 -0.050291
v 0.281260 -0.363929 -0.051340
v 0.298517 -0.363929 -0.060132
v 0.289545 -0.363929 -0.056411
v 0.274794 -0.360040 -0.044111
v 0.273877 -0.363929 -0.045028
v 0.268614 -0.360040 -0.036883
v 0.267565 -0.363929 -0.037645
v 0.262494 -0.363929 -0.029360
v 0.258773 -0.363929 -0.020388
v 0.256510 -0.363929 -0.010942
v 0.260005 -0.360040 -0.019987
v 0.257790 -0.360040 -0.010739
v 0.263601 -0.324593 -0.028796
v 0.263649 -0.360040 -0.028772
v 0.257737 -0.324593 -0.010748
v 0.257039 -0.360040 -0.001259
v 0.256980 -0.324593 -0.001259
v 0.259949 -0.324593 -0.020006
v 0.268566 -0.324593 -0.036918
v 0.274756 -0.324593 -0.044149
v 0.281987 -0.324593 -0.050339
v 0.298899 -0.324593 -0.058956
v 0.317646 -0.324593 -0.061925
v 0.336393 -0.324593 -0.058956
v 0.345184 -0.324593 -0.055304
v 0.353305 -0.324593 -0.050339
v 0.360537 -0.324593 -0.044150
v 0.366727 -0.324593 -0.036918
v 0.371692 -0.324593 -0.028796
v 0.366679 -0.360040 -0.036883
v 0.371644 -0.360040 -0.028772
v 0.360499 -0.360040 -0.044111
v 0.353270 -0.360040 -0.050291
v 0.345159 -0.360040 -0.055256
v 0.336375 -0.360040 -0.058900
v 0.375287 -0.360040 -0.019987
v 0.377556 -0.324593 -0.010748
v 0.377503 -0.360040 -0.010739
v 0.378254 -0.360040 -0.001259
v 0.377556 -0.324593 0.008230
v 0.377503 -0.360040 0.008222
v 0.378313 -0.324593 -0.001259
v 0.375343 -0.324593 -0.020006
v 0.375343 -0.324593 0.017488
v 0.353305 -0.324593 0.047822
v 0.366727 -0.324593 0.034400
v 0.336393 -0.324593 0.056439
v 0.317646 -0.324593 0.059408
v 0.327135 -0.324593 0.058651
v 0.336375 -0.360040 0.056382
v 0.327127 -0.360040 0.058598
v 0.317646 -0.360040 0.059348
v 0.308158 -0.324593 0.058651
v 0.308166 -0.360040 0.058598
v 0.298918 -0.360040 0.056382
v 0.298899 -0.324593 0.056439
v 0.281987 -0.324593 0.047822
v 0.290109 -0.324593 0.052787
v 0.290133 -0.360040 0.052738
v 0.282022 -0.360040 0.047773
v 0.274756 -0.324593 0.041632
v 0.274794 -0.360040 0.041594
v 0.268614 -0.360040 0.034365
v 0.268566 -0.324593 0.034400
v 0.259949 -0.324593 0.017488
v 0.263601 -0.324593 0.026279
v 0.263649 -0.360040 0.026254
v 0.260005 -0.360040 0.017470
v 0.258773 -0.363929 0.017870
v 0.262494 -0.363929 0.026843
v 0.267565 -0.363929 0.035127
v 0.273877 -0.363929 0.042510
v 0.281260 -0.363929 0.048822
v 0.289545 -0.363929 0.053893
v 0.298517 -0.363929 0.057615
v 0.307963 -0.363929 0.059878
v 0.317646 -0.363929 0.060645
v 0.327329 -0.363929 0.059878
v 0.336775 -0.363929 0.057615
v 0.345748 -0.363929 0.053893
v 0.259948 -0.324593 0.017488
v 0.257737 -0.324593 0.008230
v 0.260005 -0.360040 0.017470
v 0.257790 -0.360040 0.008222
v 0.255743 -0.363929 -0.001259
v 0.256510 -0.363929 0.008424
v 0.258773 -0.363929 0.017870
v 0.380700 -0.365733 0.085534
v 0.348281 -0.365225 0.093023
v 0.398719 -0.365224 0.057644
v 0.368839 -0.367284 0.099212
v 0.383931 -0.367284 0.089974
v 0.397381 -0.367284 0.078476
v 0.399853 -0.370142 0.080948
v 0.385986 -0.370142 0.092803
v 0.403941 -0.365740 0.061438
v 0.411708 -0.370142 0.067081
v 0.408879 -0.367284 0.065026
v 0.418118 -0.367284 0.049934
v 0.421232 -0.370142 0.051521
v 0.419675 -0.365733 0.031890
v 0.428222 -0.370142 0.034669
v 0.424897 -0.367284 0.033589
v 0.429019 -0.367284 0.016381
v 0.432472 -0.370142 0.016928
v 0.424378 -0.365738 -0.008087
v 0.433912 -0.370142 -0.001259
v 0.430416 -0.367284 -0.001259
v 0.429020 -0.367284 -0.018899
v 0.432472 -0.370142 -0.019445
v 0.417043 -0.365738 -0.040735
v 0.428222 -0.370142 -0.037187
v 0.424897 -0.367284 -0.036107
v 0.418117 -0.367284 -0.052451
v 0.421232 -0.370142 -0.054038
v 0.403941 -0.365740 -0.063955
v 0.411708 -0.370142 -0.069598
v 0.408879 -0.367284 -0.067543
v 0.397381 -0.367284 -0.080993
v 0.399853 -0.370142 -0.083465
v 0.385900 -0.365738 -0.083597
v 0.385986 -0.370142 -0.095320
v 0.383931 -0.367284 -0.092492
v 0.368839 -0.367284 -0.101730
v 0.370426 -0.370142 -0.104845
v 0.357118 -0.365738 -0.100658
v 0.353574 -0.370142 -0.111834
v 0.352494 -0.367284 -0.108510
v 0.335286 -0.367284 -0.112632
v 0.335833 -0.370142 -0.116085
v 0.324472 -0.365738 -0.107990
v 0.317646 -0.370142 -0.117525
v 0.317646 -0.367284 -0.114029
v 0.300007 -0.367284 -0.112632
v 0.299460 -0.370142 -0.116085
v 0.291154 -0.365738 -0.104875
v 0.281718 -0.370142 -0.111834
v 0.282798 -0.367284 -0.108510
v 0.266454 -0.367284 -0.101730
v 0.260433 -0.365738 -0.091618
v 0.249307 -0.370142 -0.095320
v 0.251362 -0.367284 -0.092492
v 0.264867 -0.370142 -0.104845
v 0.263714 -0.365225 -0.085033
v 0.263905 -0.365224 -0.040306
v 0.262494 -0.363929 -0.029360
v 0.258773 -0.363929 -0.020388
v 0.267565 -0.363929 -0.037645
v 0.273877 -0.363929 -0.045028
v 0.281260 -0.363929 -0.051340
v 0.289545 -0.363929 -0.056411
v 0.298517 -0.363929 -0.060132
v 0.307963 -0.363929 -0.062395
v 0.287599 -0.365224 -0.060232
v 0.317646 -0.363929 -0.063162
v 0.327329 -0.363929 -0.062395
v 0.311599 -0.365225 -0.066953
v 0.317646 -0.365225 -0.100392
v 0.332195 -0.365225 -0.065606
v 0.351367 -0.365225 -0.057961
v 0.336775 -0.363929 -0.060132
v 0.345748 -0.363929 -0.056411
v 0.354032 -0.363929 -0.051340
v 0.361415 -0.363929 -0.045028
v 0.367727 -0.363929 -0.037645
v 0.372798 -0.363929 -0.029360
v 0.367238 -0.365225 -0.044766
v 0.371578 -0.365225 -0.085034
v 0.405650 -0.365225 -0.046103
v 0.416780 -0.365225 -0.001259
v 0.383340 -0.365225 -0.007306
v 0.378256 -0.365225 -0.027311
v 0.376520 -0.363929 -0.020388
v 0.378783 -0.363929 -0.010942
v 0.379550 -0.363929 -0.001259
v 0.378783 -0.363929 0.008424
v 0.376520 -0.363929 0.017870
v 0.372798 -0.363929 0.026843
v 0.381994 -0.365225 0.013291
v 0.374349 -0.365225 0.032462
v 0.338174 -0.365224 0.061919
v 0.361153 -0.365225 0.048334
v 0.307291 -0.365224 0.064113
v 0.327329 -0.363929 0.059878
v 0.336775 -0.363929 0.057615
v 0.317646 -0.363929 0.060645
v 0.307963 -0.363929 0.059878
v 0.298517 -0.363929 0.057615
v 0.283924 -0.365225 0.055443
v 0.289545 -0.363929 0.053893
v 0.281260 -0.363929 0.048822
v 0.268051 -0.365225 0.042245
v 0.273877 -0.363929 0.042510
v 0.267565 -0.363929 0.035127
v 0.257035 -0.365225 0.024790
v 0.262494 -0.363929 0.026843
v 0.258773 -0.363929 0.017870
v 0.251952 -0.365225 0.004788
v 0.256510 -0.363929 0.008424
v 0.255743 -0.363929 -0.001259
v 0.253299 -0.365225 -0.015810
v 0.256510 -0.363929 -0.010942
v 0.222339 -0.365224 -0.032225
v 0.215618 -0.365733 -0.034408
v 0.206273 -0.367284 -0.018899
v 0.210396 -0.367284 -0.036107
v 0.217175 -0.367284 -0.052451
v 0.214060 -0.370142 -0.054038
v 0.223585 -0.370142 -0.069598
v 0.226413 -0.367284 -0.067543
v 0.207071 -0.370142 -0.037187
v 0.235310 -0.365738 -0.069515
v 0.237912 -0.367284 -0.080993
v 0.235440 -0.370142 -0.083465
v 0.234974 -0.374596 -0.083931
v 0.236536 -0.381252 -0.082369
v 0.250218 -0.381252 -0.094066
v 0.248919 -0.374596 -0.095853
v 0.224839 -0.381252 -0.068687
v 0.223052 -0.374596 -0.069986
v 0.213473 -0.374596 -0.054338
v 0.215442 -0.381252 -0.053335
v 0.208545 -0.381252 -0.036708
v 0.206444 -0.374596 -0.037391
v 0.202169 -0.374596 -0.019548
v 0.204352 -0.381252 -0.019203
v 0.202820 -0.370142 -0.019445
v 0.202931 -0.381252 -0.001259
v 0.201380 -0.370142 -0.001259
v 0.200721 -0.374596 -0.001259
v 0.202169 -0.374596 0.017031
v 0.204352 -0.381252 0.016685
v 0.202820 -0.370142 0.016928
v 0.208545 -0.381252 0.034190
v 0.207071 -0.370142 0.034669
v 0.206444 -0.374596 0.034873
v 0.213473 -0.374596 0.051820
v 0.215442 -0.381252 0.050817
v 0.214060 -0.370142 0.051521
v 0.224839 -0.381252 0.066169
v 0.223585 -0.370142 0.067081
v 0.223052 -0.374596 0.067468
v 0.234974 -0.374596 0.081414
v 0.236536 -0.381252 0.079851
v 0.235440 -0.370142 0.080948
v 0.250218 -0.381252 0.091548
v 0.249307 -0.370142 0.092803
v 0.248919 -0.374596 0.093336
v 0.264567 -0.374596 0.102914
v 0.265571 -0.381252 0.100946
v 0.264867 -0.370142 0.102327
v 0.282197 -0.381252 0.107842
v 0.281718 -0.370142 0.109317
v 0.281514 -0.374596 0.109944
v 0.299357 -0.374596 0.114218
v 0.299702 -0.381252 0.112036
v 0.299460 -0.370142 0.113567
v 0.317646 -0.381252 0.113457
v 0.317646 -0.370142 0.115007
v 0.317646 -0.374596 0.115667
v 0.335936 -0.374596 0.114218
v 0.335590 -0.381252 0.112036
v 0.335833 -0.370142 0.113567
v 0.353095 -0.381252 0.107842
v 0.353575 -0.370142 0.109317
v 0.353778 -0.374596 0.109944
v 0.370725 -0.374596 0.102914
v 0.385074 -0.381252 0.091548
v 0.386373 -0.374596 0.093336
v 0.369722 -0.381252 0.100946
v 0.370426 -0.370142 0.102327
v 0.400319 -0.374596 0.081414
v 0.398756 -0.381252 0.079851
v 0.410453 -0.381252 0.066169
v 0.412241 -0.374596 0.067468
v 0.421820 -0.374596 0.051820
v 0.419851 -0.381252 0.050817
v 0.426747 -0.381252 0.034190
v 0.428849 -0.374596 0.034873
v 0.433123 -0.374596 0.017031
v 0.430941 -0.381252 0.016685
v 0.432362 -0.381252 -0.001259
v 0.434572 -0.374596 -0.001259
v 0.433123 -0.374596 -0.019548
v 0.430941 -0.381252 -0.019203
v 0.426747 -0.381252 -0.036708
v 0.428849 -0.374596 -0.037391
v 0.421820 -0.374596 -0.054338
v 0.419851 -0.381252 -0.053335
v 0.410453 -0.381252 -0.068687
v 0.412241 -0.374596 -0.069986
v 0.400319 -0.374596 -0.083931
v 0.398756 -0.381252 -0.082369
v 0.385074 -0.381252 -0.094066
v 0.386373 -0.374596 -0.095853
v 0.370725 -0.374596 -0.105432
v 0.369722 -0.381252 -0.103463
v 0.353095 -0.381252 -0.110360
v 0.353778 -0.374596 -0.112461
v 0.335936 -0.374596 -0.116736
v 0.335590 -0.381252 -0.114553
v 0.317646 -0.381252 -0.115974
v 0.317646 -0.374596 -0.118184
v 0.299357 -0.374596 -0.116736
v 0.299702 -0.381252 -0.114553
v 0.282197 -0.381252 -0.110360
v 0.281514 -0.374596 -0.112461
v 0.264567 -0.374596 -0.105432
v 0.265571 -0.381252 -0.103463
v 0.352494 -0.367284 0.105992
v 0.335286 -0.367284 0.110114
v 0.317646 -0.365740 0.105407
v 0.317646 -0.367284 0.111511
v 0.344140 -0.365738 0.102357
v 0.300006 -0.367284 0.110114
v 0.282798 -0.367284 0.105992
v 0.291153 -0.365738 0.102357
v 0.292241 -0.365225 0.095083
v 0.260433 -0.365738 0.089100
v 0.266454 -0.367284 0.099212
v 0.251362 -0.367284 0.089974
v 0.237912 -0.367284 0.078476
v 0.226413 -0.367284 0.065026
v 0.235310 -0.365738 0.066998
v 0.218247 -0.365738 0.038212
v 0.217175 -0.367284 0.049934
v 0.210396 -0.367284 0.033589
v 0.206273 -0.367284 0.016381
v 0.204876 -0.367284 -0.001259
v 0.210915 -0.365738 0.005567
v 0.221621 -0.365225 0.020454
v 0.240468 -0.365225 0.061750
v 0.345748 -0.363929 0.053893
v 0.354032 -0.363929 0.048822
v 0.361415 -0.363929 0.042510
v 0.367727 -0.363929 0.035127
vn -0.0846 -0.9888 -0.1229
vn -0.0140 -0.9887 -0.1493
vn -0.0347 -0.9956 -0.0866
vn -0.0427 -0.9883 -0.1465
vn -0.0768 -0.9880 -0.1339
vn -0.1063 -0.9904 -0.0889
vn -0.1272 -0.9895 -0.0691
vn -0.1534 -0.9861 -0.0642
vn -0.1411 -0.9900 -0.0073
vn -0.1520 -0.9884 -0.0045
vn -0.1501 -0.9878 0.0407
vn -0.1299 -0.9890 0.0709
vn -0.1253 -0.9864 0.1066
vn -0.1003 -0.9883 0.1146
vn -0.0711 -0.9876 0.1400
vn -0.0470 -0.9878 0.1484
vn -0.0044 -0.9989 0.0472
vn -0.0321 -0.9987 0.0407
vn -0.0408 -0.9990 0.0199
vn 0.1826 -0.9754 -0.1232
vn 0.3308 -0.8795 -0.3421
vn 0.4347 -0.8418 -0.3201
vn 0.1063 -0.9808 -0.1634
vn 0.2967 -0.8736 -0.3856
vn 0.4217 -0.8829 -0.2066
vn 0.4443 -0.8836 -0.1478
vn 0.1896 -0.9813 -0.0337
vn -0.0493 -0.9988 -0.0068
vn 0.5206 -0.8498 -0.0826
vn 0.4694 -0.8830 -0.0006
vn 0.1794 -0.9829 0.0421
vn 0.4918 -0.8674 0.0755
vn 0.4945 -0.8692 0.0017
vn 0.5711 -0.7966 -0.1982
vn 0.5888 -0.8043 -0.0802
vn 0.3656 -0.9269 0.0854
vn 0.5888 -0.8042 0.0809
vn 0.3856 -0.9195 -0.0766
vn 0.1090 -0.9936 -0.0293
vn 0.1437 -0.9896 -0.0003
vn -0.1944 -0.9808 0.0160
vn -0.4823 -0.8721 0.0831
vn -0.4796 -0.8775 -0.0071
vn -0.1767 -0.9826 0.0574
vn -0.4659 -0.8719 0.1508
vn -0.7344 -0.6689 0.1154
vn -0.7249 -0.6888 -0.0000
vn -0.8422 -0.5392 -0.0000
vn -0.6895 -0.6887 0.2240
vn -0.8008 -0.5391 0.2608
vn -0.8506 -0.5081 0.1351
vn -0.8510 -0.5075 -0.1348
vn -0.7344 -0.6689 -0.1154
vn -0.8012 -0.5385 -0.2610
vn -0.6896 -0.6888 -0.2238
vn -0.4843 -0.8721 -0.0700
vn -0.4543 -0.8775 -0.1536
vn -0.1911 -0.9804 -0.0473
vn 0.1161 -0.9927 0.0328
vn 0.3332 -0.9237 0.1890
vn 0.0887 -0.9944 0.0567
vn -0.1735 -0.9801 -0.0966
vn -0.4391 -0.8720 -0.2162
vn -0.3839 -0.8775 -0.2876
vn 0.2601 -0.9241 0.2801
vn 0.0718 -0.9940 0.0826
vn -0.1352 -0.9801 -0.1455
vn -0.3507 -0.8721 -0.3413
vn -0.2762 -0.8774 -0.3922
vn 0.2214 -0.8782 0.4239
vn 0.0438 -0.9938 0.1024
vn -0.0743 -0.9805 -0.1821
vn -0.2240 -0.8706 -0.4379
vn -0.1498 -0.8756 -0.4591
vn -0.0119 -0.9801 -0.1981
vn -0.0777 -0.8706 -0.4857
vn -0.1187 -0.6682 -0.7344
vn -0.3378 -0.6690 -0.6621
vn -0.2238 -0.6888 -0.6895
vn -0.2603 -0.5381 -0.8017
vn -0.4261 -0.6888 -0.5865
vn -0.4952 -0.5392 -0.6812
vn -0.3911 -0.5080 -0.7675
vn -0.5371 -0.4062 -0.7393
vn -0.2824 -0.4063 -0.8690
vn -0.4167 -0.3967 -0.8179
vn -0.1343 -0.5083 -0.8506
vn -0.1436 -0.3967 -0.9066
vn -0.0000 -0.4062 -0.9138
vn 0.1436 -0.3967 -0.9066
vn 0.1347 -0.5080 -0.8507
vn 0.0007 -0.5387 -0.8425
vn 0.2604 -0.5386 -0.8013
vn 0.1137 -0.6680 -0.7354
vn 0.2824 -0.4062 -0.8690
vn 0.2238 -0.6888 -0.6896
vn 0.1531 -0.8750 -0.4593
vn -0.0000 -0.6887 -0.7250
vn 0.0060 -0.8774 -0.4797
vn 0.0700 -0.8721 -0.4844
vn 0.0830 -0.9834 -0.1614
vn 0.0413 -0.9809 -0.1899
vn 0.2246 -0.8691 -0.4408
vn 0.3374 -0.6690 -0.6622
vn 0.4958 -0.5388 -0.6810
vn 0.4259 -0.6888 -0.5866
vn 0.2813 -0.8750 -0.3940
vn 0.3483 -0.8707 -0.3473
vn 0.1295 -0.9806 -0.1470
vn 0.5256 -0.6690 -0.5256
vn 0.6820 -0.5388 -0.4945
vn 0.5864 -0.6887 -0.4263
vn 0.3769 -0.8831 -0.2793
vn 0.4571 -0.8584 -0.2329
vn 0.1837 -0.9789 -0.0889
vn 0.6623 -0.6690 -0.3374
vn 0.8014 -0.5388 -0.2599
vn 0.6894 -0.6888 -0.2242
vn 0.4533 -0.8795 -0.1450
vn 0.1785 -0.9835 -0.0280
vn 0.4886 -0.8691 -0.0774
vn 0.7341 -0.6690 -0.1163
vn 0.8424 -0.5388 0.0006
vn 0.7249 -0.6888 -0.0002
vn 0.4840 -0.8750 -0.0043
vn 0.4857 -0.8707 0.0777
vn 0.1949 -0.9807 0.0184
vn 0.7341 -0.6690 0.1163
vn 0.8009 -0.5389 0.2610
vn 0.6895 -0.6888 0.2238
vn 0.4474 -0.8831 0.1411
vn 0.4571 -0.8584 0.2329
vn 0.1800 -0.9789 0.0972
vn 0.6622 -0.6690 0.3374
vn 0.6815 -0.5382 0.4958
vn 0.5866 -0.6888 0.4259
vn 0.3774 -0.8831 0.2788
vn 0.1270 -0.9800 0.1532
vn 0.3483 -0.8707 0.3473
vn 0.5266 -0.6688 0.5248
vn 0.4953 -0.5379 0.6821
vn 0.4263 -0.6888 0.5863
vn 0.2815 -0.8750 0.3938
vn 0.6090 -0.5080 0.6091
vn 0.6491 -0.3967 0.6491
vn 0.5371 -0.4062 0.7392
vn 0.7392 -0.4062 0.5371
vn 0.7674 -0.5081 0.3910
vn 0.8179 -0.3967 0.4167
vn 0.8690 -0.4063 0.2824
vn 0.8508 -0.5079 0.1347
vn 0.9066 -0.3967 0.1436
vn 0.9138 -0.4062 -0.0000
vn 0.8508 -0.5079 -0.1347
vn 0.9066 -0.3968 -0.1436
vn 0.8690 -0.4063 -0.2824
vn 0.7674 -0.5082 -0.3910
vn 0.8179 -0.3967 -0.4167
vn 0.7392 -0.4063 -0.5371
vn 0.6091 -0.5078 -0.6091
vn 0.6491 -0.3967 -0.6491
vn 0.5371 -0.4062 -0.7393
vn 0.3911 -0.5080 -0.7674
vn 0.4167 -0.3967 -0.8179
vn 0.3911 -0.5080 0.7674
vn 0.3364 -0.6651 0.6667
vn 0.2598 -0.5382 0.8018
vn 0.2824 -0.4062 0.8690
vn 0.4167 -0.3967 0.8179
vn 0.1344 -0.5083 0.8506
vn 0.1436 -0.3967 0.9066
vn -0.0000 -0.4062 0.9138
vn -0.1349 -0.5079 0.8508
vn -0.0009 -0.5388 0.8424
vn -0.1436 -0.3968 0.9066
vn -0.2824 -0.4063 0.8690
vn -0.2608 -0.5379 0.8016
vn -0.3913 -0.5081 0.7673
vn -0.4167 -0.3967 0.8179
vn -0.5371 -0.4062 0.7393
vn -0.6092 -0.5081 0.6089
vn -0.4948 -0.5387 0.6819
vn -0.6491 -0.3967 0.6491
vn -0.7392 -0.4063 0.5371
vn -0.6820 -0.5388 0.4945
vn -0.7675 -0.5081 0.3908
vn -0.8179 -0.3967 0.4167
vn -0.8690 -0.4063 0.2824
vn -0.9066 -0.3967 0.1436
vn -0.9138 -0.4062 -0.0000
vn -0.9066 -0.3968 -0.1436
vn -0.8690 -0.4063 -0.2824
vn -0.7677 -0.5075 -0.3912
vn -0.8179 -0.3967 -0.4167
vn -0.7392 -0.4063 -0.5371
vn -0.6811 -0.5388 -0.4959
vn -0.6090 -0.5079 -0.6092
vn -0.6491 -0.3967 -0.6491
vn -0.5245 -0.6684 -0.5274
vn -0.5864 -0.6888 -0.4263
vn -0.6619 -0.6688 -0.3385
vn -0.6637 -0.6684 0.3358
vn -0.3845 -0.8775 0.2867
vn -0.5866 -0.6888 0.4260
vn -0.4390 -0.8721 0.2162
vn -0.1662 -0.9803 0.1070
vn 0.0949 -0.9926 -0.0754
vn 0.4328 -0.8722 -0.2281
vn 0.2781 -0.9246 -0.2604
vn 0.4930 -0.7979 -0.3469
vn 0.3631 -0.8004 -0.4770
vn 0.4065 -0.8094 -0.4239
vn 0.1902 -0.9245 -0.3303
vn 0.0633 -0.9931 -0.0986
vn 0.0899 -0.9223 -0.3759
vn 0.0406 -0.9930 -0.1105
vn 0.1929 -0.8017 -0.5658
vn 0.2556 -0.8094 -0.5287
vn 0.2207 -0.8671 -0.4465
vn 0.1508 -0.8796 -0.4512
vn 0.0373 -0.9803 -0.1941
vn 0.0851 -0.8490 -0.5214
vn -0.0074 -0.8842 -0.4671
vn -0.0042 -0.8680 -0.4965
vn 0.0803 -0.8042 -0.5889
vn -0.0717 -0.8796 -0.4702
vn -0.1664 -0.8427 -0.5120
vn -0.1982 -0.7965 -0.5712
vn -0.0810 -0.8043 -0.5887
vn -0.0742 -0.9241 -0.3749
vn 0.0150 -0.9909 -0.1338
vn -0.0350 -0.9924 -0.1178
vn 0.0494 -0.9800 0.1927
vn -0.0143 -0.9804 0.1963
vn -0.0830 -0.9777 0.1927
vn -0.0831 -0.8721 0.4823
vn -0.1420 -0.8775 0.4581
vn 0.0037 -0.8773 0.4799
vn -0.1172 -0.6688 0.7341
vn -0.2240 -0.6888 0.6895
vn -0.0000 -0.6888 0.7250
vn -0.3367 -0.6689 0.6627
vn -0.4259 -0.6888 0.5866
vn -0.2281 -0.8720 0.4330
vn -0.2767 -0.8775 0.3916
vn -0.1285 -0.9808 0.1464
vn -0.3507 -0.8721 0.3413
vn -0.5263 -0.6688 0.5250
vn 0.1143 -0.6685 0.7349
vn 0.0700 -0.8720 0.4844
vn 0.2240 -0.6888 0.6895
vn 0.1531 -0.8750 0.4592
vn 0.0817 -0.9836 0.1610
vn 0.2246 -0.8691 0.4408
vn -0.0665 -0.9946 -0.0796
vn -0.2202 -0.8726 -0.4360
vn -0.2672 -0.9195 -0.2882
vn -0.3470 -0.7979 -0.4930
vn -0.2170 -0.8853 -0.4112
vn -0.2754 -0.8794 -0.3883
vn -0.3714 -0.8510 -0.3713
vn -0.3886 -0.8798 -0.2736
vn -0.3972 -0.8698 -0.2928
vn -0.4293 -0.8042 -0.4111
vn -0.1153 -0.9899 -0.0826
vn -0.3476 -0.9247 -0.1552
vn -0.5237 -0.8042 -0.2812
vn -0.5761 -0.7979 -0.1775
vn -0.1145 -0.9924 -0.0444
vn -0.4714 -0.8785 -0.0774
vn -0.1243 -0.9922 -0.0082
vn -0.4176 -0.9077 0.0406
vn -0.0990 -0.9947 0.0275
vn -0.3584 -0.9194 0.1617
vn -0.1151 -0.9899 0.0828
vn -0.3946 -0.8711 0.2924
vn -0.2566 -0.9250 0.2803
vn -0.0807 -0.9922 0.0951
vn -0.2193 -0.8786 0.4243
vn -0.0454 -0.9924 0.1144
vn -0.0917 -0.9078 0.4093
vn -0.0012 -0.9916 0.1297
vn -0.0044 -0.8758 0.4826
vn 0.0870 -0.9079 0.4100
vn 0.0803 -0.8042 0.5889
vn 0.1950 -0.7979 0.5704
vn -0.0810 -0.8042 0.5888
vn -0.0671 -0.8798 0.4705
vn 0.0842 -0.8518 0.5171
vn -0.0027 -0.8880 0.4599
vn 0.1509 -0.8796 0.4512
vn -0.0619 -0.9772 0.2032
vn 0.0236 -0.9803 0.1962
vn 0.0187 -0.9991 -0.0373
vn -0.0103 -0.9988 -0.0481
vn 0.0179 -0.9850 -0.1718
vn 0.0473 -0.9881 -0.1466
vn 0.0484 -0.9941 -0.0966
vn 0.0178 -0.9985 -0.0510
vn -0.0559 -0.9980 -0.0299
vn 0.0619 -0.9978 -0.0258
vn 0.1026 -0.9880 -0.1154
vn 0.1293 -0.9888 -0.0738
vn 0.1335 -0.9906 -0.0309
vn 0.1682 -0.9855 -0.0245
vn 0.1301 -0.9913 0.0172
vn 0.1312 -0.9874 -0.0885
vn 0.1199 -0.9845 -0.1280
vn 0.0529 -0.9900 -0.1311
vn -0.1390 -0.9791 0.1483
vn 0.0419 -0.9989 -0.0189
vn -0.2029 -0.9765 0.0726
vn 0.0514 -0.9986 0.0090
vn -0.1928 -0.9807 -0.0322
vn 0.1463 -0.9885 0.0384
vn 0.1200 -0.9897 0.0778
vn 0.1278 -0.9890 0.0743
vn 0.0427 -0.9943 0.0973
vn 0.0533 -0.9974 0.0495
vn 0.0881 -0.9882 0.1250
vn 0.1086 -0.9867 0.1208
vn 0.0405 -0.9867 0.1573
vn 0.0131 -0.9887 0.1493
vn -0.0068 -0.9883 0.1522
vn -0.0418 -0.9945 0.0963
vn -0.0886 -0.9956 0.0305
vn -0.0264 -0.9982 0.0534
vn -0.0008 -0.9999 0.0137
vn 0.0155 -0.9994 0.0323
vn -0.0672 -0.9773 -0.2007
vn -0.1392 -0.9785 -0.1522
vn -0.1006 -0.9937 -0.0499
vn -0.4594 -0.8752 -0.1516
vn -0.4365 -0.8707 -0.2264
vn -0.5079 -0.8576 -0.0810
vn -0.4760 -0.8794 0.0075
vn -0.6044 -0.7965 -0.0138
vn -0.4749 -0.8776 0.0647
vn -0.5122 -0.8426 0.1664
vn -0.5742 -0.8004 0.1725
vn -0.5780 -0.8094 0.1040
vn -0.4207 -0.8803 0.2194
vn -0.3746 -0.8888 0.2642
vn -0.5236 -0.8042 0.2812
vn -0.3720 -0.8490 0.3752
vn -0.2738 -0.8794 0.3895
vn -0.3456 -0.7966 0.4960
vn -0.4292 -0.8042 0.4111
vn -0.2211 -0.8838 0.4123
vn -0.1692 -0.8422 0.5120
vn -0.1999 -0.7965 0.5706
vn 0.0897 -0.9820 0.1665
vn -0.0319 -0.9985 -0.0436
vn 0.2952 -0.8708 0.3931
vn 0.2146 -0.8734 0.4372
vn 0.0824 -0.9929 0.0863
vn 0.3504 -0.8681 0.3517
vn 0.1747 -0.9801 0.0945
vn 0.3921 -0.8727 0.2909
vn 0.4468 -0.8670 0.2205
vn 0.4613 -0.8734 0.1563
vn 0.5658 -0.8004 0.1979
vn 0.5287 -0.8094 0.2556
vn 0.4781 -0.8004 0.3616
vn 0.4239 -0.8094 0.4065
vn 0.3456 -0.7966 0.4960
vn -0.2454 -0.8365 0.4900
vn -0.2596 -0.8204 0.5095
vn -0.3361 -0.8204 0.4626
vn -0.3261 -0.8353 0.4426
vn -0.3875 -0.8365 0.3875
vn -0.4043 -0.8204 0.4043
vn -0.4626 -0.8204 0.3361
vn -0.5095 -0.8204 0.2596
vn -0.4902 -0.8363 0.2455
vn -0.4427 -0.8353 0.3261
vn -0.4509 -0.8854 0.1129
vn -0.3922 -0.8865 0.2454
vn -0.5438 -0.8204 0.1767
vn -0.5218 -0.8352 0.1734
vn -0.3609 -0.9293 0.0785
vn -0.3121 -0.9321 0.1840
vn -0.5421 -0.8363 0.0824
vn -0.5648 -0.8204 0.0895
vn -0.5718 -0.8204 -0.0000
vn -0.5496 -0.8354 0.0037
vn -0.4618 -0.8865 -0.0299
vn -0.5406 -0.8365 -0.0894
vn -0.4317 -0.8856 -0.1714
vn -0.5238 -0.8354 -0.1667
vn -0.5648 -0.8204 -0.0895
vn -0.5438 -0.8204 -0.1767
vn -0.4865 -0.8365 -0.2523
vn -0.5095 -0.8204 -0.2596
vn -0.4626 -0.8204 -0.3361
vn -0.4468 -0.8354 -0.3201
vn -0.3562 -0.8853 -0.2990
vn -0.2393 -0.9315 -0.2740
vn -0.3111 -0.9316 -0.1880
vn -0.3852 -0.8363 -0.3901
vn -0.2465 -0.8851 -0.3948
vn -0.4043 -0.8204 -0.4043
vn -0.3361 -0.8204 -0.4626
vn -0.3260 -0.8354 -0.4424
vn -0.1428 -0.9315 -0.3346
vn -0.2459 -0.8364 -0.4898
vn -0.2596 -0.8204 -0.5095
vn -0.1767 -0.8204 -0.5438
vn -0.1733 -0.8354 -0.5216
vn -0.1137 -0.8862 -0.4491
vn -0.0821 -0.8363 -0.5420
vn 0.0310 -0.8861 -0.4624
vn -0.0033 -0.8354 -0.5497
vn -0.0895 -0.8204 -0.5648
vn -0.0000 -0.8204 -0.5718
vn 0.0895 -0.8360 -0.5414
vn 0.0895 -0.8204 -0.5648
vn 0.1767 -0.8204 -0.5438
vn 0.1663 -0.8355 -0.5238
vn 0.1744 -0.8853 -0.4311
vn 0.1893 -0.9293 -0.3170
vn 0.0796 -0.9317 -0.3545
vn 0.2519 -0.8364 -0.4869
vn 0.2993 -0.8851 -0.3564
vn 0.2596 -0.8204 -0.5095
vn 0.3361 -0.8204 -0.4626
vn 0.3201 -0.8354 -0.4467
vn 0.2761 -0.9300 -0.2427
vn 0.3901 -0.8363 -0.3853
vn 0.4043 -0.8204 -0.4043
vn 0.4626 -0.8204 -0.3361
vn 0.4425 -0.8354 -0.3261
vn 0.3932 -0.8857 -0.2468
vn 0.4899 -0.8365 -0.2454
vn 0.4493 -0.8857 -0.1170
vn 0.5219 -0.8352 -0.1732
vn 0.5095 -0.8204 -0.2596
vn 0.5438 -0.8204 -0.1767
vn 0.5438 -0.8350 -0.0837
vn 0.5648 -0.8204 -0.0894
vn 0.5718 -0.8204 -0.0000
vn 0.5500 -0.8352 -0.0000
vn 0.4635 -0.8861 -0.0000
vn 0.3554 -0.9311 0.0819
vn 0.3694 -0.9293 -0.0000
vn 0.4545 -0.8829 0.1177
vn 0.5438 -0.8350 0.0843
vn 0.3557 -0.9309 -0.0826
vn 0.5648 -0.8204 0.0894
vn 0.5438 -0.8204 0.1767
vn 0.5217 -0.8353 0.1733
vn 0.3278 -0.9299 0.1671
vn 0.4153 -0.8847 0.2116
vn 0.4886 -0.8362 0.2489
vn 0.5095 -0.8204 0.2596
vn 0.4626 -0.8204 0.3361
vn 0.4471 -0.8351 0.3203
vn 0.3542 -0.8858 0.2999
vn 0.3851 -0.8363 0.3903
vn 0.2471 -0.8864 0.3915
vn 0.3258 -0.8353 0.4427
vn 0.4043 -0.8204 0.4043
vn 0.3361 -0.8204 0.4626
vn 0.2454 -0.8364 0.4902
vn 0.2596 -0.8204 0.5095
vn 0.1767 -0.8204 0.5438
vn 0.1733 -0.8355 0.5214
vn 0.1168 -0.8852 0.4504
vn 0.1858 -0.9296 0.3182
vn 0.0794 -0.9326 0.3521
vn 0.0842 -0.8349 0.5440
vn 0.0020 -0.8862 0.4632
vn -0.0000 -0.8350 0.5502
vn 0.0894 -0.8204 0.5648
vn -0.0000 -0.8204 0.5718
vn -0.0840 -0.8347 0.5442
vn -0.0894 -0.8204 0.5648
vn -0.1767 -0.8204 0.5438
vn -0.1733 -0.8354 0.5216
vn -0.1177 -0.8864 0.4476
vn -0.2433 -0.8853 0.3963
vn -0.1440 -0.9316 0.3337
vn -0.0317 -0.9324 0.3600
vn -0.0874 -0.9347 0.3445
vn 0.0215 -0.9336 0.3576
vn -0.0564 -0.8340 0.5489
vn -0.2240 -0.8355 0.5017
vn -0.2607 -0.4745 0.8408
vn -0.1366 -0.5859 0.7988
vn 0.0103 -0.4854 0.8742
vn -0.1506 -0.2698 0.9511
vn -0.3057 -0.1465 0.9408
vn -0.1557 -0.0955 0.9832
vn -0.0000 -0.1465 0.9892
vn 0.1511 -0.2698 0.9510
vn 0.1557 -0.0956 0.9832
vn 0.3057 -0.1465 0.9408
vn 0.2626 -0.4851 0.8341
vn 0.1257 -0.5954 0.7935
vn 0.4370 -0.2700 0.8580
vn 0.4519 -0.0955 0.8869
vn 0.5814 -0.1465 0.8003
vn 0.5071 -0.5057 0.6980
vn 0.3817 -0.5839 0.7165
vn 0.2187 -0.8416 0.4938
vn 0.2999 -0.8617 0.4094
vn 0.1299 -0.9320 0.3384
vn 0.0943 -0.8327 0.5456
vn 0.2718 -0.9308 0.2444
vn 0.2735 -0.9359 0.2219
vn 0.3947 -0.8422 0.3674
vn 0.5638 -0.5840 0.5840
vn 0.7113 -0.4899 0.5040
vn 0.4604 -0.8562 0.2346
vn 0.7129 -0.5998 0.3633
vn 0.5209 -0.8462 0.1125
vn 0.3433 -0.9348 0.0914
vn 0.8280 -0.4886 0.2752
vn 0.8579 -0.2700 0.4371
vn 0.8003 -0.1465 0.5814
vn 0.8869 -0.0956 0.4519
vn 0.9408 -0.1465 0.3057
vn 0.9511 -0.2700 0.1502
vn 0.9832 -0.0956 0.1557
vn 0.9892 -0.1465 -0.0000
vn 0.8628 -0.5056 -0.0000
vn 0.8040 -0.5839 0.1123
vn 0.5065 -0.8622 0.0002
vn 0.3404 -0.9359 -0.0909
vn 0.5292 -0.8422 -0.1034
vn 0.8019 -0.5859 -0.1169
vn 0.8270 -0.4888 -0.2778
vn 0.9510 -0.2701 -0.1506
vn 0.9832 -0.0956 -0.1557
vn 0.9408 -0.1465 -0.3057
vn 0.8577 -0.2701 -0.4375
vn 0.8869 -0.0956 -0.4519
vn 0.8003 -0.1465 -0.5814
vn 0.7100 -0.4884 -0.5073
vn 0.7129 -0.5999 -0.3632
vn 0.4604 -0.8562 -0.2346
vn 0.3929 -0.8470 -0.3580
vn 0.2737 -0.9355 -0.2234
vn 0.3308 -0.9292 -0.1647
vn 0.5659 -0.5859 -0.5801
vn 0.2947 -0.8637 -0.4088
vn 0.5070 -0.5056 -0.6981
vn 0.6809 -0.2699 -0.6808
vn 0.7039 -0.0956 -0.7039
vn 0.5814 -0.1465 -0.8003
vn 0.4367 -0.2699 -0.8582
vn 0.4519 -0.0955 -0.8869
vn 0.3057 -0.1465 -0.9408
vn 0.2623 -0.4852 -0.8342
vn 0.3817 -0.5839 -0.7165
vn 0.2219 -0.8406 -0.4941
vn 0.1301 -0.9320 -0.3382
vn 0.0223 -0.9343 -0.3559
vn 0.0881 -0.8339 -0.5448
vn 0.1257 -0.5953 -0.7936
vn 0.0077 -0.4852 -0.8744
vn -0.0605 -0.8357 -0.5458
vn 0.1506 -0.2699 -0.9510
vn 0.1557 -0.0956 -0.9832
vn -0.0000 -0.1465 -0.9892
vn -0.1510 -0.2701 -0.9509
vn -0.1557 -0.0955 -0.9832
vn -0.3057 -0.1465 -0.9408
vn -0.2586 -0.4741 -0.8417
vn -0.1416 -0.5840 -0.7993
vn -0.2150 -0.8414 -0.4958
vn -0.0885 -0.9346 -0.3444
vn -0.0349 -0.9314 -0.3622
vn -0.1891 -0.9359 -0.2974
vn -0.3768 -0.5859 -0.7175
vn -0.3578 -0.8413 -0.4051
vn -0.5063 -0.4740 -0.7204
vn -0.4371 -0.2701 -0.8579
vn -0.4519 -0.0956 -0.8869
vn -0.5815 -0.1465 -0.8003
vn -0.6811 -0.2702 -0.6805
vn -0.7039 -0.0956 -0.7039
vn -0.8003 -0.1465 -0.5814
vn -0.7028 -0.4952 -0.5107
vn -0.5844 -0.5839 -0.5634
vn -0.4563 -0.8304 -0.3198
vn -0.2792 -0.9324 -0.2296
vn -0.3322 -0.9347 -0.1263
vn -0.4895 -0.8433 -0.2219
vn -0.7175 -0.5859 -0.3768
vn -0.8420 -0.4744 -0.2568
vn -0.8579 -0.2701 -0.4371
vn -0.8869 -0.0956 -0.4519
vn -0.9408 -0.1464 -0.3057
vn -0.9511 -0.2700 -0.1502
vn -0.9832 -0.0956 -0.1557
vn -0.9892 -0.1464 -0.0000
vn -0.8725 -0.4886 0.0067
vn -0.7994 -0.5839 -0.1416
vn -0.5370 -0.8417 -0.0553
vn -0.3585 -0.9333 -0.0200
vn -0.3615 -0.9318 -0.0334
vn -0.3488 -0.9314 -0.1042
vn -0.5107 -0.8561 0.0795
vn -0.7903 -0.5998 0.1252
vn -0.4858 -0.8479 0.2123
vn -0.3342 -0.9325 0.1371
vn -0.8316 -0.4887 0.2640
vn -0.9510 -0.2699 0.1506
vn -0.9832 -0.0956 0.1557
vn -0.9408 -0.1464 0.3057
vn -0.8577 -0.2700 0.4375
vn -0.8869 -0.0956 0.4519
vn -0.8003 -0.1464 0.5815
vn -0.7029 -0.4952 0.5106
vn -0.7165 -0.5839 0.3817
vn -0.4564 -0.8304 0.3196
vn -0.2769 -0.9328 0.2307
vn -0.2393 -0.9327 0.2697
vn -0.3605 -0.8406 0.4042
vn -0.5801 -0.5859 0.5659
vn -0.5045 -0.4743 0.7215
vn -0.1888 -0.9348 0.3007
vn -0.6809 -0.2699 0.6809
vn -0.7039 -0.0956 0.7039
vn -0.5814 -0.1465 0.8003
vn -0.4367 -0.2698 0.8582
vn -0.4519 -0.0956 0.8869
vn -0.3817 -0.5839 0.7165
vn -0.3311 -0.8849 0.3276
vn 0.6809 -0.2699 0.6809
vn 0.7039 -0.0956 0.7039
vn 0.4540 -0.0017 0.8910
vn 0.4478 0.1608 0.8796
vn 0.5801 0.1607 0.7985
vn 0.5878 -0.0017 0.8090
vn 0.7071 -0.0017 0.7071
vn 0.6976 0.1604 0.6983
vn 0.5717 0.7075 0.4154
vn 0.7983 0.1605 0.5805
vn 0.4997 0.7075 0.4997
vn 0.4153 0.7076 0.5717
vn 0.8090 -0.0017 0.5878
vn 0.8910 -0.0016 0.4540
vn 0.8793 0.1605 0.4484
vn 0.6297 0.7075 0.3208
vn 0.6721 0.7075 0.2184
vn 0.9387 0.1607 0.3050
vn 0.9749 0.1600 0.1548
vn 0.6980 0.7075 0.1105
vn 0.7067 0.7076 -0.0000
vn 0.9870 0.1607 -0.0000
vn 0.9749 0.1604 -0.1543
vn 0.6980 0.7075 -0.1105
vn 0.6721 0.7076 -0.2183
vn 0.9389 0.1604 -0.3046
vn 0.8797 0.1600 -0.4478
vn 0.6297 0.7075 -0.3208
vn 0.5717 0.7075 -0.4154
vn 0.7985 0.1606 -0.5802
vn 0.6982 0.1601 -0.6977
vn 0.4997 0.7075 -0.4997
vn 0.4154 0.7075 -0.5717
vn 0.5801 0.1607 -0.7985
vn 0.4483 0.1603 -0.8794
vn 0.3209 0.7075 -0.6297
vn 0.2184 0.7075 -0.6721
vn 0.3054 0.1605 -0.9386
vn 0.1547 0.1601 -0.9749
vn 0.1106 0.7075 -0.6980
vn -0.0000 0.7076 -0.7067
vn -0.1544 0.1606 -0.9749
vn -0.0000 0.1607 -0.9870
vn -0.1105 0.7075 -0.6980
vn 0.1564 -0.0016 -0.9877
vn -0.0000 -0.0017 -1.0000
vn -0.1564 -0.0016 -0.9877
vn -0.3047 0.1608 -0.9388
vn -0.3090 -0.0017 -0.9510
vn -0.4540 -0.0016 -0.8910
vn -0.4477 0.1604 -0.8797
vn -0.2183 0.7075 -0.6721
vn -0.3208 0.7075 -0.6297
vn -0.4153 0.7076 -0.5717
vn -0.5802 0.1607 -0.7985
vn -0.6979 0.1607 -0.6979
vn -0.5717 0.7075 -0.4154
vn -0.7985 0.1607 -0.5802
vn -0.4997 0.7075 -0.4998
vn -0.8793 0.1601 -0.4485
vn -0.6297 0.7075 -0.3208
vn -0.6721 0.7076 -0.2184
vn -0.9749 0.1603 -0.1546
vn -0.9387 0.1606 -0.3050
vn -0.6980 0.7075 -0.1105
vn -0.9877 -0.0016 -0.1564
vn -0.9511 -0.0017 -0.3090
vn -0.8910 -0.0016 -0.4540
vn -0.9870 0.1607 -0.0000
vn -1.0000 -0.0017 -0.0000
vn 0.7071 -0.0017 -0.7071
vn 0.8090 -0.0017 -0.5878
vn 0.8910 -0.0016 -0.4539
vn 0.5878 -0.0017 -0.8090
vn 0.4540 -0.0016 -0.8910
vn 0.3090 -0.0017 -0.9510
vn 0.9877 -0.0016 -0.1565
vn 0.9511 -0.0017 -0.3090
vn 0.9877 -0.0016 0.1565
vn 1.0000 -0.0017 -0.0000
vn 0.1564 -0.0017 0.9877
vn 0.1544 0.1607 0.9749
vn 0.3050 0.1607 0.9387
vn 0.3090 -0.0017 0.9511
vn 0.0004 0.1607 0.9870
vn -0.0000 -0.0017 1.0000
vn -0.1564 -0.0017 0.9877
vn -0.3044 0.1607 0.9389
vn -0.1550 0.1610 0.9747
vn -0.3090 -0.0017 0.9511
vn -0.4540 -0.0017 0.8910
vn -0.4481 0.1607 0.8794
vn -0.5801 0.1607 0.7985
vn -0.5878 -0.0017 0.8090
vn -0.7071 -0.0017 0.7071
vn -0.7982 0.1607 0.5805
vn -0.6982 0.1610 0.6975
vn -0.8090 -0.0017 0.5878
vn -0.8910 -0.0016 0.4540
vn -0.8794 0.1607 0.4481
vn -0.9376 0.1602 0.3085
vn -0.9421 0.0542 0.3310
vn -0.6720 0.7076 0.2184
vn -0.6296 0.7075 0.3208
vn -0.5717 0.7076 0.4153
vn -0.4997 0.7075 0.4997
vn -0.4154 0.7076 0.5717
vn -0.3209 0.7075 0.6297
vn -0.2184 0.7076 0.6720
vn -0.1106 0.7075 0.6980
vn -0.0000 0.7075 0.7067
vn 0.1106 0.7075 0.6980
vn 0.2183 0.7076 0.6721
vn 0.3208 0.7075 0.6297
vn 0.9511 -0.0017 0.3090
vn -0.5878 -0.0017 -0.8090
vn -0.7071 -0.0016 -0.7071
vn -0.8090 -0.0017 -0.5878
vn -0.9877 -0.0016 0.1564
vn -0.9749 0.1606 0.1544
vn -0.9399 0.1602 0.3015
vn -0.9567 0.0542 0.2860
vn -0.7066 0.7076 -0.0000
vn -0.6980 0.7075 0.1105
vn -0.6721 0.7076 0.2183
vn 0.0920 0.9865 0.1352
vn 0.0588 0.9974 0.0429
vn 0.0225 0.9978 0.0621
vn 0.1982 0.8999 0.3884
vn 0.2712 0.8872 0.3732
vn 0.3097 0.8953 0.3201
vn 0.5111 0.4939 0.7035
vn 0.6149 0.4938 0.6149
vn 0.7035 0.4939 0.5111
vn 0.3638 0.8932 0.2643
vn 0.1304 0.9869 0.0948
vn 0.3913 0.8980 0.2011
vn 0.7748 0.4939 0.3948
vn 0.8270 0.4938 0.2687
vn 0.1551 0.9868 0.0457
vn 0.4388 0.8872 0.1426
vn 0.4306 0.9002 0.0655
vn 0.8588 0.4939 0.1360
vn 0.8695 0.4939 -0.0000
vn 0.4496 0.8932 -0.0026
vn 0.1610 0.9868 -0.0143
vn 0.4360 0.8968 -0.0747
vn 0.8588 0.4939 -0.1360
vn 0.8270 0.4939 -0.2687
vn 0.1481 0.9872 -0.0595
vn 0.4268 0.8932 -0.1414
vn 0.3949 0.8954 -0.2059
vn 0.7748 0.4939 -0.3948
vn 0.7035 0.4939 -0.5111
vn 0.3638 0.8932 -0.2643
vn 0.1199 0.9888 -0.0887
vn 0.3168 0.8954 -0.3129
vn 0.6149 0.4939 -0.6148
vn 0.5111 0.4939 -0.7035
vn 0.1017 0.9871 -0.1239
vn 0.2664 0.8933 -0.3621
vn 0.2051 0.8969 -0.3919
vn 0.3948 0.4939 -0.7748
vn 0.2687 0.4939 -0.8270
vn 0.1415 0.8932 -0.4268
vn 0.0561 0.9877 -0.1460
vn 0.0740 0.8968 -0.4361
vn 0.1360 0.4938 -0.8589
vn -0.0000 0.4939 -0.8695
vn 0.0097 0.9868 -0.1615
vn 0.0027 0.8932 -0.4496
vn -0.0644 0.8969 -0.4376
vn -0.1360 0.4939 -0.8588
vn -0.2687 0.4939 -0.8270
vn -0.1364 0.8932 -0.4284
vn -0.0392 0.9878 -0.1505
vn -0.1965 0.8968 -0.3963
vn -0.0889 0.9863 -0.1391
vn -0.2621 0.8932 -0.3653
vn -0.3948 0.4939 -0.7748
vn -0.5111 0.4939 -0.7035
vn -0.0353 0.9979 -0.0549
vn -0.0000 1.0000 -0.0000
vn -0.2392 0.9558 -0.1707
vn -0.6884 0.6480 -0.3259
vn -0.5456 0.7383 -0.3965
vn -0.6947 0.6753 -0.2478
vn -0.3013 0.9507 -0.0730
vn -0.5226 0.6481 -0.5540
vn -0.4721 0.6329 -0.6137
vn -0.1366 0.9519 -0.2743
vn -0.3114 0.7276 -0.6112
vn -0.2212 0.6626 -0.7156
vn -0.0249 0.9505 -0.3096
vn -0.1241 0.6995 -0.7038
vn 0.0128 0.6885 -0.7251
vn 0.0692 0.9516 -0.2994
vn 0.0995 0.6995 -0.7077
vn -0.0003 0.9979 -0.0643
vn 0.0378 0.9974 -0.0620
vn 0.1639 0.9508 -0.2630
vn 0.2363 0.6885 -0.6857
vn 0.3133 0.6995 -0.6423
vn 0.4366 0.6885 -0.5791
vn 0.2344 0.9513 -0.2000
vn 0.4965 0.6995 -0.5140
vn 0.5942 0.6885 -0.4158
vn 0.2838 0.9515 -0.1187
vn 0.6310 0.6995 -0.3355
vn 0.0558 0.9980 -0.0282
vn 0.0660 0.9978 0.0041
vn 0.3072 0.9511 -0.0333
vn 0.6936 0.6885 -0.2119
vn 0.7038 0.6995 -0.1241
vn 0.7252 0.6885 0.0128
vn 0.3052 0.9503 0.0617
vn 0.7077 0.6995 0.0995
vn 0.6857 0.6885 0.2363
vn 0.2629 0.9515 0.1598
vn 0.6423 0.6995 0.3133
vn 0.1000 0.9540 0.2826
vn 0.0972 0.6481 0.7553
vn 0.0212 0.6329 0.7739
vn 0.2084 0.7383 0.6415
vn -0.0479 0.9522 0.3018
vn -0.1073 0.7276 0.6775
vn -0.2417 0.6625 0.7090
vn -0.1618 0.9505 0.2651
vn -0.3133 0.6995 0.6423
vn -0.4366 0.6885 0.5791
vn -0.2358 0.9511 0.1996
vn -0.4965 0.6995 0.5140
vn -0.5942 0.6885 0.4158
vn -0.2848 0.9513 0.1178
vn -0.6310 0.6995 0.3355
vn -0.6936 0.6885 0.2119
vn -0.3072 0.9513 0.0240
vn -0.7038 0.6995 0.1240
vn -0.7251 0.6885 -0.0128
vn -0.7077 0.6995 -0.0995
vn -0.0636 0.9977 -0.0224
vn -0.1619 0.9854 -0.0532
vn -0.1566 0.9876 0.0110
vn -0.4388 0.8872 -0.1426
vn -0.4345 0.8975 -0.0748
vn -0.3886 0.8999 -0.1977
vn -0.7035 0.4938 -0.5111
vn -0.7748 0.4939 -0.3948
vn -0.8270 0.4939 -0.2687
vn -0.3641 0.8947 -0.2589
vn -0.1174 0.9881 -0.0994
vn -0.3124 0.8966 -0.3137
vn -0.6149 0.4939 -0.6148
vn -0.7045 -0.0862 -0.7045
vn -0.5396 -0.3967 -0.7426
vn -0.7426 -0.3967 -0.5396
vn -0.5856 -0.0867 -0.8060
vn -0.8060 -0.0868 -0.5856
vn -0.8876 -0.0867 -0.4523
vn -0.8179 -0.3966 -0.4168
vn -0.8730 -0.3967 -0.2837
vn -0.9475 -0.0868 -0.3079
vn -0.9840 -0.0864 -0.1558
vn -0.9067 -0.3966 -0.1436
vn -0.9180 -0.3967 -0.0000
vn -0.8695 0.4939 -0.0000
vn -0.8588 0.4939 -0.1360
vn -0.9962 -0.0865 -0.0000
vn -0.9841 -0.0857 0.1559
vn -0.9067 -0.3967 0.1436
vn -0.8730 -0.3967 0.2837
vn -0.8270 0.4939 0.2687
vn -0.8588 0.4939 0.1360
vn -0.9475 -0.0867 0.3079
vn -0.8876 -0.0868 0.4523
vn -0.7426 -0.3967 0.5396
vn -0.7034 0.4939 0.5111
vn -0.7748 0.4939 0.3948
vn -0.8060 -0.0867 0.5856
vn -0.7045 -0.0866 0.7045
vn -0.5396 -0.3967 0.7426
vn -0.5111 0.4939 0.7034
vn -0.6149 0.4938 0.6149
vn -0.5856 -0.0864 0.8060
vn -0.4523 -0.0861 0.8877
vn -0.2837 -0.3967 0.8730
vn -0.2687 0.4939 0.8270
vn -0.3948 0.4939 0.7748
vn -0.3079 -0.0869 0.9474
vn -0.1558 -0.0866 0.9840
vn -0.1436 -0.3967 0.9067
vn -0.0000 -0.3966 0.9180
vn -0.0000 0.4939 0.8695
vn -0.1360 0.4939 0.8588
vn -0.0000 -0.0868 0.9962
vn 0.1558 -0.0867 0.9840
vn 0.1436 -0.3967 0.9067
vn 0.2837 -0.3967 0.8730
vn 0.2687 0.4938 0.8270
vn 0.1360 0.4939 0.8588
vn 0.3079 -0.0869 0.9474
vn 0.4523 -0.0868 0.8876
vn 0.5396 -0.3967 0.7426
vn 0.5856 -0.0866 0.8060
vn 0.3948 0.4939 0.7748
vn 0.7044 -0.0869 0.7044
vn 0.7426 -0.3967 0.5396
vn 0.8060 -0.0866 0.5856
vn 0.8876 -0.0867 0.4523
vn 0.8179 -0.3967 0.4168
vn 0.8730 -0.3967 0.2837
vn 0.9475 -0.0867 0.3079
vn 0.9840 -0.0865 0.1558
vn 0.9067 -0.3967 0.1436
vn 0.9180 -0.3966 -0.0000
vn 0.9962 -0.0867 -0.0000
vn 0.9840 -0.0868 -0.1558
vn 0.9067 -0.3967 -0.1436
vn 0.8730 -0.3967 -0.2837
vn 0.9475 -0.0866 -0.3079
vn 0.8877 -0.0865 -0.4523
vn 0.7426 -0.3967 -0.5396
vn 0.8060 -0.0864 -0.5856
vn 0.7045 -0.0864 -0.7045
vn 0.5396 -0.3967 -0.7426
vn 0.5856 -0.0865 -0.8060
vn 0.4523 -0.0866 -0.8876
vn 0.2837 -0.3967 -0.8730
vn 0.3079 -0.0868 -0.9475
vn 0.1558 -0.0866 -0.9840
vn 0.1436 -0.3967 -0.9067
vn -0.0000 -0.3967 -0.9180
vn -0.0000 -0.0863 -0.9963
vn -0.1558 -0.0865 -0.9840
vn -0.1436 -0.3966 -0.9067
vn -0.2837 -0.3967 -0.8730
vn -0.3079 -0.0868 -0.9475
vn -0.4523 -0.0867 -0.8876
vn 0.1424 0.8947 0.4234
vn 0.0669 0.8954 0.4402
vn 0.0419 0.9868 0.1565
vn 0.0006 0.9890 0.1477
vn -0.0000 0.8932 0.4497
vn -0.0669 0.8954 0.4402
vn -0.0455 0.9859 0.1612
vn -0.1424 0.8947 0.4234
vn -0.0174 0.9979 0.0631
vn -0.0837 0.9880 0.1300
vn -0.1965 0.8969 0.3963
vn -0.2662 0.8947 0.3587
vn -0.3098 0.8969 0.3157
vn -0.1309 0.9859 0.1041
vn -0.3641 0.8947 0.2589
vn -0.0519 0.9978 0.0413
vn -0.1471 0.9874 0.0579
vn -0.3919 0.8969 0.2051
vn -0.4262 0.8947 0.1337
vn -0.4362 0.8969 0.0733
vn -0.4467 0.8947 -0.0046
vn -0.0621 0.9980 0.0129
vn 0.3654 0.6480 0.6683
vn 0.4163 0.6753 0.6088
vn 0.2121 0.9491 0.2329
vn 0.5140 0.6995 0.4965
vn 0.5791 0.6885 0.4366
vt 0.519210 0.356291
vt 0.526164 0.363925
vt 0.526753 0.355032
vt 0.516971 0.370417
vt 0.510219 0.363106
vt 0.506454 0.354200
vt 0.516901 0.347504
vt 0.505627 0.344571
vt 0.519152 0.339143
vt 0.507826 0.335153
vt 0.514520 0.325140
vt 0.525331 0.330669
vt 0.524423 0.318296
vt 0.530746 0.327532
vt 0.535252 0.315874
vt 0.538739 0.326423
vt 0.546901 0.313783
vt 0.530793 0.312579
vt 0.514558 0.320284
vt 0.519548 0.314168
vt 0.524226 0.309979
vt 0.518629 0.312365
vt 0.533793 0.309912
vt 0.530131 0.308534
vt 0.513451 0.315564
vt 0.508864 0.319564
vt 0.506542 0.325371
vt 0.503497 0.336347
vt 0.504942 0.324217
vt 0.501822 0.329446
vt 0.500586 0.337945
vt 0.499511 0.335078
vt 0.497626 0.327348
vt 0.506269 0.317007
vt 0.501988 0.322107
vt 0.493118 0.336108
vt 0.496051 0.333981
vt 0.501934 0.318486
vt 0.502968 0.313766
vt 0.494115 0.325592
vt 0.494167 0.320505
vt 0.493740 0.316207
vt 0.489486 0.323277
vt 0.500885 0.311701
vt 0.499038 0.309882
vt 0.491310 0.314468
vt 0.487169 0.322119
vt 0.482039 0.319530
vt 0.497196 0.308066
vt 0.493132 0.304059
vt 0.484129 0.309312
vt 0.475073 0.327281
vt 0.483534 0.330018
vt 0.476256 0.337676
vt 0.481939 0.338565
vt 0.486382 0.330920
vt 0.484494 0.338949
vt 0.488104 0.334874
vt 0.490308 0.336781
vt 0.491914 0.350022
vt 0.489450 0.351530
vt 0.486758 0.350401
vt 0.483893 0.347179
vt 0.484591 0.355393
vt 0.495110 0.363609
vt 0.493241 0.365802
vt 0.490332 0.365555
vt 0.486602 0.363380
vt 0.489830 0.370961
vt 0.501167 0.372811
vt 0.501229 0.378230
vt 0.498389 0.378890
vt 0.494180 0.377959
vt 0.499558 0.384203
vt 0.510167 0.389097
vt 0.505867 0.389522
vt 0.504133 0.391950
vt 0.491775 0.379731
vt 0.497741 0.386044
vt 0.493713 0.390153
vt 0.487534 0.372153
vt 0.482373 0.374831
vt 0.484571 0.385063
vt 0.473136 0.379621
vt 0.486551 0.397487
vt 0.479127 0.389097
vt 0.499011 0.399156
vt 0.495161 0.404581
vt 0.504733 0.410282
vt 0.515042 0.414490
vt 0.517049 0.408148
vt 0.509243 0.401218
vt 0.527416 0.406959
vt 0.519706 0.399717
vt 0.525871 0.417091
vt 0.528268 0.401272
vt 0.528641 0.398716
vt 0.511784 0.396105
vt 0.512937 0.393788
vt 0.520596 0.396870
vt 0.536842 0.396689
vt 0.524548 0.395127
vt 0.536867 0.399273
vt 0.536898 0.402251
vt 0.546455 0.406813
vt 0.545510 0.401103
vt 0.545082 0.398563
vt 0.553096 0.396611
vt 0.549111 0.394929
vt 0.554042 0.399435
vt 0.564527 0.400800
vt 0.561888 0.395725
vt 0.560696 0.393432
vt 0.567670 0.389045
vt 0.565924 0.386666
vt 0.569439 0.391442
vt 0.579843 0.389475
vt 0.575711 0.385424
vt 0.573875 0.383614
vt 0.577068 0.375799
vt 0.579172 0.377303
vt 0.581600 0.379041
vt 0.590912 0.373986
vt 0.585755 0.371421
vt 0.583437 0.370257
vt 0.586548 0.362622
vt 0.582849 0.364852
vt 0.589399 0.363527
vt 0.596633 0.355822
vt 0.590990 0.354976
vt 0.588430 0.354592
vt 0.589007 0.346361
vt 0.586054 0.346394
vt 0.591984 0.346334
vt 0.596490 0.336781
vt 0.590825 0.337715
vt 0.588285 0.338143
vt 0.582550 0.327971
vt 0.586270 0.330153
vt 0.589094 0.329209
vt 0.590497 0.318722
vt 0.585346 0.321375
vt 0.583053 0.322562
vt 0.597588 0.326399
vt 0.604019 0.324280
vt 0.599722 0.313985
vt 0.606609 0.335135
vt 0.600819 0.346271
vt 0.607473 0.346229
vt 0.606651 0.357323
vt 0.597839 0.366183
vt 0.604186 0.368174
vt 0.600101 0.378534
vt 0.588897 0.384232
vt 0.594418 0.388151
vt 0.587264 0.396730
vt 0.574747 0.398583
vt 0.578764 0.403973
vt 0.569222 0.409833
vt 0.556837 0.407882
vt 0.558940 0.414265
vt 0.548130 0.417049
vt 0.536964 0.411197
vt 0.537004 0.417968
vt 0.588316 0.308527
vt 0.581131 0.313777
vt 0.579204 0.303391
vt 0.586353 0.296182
vt 0.593741 0.304569
vt 0.573945 0.294376
vt 0.577834 0.288974
vt 0.568331 0.283127
vt 0.555937 0.285281
vt 0.563709 0.292282
vt 0.557993 0.278822
vt 0.547092 0.276221
vt 0.545547 0.286516
vt 0.535978 0.282264
vt 0.535904 0.275484
vt 0.524740 0.276535
vt 0.516090 0.285647
vt 0.526497 0.286663
vt 0.513915 0.279300
vt 0.503681 0.283698
vt 0.508444 0.292743
vt 0.498257 0.294988
vt 0.494294 0.289647
vt 0.485921 0.296955
vt 0.478731 0.305431
vt 0.472924 0.314903
vt 0.468699 0.325202
vt 0.466134 0.336055
vt 0.472021 0.347207
vt 0.465306 0.347192
vt 0.466206 0.358351
vt 0.476363 0.356740
vt 0.475263 0.367143
vt 0.468822 0.369266
vt 0.483772 0.364326
vt 0.482046 0.355820
vt 0.480913 0.347201
vt 0.503511 0.302081
vt 0.512283 0.300110
vt 0.511101 0.297822
vt 0.505277 0.304477
vt 0.509579 0.304836
vt 0.517445 0.303535
vt 0.510432 0.311468
vt 0.519638 0.305411
vt 0.516948 0.309124
vt 0.529532 0.304929
vt 0.523077 0.306534
vt 0.533235 0.302233
vt 0.531728 0.299774
vt 0.547144 0.303405
vt 0.543527 0.299922
vt 0.542791 0.304830
vt 0.536158 0.304362
vt 0.536186 0.307999
vt 0.542248 0.308450
vt 0.547589 0.311679
vt 0.548177 0.309795
vt 0.553808 0.312082
vt 0.555901 0.307892
vt 0.549270 0.306332
vt 0.559025 0.315200
vt 0.563659 0.319133
vt 0.566226 0.316524
vt 0.561137 0.312247
vt 0.564755 0.312184
vt 0.554858 0.303245
vt 0.567409 0.311035
vt 0.568034 0.308179
vt 0.554563 0.300341
vt 0.539346 0.297041
vt 0.552322 0.296660
vt 0.544295 0.294807
vt 0.559971 0.299732
vt 0.553222 0.293816
vt 0.544682 0.292255
vt 0.561126 0.297419
vt 0.536065 0.291232
vt 0.527463 0.292355
vt 0.536084 0.294222
vt 0.527882 0.294915
vt 0.523855 0.298576
vt 0.519883 0.296900
vt 0.518947 0.294068
vt 0.568787 0.301552
vt 0.567051 0.303976
vt 0.575185 0.307446
vt 0.573368 0.309282
vt 0.576643 0.317075
vt 0.578727 0.315541
vt 0.578181 0.325097
vt 0.571743 0.320694
vt 0.577778 0.329914
vt 0.574070 0.327224
vt 0.567638 0.323728
vt 0.570823 0.328910
vt 0.573212 0.334505
vt 0.574670 0.340409
vt 0.579297 0.339642
vt 0.576660 0.333357
vt 0.583177 0.338997
vt 0.581025 0.349334
vt 0.578850 0.346440
vt 0.578384 0.353076
vt 0.583511 0.350806
vt 0.578266 0.359996
vt 0.579943 0.365141
vt 0.574368 0.370299
vt 0.569945 0.379763
vt 0.565249 0.380874
vt 0.558300 0.388823
vt 0.556480 0.385324
vt 0.547794 0.389938
vt 0.547163 0.392749
vt 0.536792 0.390610
vt 0.532415 0.393801
vt 0.525778 0.390112
vt 0.515399 0.388835
vt 0.517015 0.385625
vt 0.508164 0.381317
vt 0.511782 0.381259
vt 0.506693 0.376975
vt 0.523650 0.387188
vt 0.524745 0.383732
vt 0.513893 0.378309
vt 0.519110 0.381437
vt 0.509255 0.374372
vt 0.530994 0.383076
vt 0.515049 0.376707
vt 0.536739 0.380866
vt 0.516321 0.374894
vt 0.524825 0.375414
vt 0.534184 0.367092
vt 0.536647 0.361579
vt 0.536398 0.354461
vt 0.527492 0.347035
vt 0.541922 0.353863
vt 0.542177 0.365985
vt 0.547589 0.362847
vt 0.550258 0.358040
vt 0.561393 0.364617
vt 0.552814 0.352572
vt 0.552790 0.372996
vt 0.543889 0.376757
vt 0.534890 0.377989
vt 0.548101 0.381658
vt 0.558363 0.373232
vt 0.562612 0.372515
vt 0.569418 0.357207
vt 0.571534 0.357858
vt 0.566561 0.353737
vt 0.567240 0.344094
vt 0.556009 0.346022
vt 0.548430 0.338026
vt 0.546220 0.343472
vt 0.553700 0.337233
vt 0.564901 0.334710
vt 0.557060 0.324781
vt 0.546749 0.329580
vt 0.548090 0.318114
vt 0.537120 0.332217
vt 0.526349 0.337519
vt 0.536495 0.338527
vt 0.537715 0.344891
vt 0.563911 0.326516
vt 0.562242 0.320590
vt 0.571344 0.335135
vt 0.573950 0.347053
vt 0.574780 0.352533
vt 0.575223 0.346468
vt 0.573415 0.358460
vt 0.571100 0.364086
vt 0.574366 0.365719
vt 0.567969 0.369300
vt 0.564041 0.373943
vt 0.566650 0.376510
vt 0.570927 0.371414
vt 0.559472 0.377952
vt 0.554315 0.381161
vt 0.561633 0.380875
vt 0.548722 0.383534
vt 0.542812 0.384967
vt 0.543414 0.388576
vt 0.549874 0.386981
vt 0.536750 0.385513
vt 0.530681 0.385077
vt 0.530137 0.388688
vt 0.505361 0.366720
vt 0.505698 0.362720
vt 0.502066 0.364611
vt 0.505263 0.369783
vt 0.501277 0.358832
vt 0.499678 0.359021
vt 0.499603 0.349459
vt 0.498227 0.353120
vt 0.497685 0.347065
vt 0.498140 0.341004
vt 0.494535 0.340462
vt 0.494050 0.347097
vt 0.494610 0.353723
vt 0.496225 0.360173
vt 0.498826 0.366296
vt 0.323764 0.396023
vt 0.312932 0.399422
vt 0.317297 0.410206
vt 0.327471 0.405132
vt 0.332569 0.413545
vt 0.323299 0.420184
vt 0.330800 0.429079
vt 0.339662 0.436613
vt 0.346385 0.427457
vt 0.338920 0.421056
vt 0.362550 0.424679
vt 0.348847 0.415902
vt 0.349600 0.442691
vt 0.354758 0.432620
vt 0.367028 0.417433
vt 0.355351 0.410407
vt 0.363830 0.436417
vt 0.360328 0.447221
vt 0.371604 0.450027
vt 0.373376 0.438754
vt 0.378317 0.428730
vt 0.383170 0.439538
vt 0.394561 0.427757
vt 0.392966 0.438782
vt 0.383188 0.450938
vt 0.394776 0.450007
vt 0.402519 0.436501
vt 0.406065 0.447287
vt 0.416788 0.442859
vt 0.411597 0.432767
vt 0.409705 0.421802
vt 0.411082 0.410601
vt 0.399337 0.417537
vt 0.419971 0.427651
vt 0.422258 0.411453
vt 0.426674 0.436806
vt 0.435494 0.429295
vt 0.427444 0.421298
vt 0.420111 0.400375
vt 0.433824 0.413852
vt 0.443021 0.420497
vt 0.449088 0.410641
vt 0.438969 0.405510
vt 0.431005 0.397741
vt 0.442739 0.396464
vt 0.435101 0.381998
vt 0.445058 0.386945
vt 0.453528 0.399960
vt 0.456247 0.388723
vt 0.445851 0.377179
vt 0.457154 0.377201
vt 0.456287 0.365660
vt 0.445124 0.367405
vt 0.434130 0.365773
vt 0.423876 0.361012
vt 0.426863 0.374295
vt 0.442883 0.357862
vt 0.428165 0.350662
vt 0.453686 0.354365
vt 0.449363 0.343619
vt 0.439186 0.348786
vt 0.416963 0.349272
vt 0.434093 0.340412
vt 0.443332 0.333727
vt 0.435809 0.324901
vt 0.427755 0.332932
vt 0.417874 0.338095
vt 0.420326 0.326535
vt 0.404201 0.329320
vt 0.411996 0.321370
vt 0.427010 0.317355
vt 0.417158 0.311267
vt 0.402954 0.317590
vt 0.406478 0.306812
vt 0.395241 0.304082
vt 0.393435 0.315264
vt 0.391776 0.325488
vt 0.380731 0.333427
vt 0.390412 0.333796
vt 0.378772 0.325152
vt 0.383670 0.314463
vt 0.399697 0.336545
vt 0.383723 0.303168
vt 0.372199 0.304040
vt 0.373900 0.315186
vt 0.370054 0.335309
vt 0.367497 0.327284
vt 0.364365 0.317432
vt 0.360945 0.306667
vt 0.350232 0.310993
vt 0.355291 0.321128
vt 0.357079 0.332121
vt 0.346904 0.326201
vt 0.344496 0.342442
vt 0.339405 0.332516
vt 0.340331 0.316961
vt 0.331473 0.324407
vt 0.332992 0.339939
vt 0.323893 0.333164
vt 0.317762 0.343000
vt 0.327809 0.348273
vt 0.335715 0.356151
vt 0.349976 0.348966
vt 0.342940 0.360663
vt 0.323999 0.357322
vt 0.331872 0.368587
vt 0.321641 0.366857
vt 0.313252 0.353685
vt 0.310456 0.364947
vt 0.320814 0.376647
vt 0.309468 0.376515
vt 0.310292 0.388102
vt 0.321520 0.386450
vt 0.331542 0.381604
vt 0.335505 0.397403
vt 0.341046 0.387559
vt 0.339859 0.373962
vt 0.345957 0.380325
vt 0.346769 0.368603
vt 0.349201 0.374608
vt 0.350128 0.385280
vt 0.351784 0.381844
vt 0.350938 0.376846
vt 0.351828 0.371852
vt 0.352852 0.376851
vt 0.355126 0.381323
vt 0.354760 0.376856
vt 0.355114 0.372388
vt 0.354394 0.367438
vt 0.356205 0.368039
vt 0.357982 0.363918
vt 0.354976 0.362364
vt 0.352578 0.366836
vt 0.358813 0.358976
vt 0.360389 0.360132
vt 0.363333 0.356736
vt 0.360913 0.354310
vt 0.357244 0.357825
vt 0.354504 0.358585
vt 0.358857 0.352240
vt 0.351167 0.357706
vt 0.350753 0.366233
vt 0.360275 0.340007
vt 0.364385 0.344592
vt 0.365233 0.347936
vt 0.364450 0.350665
vt 0.369001 0.348428
vt 0.372824 0.343985
vt 0.373494 0.346079
vt 0.381288 0.342778
vt 0.380042 0.339559
vt 0.378515 0.345385
vt 0.374075 0.347900
vt 0.370508 0.351406
vt 0.374654 0.349719
vt 0.379027 0.348718
vt 0.383501 0.346470
vt 0.383494 0.348400
vt 0.387945 0.348782
vt 0.388491 0.345434
vt 0.383509 0.344540
vt 0.388962 0.342561
vt 0.398381 0.342565
vt 0.396166 0.345212
vt 0.393495 0.346178
vt 0.397953 0.348579
vt 0.392882 0.348026
vt 0.392267 0.349879
vt 0.396382 0.351623
vt 0.401349 0.352387
vt 0.400208 0.353946
vt 0.403610 0.356837
vt 0.405997 0.354486
vt 0.402491 0.350830
vt 0.403800 0.349056
vt 0.409730 0.355214
vt 0.411604 0.352314
vt 0.409209 0.341724
vt 0.409601 0.358048
vt 0.414407 0.361309
vt 0.411800 0.362621
vt 0.408029 0.359169
vt 0.406453 0.360288
vt 0.408736 0.364155
vt 0.412319 0.367701
vt 0.410458 0.368297
vt 0.411536 0.372635
vt 0.414890 0.372117
vt 0.414173 0.367106
vt 0.416535 0.368689
vt 0.419985 0.368906
vt 0.420702 0.380608
vt 0.417675 0.377110
vt 0.415746 0.377105
vt 0.414858 0.382090
vt 0.416489 0.385531
vt 0.413815 0.377097
vt 0.411883 0.377088
vt 0.411519 0.381547
vt 0.412295 0.386503
vt 0.410462 0.385899
vt 0.408746 0.390042
vt 0.411747 0.391581
vt 0.414127 0.387106
vt 0.412221 0.395354
vt 0.417748 0.391969
vt 0.425549 0.387866
vt 0.411426 0.401869
vt 0.409494 0.396125
vt 0.405126 0.403384
vt 0.405842 0.399646
vt 0.407949 0.394998
vt 0.406407 0.393874
vt 0.403490 0.397277
vt 0.401166 0.401700
vt 0.400042 0.400131
vt 0.396186 0.402433
vt 0.397729 0.405484
vt 0.402292 0.403268
vt 0.398820 0.407641
vt 0.402364 0.409345
vt 0.391432 0.413639
vt 0.391654 0.410199
vt 0.393242 0.407850
vt 0.388221 0.408559
vt 0.392647 0.406015
vt 0.392050 0.404178
vt 0.387708 0.405259
vt 0.383228 0.407477
vt 0.383237 0.405569
vt 0.378759 0.405165
vt 0.378220 0.408494
vt 0.383219 0.409389
vt 0.380979 0.411125
vt 0.379703 0.414328
vt 0.380335 0.420452
vt 0.390019 0.420191
vt 0.372506 0.409868
vt 0.373194 0.407772
vt 0.364944 0.405881
vt 0.364065 0.409221
vt 0.368714 0.405403
vt 0.373794 0.405939
vt 0.374394 0.404104
vt 0.370254 0.402389
vt 0.365317 0.401585
vt 0.366454 0.400023
vt 0.363079 0.397083
vt 0.360673 0.399474
vt 0.364179 0.403144
vt 0.358966 0.401170
vt 0.355069 0.401665
vt 0.346394 0.400109
vt 0.354319 0.395139
vt 0.357052 0.395922
vt 0.354841 0.391356
vt 0.348816 0.391718
vt 0.358631 0.394785
vt 0.360217 0.393643
vt 0.357909 0.389806
vt 0.354334 0.386269
vt 0.356194 0.385669
vt 0.352481 0.386867
vt 0.341032 0.407475
vt 0.365584 0.352226
vt 0.366720 0.353786
vt 0.950661 0.637977
vt 0.931368 0.637977
vt 0.931368 0.643146
vt 0.950661 0.643146
vt 0.950661 0.648315
vt 0.931368 0.648315
vt 0.928576 0.653484
vt 0.931368 0.653484
vt 0.928576 0.648315
vt 0.928576 0.643146
vt 0.950661 0.653484
vt 0.950661 0.658653
vt 0.931368 0.658653
vt 0.928576 0.658653
vt 0.928576 0.663823
vt 0.931368 0.663823
vt 0.931368 0.668992
vt 0.928576 0.668992
vt 0.928576 0.674161
vt 0.931368 0.674161
vt 0.931368 0.679330
vt 0.928576 0.679330
vt 0.928576 0.684499
vt 0.931368 0.684499
vt 0.931368 0.689669
vt 0.928576 0.689669
vt 0.928576 0.694838
vt 0.931368 0.694838
vt 0.931368 0.700007
vt 0.928576 0.700007
vt 0.928576 0.705176
vt 0.931368 0.705176
vt 0.931368 0.710345
vt 0.928576 0.710345
vt 0.928576 0.715515
vt 0.931368 0.715515
vt 0.931368 0.720684
vt 0.928576 0.720684
vt 0.928576 0.725853
vt 0.931368 0.731022
vt 0.931368 0.725853
vt 0.928576 0.731022
vt 0.950661 0.720684
vt 0.950661 0.725853
vt 0.950661 0.731022
vt 0.931368 0.736191
vt 0.950661 0.736191
vt 0.950661 0.741361
vt 0.931368 0.741361
vt 0.928576 0.736191
vt 0.928576 0.741361
vt 0.928576 0.746530
vt 0.931368 0.746530
vt 0.931368 0.751699
vt 0.928576 0.756868
vt 0.931368 0.756868
vt 0.928576 0.751699
vt 0.931368 0.762037
vt 0.928576 0.762037
vt 0.928576 0.767207
vt 0.931368 0.772376
vt 0.931368 0.767207
vt 0.928576 0.772376
vt 0.950661 0.772376
vt 0.950661 0.767207
vt 0.950661 0.762037
vt 0.931368 0.777545
vt 0.950661 0.777545
vt 0.950661 0.700007
vt 0.950661 0.694838
vt 0.950661 0.689669
vt 0.950661 0.705176
vt 0.950661 0.710345
vt 0.950661 0.715515
vt 0.950661 0.679330
vt 0.950661 0.684499
vt 0.950661 0.668992
vt 0.950661 0.674161
vt 0.950661 0.627638
vt 0.931368 0.627638
vt 0.931368 0.632808
vt 0.950661 0.632808
vt 0.931368 0.622469
vt 0.950661 0.622469
vt 0.950661 0.617300
vt 0.931368 0.612131
vt 0.931368 0.617300
vt 0.950661 0.612131
vt 0.950661 0.606962
vt 0.931368 0.606962
vt 0.931368 0.601792
vt 0.950661 0.601792
vt 0.950661 0.596623
vt 0.931368 0.591454
vt 0.931368 0.596623
vt 0.950661 0.591454
vt 0.950661 0.586285
vt 0.931368 0.586285
vt 0.931368 0.581116
vt 0.949975 0.582408
vt 0.929274 0.582408
vt 0.928576 0.586285
vt 0.928576 0.591454
vt 0.928576 0.596623
vt 0.928576 0.601792
vt 0.928576 0.606962
vt 0.928576 0.612131
vt 0.928576 0.617300
vt 0.928576 0.622469
vt 0.928576 0.627638
vt 0.928576 0.632808
vt 0.928576 0.637977
vt 0.950661 0.663823
vt 0.950661 0.746530
vt 0.950661 0.751699
vt 0.950661 0.756868
vt 0.950661 0.782714
vt 0.931368 0.782714
vt 0.931368 0.787883
vt 0.949975 0.786591
vt 0.928576 0.777545
vt 0.928576 0.782714
vt 0.929274 0.786591
vt 0.742029 0.785624
vt 0.756555 0.775342
vt 0.724974 0.780879
vt 0.733094 0.790125
vt 0.742606 0.789443
vt 0.751887 0.787248
vt 0.743043 0.792257
vt 0.752764 0.789957
vt 0.762001 0.786164
vt 0.760708 0.783626
vt 0.759148 0.780552
vt 0.768843 0.778664
vt 0.770517 0.780965
vt 0.778115 0.774511
vt 0.773370 0.769783
vt 0.776102 0.772502
vt 0.782298 0.765279
vt 0.784602 0.766949
vt 0.789832 0.758478
vt 0.787294 0.757187
vt 0.785628 0.752257
vt 0.790957 0.748415
vt 0.793663 0.749295
vt 0.796023 0.739633
vt 0.790112 0.735012
vt 0.793214 0.739186
vt 0.793996 0.729722
vt 0.796841 0.729727
vt 0.796121 0.719815
vt 0.793309 0.720250
vt 0.789902 0.720776
vt 0.791159 0.710998
vt 0.793866 0.710135
vt 0.790138 0.700923
vt 0.785882 0.707117
vt 0.787602 0.702197
vt 0.782689 0.694075
vt 0.785000 0.692414
vt 0.778598 0.684809
vt 0.776570 0.686816
vt 0.776465 0.692018
vt 0.769392 0.680606
vt 0.771079 0.678305
vt 0.762640 0.673057
vt 0.762842 0.680578
vt 0.761336 0.675593
vt 0.752587 0.671925
vt 0.753476 0.669220
vt 0.743826 0.666855
vt 0.743370 0.669662
vt 0.746344 0.673930
vt 0.733915 0.668865
vt 0.728600 0.672694
vt 0.724457 0.669547
vt 0.733929 0.666028
vt 0.724030 0.666744
vt 0.728661 0.677962
vt 0.717961 0.698396
vt 0.733756 0.694623
vt 0.697491 0.692920
vt 0.706791 0.706916
vt 0.714742 0.703227
vt 0.719081 0.700609
vt 0.710860 0.706484
vt 0.723774 0.698700
vt 0.728703 0.697540
vt 0.733748 0.697169
vt 0.738787 0.697586
vt 0.746676 0.697017
vt 0.743694 0.698791
vt 0.748351 0.700744
vt 0.756017 0.702650
vt 0.752637 0.703411
vt 0.757400 0.683183
vt 0.778306 0.703635
vt 0.763149 0.710912
vt 0.756453 0.706716
vt 0.759700 0.710587
vt 0.762306 0.714921
vt 0.767380 0.720997
vt 0.764199 0.719618
vt 0.765343 0.724558
vt 0.768307 0.731914
vt 0.765702 0.729620
vt 0.785560 0.729705
vt 0.779695 0.753284
vt 0.765835 0.742594
vt 0.760199 0.751999
vt 0.765276 0.734679
vt 0.764062 0.739609
vt 0.762101 0.744292
vt 0.759432 0.748611
vt 0.756127 0.752462
vt 0.751941 0.759200
vt 0.752258 0.755743
vt 0.741868 0.763488
vt 0.727805 0.763838
vt 0.712838 0.757535
vt 0.698733 0.767773
vt 0.723311 0.760172
vt 0.718647 0.758185
vt 0.728223 0.761403
vt 0.714348 0.755486
vt 0.710517 0.752152
vt 0.703792 0.747919
vt 0.707253 0.748259
vt 0.704630 0.743911
vt 0.699532 0.737819
vt 0.702721 0.739209
vt 0.701566 0.734273
vt 0.698609 0.726915
vt 0.701209 0.729220
vt 0.701646 0.724176
vt 0.701115 0.716270
vt 0.702873 0.719264
vt 0.704851 0.714602
vt 0.707538 0.710309
vt 0.682868 0.716127
vt 0.693747 0.689016
vt 0.681405 0.706432
vt 0.691041 0.686263
vt 0.684812 0.693428
vt 0.698319 0.680182
vt 0.705176 0.672744
vt 0.696671 0.677861
vt 0.689057 0.684233
vt 0.706449 0.675298
vt 0.711352 0.677011
vt 0.715232 0.671723
vt 0.714370 0.669010
vt 0.713515 0.666327
vt 0.723197 0.661259
vt 0.712662 0.663658
vt 0.702644 0.667662
vt 0.723611 0.663989
vt 0.703909 0.670200
vt 0.695044 0.675561
vt 0.693428 0.673272
vt 0.685182 0.680262
vt 0.687110 0.682238
vt 0.680296 0.690061
vt 0.678076 0.688404
vt 0.672287 0.697534
vt 0.677253 0.700158
vt 0.682535 0.691731
vt 0.674763 0.698844
vt 0.670674 0.708398
vt 0.667993 0.707484
vt 0.665332 0.717994
vt 0.670940 0.718965
vt 0.673363 0.709312
vt 0.668134 0.718480
vt 0.667247 0.728846
vt 0.664445 0.728802
vt 0.665247 0.739636
vt 0.670747 0.738825
vt 0.670063 0.728887
vt 0.667985 0.739232
vt 0.670321 0.749376
vt 0.667652 0.750225
vt 0.671665 0.760288
vt 0.676747 0.757760
vt 0.673005 0.748525
vt 0.674203 0.759025
vt 0.679578 0.767928
vt 0.677290 0.769544
vt 0.684299 0.777822
vt 0.688269 0.773947
vt 0.681878 0.766302
vt 0.686275 0.775894
vt 0.694121 0.782735
vt 0.692465 0.784954
vt 0.701626 0.790764
vt 0.704245 0.785796
vt 0.695791 0.780495
vt 0.702933 0.788287
vt 0.712526 0.792390
vt 0.711619 0.795074
vt 0.722181 0.797748
vt 0.723122 0.792122
vt 0.713433 0.789700
vt 0.722651 0.794935
vt 0.733061 0.795815
vt 0.733047 0.798648
vt 0.743923 0.797817
vt 0.743482 0.795044
vt 0.733077 0.792976
vt 0.753638 0.792634
vt 0.754512 0.795294
vt 0.764566 0.791161
vt 0.763286 0.788670
vt 0.772178 0.783239
vt 0.773832 0.785499
vt 0.782100 0.778470
vt 0.780112 0.776496
vt 0.786884 0.768598
vt 0.789156 0.770237
vt 0.794845 0.761015
vt 0.792345 0.759751
vt 0.796343 0.750160
vt 0.799010 0.751018
vt 0.801573 0.740504
vt 0.798805 0.740070
vt 0.799657 0.729728
vt 0.802458 0.729727
vt 0.801658 0.718955
vt 0.798898 0.719384
vt 0.796528 0.709290
vt 0.799168 0.708453
vt 0.795098 0.698440
vt 0.792629 0.699675
vt 0.787285 0.690769
vt 0.789559 0.689131
vt 0.782640 0.680803
vt 0.780620 0.682805
vt 0.772758 0.676014
vt 0.774432 0.673728
vt 0.765201 0.668042
vt 0.763925 0.670544
vt 0.754348 0.666542
vt 0.755213 0.663878
vt 0.744717 0.661323
vt 0.744273 0.664081
vt 0.733946 0.663235
vt 0.733963 0.660466
vt 0.723591 0.789306
vt 0.714341 0.786998
vt 0.720616 0.785028
vt 0.707161 0.780221
vt 0.705565 0.783276
vt 0.697487 0.778217
vt 0.695519 0.771946
vt 0.690300 0.771963
vt 0.684263 0.758090
vt 0.684200 0.764655
vt 0.679301 0.756493
vt 0.675719 0.747673
vt 0.677794 0.741457
vt 0.673554 0.738411
vt 0.682853 0.739970
vt 0.676825 0.723653
vt 0.672908 0.728922
vt 0.673753 0.719446
vt 0.676064 0.710227
vt 0.679773 0.701481
vt 0.733265 0.761833
vt 0.738312 0.761464
vt 0.743240 0.760299
vt 0.747928 0.758379
s 1
usemtl 1001
f 3/1/1 2/2/2 1/3/3
f 3/1/1 291/4/4 2/2/2
f 3/1/1 4/5/5 291/4/4
f 3/1/1 5/6/6 4/5/5
f 3/1/1 6/7/7 5/6/6
f 6/7/7 7/8/8 5/6/6
f 11/9/9 8/10/10 7/8/8
f 7/8/8 6/7/7 11/9/9
f 11/9/9 9/11/11 8/10/10
f 11/9/9 10/12/12 9/11/11
f 16/13/13 9/11/11 10/12/12
f 16/13/13 10/12/12 12/14/14
f 15/15/15 16/13/13 12/14/14
f 15/15/15 12/14/14 13/16/16
f 324/17/17 14/18/18 15/15/15
f 16/13/13 15/15/15 14/18/18
f 16/13/13 14/18/18 23/19/19
f 23/19/19 14/18/18 21/20/20
f 21/20/20 19/21/21 17/22/22
f 14/18/18 18/23/23 21/20/20
f 21/20/20 18/23/23 20/24/24
f 20/24/24 19/21/21 21/20/20
f 21/20/20 24/25/25 22/26/26
f 22/26/26 25/27/27 21/20/20
f 21/20/20 25/27/27 23/19/19
f 17/22/22 24/25/25 21/20/20
f 26/28/28 23/19/19 25/27/27
f 22/26/26 27/29/29 25/27/27
f 25/27/27 27/29/29 28/30/30
f 363/31/31 25/27/27 28/30/30
f 28/30/30 29/32/32 363/31/31
f 32/33/33 28/30/30 27/29/29
f 27/29/29 22/26/26 30/34/34
f 30/34/34 31/35/35 27/29/29
f 27/29/29 31/35/35 32/33/33
f 56/36/36 33/37/37 32/33/33
f 32/33/33 33/37/37 29/32/32
f 32/33/33 31/35/35 34/38/38
f 29/32/32 28/30/30 32/33/33
f 34/38/38 31/35/35 30/34/34
f 34/38/38 36/39/39 35/40/40
f 35/40/40 32/33/33 34/38/38
f 35/40/40 36/39/39 39/41/41
f 39/41/41 41/42/42 37/43/43
f 39/41/41 40/44/44 38/45/45
f 38/45/45 41/42/42 39/41/41
f 36/39/39 40/44/44 39/41/41
f 37/43/43 41/42/42 44/46/46
f 44/46/46 41/42/42 38/45/45
f 44/46/46 42/47/47 37/43/43
f 46/48/48 42/47/47 44/46/46
f 44/46/46 45/49/49 43/50/50
f 38/45/45 45/49/49 44/46/46
f 46/48/48 44/46/46 47/51/51
f 48/52/52 49/53/53 46/48/48
f 49/53/53 42/47/47 46/48/48
f 37/43/43 42/47/47 49/53/53
f 50/54/54 52/55/55 49/53/53
f 49/53/53 53/56/56 37/43/43
f 49/53/53 52/55/55 51/57/57
f 51/57/57 53/56/56 49/53/53
f 54/58/58 53/56/56 51/57/57
f 37/43/43 53/56/56 54/58/58
f 54/58/58 55/59/59 35/40/40
f 35/40/40 39/41/41 54/58/58
f 54/58/58 39/41/41 37/43/43
f 61/60/60 56/36/36 55/59/59
f 55/59/59 60/61/61 61/60/60
f 58/62/62 60/61/61 55/59/59
f 55/59/59 54/58/58 58/62/62
f 58/62/62 59/63/63 57/64/64
f 58/62/62 54/58/58 51/57/57
f 51/57/57 59/63/63 58/62/62
f 67/65/65 61/60/60 60/61/61
f 60/61/61 65/66/66 67/65/65
f 63/67/67 65/66/66 60/61/61
f 60/61/61 58/62/62 63/67/67
f 63/67/67 64/68/68 62/69/69
f 63/67/67 58/62/62 57/64/64
f 57/64/64 64/68/68 63/67/67
f 66/70/70 67/65/65 65/66/66
f 65/66/66 69/71/71 66/70/70
f 68/72/72 69/71/71 65/66/66
f 65/66/66 63/67/67 68/72/72
f 68/72/72 63/67/67 62/69/69
f 62/69/69 70/73/73 68/72/72
f 68/72/72 70/73/73 71/74/74
f 280/75/75 68/72/72 71/74/74
f 71/74/74 72/76/76 280/75/75
f 366/77/77 72/76/76 71/74/74
f 71/74/74 70/73/73 77/78/78
f 71/74/74 73/79/79 366/77/77
f 77/78/78 73/79/79 71/74/74
f 74/80/80 73/79/79 77/78/78
f 77/78/78 76/81/81 75/82/82
f 77/78/78 70/73/73 62/69/69
f 62/69/69 76/81/81 77/78/78
f 78/83/83 77/78/78 75/82/82
f 74/80/80 77/78/78 78/83/83
f 78/83/83 75/82/82 79/84/84
f 81/85/85 74/80/80 78/83/83
f 79/84/84 80/86/86 78/83/83
f 78/83/83 80/86/86 81/85/85
f 82/87/87 74/80/80 81/85/85
f 81/85/85 83/88/88 82/87/87
f 82/87/87 83/88/88 84/89/89
f 84/89/89 85/90/90 86/91/91
f 84/89/89 88/92/92 82/87/87
f 86/91/91 88/92/92 84/89/89
f 87/93/93 90/94/94 86/91/91
f 89/95/95 87/93/93 86/91/91
f 86/91/91 90/94/94 88/92/92
f 86/91/91 85/90/90 89/95/95
f 87/93/93 91/96/96 90/94/94
f 90/94/94 91/96/96 95/97/97
f 90/94/94 92/98/98 88/92/92
f 94/99/99 92/98/98 90/94/94
f 95/97/97 93/100/100 90/94/94
f 90/94/94 93/100/100 94/99/99
f 96/101/101 98/102/102 95/97/97
f 95/97/97 97/103/103 96/101/101
f 99/104/104 97/103/103 95/97/97
f 98/102/102 93/100/100 95/97/97
f 95/97/97 91/96/96 99/104/104
f 99/104/104 91/96/96 87/93/93
f 100/105/105 101/106/106 99/104/104
f 102/107/107 97/103/103 99/104/104
f 99/104/104 101/106/106 102/107/107
f 102/107/107 104/108/108 103/109/109
f 105/110/110 104/108/108 102/107/107
f 102/107/107 103/109/109 96/101/101
f 96/101/101 97/103/103 102/107/107
f 102/107/107 101/106/106 105/110/110
f 106/111/111 107/112/112 105/110/110
f 105/110/110 107/112/112 108/113/113
f 105/110/110 101/106/106 100/105/105
f 108/113/113 104/108/108 105/110/110
f 108/113/113 109/114/114 116/115/115
f 110/116/116 109/114/114 108/113/113
f 108/113/113 116/115/115 103/109/109
f 103/109/109 104/108/108 108/113/113
f 108/113/113 107/112/112 110/116/116
f 110/116/116 107/112/112 106/111/111
f 111/117/117 112/118/118 110/116/116
f 113/119/119 109/114/114 110/116/116
f 110/116/116 112/118/118 113/119/119
f 114/120/120 116/115/115 113/119/119
f 113/119/119 115/121/121 114/120/120
f 117/122/122 115/121/121 113/119/119
f 116/115/115 109/114/114 113/119/119
f 113/119/119 112/118/118 117/122/122
f 118/123/123 119/124/124 117/122/122
f 117/122/122 119/124/124 120/125/125
f 117/122/122 112/118/118 111/117/117
f 120/125/125 115/121/121 117/122/122
f 120/125/125 122/126/126 121/127/127
f 123/128/128 122/126/126 120/125/125
f 120/125/125 121/127/127 114/120/120
f 114/120/120 115/121/121 120/125/125
f 120/125/125 119/124/124 123/128/128
f 123/128/128 119/124/124 118/123/123
f 124/129/129 125/130/130 123/128/128
f 126/131/131 122/126/126 123/128/128
f 123/128/128 125/130/130 126/131/131
f 126/131/131 127/132/132 133/133/133
f 128/134/134 127/132/132 126/131/131
f 126/131/131 133/133/133 121/127/127
f 121/127/127 122/126/126 126/131/131
f 126/131/131 125/130/130 128/134/134
f 129/135/135 130/136/136 128/134/134
f 128/134/134 130/136/136 131/137/137
f 128/134/134 125/130/130 124/129/129
f 131/137/137 127/132/132 128/134/134
f 249/138/138 133/133/133 131/137/137
f 131/137/137 132/139/139 249/138/138
f 137/140/140 132/139/139 131/137/137
f 133/133/133 127/132/132 131/137/137
f 131/137/137 130/136/136 137/140/140
f 134/141/141 135/142/142 137/140/140
f 137/140/140 135/142/142 136/143/143
f 137/140/140 130/136/136 129/135/135
f 136/143/143 132/139/139 137/140/140
f 134/141/141 137/140/140 138/144/144
f 138/144/144 137/140/140 129/135/135
f 138/144/144 140/145/145 139/146/146
f 139/146/146 134/141/141 138/144/144
f 138/144/144 129/135/135 141/147/147
f 141/147/147 140/145/145 138/144/144
f 141/147/147 129/135/135 142/148/148
f 142/148/148 143/149/149 141/147/147
f 144/150/150 143/149/149 142/148/148
f 145/151/151 146/152/152 144/150/150
f 144/150/150 124/129/129 145/151/151
f 142/148/148 124/129/129 144/150/150
f 147/153/153 146/152/152 145/151/151
f 147/153/153 118/123/123 148/154/154
f 145/151/151 118/123/123 147/153/153
f 148/154/154 149/155/155 147/153/153
f 150/156/156 149/155/155 148/154/154
f 151/157/157 152/158/158 150/156/156
f 150/156/156 111/117/117 151/157/157
f 148/154/154 111/117/117 150/156/156
f 153/159/159 152/158/158 151/157/157
f 153/159/159 106/111/111 154/160/160
f 151/157/157 106/111/111 153/159/159
f 154/160/160 155/161/161 153/159/159
f 156/162/162 155/161/161 154/160/160
f 157/163/163 158/164/164 156/162/162
f 156/162/162 100/105/105 157/163/163
f 154/160/160 100/105/105 156/162/162
f 89/95/95 158/164/164 157/163/163
f 157/163/163 99/104/104 87/93/93
f 157/163/163 87/93/93 89/95/95
f 100/105/105 99/104/104 157/163/163
f 106/111/111 105/110/110 154/160/160
f 154/160/160 105/110/110 100/105/105
f 151/157/157 110/116/116 106/111/111
f 111/117/117 110/116/116 151/157/157
f 118/123/123 117/122/122 148/154/154
f 148/154/154 117/122/122 111/117/117
f 145/151/151 123/128/128 118/123/123
f 124/129/129 123/128/128 145/151/151
f 129/135/135 128/134/134 142/148/148
f 142/148/148 128/134/134 124/129/129
f 159/165/165 134/141/141 139/146/146
f 159/165/165 160/166/166 134/141/141
f 161/167/167 160/166/166 159/165/165
f 162/168/168 161/167/167 159/165/165
f 159/165/165 163/169/169 162/168/168
f 139/146/146 163/169/169 159/165/165
f 164/170/170 161/167/167 162/168/168
f 162/168/168 165/171/171 164/170/170
f 164/170/170 165/171/171 166/172/172
f 167/173/173 230/174/174 166/172/172
f 166/172/172 230/174/174 164/170/170
f 166/172/172 168/175/175 167/173/173
f 167/173/173 168/175/175 169/176/176
f 169/176/176 233/177/177 167/173/173
f 170/178/178 233/177/177 169/176/176
f 169/176/176 171/179/179 170/178/178
f 170/178/178 171/179/179 172/180/180
f 173/181/181 235/182/182 172/180/180
f 172/180/180 235/182/182 170/178/178
f 172/180/180 174/183/183 173/181/181
f 173/181/181 174/183/183 175/184/184
f 175/184/184 192/185/185 173/181/181
f 176/186/186 192/185/185 175/184/184
f 175/184/184 177/187/187 176/186/186
f 176/186/186 177/187/187 178/188/188
f 47/51/51 43/50/50 178/188/188
f 178/188/188 43/50/50 176/186/186
f 178/188/188 179/189/189 47/51/51
f 47/51/51 179/189/189 180/190/190
f 180/190/190 46/48/48 47/51/51
f 48/52/52 46/48/48 180/190/190
f 180/190/190 181/191/191 48/52/52
f 48/52/52 181/191/191 182/192/192
f 183/193/193 50/54/54 182/192/192
f 182/192/192 50/54/54 48/52/52
f 182/192/192 184/194/194 183/193/193
f 183/193/193 184/194/194 185/195/195
f 185/195/195 188/196/196 183/193/193
f 186/197/197 188/196/196 185/195/195
f 185/195/195 187/198/198 186/197/197
f 186/197/197 187/198/198 79/84/84
f 186/197/197 189/199/199 188/196/196
f 75/82/82 189/199/199 186/197/197
f 79/84/84 75/82/82 186/197/197
f 57/64/64 190/200/200 189/199/199
f 189/199/199 190/200/200 188/196/196
f 75/82/82 76/81/81 189/199/199
f 189/199/199 64/68/68 57/64/64
f 189/199/199 76/81/81 62/69/69
f 62/69/69 64/68/68 189/199/199
f 191/201/201 190/200/200 57/64/64
f 188/196/196 190/200/200 191/201/201
f 191/201/201 52/55/55 50/54/54
f 191/201/201 59/63/63 51/57/57
f 51/57/57 52/55/55 191/201/201
f 57/64/64 59/63/63 191/201/201
f 183/193/193 191/201/201 50/54/54
f 188/196/196 191/201/201 183/193/193
f 176/186/186 193/202/202 192/185/185
f 43/50/50 193/202/202 176/186/186
f 195/203/203 194/204/204 193/202/202
f 193/202/202 194/204/204 192/185/185
f 43/50/50 45/49/49 193/202/202
f 193/202/202 196/205/205 195/203/203
f 193/202/202 45/49/49 38/45/45
f 38/45/45 196/205/205 193/202/202
f 197/206/206 196/205/205 38/45/45
f 195/203/203 196/205/205 197/206/206
f 38/45/45 40/44/44 197/206/206
f 197/206/206 40/44/44 36/39/39
f 197/206/206 36/39/39 198/207/207
f 198/207/207 36/39/39 199/208/208
f 36/39/39 34/38/38 199/208/208
f 199/208/208 34/38/38 30/34/34
f 199/208/208 200/209/209 198/207/207
f 201/210/210 200/209/209 199/208/208
f 201/210/210 199/208/208 24/25/25
f 24/25/25 199/208/208 30/34/34
f 24/25/25 17/22/22 201/210/210
f 30/34/34 22/26/26 24/25/25
f 201/210/210 17/22/22 19/21/21
f 19/21/21 20/24/24 202/211/211
f 19/21/21 203/212/212 201/210/210
f 202/211/211 203/212/212 19/21/21
f 201/210/210 203/212/212 200/209/209
f 200/209/209 203/212/212 202/211/211
f 200/209/209 205/213/213 204/214/214
f 204/214/214 198/207/207 200/209/209
f 202/211/211 205/213/213 200/209/209
f 205/213/213 207/215/215 206/216/216
f 206/216/216 204/214/214 205/213/213
f 208/217/217 207/215/215 205/213/213
f 205/213/213 209/218/218 208/217/217
f 202/211/211 209/218/218 205/213/213
f 208/217/217 209/218/218 210/219/219
f 210/219/219 209/218/218 202/211/211
f 202/211/211 20/24/24 210/219/219
f 210/219/219 211/220/220 208/217/217
f 18/23/23 212/221/221 211/220/220
f 211/220/220 210/219/219 18/23/23
f 212/221/221 213/222/222 211/220/220
f 208/217/217 211/220/220 213/222/222
f 213/222/222 214/223/223 220/224/224
f 220/224/224 215/225/225 213/222/222
f 213/222/222 215/225/225 208/217/217
f 220/224/224 214/223/223 218/226/226
f 218/226/226 217/227/227 216/228/228
f 218/226/226 219/229/229 220/224/224
f 216/228/228 219/229/229 218/226/226
f 220/224/224 219/229/229 222/230/230
f 222/230/230 219/229/229 216/228/228
f 223/231/231 220/224/224 222/230/230
f 222/230/230 221/232/232 223/231/231
f 207/215/215 220/224/224 223/231/231
f 223/231/231 221/232/232 247/233/233
f 247/233/233 224/234/234 223/231/231
f 224/234/234 227/235/235 206/216/216
f 206/216/216 223/231/231 224/234/234
f 224/234/234 228/236/236 225/237/237
f 225/237/237 227/235/235 224/234/234
f 226/238/238 228/236/236 224/234/234
f 225/237/237 228/236/236 231/239/239
f 231/239/239 228/236/236 226/238/238
f 231/239/239 229/240/240 225/237/237
f 233/177/177 229/240/240 231/239/239
f 231/239/239 232/241/241 230/174/174
f 226/238/238 232/241/241 231/239/239
f 233/177/177 231/239/239 167/173/173
f 170/178/178 234/242/242 233/177/177
f 234/242/242 229/240/240 233/177/177
f 225/237/237 229/240/240 234/242/242
f 235/182/182 237/243/243 234/242/242
f 234/242/242 238/244/244 225/237/237
f 234/242/242 237/243/243 236/245/245
f 236/245/245 238/244/244 234/242/242
f 227/235/235 238/244/244 236/245/245
f 225/237/237 238/244/244 227/235/235
f 227/235/235 204/214/214 206/216/216
f 236/245/245 239/246/246 227/235/235
f 227/235/235 239/246/246 204/214/214
f 239/246/246 240/247/247 195/203/203
f 195/203/203 197/206/206 239/246/246
f 236/245/245 240/247/247 239/246/246
f 239/246/246 197/206/206 198/207/207
f 239/246/246 198/207/207 204/214/214
f 195/203/203 240/247/247 241/248/248
f 241/248/248 240/247/247 236/245/245
f 241/248/248 194/204/204 195/203/203
f 192/185/185 194/204/204 241/248/248
f 241/248/248 237/243/243 235/182/182
f 236/245/245 237/243/243 241/248/248
f 173/181/181 241/248/248 235/182/182
f 192/185/185 241/248/248 173/181/181
f 235/182/182 234/242/242 170/178/178
f 230/174/174 232/241/241 242/249/249
f 242/249/249 232/241/241 226/238/238
f 226/238/238 243/250/250 242/249/249
f 242/249/249 244/251/251 161/167/167
f 242/249/249 243/250/250 245/252/252
f 245/252/252 244/251/251 242/249/249
f 246/253/253 248/254/254 245/252/252
f 245/252/252 247/233/233 246/253/253
f 245/252/252 248/254/254 160/166/166
f 245/252/252 243/250/250 247/233/233
f 160/166/166 244/251/251 245/252/252
f 160/166/166 135/142/142 134/141/141
f 136/143/143 135/142/142 160/166/166
f 160/166/166 248/254/254 136/143/143
f 161/167/167 244/251/251 160/166/166
f 136/143/143 248/254/254 246/253/253
f 246/253/253 247/233/233 221/232/232
f 250/255/255 249/138/138 246/253/253
f 246/253/253 249/138/138 136/143/143
f 221/232/232 250/255/255 246/253/253
f 251/256/256 250/255/255 221/232/232
f 221/232/232 222/230/230 251/256/256
f 251/256/256 222/230/230 216/228/228
f 251/256/256 252/257/257 250/255/255
f 253/258/258 252/257/257 251/256/256
f 253/258/258 251/256/256 254/259/259
f 254/259/259 251/256/256 216/228/228
f 216/228/228 217/227/227 254/259/259
f 254/259/259 255/260/260 253/258/258
f 253/258/258 255/260/260 256/261/261
f 256/261/261 257/262/262 260/263/263
f 256/261/261 258/264/264 253/258/258
f 260/263/263 258/264/264 256/261/261
f 253/258/258 258/264/264 252/257/257
f 252/257/257 258/264/264 260/263/263
f 252/257/257 260/263/263 259/265/265
f 259/265/265 250/255/255 252/257/257
f 259/265/265 260/263/263 261/266/266
f 261/266/266 263/267/267 262/268/268
f 260/263/263 263/267/267 261/266/266
f 261/266/266 264/269/269 259/265/265
f 259/265/265 264/269/269 133/133/133
f 264/269/269 261/266/266 265/270/270
f 265/270/270 266/271/271 264/269/269
f 264/269/269 266/271/271 121/127/127
f 121/127/127 133/133/133 264/269/269
f 265/270/270 267/272/272 266/271/271
f 267/272/272 268/273/273 266/271/271
f 266/271/271 268/273/273 114/120/120
f 114/120/120 121/127/127 266/271/271
f 267/272/272 269/274/274 268/273/273
f 268/273/273 116/115/115 114/120/120
f 116/115/115 268/273/273 270/275/275
f 270/275/275 268/273/273 269/274/274
f 269/274/274 271/276/276 270/275/275
f 270/275/275 271/276/276 272/277/277
f 272/277/277 273/278/278 270/275/275
f 270/275/275 273/278/278 103/109/109
f 103/109/109 116/115/115 270/275/275
f 273/278/278 272/277/277 274/279/279
f 274/279/279 275/280/280 273/278/278
f 273/278/278 275/280/280 96/101/101
f 96/101/101 103/109/109 273/278/278
f 274/279/279 276/281/281 275/280/280
f 276/281/281 277/282/282 275/280/280
f 275/280/280 277/282/282 98/102/102
f 275/280/280 98/102/102 96/101/101
f 276/281/281 278/283/283 277/282/282
f 277/282/282 278/283/283 279/284/284
f 277/282/282 280/75/75 98/102/102
f 98/102/102 280/75/75 94/99/99
f 280/75/75 277/282/282 69/71/71
f 69/71/71 277/282/282 279/284/284
f 279/284/284 282/285/285 281/286/286
f 278/283/283 282/285/285 279/284/284
f 276/281/281 283/287/287 278/283/283
f 278/283/283 283/287/287 287/288/288
f 284/289/289 282/285/285 278/283/283
f 287/288/288 286/290/290 278/283/283
f 278/283/283 286/290/290 284/289/289
f 284/289/289 285/291/291 281/286/286
f 281/286/286 282/285/285 284/289/289
f 304/292/292 288/293/293 286/290/290
f 286/290/290 287/288/288 304/292/292
f 288/293/293 284/289/289 286/290/290
f 285/291/291 284/289/289 288/293/293
f 304/292/292 303/294/294 289/295/295
f 289/295/295 288/293/293 304/292/292
f 289/295/295 303/294/294 290/296/296
f 289/295/295 290/296/296 291/4/4
f 2/2/2 291/4/4 290/296/296
f 302/297/297 2/2/2 290/296/296
f 2/2/2 302/297/297 294/298/298
f 294/298/298 1/3/3 2/2/2
f 1/3/3 292/299/299 322/300/300
f 294/298/298 292/299/299 1/3/3
f 294/298/298 295/301/301 292/299/299
f 294/298/298 302/297/297 293/302/302
f 298/303/303 294/298/298 293/302/302
f 295/301/301 294/298/298 298/303/303
f 298/303/303 297/304/304 295/301/301
f 309/305/305 296/306/306 297/304/304
f 297/304/304 298/303/303 309/305/305
f 298/303/303 299/307/307 309/305/305
f 299/307/307 298/303/303 293/302/302
f 293/302/302 300/308/308 299/307/307
f 302/297/297 301/309/309 300/308/308
f 300/308/308 293/302/302 302/297/297
f 290/296/296 301/309/309 302/297/297
f 303/294/294 301/309/309 290/296/296
f 304/292/292 305/310/310 303/294/294
f 303/294/294 300/308/308 301/309/309
f 306/311/311 303/294/294 305/310/310
f 300/308/308 303/294/294 306/311/311
f 306/311/311 305/310/310 307/312/312
f 306/311/311 299/307/307 300/308/308
f 306/311/311 309/305/305 299/307/307
f 310/313/313 306/311/311 307/312/312
f 309/305/305 306/311/311 310/313/313
f 307/312/312 308/314/314 310/313/313
f 311/315/315 309/305/305 310/313/313
f 311/315/315 330/316/316 312/317/317
f 311/315/315 312/317/317 296/306/306
f 312/317/317 315/318/318 313/319/319
f 314/320/320 315/318/318 312/317/317
f 313/319/319 296/306/306 312/317/317
f 328/321/321 318/322/322 314/320/320
f 314/320/320 318/322/322 316/323/323
f 316/323/323 318/322/322 317/324/324
f 13/16/16 316/323/323 317/324/324
f 316/323/323 13/16/16 319/325/325
f 319/325/325 321/326/326 320/327/327
f 319/325/325 13/16/16 12/14/14
f 321/326/326 319/325/325 10/12/12
f 10/12/12 319/325/325 12/14/14
f 11/9/9 322/300/300 321/326/326
f 6/7/7 1/3/3 322/300/300
f 322/300/300 11/9/9 6/7/7
f 3/1/1 1/3/3 6/7/7
f 322/300/300 323/328/328 320/327/327
f 322/300/300 320/327/327 321/326/326
f 322/300/300 292/299/299 323/328/328
f 292/299/299 295/301/301 323/328/328
f 295/301/301 313/319/319 323/328/328
f 323/328/328 313/319/319 320/327/327
f 313/319/319 295/301/301 296/306/306
f 315/318/318 319/325/325 320/327/327
f 320/327/327 313/319/319 315/318/318
f 316/323/323 319/325/325 315/318/318
f 314/320/320 316/323/323 315/318/318
f 10/12/12 11/9/9 321/326/326
f 318/322/322 327/329/329 324/17/17
f 324/17/17 317/324/324 318/322/322
f 325/330/330 212/221/221 324/17/17
f 324/17/17 327/329/329 325/330/330
f 325/330/330 218/226/226 214/223/223
f 214/223/223 212/221/221 325/330/330
f 217/227/227 218/226/226 325/330/330
f 325/330/330 326/331/331 255/260/260
f 327/329/329 326/331/331 325/330/330
f 325/330/330 254/259/259 217/227/227
f 255/260/260 254/259/259 325/330/330
f 318/322/322 328/321/321 327/329/329
f 328/321/321 330/316/316 329/332/332
f 329/332/332 327/329/329 328/321/321
f 330/316/316 328/321/321 314/320/320
f 314/320/320 312/317/317 330/316/316
f 326/331/331 327/329/329 329/332/332
f 310/313/313 329/332/332 330/316/316
f 332/333/333 331/334/334 329/332/332
f 329/332/332 331/334/334 257/262/262
f 329/332/332 308/314/314 332/333/333
f 257/262/262 326/331/331 329/332/332
f 310/313/313 308/314/314 329/332/332
f 308/314/314 333/335/335 332/333/333
f 333/335/335 335/336/336 334/337/337
f 334/337/337 265/270/270 333/335/335
f 333/335/335 265/270/270 262/268/268
f 262/268/268 332/333/333 333/335/335
f 334/337/337 335/336/336 336/338/338
f 336/338/338 338/339/339 337/340/340
f 336/338/338 339/341/341 334/337/337
f 337/340/340 339/341/341 336/338/338
f 334/337/337 339/341/341 267/272/272
f 267/272/272 339/341/341 337/340/340
f 338/339/339 336/338/338 307/312/312
f 307/312/312 340/342/342 338/339/339
f 337/340/340 338/339/339 340/342/342
f 340/342/342 341/343/343 271/276/276
f 271/276/276 342/344/344 340/342/342
f 340/342/342 342/344/344 337/340/340
f 337/340/340 342/344/344 269/274/274
f 269/274/274 342/344/344 271/276/276
f 307/312/312 305/310/310 341/343/343
f 341/343/343 340/342/342 307/312/312
f 305/310/310 343/345/345 341/343/343
f 271/276/276 341/343/343 343/345/345
f 343/345/345 345/346/346 344/347/347
f 344/347/347 346/348/348 343/345/345
f 343/345/345 346/348/348 271/276/276
f 344/347/347 345/346/346 347/349/349
f 347/349/349 349/350/350 348/351/351
f 348/351/351 274/279/279 347/349/349
f 347/349/349 274/279/279 344/347/347
f 348/351/351 349/350/350 287/288/288
f 349/350/350 347/349/349 304/292/292
f 304/292/292 287/288/288 349/350/350
f 348/351/351 283/287/287 276/281/281
f 287/288/288 283/287/287 348/351/351
f 348/351/351 276/281/281 274/279/279
f 304/292/292 347/349/349 345/346/346
f 271/276/276 346/348/348 272/277/277
f 272/277/277 346/348/348 344/347/347
f 345/346/346 343/345/345 305/310/310
f 345/346/346 305/310/310 304/292/292
f 274/279/279 272/277/277 344/347/347
f 337/340/340 269/274/274 267/272/272
f 307/312/312 336/338/338 335/336/336
f 335/336/336 333/335/335 308/314/314
f 335/336/336 308/314/314 307/312/312
f 334/337/337 267/272/272 265/270/270
f 331/334/334 332/333/333 262/268/268
f 260/263/263 257/262/262 331/334/334
f 262/268/268 263/267/267 331/334/334
f 331/334/334 263/267/267 260/263/263
f 257/262/262 256/261/261 326/331/331
f 326/331/331 256/261/261 255/260/260
f 324/17/17 15/15/15 317/324/324
f 317/324/324 15/15/15 13/16/16
f 330/316/316 311/315/315 310/313/313
f 309/305/305 311/315/315 296/306/306
f 295/301/301 297/304/304 296/306/306
f 289/295/295 291/4/4 4/5/5
f 353/352/352 288/293/293 289/295/295
f 285/291/291 288/293/293 353/352/352
f 289/295/295 352/353/353 353/352/352
f 351/354/354 350/355/355 353/352/352
f 353/352/352 350/355/355 285/291/291
f 354/356/356 353/352/352 352/353/353
f 351/354/354 353/352/352 354/356/356
f 354/356/356 356/357/357 351/354/354
f 354/356/356 355/358/358 357/359/359
f 357/359/359 356/357/357 354/356/356
f 355/358/358 358/360/360 357/359/359
f 358/360/360 361/361/361 360/362/362
f 358/360/360 362/363/363 359/364/364
f 359/364/364 357/359/359 358/360/360
f 360/362/362 362/363/363 358/360/360
f 359/364/364 362/363/363 61/60/60
f 61/60/60 362/363/363 360/362/362
f 355/358/358 363/31/31 361/361/361
f 361/361/361 358/360/360 355/358/358
f 363/31/31 29/32/32 361/361/361
f 26/28/28 363/31/31 355/358/358
f 355/358/358 354/356/356 26/28/28
f 26/28/28 354/356/356 7/8/8
f 26/28/28 7/8/8 8/10/10
f 360/362/362 56/36/36 61/60/60
f 360/362/362 33/37/37 56/36/36
f 29/32/32 33/37/37 360/362/362
f 360/362/362 361/361/361 29/32/32
f 359/364/364 364/365/365 356/357/357
f 67/65/65 364/365/365 359/364/364
f 356/357/357 357/359/359 359/364/364
f 359/364/364 61/60/60 67/65/65
f 356/357/357 364/365/365 365/366/366
f 365/366/366 364/365/365 67/65/65
f 365/366/366 67/65/65 66/70/70
f 365/366/366 66/70/70 350/355/355
f 350/355/355 351/354/354 365/366/366
f 365/366/366 351/354/354 356/357/357
f 281/286/286 285/291/291 350/355/355
f 350/355/355 66/70/70 281/286/286
f 354/356/356 352/353/353 5/6/6
f 354/356/356 5/6/6 7/8/8
f 352/353/353 4/5/5 5/6/6
f 4/5/5 352/353/353 289/295/295
f 66/70/70 279/284/284 281/286/286
f 69/71/71 279/284/284 66/70/70
f 265/270/270 261/266/266 262/268/268
f 249/138/138 250/255/255 259/265/265
f 259/265/265 133/133/133 249/138/138
f 247/233/233 243/250/250 226/238/238
f 230/174/174 242/249/249 164/170/170
f 164/170/170 242/249/249 161/167/167
f 167/173/173 231/239/239 230/174/174
f 226/238/238 224/234/234 247/233/233
f 207/215/215 223/231/231 206/216/216
f 207/215/215 215/225/225 220/224/224
f 208/217/217 215/225/225 207/215/215
f 214/223/223 213/222/222 212/221/221
f 18/23/23 14/18/18 324/17/17
f 324/17/17 212/221/221 18/23/23
f 18/23/23 210/219/219 20/24/24
f 249/138/138 132/139/139 136/143/143
f 94/99/99 93/100/100 98/102/102
f 280/75/75 72/76/76 94/99/99
f 94/99/99 72/76/76 366/77/77
f 366/77/77 92/98/98 94/99/99
f 88/92/92 92/98/98 366/77/77
f 88/92/92 366/77/77 82/87/87
f 82/87/87 366/77/77 74/80/80
f 366/77/77 73/79/79 74/80/80
f 69/71/71 68/72/72 280/75/75
f 35/40/40 55/59/59 56/36/36
f 50/54/54 49/53/53 48/52/52
f 47/51/51 44/46/46 43/50/50
f 56/36/36 32/33/33 35/40/40
f 26/28/28 25/27/27 363/31/31
f 9/11/11 23/19/19 26/28/28
f 26/28/28 8/10/10 9/11/11
f 9/11/11 16/13/13 23/19/19
f 368/367/367 370/368/368 367/369/369
f 367/369/369 369/370/370 368/367/367
f 371/371/371 369/370/370 367/369/369
f 367/369/369 372/372/372 371/371/371
f 371/371/371 372/372/372 373/373/373
f 373/373/373 374/374/374 376/375/375
f 373/373/373 375/376/376 371/371/371
f 376/375/375 375/376/376 373/373/373
f 381/377/377 377/378/378 376/375/375
f 376/375/375 374/374/374 378/379/379
f 378/379/379 379/380/380 376/375/375
f 377/378/378 375/376/376 376/375/375
f 376/375/375 379/380/380 381/377/377
f 381/377/377 380/381/381 382/382/382
f 382/382/382 377/378/378 381/377/377
f 381/377/377 379/380/380 383/383/383
f 383/383/383 386/384/384 384/385/385
f 384/385/385 385/386/386 383/383/383
f 383/383/383 385/386/386 388/387/387
f 388/387/387 381/377/377 383/383/383
f 378/379/379 386/384/384 383/383/383
f 383/383/383 379/380/380 378/379/379
f 387/388/388 385/386/386 384/385/385
f 388/387/387 385/386/386 387/388/388
f 395/389/389 388/387/387 387/388/388
f 387/388/388 390/390/390 395/389/389
f 387/388/388 391/391/391 389/392/392
f 389/392/392 390/390/390 387/388/388
f 384/385/385 391/391/391 387/388/388
f 395/389/389 390/390/390 392/393/393
f 392/393/393 390/390/390 389/392/392
f 392/393/393 396/394/394 393/395/395
f 393/395/395 394/396/396 392/393/393
f 392/393/393 394/396/396 397/397/397
f 397/397/397 395/389/389 392/393/393
f 389/392/392 396/394/394 392/393/393
f 404/398/398 398/399/399 397/397/397
f 398/399/399 395/389/389 397/397/397
f 397/397/397 394/396/396 399/400/400
f 403/401/401 397/397/397 399/400/400
f 399/400/400 402/402/402 400/403/403
f 400/403/403 401/404/404 399/400/400
f 399/400/400 401/404/404 403/401/401
f 393/395/395 402/402/402 399/400/400
f 399/400/400 394/396/396 393/395/395
f 573/405/405 404/398/398 403/401/401
f 404/398/398 397/397/397 403/401/401
f 403/401/401 401/404/404 405/406/406
f 405/406/406 408/407/407 406/408/408
f 406/408/408 407/409/409 405/406/406
f 405/406/406 407/409/409 410/410/410
f 410/410/410 403/401/401 405/406/406
f 400/403/403 408/407/407 405/406/406
f 405/406/406 401/404/404 400/403/403
f 409/411/411 407/409/409 406/408/408
f 410/410/410 407/409/409 409/411/411
f 417/412/412 410/410/410 409/411/411
f 409/411/411 412/413/413 417/412/412
f 409/411/411 413/414/414 411/415/415
f 411/415/415 412/413/413 409/411/411
f 406/408/408 413/414/414 409/411/411
f 417/412/412 412/413/413 414/416/416
f 414/416/416 412/413/413 411/415/415
f 414/416/416 418/417/417 415/418/418
f 415/418/418 416/419/419 414/416/416
f 414/416/416 416/419/419 419/420/420
f 419/420/420 417/412/412 414/416/416
f 411/415/415 418/417/417 414/416/416
f 426/421/421 420/422/422 419/420/420
f 420/422/422 417/412/412 419/420/420
f 419/420/420 416/419/419 421/423/423
f 425/424/424 419/420/420 421/423/423
f 421/423/423 424/425/425 422/426/426
f 422/426/426 423/427/427 421/423/423
f 421/423/423 423/427/427 425/424/424
f 415/418/418 424/425/425 421/423/423
f 421/423/423 416/419/419 415/418/418
f 543/428/428 426/421/421 425/424/424
f 426/421/421 419/420/420 425/424/424
f 425/424/424 423/427/427 427/429/429
f 427/429/429 430/430/430 428/431/431
f 428/431/431 429/432/432 427/429/429
f 427/429/429 429/432/432 432/433/433
f 432/433/433 425/424/424 427/429/429
f 422/426/426 430/430/430 427/429/429
f 427/429/429 423/427/427 422/426/426
f 431/434/434 429/432/432 428/431/431
f 432/433/433 429/432/432 431/434/434
f 439/435/435 432/433/433 431/434/434
f 431/434/434 434/436/436 439/435/435
f 431/434/434 435/437/437 433/438/438
f 433/438/438 434/436/436 431/434/434
f 428/431/431 435/437/437 431/434/434
f 439/435/435 434/436/436 436/439/439
f 436/439/439 434/436/436 433/438/438
f 436/439/439 440/440/440 437/441/441
f 437/441/441 438/442/442 436/439/439
f 436/439/439 438/442/442 441/443/443
f 441/443/443 439/435/435 436/439/439
f 433/438/438 440/440/440 436/439/439
f 451/444/444 442/445/445 441/443/443
f 441/443/443 448/446/446 451/444/444
f 444/447/447 448/446/446 441/443/443
f 441/443/443 442/445/445 443/448/448
f 443/448/448 439/435/435 441/443/443
f 441/443/443 438/442/442 444/447/447
f 444/447/447 447/449/449 445/450/450
f 445/450/450 446/451/451 444/447/447
f 444/447/447 446/451/451 448/446/446
f 437/441/441 447/449/449 444/447/447
f 444/447/447 438/442/442 437/441/441
f 449/452/452 451/444/444 448/446/446
f 448/446/446 450/453/453 449/452/452
f 452/454/454 450/453/453 448/446/446
f 448/446/446 446/451/451 452/454/454
f 452/454/454 455/455/455 453/456/456
f 453/456/456 454/457/457 452/454/454
f 452/454/454 454/457/457 457/458/458
f 457/458/458 450/453/453 452/454/454
f 445/450/450 455/455/455 452/454/454
f 452/454/454 446/451/451 445/450/450
f 456/459/459 454/457/457 453/456/456
f 457/458/458 454/457/457 456/459/459
f 463/460/460 457/458/458 456/459/459
f 456/459/459 459/461/461 463/460/460
f 456/459/459 460/462/462 458/463/463
f 458/463/463 459/461/461 456/459/459
f 453/456/456 460/462/462 456/459/459
f 463/460/460 459/461/461 461/464/464
f 461/464/464 459/461/461 458/463/463
f 461/464/464 465/465/465 462/466/466
f 462/466/466 464/467/467 461/464/464
f 466/468/468 463/460/460 461/464/464
f 461/464/464 464/467/467 466/468/468
f 458/463/463 465/465/465 461/464/464
f 467/469/469 463/460/460 466/468/468
f 466/468/468 468/470/470 467/469/469
f 466/468/468 464/467/467 469/471/471
f 470/472/472 466/468/468 469/471/471
f 469/471/471 472/473/473 470/472/472
f 469/471/471 473/474/474 471/475/475
f 471/475/475 472/473/473 469/471/471
f 462/466/466 473/474/474 469/471/471
f 469/471/471 464/467/467 462/466/466
f 470/472/472 472/473/473 474/476/476
f 474/476/476 472/473/473 471/475/475
f 474/476/476 477/477/477 475/478/478
f 475/478/478 476/479/479 474/476/476
f 474/476/476 476/479/479 478/480/480
f 471/475/475 477/477/477 474/476/476
f 474/476/476 478/480/480 470/472/472
f 478/480/480 476/479/479 368/367/367
f 478/480/480 479/481/481 480/482/482
f 368/367/367 479/481/481 478/480/480
f 478/480/480 480/482/482 481/483/483
f 481/483/483 480/482/482 482/484/484
f 470/472/472 478/480/480 481/483/483
f 481/483/483 482/484/484 483/485/485
f 483/485/485 482/484/484 487/486/486
f 487/486/486 485/487/487 484/488/488
f 484/488/488 488/489/489 487/486/486
f 482/484/484 485/487/487 487/486/486
f 487/486/486 488/489/489 486/490/490
f 489/491/491 488/489/489 484/488/488
f 486/490/490 488/489/489 489/491/491
f 489/491/491 484/488/488 490/492/492
f 490/492/492 492/493/493 489/491/491
f 489/491/491 492/493/493 491/494/494
f 491/494/494 486/490/490 489/491/491
f 493/495/495 486/490/490 491/494/494
f 491/494/494 494/496/496 493/495/495
f 493/495/495 494/496/496 496/497/497
f 497/498/498 495/499/499 493/495/495
f 493/495/495 495/499/499 486/490/490
f 496/497/497 497/498/498 493/495/495
f 498/500/500 497/498/498 496/497/497
f 498/500/500 501/501/501 499/502/502
f 499/502/502 500/503/503 498/500/500
f 500/503/503 502/504/504 498/500/500
f 496/497/497 501/501/501 498/500/500
f 498/500/500 502/504/504 497/498/498
f 503/505/505 502/504/504 500/503/503
f 497/498/498 502/504/504 503/505/505
f 500/503/503 504/506/506 503/505/505
f 504/506/506 505/507/507 503/505/505
f 467/469/469 468/470/470 505/507/507
f 468/470/470 483/485/485 505/507/507
f 505/507/507 483/485/485 506/508/508
f 506/508/508 503/505/505 505/507/507
f 486/490/490 495/499/499 506/508/508
f 506/508/508 495/499/499 497/498/498
f 506/508/508 487/486/486 486/490/490
f 483/485/485 487/486/486 506/508/508
f 497/498/498 503/505/505 506/508/508
f 467/469/469 505/507/507 504/506/506
f 507/509/509 467/469/469 504/506/506
f 504/506/506 511/510/510 507/509/509
f 509/511/511 511/510/510 504/506/506
f 509/511/511 510/512/512 508/513/513
f 500/503/503 510/512/512 509/511/511
f 509/511/511 504/506/506 500/503/503
f 449/452/452 507/509/509 511/510/510
f 511/510/510 512/514/514 449/452/452
f 511/510/510 509/511/511 512/514/514
f 512/514/514 509/511/511 508/513/513
f 508/513/513 516/515/515 512/514/514
f 512/514/514 515/516/516 513/517/517
f 512/514/514 516/515/515 514/518/518
f 514/518/518 515/516/516 512/514/514
f 517/519/519 516/515/515 508/513/513
f 514/518/518 516/515/515 517/519/519
f 517/519/519 508/513/513 518/520/520
f 518/520/520 520/521/521 517/519/519
f 517/519/519 520/521/521 519/522/522
f 519/522/522 514/518/518 517/519/519
f 521/523/523 514/518/518 519/522/522
f 521/523/523 524/524/524 522/525/525
f 522/525/525 523/526/526 521/523/523
f 523/526/526 525/527/527 521/523/523
f 519/522/522 524/524/524 521/523/523
f 521/523/523 525/527/527 514/518/518
f 515/516/516 525/527/527 523/526/526
f 514/518/518 525/527/527 515/516/516
f 523/526/526 526/528/528 515/516/516
f 526/528/528 513/517/517 515/516/516
f 451/444/444 513/517/517 526/528/528
f 526/528/528 442/445/445 451/444/444
f 443/448/448 442/445/445 526/528/528
f 526/528/528 529/529/529 443/448/448
f 528/530/530 529/529/529 526/528/528
f 528/530/530 526/528/528 523/526/526
f 523/526/526 530/531/531 528/530/530
f 528/530/530 530/531/531 527/532/532
f 531/533/533 530/531/531 523/526/526
f 527/532/532 530/531/531 531/533/533
f 531/533/533 523/526/526 522/525/525
f 522/525/525 533/534/534 531/533/533
f 531/533/533 533/534/534 532/535/535
f 532/535/535 527/532/532 531/533/533
f 534/536/536 527/532/532 532/535/535
f 534/536/536 537/537/537 535/538/538
f 535/538/538 536/539/539 534/536/536
f 536/539/539 538/540/540 534/536/536
f 532/535/535 537/537/537 534/536/536
f 534/536/536 538/540/540 527/532/532
f 541/541/541 538/540/540 536/539/539
f 527/532/532 538/540/540 541/541/541
f 536/539/539 539/542/542 541/541/541
f 541/541/541 539/542/542 540/543/543
f 541/541/541 528/530/530 527/532/532
f 529/529/529 528/530/530 541/541/541
f 542/544/544 541/541/541 540/543/543
f 529/529/529 541/541/541 542/544/544
f 542/544/544 432/433/433 439/435/435
f 439/435/435 443/448/448 542/544/544
f 542/544/544 443/448/448 529/529/529
f 542/544/544 543/428/428 432/433/433
f 540/543/543 543/428/428 542/544/544
f 536/539/539 546/545/545 539/542/542
f 544/546/546 540/543/543 539/542/542
f 539/542/542 546/545/545 545/547/547
f 545/547/547 544/546/546 539/542/542
f 547/548/548 546/545/545 536/539/539
f 545/547/547 546/545/545 547/548/548
f 547/548/548 536/539/539 535/538/538
f 535/538/538 549/549/549 547/548/548
f 547/548/548 549/549/549 548/550/550
f 548/550/550 545/547/547 547/548/548
f 550/551/551 545/547/547 548/550/550
f 550/551/551 553/552/552 551/553/553
f 551/553/553 552/554/554 550/551/551
f 552/554/554 554/555/555 550/551/551
f 548/550/550 553/552/552 550/551/551
f 550/551/551 554/555/555 545/547/547
f 555/556/556 554/555/555 552/554/554
f 545/547/547 554/555/555 555/556/556
f 555/556/556 556/557/557 544/546/546
f 555/556/556 544/546/546 545/547/547
f 556/557/557 420/422/422 426/421/421
f 556/557/557 560/558/558 420/422/422
f 557/559/559 560/558/558 556/557/557
f 556/557/557 555/556/556 557/559/559
f 557/559/559 555/556/556 552/554/554
f 552/554/554 561/560/560 557/559/559
f 557/559/559 561/560/560 558/561/561
f 558/561/561 559/562/562 557/559/559
f 557/559/559 559/562/562 560/558/558
f 562/563/563 561/560/560 552/554/554
f 558/561/561 561/560/560 562/563/563
f 562/563/563 552/554/554 551/553/553
f 551/553/553 564/564/564 562/563/563
f 562/563/563 564/564/564 563/565/565
f 563/565/565 558/561/561 562/563/563
f 565/566/566 558/561/561 563/565/565
f 565/566/566 568/567/567 566/568/568
f 566/568/568 567/569/569 565/566/566
f 567/569/569 569/570/570 565/566/566
f 563/565/565 568/567/567 565/566/566
f 565/566/566 569/570/570 558/561/561
f 559/562/562 569/570/570 567/569/569
f 558/561/561 569/570/570 559/562/562
f 567/569/569 570/571/571 559/562/562
f 559/562/562 570/571/571 571/572/572
f 559/562/562 571/572/572 560/558/558
f 560/558/558 571/572/572 572/573/573
f 572/573/573 410/410/410 417/412/412
f 572/573/573 573/405/405 410/410/410
f 571/572/572 573/405/405 572/573/573
f 560/558/558 572/573/573 420/422/422
f 420/422/422 572/573/573 417/412/412
f 571/572/572 574/574/574 573/405/405
f 570/571/571 574/574/574 571/572/572
f 567/569/569 577/575/575 570/571/571
f 570/571/571 576/576/576 574/574/574
f 570/571/571 577/575/575 575/577/577
f 575/577/577 576/576/576 570/571/571
f 578/578/578 577/575/575 567/569/569
f 575/577/577 577/575/575 578/578/578
f 578/578/578 567/569/569 566/568/568
f 566/568/568 580/579/579 578/578/578
f 578/578/578 580/579/579 579/580/580
f 579/580/580 575/577/577 578/578/578
f 581/581/581 575/577/577 579/580/580
f 581/581/581 584/582/582 582/583/583
f 582/583/583 583/584/584 581/581/581
f 583/584/584 585/585/585 581/581/581
f 579/580/580 584/582/582 581/581/581
f 581/581/581 585/585/585 575/577/577
f 576/576/576 585/585/585 583/584/584
f 575/577/577 585/585/585 576/576/576
f 583/584/584 586/586/586 576/576/576
f 576/576/576 587/587/587 574/574/574
f 576/576/576 586/586/586 587/587/587
f 587/587/587 398/399/399 404/398/398
f 587/587/587 590/588/588 398/399/399
f 589/589/589 590/588/588 587/587/587
f 587/587/587 586/586/586 589/589/589
f 589/589/589 586/586/586 583/584/584
f 583/584/584 591/590/590 589/589/589
f 589/589/589 591/590/590 588/591/591
f 592/592/592 591/590/590 583/584/584
f 588/591/591 591/590/590 592/592/592
f 592/592/592 583/584/584 582/583/583
f 582/583/583 594/593/593 592/592/592
f 592/592/592 594/593/593 593/594/594
f 593/594/594 588/591/591 592/592/592
f 595/595/595 588/591/591 593/594/594
f 595/595/595 598/596/596 596/597/597
f 596/597/597 597/598/598 595/595/595
f 597/598/598 599/599/599 595/595/595
f 593/594/594 598/596/596 595/595/595
f 595/595/595 599/599/599 588/591/591
f 600/600/600 599/599/599 597/598/598
f 588/591/591 599/599/599 600/600/600
f 600/600/600 589/589/589 588/591/591
f 600/600/600 601/601/601 590/588/588
f 590/588/588 589/589/589 600/600/600
f 590/588/588 601/601/601 602/602/602
f 602/602/602 388/387/387 395/389/389
f 395/389/389 603/603/603 602/602/602
f 602/602/602 603/603/603 590/588/588
f 388/387/387 602/602/602 380/381/381
f 380/381/381 602/602/602 601/601/601
f 590/588/588 603/603/603 398/399/399
f 398/399/399 603/603/603 395/389/389
f 601/601/601 604/604/604 380/381/381
f 601/601/601 600/600/600 604/604/604
f 604/604/604 600/600/600 597/598/598
f 597/598/598 608/605/605 604/604/604
f 604/604/604 607/606/606 605/607/607
f 604/604/604 608/605/605 606/608/608
f 606/608/608 607/606/606 604/604/604
f 609/609/609 608/605/605 597/598/598
f 606/608/608 608/605/605 609/609/609
f 609/609/609 597/598/598 596/597/597
f 596/597/597 611/610/610 609/609/609
f 609/609/609 611/610/610 610/611/611
f 610/611/611 606/608/608 609/609/609
f 612/612/612 606/608/608 610/611/611
f 612/612/612 615/613/613 613/614/614
f 613/614/614 614/615/615 612/612/612
f 614/615/615 616/616/616 612/612/612
f 610/611/611 615/613/613 612/612/612
f 612/612/612 616/616/616 606/608/608
f 607/606/606 616/616/616 614/615/615
f 606/608/608 616/616/616 607/606/606
f 614/615/615 617/617/617 607/606/606
f 618/618/618 605/607/607 607/606/606
f 607/606/606 617/617/617 618/618/618
f 382/382/382 605/607/607 618/618/618
f 619/619/619 382/382/382 618/618/618
f 618/618/618 617/617/617 622/620/620
f 622/620/620 617/617/617 614/615/615
f 614/615/615 623/621/621 622/620/620
f 622/620/620 623/621/621 620/622/622
f 621/623/623 618/618/618 622/620/620
f 624/624/624 623/621/621 614/615/615
f 620/622/622 623/621/621 624/624/624
f 624/624/624 614/615/615 613/614/614
f 613/614/614 626/625/625 624/624/624
f 624/624/624 626/625/625 625/626/626
f 625/626/626 620/622/622 624/624/624
f 627/627/627 620/622/622 625/626/626
f 627/627/627 628/628/628 490/492/492
f 490/492/492 484/488/488 627/627/627
f 484/488/488 629/629/629 627/627/627
f 625/626/626 628/628/628 627/627/627
f 627/627/627 629/629/629 620/622/622
f 485/487/487 629/629/629 484/488/488
f 620/622/622 629/629/629 485/487/487
f 482/484/484 621/623/623 485/487/487
f 485/487/487 622/620/620 620/622/622
f 621/623/623 622/620/620 485/487/487
f 480/482/482 621/623/623 482/484/484
f 619/619/619 618/618/618 621/623/623
f 480/482/482 619/619/619 621/623/623
f 479/481/481 619/619/619 480/482/482
f 479/481/481 630/630/630 619/619/619
f 371/371/371 630/630/630 479/481/481
f 479/481/481 369/370/370 371/371/371
f 368/367/367 369/370/370 479/481/481
f 619/619/619 630/630/630 377/378/378
f 377/378/378 630/630/630 371/371/371
f 377/378/378 382/382/382 619/619/619
f 382/382/382 380/381/381 605/607/607
f 380/381/381 604/604/604 605/607/607
f 574/574/574 587/587/587 404/398/398
f 574/574/574 404/398/398 573/405/405
f 544/546/546 556/557/557 426/421/421
f 544/546/546 426/421/421 543/428/428
f 543/428/428 540/543/543 544/546/546
f 518/520/520 508/513/513 631/631/631
f 631/631/631 632/632/632 518/520/520
f 508/513/513 510/512/512 631/631/631
f 499/502/502 632/632/632 631/631/631
f 631/631/631 500/503/503 499/502/502
f 631/631/631 510/512/512 500/503/503
f 513/517/517 451/444/444 449/452/452
f 449/452/452 512/514/514 513/517/517
f 457/458/458 507/509/509 449/452/452
f 507/509/509 457/458/458 463/460/460
f 463/460/460 467/469/469 507/509/509
f 468/470/470 481/483/483 483/485/485
f 470/472/472 481/483/483 468/470/470
f 368/367/367 476/479/479 475/478/478
f 475/478/478 370/368/368 368/367/367
f 468/470/470 466/468/468 470/472/472
f 449/452/452 450/453/453 457/458/458
f 543/428/428 425/424/424 432/433/433
f 573/405/405 403/401/401 410/410/410
f 380/381/381 381/377/377 388/387/387
f 371/371/371 375/376/376 377/378/378
f 634/633/633 635/634/634 633/635/635
f 633/635/635 713/636/636 634/633/633
f 636/637/637 713/636/636 633/635/635
f 633/635/635 637/638/638 636/637/637
f 638/639/639 640/640/640 637/638/638
f 637/638/638 641/641/641 638/639/639
f 637/638/638 633/635/635 639/642/642
f 639/642/642 641/641/641 637/638/638
f 636/637/637 637/638/638 640/640/640
f 640/640/640 714/643/643 636/637/637
f 642/644/644 714/643/643 640/640/640
f 640/640/640 643/645/645 642/644/644
f 643/645/645 640/640/640 638/639/639
f 638/639/639 645/646/646 643/645/645
f 643/645/645 645/646/646 646/647/647
f 646/647/647 644/648/648 643/645/645
f 709/649/649 644/648/648 646/647/647
f 646/647/647 647/650/650 709/649/649
f 709/649/649 647/650/650 648/651/651
f 648/651/651 707/652/652 709/649/649
f 706/653/653 707/652/652 648/651/651
f 648/651/651 649/654/654 706/653/653
f 706/653/653 649/654/654 650/655/655
f 650/655/655 704/656/656 706/653/653
f 699/657/657 704/656/656 650/655/655
f 650/655/655 651/658/658 699/657/657
f 699/657/657 651/658/658 652/659/659
f 652/659/659 698/660/660 699/657/657
f 700/661/661 698/660/660 652/659/659
f 652/659/659 653/662/662 700/661/661
f 700/661/661 653/662/662 654/663/663
f 654/663/663 701/664/664 700/661/661
f 702/665/665 701/664/664 654/663/663
f 654/663/663 655/666/666 702/665/665
f 702/665/665 655/666/666 656/667/667
f 656/667/667 703/668/668 702/665/665
f 662/669/669 703/668/668 656/667/667
f 656/667/667 657/670/670 662/669/669
f 662/669/669 657/670/670 658/671/671
f 664/672/672 660/673/673 658/671/671
f 658/671/671 659/674/674 664/672/672
f 658/671/671 660/673/673 662/669/669
f 661/675/675 662/669/669 660/673/673
f 660/673/673 691/676/676 661/675/675
f 663/677/677 691/676/676 660/673/673
f 660/673/673 664/672/672 663/677/677
f 663/677/677 664/672/672 665/678/678
f 665/678/678 690/679/679 663/677/677
f 666/680/680 690/679/679 665/678/678
f 665/678/678 667/681/681 666/680/680
f 667/681/681 665/678/678 670/682/682
f 667/681/681 671/683/683 669/684/684
f 669/684/684 668/685/685 667/681/681
f 670/682/682 671/683/683 667/681/681
f 672/686/686 668/685/685 669/684/684
f 675/687/687 674/688/688 672/686/686
f 669/684/684 673/689/689 672/686/686
f 672/686/686 673/689/689 675/687/687
f 682/690/690 674/688/688 675/687/687
f 675/687/687 676/691/691 682/690/690
f 682/690/690 676/691/691 677/692/692
f 680/693/693 679/694/694 677/692/692
f 677/692/692 678/695/695 680/693/693
f 677/692/692 679/694/694 682/690/690
f 679/694/694 680/693/693 683/696/696
f 679/694/694 686/697/697 681/698/698
f 683/696/696 686/697/697 679/694/694
f 681/698/698 682/690/690 679/694/694
f 683/696/696 680/693/693 684/699/699
f 684/699/699 685/700/700 683/696/696
f 695/701/701 696/702/702 698/660/660
f 698/660/660 696/702/702 697/703/703
f 697/703/703 699/657/657 698/660/660
f 698/660/660 700/661/661 695/701/701
f 695/701/701 700/661/661 701/664/664
f 701/664/664 694/704/704 695/701/701
f 693/705/705 694/704/704 701/664/664
f 701/664/664 702/665/665 693/705/705
f 693/705/705 702/665/665 703/668/668
f 703/668/668 692/706/706 693/705/705
f 661/675/675 692/706/706 703/668/668
f 703/668/668 662/669/669 661/675/675
f 704/656/656 699/657/657 697/703/703
f 705/707/707 706/653/653 704/656/656
f 704/656/656 711/708/708 705/707/707
f 697/703/703 711/708/708 704/656/656
f 707/652/652 706/653/653 705/707/707
f 708/709/709 709/649/649 707/652/652
f 707/652/652 710/710/710 708/709/709
f 705/707/707 710/710/710 707/652/652
f 644/648/648 709/649/649 708/709/709
f 717/711/711 719/712/712 718/713/713
f 718/713/713 715/714/714 717/711/711
f 720/715/715 719/712/712 717/711/711
f 717/711/711 716/716/716 720/715/715
f 720/715/715 716/716/716 721/717/717
f 723/718/718 722/719/719 721/717/717
f 721/717/717 722/719/719 720/715/715
f 721/717/717 724/720/720 723/718/718
f 726/721/721 727/722/722 723/718/718
f 723/718/718 724/720/720 726/721/721
f 728/723/723 727/722/722 726/721/721
f 726/721/721 725/724/724 728/723/723
f 728/723/723 725/724/724 729/725/725
f 731/726/726 730/727/727 729/725/725
f 729/725/725 730/727/727 728/723/723
f 729/725/725 732/728/728 731/726/726
f 734/729/729 735/730/730 731/726/726
f 731/726/726 732/728/728 734/729/729
f 736/731/731 735/730/730 734/729/729
f 734/729/729 733/732/732 736/731/731
f 735/730/730 736/731/731 737/733/733
f 737/733/733 738/734/734 735/730/730
f 735/730/730 738/734/734 739/735/735
f 730/727/727 731/726/726 739/735/735
f 739/735/735 740/736/736 730/727/727
f 739/735/735 731/726/726 735/730/730
f 730/727/727 740/736/736 741/737/737
f 727/722/722 728/723/723 741/737/737
f 741/737/737 742/738/738 727/722/722
f 741/737/737 728/723/723 730/727/727
f 727/722/722 742/738/738 743/739/739
f 722/719/719 723/718/718 743/739/739
f 743/739/739 744/740/740 722/719/719
f 743/739/739 723/718/718 727/722/722
f 722/719/719 744/740/740 745/741/741
f 719/712/712 720/715/715 745/741/741
f 745/741/741 746/742/742 719/712/712
f 745/741/741 720/715/715 722/719/719
f 719/712/712 746/742/742 747/743/743
f 635/634/634 718/713/713 747/743/743
f 747/743/743 748/744/744 635/634/634
f 747/743/743 718/713/713 719/712/712
f 635/634/634 748/744/744 639/642/642
f 634/633/633 715/714/714 718/713/713
f 718/713/713 635/634/634 634/633/633
f 708/709/709 712/745/745 644/648/648
f 644/648/648 712/745/745 642/644/644
f 668/685/685 689/746/746 666/680/680
f 688/747/747 689/746/746 668/685/685
f 688/747/747 672/686/686 674/688/688
f 674/688/688 687/748/748 688/747/747
f 668/685/685 672/686/686 688/747/747
f 681/698/698 687/748/748 674/688/688
f 750/749/749 752/750/750 751/751/751
f 751/751/751 749/752/752 750/749/749
f 684/699/699 752/750/750 750/749/749
f 750/749/749 685/700/700 684/699/699
f 752/750/750 684/699/699 753/753/753
f 753/753/753 754/754/754 752/750/750
f 752/750/750 754/754/754 755/755/755
f 755/755/755 751/751/751 752/750/750
f 753/753/753 684/699/699 680/693/693
f 680/693/693 678/695/695 753/753/753
f 674/688/688 682/690/690 681/698/698
f 664/672/672 659/674/674 670/682/682
f 670/682/682 665/678/678 664/672/672
f 666/680/680 667/681/681 668/685/685
f 642/644/644 643/645/645 644/648/648
f 639/642/642 633/635/635 635/634/634
f 756/756/756 758/757/757 757/758/758
f 759/759/759 760/760/760 756/756/756
f 756/756/756 760/760/760 761/761/761
f 763/762/762 762/763/763 761/761/761
f 761/761/761 762/763/763 765/764/764
f 761/761/761 760/760/760 763/762/762
f 761/761/761 766/765/765 764/766/766
f 764/766/766 756/756/756 761/761/761
f 765/764/764 766/765/765 761/761/761
f 764/766/766 766/765/765 767/767/767
f 767/767/767 766/765/765 765/764/764
f 765/764/764 768/768/768 767/767/767
f 767/767/767 768/768/768 770/769/769
f 767/767/767 769/770/770 764/766/766
f 767/767/767 771/771/771 769/770/770
f 770/769/769 771/771/771 767/767/767
f 769/770/770 771/771/771 772/772/772
f 772/772/772 771/771/771 770/769/769
f 770/769/769 773/773/773 772/772/772
f 772/772/772 773/773/773 775/774/774
f 772/772/772 776/775/775 774/776/776
f 774/776/776 769/770/770 772/772/772
f 775/774/774 776/775/775 772/772/772
f 774/776/776 776/775/775 777/777/777
f 777/777/777 776/775/775 775/774/774
f 775/774/774 778/778/778 777/777/777
f 777/777/777 778/778/778 780/779/779
f 779/780/780 774/776/776 777/777/777
f 777/777/777 781/781/781 779/780/780
f 780/779/779 781/781/781 777/777/777
f 779/780/780 781/781/781 782/782/782
f 782/782/782 781/781/781 780/779/779
f 780/779/779 783/783/783 782/782/782
f 782/782/782 783/783/783 785/784/784
f 782/782/782 786/785/785 784/786/786
f 784/786/786 779/780/780 782/782/782
f 785/784/784 786/785/785 782/782/782
f 784/786/786 786/785/785 787/787/787
f 787/787/787 786/785/785 785/784/784
f 785/784/784 788/788/788 787/787/787
f 787/787/787 788/788/788 790/789/789
f 787/787/787 789/790/790 784/786/786
f 787/787/787 791/791/791 789/790/790
f 790/789/789 791/791/791 787/787/787
f 789/790/790 791/791/791 792/792/792
f 792/792/792 791/791/791 790/789/789
f 790/789/789 793/793/793 792/792/792
f 792/792/792 793/793/793 795/794/794
f 792/792/792 796/795/795 794/796/796
f 792/792/792 794/796/796 789/790/790
f 795/794/794 796/795/795 792/792/792
f 794/796/796 796/795/795 797/797/797
f 797/797/797 796/795/795 795/794/794
f 795/794/794 798/798/798 797/797/797
f 797/797/797 798/798/798 800/799/799
f 797/797/797 799/800/800 794/796/796
f 797/797/797 801/801/801 799/800/800
f 800/799/799 801/801/801 797/797/797
f 799/800/800 801/801/801 802/802/802
f 802/802/802 801/801/801 800/799/799
f 800/799/799 803/803/803 802/802/802
f 802/802/802 803/803/803 805/804/804
f 802/802/802 806/805/805 804/806/806
f 802/802/802 804/806/806 799/800/800
f 805/804/804 806/805/805 802/802/802
f 804/806/806 806/805/805 807/807/807
f 807/807/807 806/805/805 805/804/804
f 807/807/807 808/808/808 804/806/806
f 807/807/807 810/809/809 808/808/808
f 807/807/807 811/810/810 809/811/811
f 809/811/811 810/809/809 807/807/807
f 805/804/804 811/810/810 807/807/807
f 804/806/806 808/808/808 812/812/812
f 812/812/813 813/813/813 822/814/813
f 812/812/813 871/815/813 813/813/813
f 869/816/813 813/813/813 871/815/813
f 813/813/814 814/817/815 816/818/816
f 815/819/817 814/817/815 813/813/814
f 813/813/814 869/816/818 815/819/817
f 816/818/816 817/820/819 813/813/814
f 813/813/814 817/820/819 818/821/820
f 818/821/820 822/814/821 813/813/814
f 818/821/820 819/822/822 822/814/821
f 822/814/821 819/822/822 820/823/823
f 825/824/824 822/814/821 820/823/823
f 820/823/823 821/825/825 825/824/824
f 825/824/824 821/825/825 823/826/826
f 827/827/827 825/824/824 823/826/826
f 823/826/826 824/828/828 827/827/827
f 825/824/813 827/827/813 826/829/813
f 826/829/829 836/830/830 794/796/796
f 794/796/796 799/800/800 826/829/829
f 827/827/813 836/830/813 826/829/813
f 827/827/813 828/831/813 836/830/813
f 828/831/831 827/827/827 829/832/832
f 829/832/832 830/833/833 828/831/831
f 828/831/831 830/833/833 831/834/834
f 835/835/835 828/831/831 831/834/834
f 831/834/834 832/836/836 835/835/835
f 835/835/835 832/836/836 833/837/837
f 840/838/838 835/835/835 833/837/837
f 833/837/837 834/839/839 840/838/838
f 835/835/813 840/838/813 837/840/813
f 835/835/813 837/840/813 836/830/813
f 828/831/813 835/835/813 836/830/813
f 836/830/830 837/840/840 784/786/786
f 784/786/786 789/790/790 836/830/830
f 838/841/841 774/776/776 779/780/780
f 779/780/780 837/840/840 838/841/841
f 839/842/813 847/843/813 838/841/813
f 840/838/813 839/842/813 838/841/813
f 838/841/813 837/840/813 840/838/813
f 839/842/842 840/838/838 841/844/843
f 841/844/843 842/845/844 839/842/842
f 840/838/838 834/839/839 841/844/843
f 839/842/842 842/845/844 843/846/845
f 847/843/846 839/842/842 843/846/845
f 843/846/845 844/847/847 847/843/846
f 847/843/846 844/847/847 845/848/848
f 848/849/849 847/843/846 845/848/848
f 845/848/848 846/850/850 848/849/849
f 847/843/813 848/849/813 758/757/813
f 847/843/813 758/757/813 838/841/813
f 764/766/766 769/770/770 758/757/757
f 848/849/813 850/851/813 758/757/813
f 850/851/813 849/852/813 757/758/813
f 757/758/813 758/757/813 850/851/813
f 757/758/813 849/852/813 851/853/813
f 851/853/813 986/854/813 757/758/813
f 849/852/851 852/855/852 854/856/853
f 853/857/854 852/855/852 849/852/851
f 854/856/853 851/853/855 849/852/851
f 854/856/853 855/858/856 851/853/855
f 851/853/855 855/858/856 856/859/857
f 857/860/858 851/853/855 856/859/857
f 856/859/857 858/861/859 857/860/858
f 857/860/858 858/861/859 859/862/860
f 860/863/861 857/860/858 859/862/860
f 859/862/860 861/864/862 860/863/861
f 860/863/861 861/864/862 862/865/863
f 863/866/864 860/863/861 862/865/863
f 862/865/863 864/867/865 863/866/864
f 863/866/864 864/867/865 865/868/866
f 866/869/867 863/866/864 865/868/866
f 865/868/866 867/870/868 866/869/867
f 866/869/867 867/870/868 868/871/869
f 869/816/818 866/869/867 868/871/869
f 868/871/869 870/872/870 869/816/818
f 866/869/813 869/816/813 871/815/813
f 866/869/813 871/815/813 999/873/813
f 863/866/813 866/869/813 999/873/813
f 871/815/871 872/874/872 998/875/873
f 872/874/872 874/876/874 873/877/875
f 875/878/876 874/876/874 872/874/872
f 877/879/877 876/880/878 875/878/876
f 875/878/876 876/880/878 879/881/879
f 875/878/876 878/882/880 877/879/877
f 880/883/881 878/882/880 875/878/876
f 879/881/879 874/876/874 875/878/876
f 875/878/876 872/874/872 880/883/881
f 880/883/881 872/874/872 871/815/871
f 880/883/881 871/815/871 812/812/812
f 881/884/882 878/882/880 880/883/881
f 881/884/882 880/883/881 808/808/808
f 808/808/808 810/809/809 881/884/882
f 809/811/811 882/885/883 881/884/882
f 881/884/882 882/885/883 877/879/877
f 881/884/882 810/809/809 809/811/811
f 877/879/877 878/882/880 881/884/882
f 883/886/884 882/885/883 809/811/811
f 877/879/877 882/885/883 883/886/884
f 885/887/885 884/888/198 883/886/884
f 883/886/884 884/888/198 887/889/886
f 883/886/884 886/890/887 885/887/885
f 809/811/811 886/890/887 883/886/884
f 887/889/886 888/891/888 883/886/884
f 883/886/884 888/891/888 877/879/877
f 877/879/877 888/891/888 889/892/889
f 889/892/889 888/891/888 887/889/886
f 887/889/886 890/893/890 889/892/889
f 889/892/889 890/893/890 891/894/891
f 879/881/879 876/880/878 889/892/889
f 889/892/889 876/880/878 877/879/877
f 891/894/891 892/895/892 889/892/889
f 889/892/889 892/895/892 879/881/879
f 879/881/879 892/895/892 893/896/893
f 893/896/893 892/895/892 891/894/891
f 891/894/891 894/897/894 893/896/893
f 893/896/893 894/897/894 896/898/895
f 897/899/896 895/900/897 893/896/893
f 893/896/893 895/900/897 879/881/879
f 896/898/895 898/901/898 893/896/893
f 893/896/893 898/901/898 897/899/896
f 897/899/896 898/901/898 899/902/899
f 899/902/899 898/901/898 896/898/895
f 896/898/895 900/903/900 899/902/899
f 899/902/899 900/903/900 902/904/901
f 903/905/902 901/906/903 899/902/899
f 899/902/899 901/906/903 897/899/896
f 902/904/901 904/907/904 899/902/899
f 899/902/899 904/907/904 903/905/902
f 903/905/902 904/907/904 905/908/905
f 905/908/905 904/907/904 902/904/901
f 902/904/901 906/909/187 905/908/905
f 905/908/905 906/909/187 908/910/906
f 909/911/907 907/912/908 905/908/905
f 905/908/905 907/912/908 903/905/902
f 908/910/906 910/913/909 905/908/905
f 905/908/905 910/913/909 909/911/907
f 909/911/907 910/913/909 911/914/910
f 911/914/910 910/913/909 908/910/906
f 908/910/906 912/915/183 911/914/910
f 911/914/910 912/915/183 914/916/911
f 915/917/912 913/918/913 911/914/910
f 911/914/910 913/918/913 909/911/907
f 914/916/911 916/919/914 911/914/910
f 911/914/910 916/919/914 915/917/912
f 915/917/912 916/919/914 917/920/915
f 917/920/915 916/919/914 914/916/911
f 914/916/911 918/921/179 917/920/915
f 917/920/915 918/921/179 920/922/916
f 921/923/917 919/924/918 917/920/915
f 917/920/915 919/924/918 915/917/912
f 920/922/916 922/925/919 917/920/915
f 917/920/915 922/925/919 921/923/917
f 921/923/917 922/925/919 923/926/920
f 923/926/920 922/925/919 920/922/916
f 920/922/916 924/927/921 923/926/920
f 923/926/920 924/927/921 926/928/922
f 927/929/923 925/930/924 923/926/920
f 923/926/920 925/930/924 921/923/917
f 926/928/922 928/931/925 923/926/920
f 923/926/920 928/931/925 927/929/923
f 927/929/923 928/931/925 929/932/926
f 929/932/926 928/931/925 926/928/922
f 926/928/922 930/933/927 929/932/926
f 929/932/926 930/933/927 932/934/928
f 933/935/929 931/936/930 929/932/926
f 929/932/926 931/936/930 927/929/923
f 932/934/928 934/937/931 929/932/926
f 929/932/926 934/937/931 933/935/929
f 933/935/929 934/937/931 935/938/932
f 935/938/932 934/937/931 932/934/928
f 935/938/932 938/939/169 936/940/933
f 936/940/933 937/941/934 935/938/932
f 935/938/932 937/941/934 763/762/762
f 763/762/762 939/942/935 935/938/932
f 932/934/928 938/939/169 935/938/932
f 935/938/932 939/942/935 933/935/929
f 759/759/759 939/942/935 763/762/762
f 933/935/929 939/942/935 759/759/759
f 940/943/936 937/941/934 936/940/933
f 763/762/762 937/941/934 940/943/936
f 936/940/933 941/944/145 940/943/936
f 940/943/936 941/944/145 942/945/937
f 940/943/936 762/763/763 763/762/762
f 765/764/764 762/763/763 940/943/936
f 942/945/937 943/946/938 940/943/936
f 940/943/936 943/946/938 765/764/764
f 944/947/939 943/946/938 942/945/937
f 765/764/764 943/946/938 944/947/939
f 942/945/937 945/948/940 944/947/939
f 944/947/939 945/948/940 946/949/941
f 770/769/769 768/768/768 944/947/939
f 944/947/939 768/768/768 765/764/764
f 946/949/941 947/950/942 944/947/939
f 944/947/939 947/950/942 770/769/769
f 948/951/943 947/950/942 946/949/941
f 770/769/769 947/950/942 948/951/943
f 946/949/941 949/952/944 948/951/943
f 948/951/943 949/952/944 950/953/945
f 775/774/774 773/773/773 948/951/943
f 948/951/943 773/773/773 770/769/769
f 950/953/945 951/954/946 948/951/943
f 948/951/943 951/954/946 775/774/774
f 952/955/947 951/954/946 950/953/945
f 775/774/774 951/954/946 952/955/947
f 950/953/945 953/956/948 952/955/947
f 952/955/947 953/956/948 954/957/949
f 780/779/779 778/778/778 952/955/947
f 952/955/947 778/778/778 775/774/774
f 954/957/949 955/958/950 952/955/947
f 952/955/947 955/958/950 780/779/779
f 956/959/951 955/958/950 954/957/949
f 780/779/779 955/958/950 956/959/951
f 954/957/949 957/960/158 956/959/951
f 956/959/951 957/960/158 958/961/952
f 785/784/784 783/783/783 956/959/951
f 956/959/951 783/783/783 780/779/779
f 958/961/952 959/962/953 956/959/951
f 956/959/951 959/962/953 785/784/784
f 960/963/954 959/962/953 958/961/952
f 785/784/784 959/962/953 960/963/954
f 958/961/952 961/964/161 960/963/954
f 960/963/954 961/964/161 962/965/955
f 790/789/789 788/788/788 960/963/954
f 960/963/954 788/788/788 785/784/784
f 962/965/955 963/966/956 960/963/954
f 960/963/954 963/966/956 790/789/789
f 964/967/957 963/966/956 962/965/955
f 790/789/789 963/966/956 964/967/957
f 962/965/955 965/968/164 964/967/957
f 964/967/957 965/968/164 966/969/958
f 795/794/794 793/793/793 964/967/957
f 964/967/957 793/793/793 790/789/789
f 966/969/958 967/970/959 964/967/957
f 964/967/957 967/970/959 795/794/794
f 968/971/960 967/970/959 966/969/958
f 795/794/794 967/970/959 968/971/960
f 966/969/958 969/972/961 968/971/960
f 968/971/960 969/972/961 970/973/962
f 800/799/799 798/798/798 968/971/960
f 968/971/960 798/798/798 795/794/794
f 970/973/962 971/974/963 968/971/960
f 968/971/960 971/974/963 800/799/799
f 972/975/964 971/974/963 970/973/962
f 800/799/799 971/974/963 972/975/964
f 970/973/962 973/976/965 972/975/964
f 972/975/964 973/976/965 974/977/966
f 805/804/804 803/803/803 972/975/964
f 972/975/964 803/803/803 800/799/799
f 974/977/966 975/978/967 972/975/964
f 972/975/964 975/978/967 805/804/804
f 976/979/968 975/978/967 974/977/966
f 805/804/804 975/978/967 976/979/968
f 976/979/968 977/980/86 885/887/885
f 885/887/885 886/890/887 976/979/968
f 976/979/968 886/890/887 809/811/811
f 809/811/811 811/810/810 976/979/968
f 974/977/966 977/980/86 976/979/968
f 976/979/968 811/810/810 805/804/804
f 759/759/759 978/981/969 933/935/929
f 933/935/929 978/981/969 979/982/970
f 979/982/970 931/936/930 933/935/929
f 979/982/970 982/983/971 980/984/972
f 980/984/972 981/985/973 979/982/970
f 927/929/923 931/936/930 979/982/970
f 979/982/970 981/985/973 927/929/923
f 979/982/970 978/981/969 982/983/971
f 982/983/971 756/756/756 757/758/758
f 759/759/759 756/756/756 982/983/971
f 982/983/971 978/981/969 759/759/759
f 983/986/974 981/985/973 980/984/972
f 927/929/923 981/985/973 983/986/974
f 980/984/972 985/987/975 983/986/974
f 921/923/917 925/930/924 983/986/974
f 983/986/974 925/930/924 927/929/923
f 983/986/974 984/988/976 921/923/917
f 985/987/975 984/988/976 983/986/974
f 986/854/977 987/989/978 985/987/975
f 985/987/975 987/989/978 988/990/979
f 988/990/979 984/988/976 985/987/975
f 987/989/978 989/991/980 988/990/979
f 915/917/912 919/924/918 988/990/979
f 988/990/979 919/924/918 921/923/917
f 988/990/979 989/991/980 915/917/912
f 921/923/917 984/988/976 988/990/979
f 990/992/981 989/991/980 987/989/978
f 915/917/912 989/991/980 990/992/981
f 987/989/978 992/993/982 990/992/981
f 909/911/907 913/918/913 990/992/981
f 990/992/981 913/918/913 915/917/912
f 990/992/981 991/994/983 909/911/907
f 992/993/982 991/994/983 990/992/981
f 1000/995/984 993/996/985 992/993/982
f 992/993/982 993/996/985 994/997/986
f 994/997/986 991/994/983 992/993/982
f 993/996/985 995/998/987 994/997/986
f 903/905/902 907/912/908 994/997/986
f 994/997/986 907/912/908 909/911/907
f 994/997/986 995/998/987 903/905/902
f 909/911/907 991/994/983 994/997/986
f 996/999/988 995/998/987 993/996/985
f 903/905/902 995/998/987 996/999/988
f 993/996/985 998/875/873 996/999/988
f 897/899/896 901/906/903 996/999/988
f 996/999/988 901/906/903 903/905/902
f 996/999/988 997/1000/989 897/899/896
f 998/875/873 997/1000/989 996/999/988
f 999/873/990 998/875/873 993/996/985
f 897/899/896 997/1000/989 873/877/875
f 873/877/875 997/1000/989 998/875/873
f 1000/995/984 999/873/990 993/996/985
f 1000/995/813 986/854/813 857/860/813
f 857/860/813 860/863/813 1000/995/813
f 860/863/813 863/866/813 1000/995/813
f 851/853/813 857/860/813 986/854/813
f 986/854/977 1000/995/984 987/989/978
f 863/866/813 999/873/813 1000/995/813
f 1000/995/984 992/993/982 987/989/978
f 986/854/977 985/987/975 980/984/972
f 757/758/758 986/854/977 980/984/972
f 980/984/972 982/983/971 757/758/758
f 873/877/875 895/900/897 897/899/896
f 879/881/879 895/900/897 873/877/875
f 808/808/808 880/883/881 812/812/812
f 873/877/875 874/876/874 879/881/879
f 998/875/873 872/874/872 873/877/875
f 999/873/990 871/815/871 998/875/873
f 869/816/818 870/872/870 815/819/817
f 849/852/851 1001/1001/991 853/857/854
f 1002/1002/992 1001/1001/991 849/852/851
f 849/852/851 850/851/993 1002/1002/992
f 850/851/993 1003/1003/994 1002/1002/992
f 1004/1004/995 1003/1003/994 850/851/993
f 850/851/993 848/849/849 1004/1004/995
f 848/849/849 846/850/850 1004/1004/995
f 838/841/841 758/757/757 769/770/770
f 838/841/841 769/770/770 774/776/776
f 837/840/840 779/780/780 784/786/786
f 827/827/827 824/828/828 829/832/832
f 789/790/790 794/796/796 836/830/830
f 822/814/813 825/824/813 826/829/813
f 826/829/813 812/812/813 822/814/813
f 804/806/806 812/812/812 826/829/829
f 799/800/800 804/806/806 826/829/829
f 758/757/757 756/756/756 764/766/766
f 763/762/762 760/760/760 759/759/759
