# Blender 5.1.2
# www.blender.org
mtllib touchpad.mtl
o touchpad
v 0.000001 -0.309455 0.216000
v -0.224646 -0.309375 0.213694
v -0.242416 -0.309672 0.216166
v -0.258260 -0.310919 0.246497
v -0.253121 -0.309536 0.215441
v -0.224720 -0.307584 0.209383
v -0.224757 -0.308775 0.211367
v -0.252953 -0.307749 0.211135
v -0.253032 -0.308937 0.213114
v -0.277103 -0.309374 0.218351
v -0.296725 -0.310632 0.229921
v -0.296748 -0.309884 0.226930
v -0.277598 -0.310142 0.221703
v -0.296743 -0.308711 0.225077
v -0.276941 -0.308193 0.216383
v -0.276842 -0.306174 0.215281
v -0.296723 -0.306701 0.224045
v -0.252908 -0.305724 0.210021
v -0.252870 -0.302995 0.209413
v -0.296690 -0.304012 0.223496
v -0.312905 -0.304101 0.235855
v -0.276794 -0.303168 0.214662
v -0.312736 -0.307099 0.236316
v -0.325355 -0.307461 0.251599
v -0.325738 -0.304735 0.251314
v -0.324588 -0.309455 0.252191
v -0.312381 -0.309102 0.237168
v -0.311704 -0.310266 0.238704
v -0.321471 -0.311172 0.254514
v -0.310890 -0.310838 0.240512
v -0.323164 -0.310610 0.253272
v -0.332317 -0.311004 0.270234
v -0.329288 -0.311718 0.271001
v -0.334092 -0.309861 0.269685
v -0.341623 -0.310112 0.290555
v -0.339731 -0.311246 0.290681
v -0.345973 -0.311132 0.315708
v -0.356055 -0.309406 0.355202
v -0.352462 -0.311000 0.358321
v -0.343707 -0.311662 0.315581
v -0.347906 -0.310001 0.315709
v -0.355372 -0.310401 0.361416
v -0.362113 -0.309307 0.393922
v -0.367575 -0.307430 0.410277
v -0.358834 -0.310004 0.393923
v -0.364857 -0.303589 0.389643
v -0.349115 -0.308050 0.316392
v -0.349546 -0.306007 0.316383
v -0.349565 -0.304208 0.315932
v -0.342649 -0.308133 0.290503
v -0.343157 -0.305447 0.290503
v -0.335549 -0.304900 0.269272
v -0.335054 -0.307876 0.269397
v -0.343085 -0.301803 0.290563
v -0.325644 -0.301143 0.251301
v -0.335451 -0.301544 0.269317
v -0.325447 -0.300371 0.251477
v -0.335187 -0.300777 0.269378
v -0.342797 -0.301028 0.290534
v -0.349123 -0.300917 0.315690
v -0.354699 -0.300536 0.342381
v -0.360059 -0.299977 0.368145
v -0.365417 -0.299092 0.393469
v -0.370987 -0.297731 0.418837
v -0.376397 -0.295857 0.443658
v -0.381274 -0.293432 0.467338
v -0.385803 -0.290158 0.489717
v -0.384811 -0.292143 0.483564
v -0.390173 -0.285737 0.510631
v -0.394233 -0.280495 0.529831
v -0.397831 -0.274759 0.547063
v -0.400175 -0.268578 0.561769
v -0.400473 -0.261999 0.573388
v -0.399415 -0.254814 0.582330
v -0.397688 -0.246813 0.589004
v -0.395103 -0.237977 0.594294
v -0.391467 -0.228290 0.599085
v -0.386496 -0.218541 0.603272
v -0.379906 -0.209523 0.606749
v -0.370343 -0.201490 0.609861
v -0.356456 -0.194699 0.612954
v -0.340376 -0.190088 0.615754
v -0.324236 -0.188592 0.617988
v -0.306756 -0.188649 0.619956
v -0.286655 -0.188699 0.621956
v -0.261833 -0.188733 0.623792
v -0.230192 -0.188744 0.625267
v -0.192396 -0.188743 0.626546
v -0.149110 -0.188743 0.627793
v -0.101707 -0.188743 0.628874
v -0.051559 -0.188742 0.629660
v -0.000029 -0.188741 0.629978
v 0.051521 -0.188742 0.629660
v -0.041017 -0.188487 0.630695
v -0.104763 -0.188499 0.632314
v 0.079809 -0.188498 0.632893
v 0.105159 -0.188488 0.629816
v 0.040537 -0.188650 0.634923
v 0.067929 -0.189094 0.636541
v 0.000043 -0.189094 0.637017
v -0.118012 -0.188651 0.633689
v -0.067912 -0.189094 0.636541
v -0.077054 -0.189967 0.638261
v 0.000038 -0.189967 0.638864
v -0.163761 -0.189096 0.634463
v -0.169881 -0.189969 0.636138
v -0.255203 -0.188541 0.628453
v -0.252165 -0.189096 0.631442
v -0.256517 -0.189959 0.633055
v -0.230658 -0.191406 0.635091
v -0.262747 -0.191395 0.633620
v -0.288666 -0.191361 0.631742
v -0.287914 -0.189913 0.630823
v -0.294442 -0.189045 0.628377
v -0.308405 -0.189940 0.628811
v -0.299196 -0.188636 0.625854
v -0.324544 -0.188470 0.622074
v -0.325113 -0.189111 0.625011
v -0.341118 -0.191782 0.624669
v -0.325585 -0.190125 0.626855
v -0.340950 -0.190112 0.620117
v -0.341115 -0.190752 0.622779
v -0.357094 -0.195490 0.619988
v -0.370181 -0.202944 0.618952
v -0.356666 -0.196219 0.621972
v -0.370955 -0.202329 0.616249
v -0.357019 -0.194871 0.617003
v -0.370830 -0.201621 0.610869
v -0.380613 -0.210269 0.610647
v -0.380455 -0.211017 0.613714
v -0.379616 -0.211462 0.615799
v -0.387330 -0.219924 0.607450
v -0.387041 -0.220648 0.610102
v -0.386202 -0.221271 0.612148
v -0.377808 -0.211749 0.617182
v -0.384393 -0.221676 0.613515
v -0.389362 -0.232378 0.608945
v -0.391171 -0.231869 0.607639
v -0.392014 -0.231065 0.605675
v -0.394797 -0.242519 0.602301
v -0.395646 -0.241515 0.600477
v -0.395947 -0.240344 0.598026
v -0.392174 -0.229692 0.602896
v -0.398415 -0.249150 0.592345
v -0.398212 -0.251248 0.594550
v -0.398974 -0.261568 0.588464
v -0.397351 -0.252486 0.596169
v -0.400181 -0.258261 0.585145
v -0.399860 -0.260105 0.587093
v -0.400742 -0.267930 0.577303
v -0.399234 -0.276713 0.565774
v -0.400229 -0.274952 0.564903
v -0.399806 -0.269566 0.578411
v -0.400667 -0.272580 0.563675
v -0.401111 -0.265342 0.575791
v -0.398251 -0.278579 0.548660
v -0.397693 -0.281404 0.549615
v -0.396646 -0.283243 0.550320
v -0.394415 -0.284720 0.530445
v -0.393952 -0.287302 0.531918
v -0.392868 -0.289191 0.532496
v -0.394718 -0.284297 0.550724
v -0.390913 -0.290269 0.532827
v -0.386756 -0.295687 0.513013
v -0.388723 -0.294591 0.512751
v -0.389825 -0.292667 0.512291
v -0.384326 -0.299122 0.491339
v -0.385434 -0.297174 0.490987
v -0.388171 -0.293020 0.501489
v -0.382155 -0.297163 0.471035
v -0.380902 -0.300499 0.468257
v -0.374938 -0.304923 0.444468
v -0.379793 -0.302462 0.468512
v -0.375883 -0.301147 0.440971
v -0.376042 -0.302950 0.444292
v -0.368843 -0.305555 0.411232
v -0.363457 -0.300366 0.383092
v -0.376048 -0.299372 0.440840
v -0.376316 -0.296908 0.442077
v -0.391803 -0.285000 0.517240
v -0.398124 -0.275474 0.547339
v -0.400473 -0.269327 0.561967
v -0.400810 -0.262627 0.573800
v -0.399848 -0.255809 0.582390
v -0.398049 -0.247274 0.589566
v -0.395591 -0.238731 0.594723
v -0.391827 -0.228575 0.599744
v -0.386973 -0.218947 0.603919
v -0.380266 -0.209660 0.607456
v -0.356712 -0.194618 0.613711
v -0.340640 -0.189920 0.616553
v -0.324265 -0.188384 0.618784
v -0.293185 -0.188475 0.622186
v -0.251836 -0.188489 0.625195
v -0.164891 -0.188488 0.628196
v -0.349410 -0.301688 0.315717
v -0.367615 -0.307939 0.419475
v -0.372970 -0.306046 0.444568
v -0.364174 -0.308634 0.419513
v -0.369673 -0.306740 0.444624
v -0.377822 -0.303580 0.468656
v -0.375501 -0.304101 0.468724
v -0.341356 -0.311837 0.313310
v -0.346858 -0.311477 0.341362
v -0.302452 -0.311741 0.275878
v -0.336508 -0.311942 0.290259
v -0.312054 -0.311112 0.243965
v -0.309681 -0.311512 0.258128
v -0.252182 -0.311564 0.272679
v -0.308298 -0.301024 0.491546
v -0.340970 -0.296674 0.512867
v -0.328756 -0.291528 0.533105
v -0.300029 -0.286287 0.550978
v -0.330232 -0.279796 0.567090
v -0.356051 -0.285508 0.551247
v -0.259300 -0.280723 0.567404
v -0.265895 -0.274355 0.581608
v -0.235083 -0.286831 0.550894
v -0.301197 -0.273749 0.581175
v -0.334520 -0.265264 0.592357
v -0.361199 -0.272207 0.580308
v -0.265918 -0.266985 0.594328
v -0.301234 -0.266213 0.593433
v -0.300872 -0.257330 0.603791
v -0.300119 -0.247333 0.612319
v -0.332314 -0.246232 0.610068
v -0.265839 -0.258201 0.605210
v -0.265659 -0.248244 0.614208
v -0.333768 -0.256272 0.602098
v -0.362484 -0.255116 0.600299
v -0.360455 -0.245022 0.607609
v -0.380555 -0.244048 0.605605
v -0.383860 -0.263440 0.590478
v -0.392098 -0.253880 0.598056
v -0.389960 -0.243454 0.604537
v -0.394390 -0.262919 0.589985
v -0.395536 -0.253229 0.597227
v -0.397146 -0.262433 0.589345
v -0.397948 -0.270520 0.579097
v -0.394741 -0.271185 0.579493
v -0.394586 -0.278291 0.566612
v -0.397339 -0.277728 0.566287
v -0.391460 -0.284972 0.550890
v -0.387625 -0.291051 0.532632
v -0.383442 -0.278649 0.566715
v -0.379144 -0.300921 0.491518
v -0.383462 -0.296359 0.513102
v -0.382356 -0.300231 0.491539
v -0.392985 -0.243135 0.603505
v -0.379963 -0.222600 0.614749
v -0.385838 -0.232880 0.610111
v -0.382160 -0.221950 0.614361
v -0.375578 -0.212034 0.618020
v -0.373345 -0.212523 0.618488
v -0.364697 -0.205024 0.621359
v -0.366563 -0.203922 0.621037
v -0.353866 -0.199271 0.623846
v -0.340494 -0.195513 0.626041
v -0.326159 -0.191850 0.627774
v -0.326869 -0.194055 0.628024
v -0.340854 -0.193480 0.625674
v -0.355617 -0.197297 0.623144
v -0.330021 -0.196447 0.627576
v -0.311014 -0.194120 0.629950
v -0.322411 -0.212734 0.625485
v -0.314737 -0.200712 0.628916
v -0.335877 -0.202092 0.626075
v -0.348533 -0.213847 0.621794
v -0.327332 -0.224545 0.621343
v -0.353560 -0.223474 0.618304
v -0.357507 -0.234170 0.613593
v -0.330154 -0.235356 0.616463
v -0.298981 -0.236450 0.619091
v -0.297513 -0.225564 0.624152
v -0.265378 -0.237359 0.621278
v -0.265010 -0.226414 0.626473
v -0.230732 -0.237988 0.622822
v -0.230732 -0.226980 0.628046
v -0.230730 -0.216748 0.631381
v -0.264568 -0.216278 0.629848
v -0.295764 -0.215554 0.627551
v -0.264145 -0.208093 0.631845
v -0.292964 -0.202695 0.630799
v -0.263540 -0.201605 0.633166
v -0.162154 -0.208409 0.635485
v -0.230161 -0.204300 0.634218
v -0.149421 -0.203471 0.636842
v -0.162385 -0.217646 0.633240
v -0.178338 -0.227403 0.629587
v -0.149414 -0.238758 0.624756
v -0.192818 -0.238425 0.623917
v -0.101899 -0.227973 0.630845
v -0.051635 -0.228154 0.631342
v -0.070757 -0.239227 0.625605
v -0.051638 -0.217823 0.635132
v -0.101903 -0.217647 0.634536
v -0.101906 -0.209145 0.636794
v -0.101907 -0.203593 0.637975
v -0.051641 -0.203667 0.638696
v -0.051640 -0.209285 0.637473
v 0.000000 -0.209336 0.637712
v 0.051641 -0.203667 0.638696
v 0.051640 -0.209285 0.637473
v 0.000000 -0.203692 0.638954
v 0.051638 -0.217823 0.635132
v 0.000000 -0.217891 0.635349
v -0.000000 -0.228225 0.631529
v 0.000000 -0.239206 0.625917
v 0.051635 -0.228154 0.631342
v 0.101899 -0.227973 0.630845
v 0.101903 -0.217647 0.634536
v 0.149414 -0.238758 0.624756
v 0.178341 -0.227402 0.629587
v 0.162387 -0.217647 0.633240
v 0.070758 -0.239227 0.625605
v 0.126648 -0.249943 0.617416
v 0.137209 -0.259479 0.607565
v 0.036947 -0.259802 0.607911
v 0.192812 -0.249331 0.616557
v 0.192800 -0.259197 0.606851
v 0.192818 -0.238425 0.623917
v 0.230732 -0.237988 0.622822
v 0.230727 -0.248886 0.615579
v 0.230716 -0.258792 0.606188
v 0.265659 -0.248244 0.614208
v 0.213323 -0.267893 0.594715
v 0.265839 -0.258201 0.605210
v 0.265918 -0.266985 0.594328
v 0.265895 -0.274355 0.581608
v 0.259300 -0.280723 0.567404
v 0.225927 -0.274763 0.581988
v 0.176180 -0.287192 0.550428
v 0.185724 -0.281258 0.567379
v 0.119199 -0.275348 0.582227
v 0.235083 -0.286831 0.550894
v 0.253221 -0.291897 0.533383
v 0.341076 -0.296673 0.512866
v 0.308003 -0.301024 0.491550
v 0.205590 -0.296849 0.513790
v 0.373344 -0.304288 0.468610
v 0.352314 -0.310905 0.368245
v -0.304404 -0.311430 0.340097
v -0.352281 -0.310909 0.368148
v -0.167816 -0.301034 0.491857
v -0.373350 -0.304293 0.468559
v -0.205588 -0.296849 0.513790
v -0.190382 -0.292183 0.533013
v 0.083058 -0.292049 0.533078
v 0.163638 -0.301038 0.491792
v -0.000001 -0.296844 0.513114
v -0.000005 -0.286924 0.551137
v 0.091165 -0.281460 0.567359
v 0.120442 -0.268343 0.595408
v 0.029134 -0.268436 0.595669
v -0.075702 -0.259877 0.607661
v -0.085022 -0.249819 0.617983
v 0.020483 -0.250024 0.618157
v -0.090581 -0.268309 0.595685
v -0.149358 -0.275261 0.582067
v -0.072350 -0.275494 0.582093
v -0.170761 -0.259580 0.606918
v -0.184757 -0.267821 0.595392
v -0.192812 -0.249331 0.616557
v -0.149406 -0.249652 0.617264
v -0.230727 -0.248886 0.615579
v -0.230716 -0.258792 0.606188
v -0.230700 -0.267489 0.594870
v -0.225925 -0.274763 0.581988
v -0.185728 -0.281258 0.567379
v -0.176185 -0.287192 0.550427
v -0.098016 -0.281461 0.567322
v 0.189097 -0.292200 0.533092
v -0.253273 -0.291897 0.533383
v -0.271258 -0.311699 0.306579
v -0.000016 -0.311512 0.273033
v -0.023917 -0.310713 0.244785
v 0.278744 -0.311713 0.306161
v 0.252182 -0.311564 0.272680
v 0.303578 -0.311428 0.340134
v 0.302455 -0.311741 0.275878
v 0.336508 -0.311942 0.290259
v 0.346858 -0.311477 0.341361
v 0.341356 -0.311837 0.313311
v 0.358819 -0.310007 0.393922
v 0.352462 -0.311000 0.358320
v 0.364152 -0.308638 0.419511
v 0.369691 -0.306737 0.444621
v 0.375501 -0.304101 0.468724
v 0.379144 -0.300921 0.491518
v 0.386756 -0.295687 0.513013
v 0.382356 -0.300231 0.491539
v 0.383462 -0.296359 0.513102
v 0.377822 -0.303580 0.468656
v 0.387625 -0.291051 0.532632
v 0.394718 -0.284297 0.550724
v 0.390913 -0.290269 0.532827
v 0.391460 -0.284972 0.550890
v 0.394586 -0.278291 0.566612
v 0.383443 -0.278648 0.566715
v 0.383860 -0.263440 0.590478
v 0.394741 -0.271186 0.579492
v 0.394390 -0.262919 0.589985
v 0.392098 -0.253880 0.598056
v 0.380555 -0.244048 0.605605
v 0.389960 -0.243454 0.604537
v 0.389362 -0.232378 0.608945
v 0.392985 -0.243135 0.603505
v 0.385838 -0.232880 0.610111
v 0.395536 -0.253229 0.597227
v 0.379962 -0.222600 0.614749
v 0.382160 -0.221950 0.614361
v 0.377808 -0.211749 0.617182
v 0.384393 -0.221676 0.613515
v 0.375578 -0.212034 0.618020
v 0.364697 -0.205024 0.621359
v 0.366563 -0.203922 0.621037
v 0.373345 -0.212523 0.618488
v 0.353866 -0.199271 0.623846
v 0.340494 -0.195513 0.626041
v 0.330022 -0.196447 0.627576
v 0.314737 -0.200712 0.628916
v 0.326869 -0.194055 0.628024
v 0.311014 -0.194120 0.629950
v 0.290678 -0.196251 0.631815
v 0.292963 -0.202695 0.630799
v 0.289599 -0.193455 0.631989
v 0.263083 -0.193967 0.633954
v 0.230658 -0.191406 0.635091
v 0.262747 -0.191395 0.633620
v 0.230689 -0.193492 0.635386
v 0.288666 -0.191361 0.631742
v 0.166621 -0.193479 0.637460
v 0.230874 -0.196841 0.635240
v 0.159022 -0.196942 0.637508
v 0.230161 -0.204299 0.634218
v 0.149421 -0.203471 0.636842
v 0.101904 -0.193499 0.639036
v 0.101858 -0.197215 0.638866
v 0.101907 -0.203593 0.637975
v 0.051775 -0.196804 0.639654
v 0.051646 -0.193496 0.639803
v 0.000005 -0.193493 0.640099
v -0.000000 -0.197105 0.639908
v -0.051639 -0.193496 0.639803
v -0.101853 -0.197199 0.638867
v -0.051776 -0.196804 0.639654
v -0.101902 -0.193499 0.639036
v -0.051624 -0.191406 0.639506
v -0.101889 -0.191407 0.638732
v -0.161946 -0.191403 0.637304
v -0.159008 -0.196943 0.637508
v -0.166622 -0.193479 0.637460
v -0.230877 -0.196840 0.635240
v -0.263082 -0.193967 0.633954
v -0.230689 -0.193492 0.635386
v -0.290678 -0.196251 0.631815
v -0.289599 -0.193455 0.631989
v 0.000022 -0.191405 0.639810
v 0.051652 -0.191406 0.639506
v 0.077051 -0.189967 0.638261
v 0.101896 -0.191407 0.638732
v 0.161950 -0.191403 0.637304
v 0.169891 -0.189969 0.636137
v 0.256517 -0.189959 0.633055
v 0.163769 -0.189096 0.634463
v 0.252166 -0.189096 0.631442
v 0.239512 -0.188650 0.630057
v 0.294033 -0.188518 0.625662
v 0.251836 -0.188489 0.625195
v 0.261833 -0.188733 0.623792
v 0.192396 -0.188743 0.626546
v 0.230192 -0.188744 0.625267
v 0.306756 -0.188649 0.619956
v 0.286655 -0.188699 0.621956
v 0.293185 -0.188475 0.622186
v 0.324544 -0.188470 0.622074
v 0.324265 -0.188384 0.618784
v 0.340376 -0.190088 0.615754
v 0.324236 -0.188592 0.617988
v 0.340640 -0.189920 0.616553
v 0.340950 -0.190112 0.620117
v 0.357019 -0.194871 0.617003
v 0.356712 -0.194618 0.613711
v 0.370343 -0.201490 0.609861
v 0.370830 -0.201621 0.610869
v 0.356456 -0.194699 0.612954
v 0.386973 -0.218947 0.603919
v 0.380266 -0.209660 0.607456
v 0.386496 -0.218541 0.603272
v 0.379906 -0.209523 0.606749
v 0.391827 -0.228575 0.599744
v 0.395103 -0.237977 0.594294
v 0.391467 -0.228290 0.599085
v 0.395591 -0.238731 0.594723
v 0.392174 -0.229692 0.602896
v 0.395948 -0.240344 0.598026
v 0.398415 -0.249150 0.592345
v 0.398049 -0.247274 0.589565
v 0.399415 -0.254814 0.582330
v 0.397688 -0.246813 0.589004
v 0.399848 -0.255809 0.582390
v 0.400181 -0.258261 0.585145
v 0.401111 -0.265342 0.575791
v 0.400810 -0.262627 0.573800
v 0.400175 -0.268578 0.561769
v 0.400473 -0.269327 0.561967
v 0.400473 -0.261999 0.573388
v 0.391803 -0.285000 0.517239
v 0.398124 -0.275474 0.547339
v 0.394233 -0.280495 0.529831
v 0.397831 -0.274759 0.547063
v 0.385803 -0.290158 0.489717
v 0.390173 -0.285737 0.510631
v 0.384812 -0.292143 0.483566
v 0.382151 -0.297165 0.471014
v 0.376397 -0.295857 0.443658
v 0.381274 -0.293432 0.467338
v 0.376316 -0.296908 0.442076
v 0.376048 -0.299372 0.440840
v 0.365417 -0.299092 0.393469
v 0.363457 -0.300366 0.383092
v 0.370987 -0.297731 0.418837
v 0.360059 -0.299977 0.368145
v 0.354699 -0.300536 0.342381
v 0.349123 -0.300917 0.315690
v 0.342797 -0.301028 0.290534
v 0.335187 -0.300776 0.269378
v 0.325447 -0.300371 0.251477
v 0.312728 -0.300022 0.236088
v 0.296634 -0.299634 0.223726
v 0.276770 -0.299112 0.214907
v 0.252887 -0.298664 0.209617
v 0.224598 -0.298497 0.207840
v 0.082245 -0.298344 0.207827
v 0.224647 -0.301707 0.207575
v -0.224683 -0.301589 0.207572
v 0.224308 -0.299142 0.207571
v -0.224983 -0.303237 0.207745
v 0.224676 -0.303375 0.207748
v -0.000003 -0.305341 0.208257
v -0.224713 -0.305556 0.208264
v -0.252858 -0.299427 0.209354
v -0.276752 -0.299877 0.214643
v -0.252887 -0.298664 0.209617
v -0.276770 -0.299112 0.214907
v -0.296619 -0.300402 0.223459
v -0.296634 -0.299634 0.223726
v -0.312728 -0.300022 0.236088
v -0.312834 -0.300788 0.235872
v -0.224598 -0.298497 0.207840
v -0.082245 -0.298344 0.207827
v 0.000000 -0.298314 0.207828
v -0.224630 -0.299259 0.207578
v 0.000002 -0.309188 0.213707
v 0.000001 -0.308569 0.211370
v 0.224645 -0.309375 0.213694
v 0.224758 -0.308775 0.211367
v 0.224720 -0.307584 0.209383
v 0.000001 -0.307376 0.209380
v 0.224713 -0.305556 0.208264
v 0.252953 -0.307749 0.211135
v 0.252870 -0.302995 0.209413
v 0.252908 -0.305724 0.210021
v 0.276842 -0.306174 0.215281
v 0.276941 -0.308193 0.216383
v 0.296723 -0.306701 0.224045
v 0.296743 -0.308711 0.225077
v 0.311704 -0.310266 0.238704
v 0.312381 -0.309102 0.237168
v 0.296748 -0.309884 0.226930
v 0.277103 -0.309374 0.218351
v 0.312736 -0.307100 0.236316
v 0.324588 -0.309455 0.252191
v 0.325355 -0.307461 0.251599
v 0.312905 -0.304100 0.235855
v 0.296619 -0.300402 0.223459
v 0.312834 -0.300788 0.235872
v 0.296690 -0.304012 0.223496
v 0.325643 -0.301143 0.251301
v 0.325738 -0.304735 0.251314
v 0.335549 -0.304900 0.269272
v 0.343157 -0.305446 0.290503
v 0.335450 -0.301545 0.269317
v 0.343085 -0.301803 0.290565
v 0.349410 -0.301688 0.315717
v 0.349565 -0.304207 0.315932
v 0.349546 -0.306007 0.316383
v 0.349115 -0.308050 0.316391
v 0.342649 -0.308133 0.290503
v 0.341623 -0.310112 0.290555
v 0.347906 -0.310001 0.315709
v 0.345973 -0.311132 0.315708
v 0.339731 -0.311246 0.290681
v 0.343707 -0.311662 0.315581
v 0.332317 -0.311004 0.270234
v 0.334092 -0.309861 0.269685
v 0.323164 -0.310610 0.253272
v 0.321471 -0.311172 0.254514
v 0.329288 -0.311718 0.271001
v 0.312054 -0.311112 0.243965
v 0.296725 -0.310632 0.229921
v 0.310890 -0.310838 0.240512
v 0.253121 -0.309536 0.215441
v 0.277597 -0.310142 0.221703
v 0.242416 -0.309672 0.216166
v 0.309681 -0.311512 0.258128
v 0.255321 -0.310874 0.245526
v 0.253032 -0.308937 0.213114
v 0.335054 -0.307876 0.269397
v 0.355372 -0.310401 0.361417
v 0.362113 -0.309307 0.393922
v 0.356055 -0.309406 0.355202
v 0.367615 -0.307939 0.419475
v 0.367575 -0.307430 0.410276
v 0.368843 -0.305555 0.411231
v 0.364857 -0.303589 0.389643
v 0.375883 -0.301147 0.440971
v 0.380902 -0.300499 0.468257
v 0.376042 -0.302950 0.444292
v 0.374938 -0.304923 0.444468
v 0.379793 -0.302462 0.468512
v 0.372970 -0.306046 0.444568
v 0.384326 -0.299122 0.491339
v 0.388723 -0.294591 0.512751
v 0.389825 -0.292667 0.512291
v 0.385434 -0.297174 0.490987
v 0.388173 -0.293018 0.501498
v 0.398252 -0.278579 0.548660
v 0.394414 -0.284720 0.530439
v 0.397693 -0.281404 0.549615
v 0.393952 -0.287302 0.531918
v 0.392868 -0.289191 0.532496
v 0.396646 -0.283243 0.550320
v 0.399234 -0.276713 0.565774
v 0.397948 -0.270520 0.579097
v 0.399806 -0.269566 0.578411
v 0.397339 -0.277728 0.566287
v 0.400742 -0.267930 0.577303
v 0.400229 -0.274952 0.564903
v 0.400667 -0.272580 0.563675
v 0.398212 -0.251248 0.594550
v 0.399860 -0.260105 0.587093
v 0.398974 -0.261568 0.588464
v 0.397351 -0.252486 0.596169
v 0.397146 -0.262433 0.589345
v 0.394797 -0.242519 0.602301
v 0.391171 -0.231869 0.607639
v 0.392014 -0.231065 0.605675
v 0.395646 -0.241515 0.600477
v 0.380613 -0.210269 0.610647
v 0.387330 -0.219924 0.607449
v 0.380455 -0.211017 0.613714
v 0.387041 -0.220648 0.610102
v 0.386202 -0.221271 0.612148
v 0.379616 -0.211462 0.615799
v 0.370181 -0.202944 0.618952
v 0.355617 -0.197297 0.623144
v 0.356666 -0.196219 0.621972
v 0.368563 -0.203366 0.620281
v 0.357094 -0.195490 0.619988
v 0.370955 -0.202329 0.616249
v 0.325113 -0.189111 0.625011
v 0.341115 -0.190752 0.622779
v 0.341118 -0.191782 0.624669
v 0.325585 -0.190125 0.626855
v 0.340854 -0.193480 0.625674
v 0.326159 -0.191850 0.627774
v 0.308405 -0.189940 0.628811
v 0.309456 -0.191459 0.629709
v 0.287914 -0.189913 0.630823
v 0.294443 -0.189045 0.628377
v 0.276794 -0.303168 0.214662
v 0.276752 -0.299877 0.214643
v 0.252858 -0.299427 0.209354
v 0.149110 -0.188743 0.627793
v 0.101697 -0.188743 0.628874
v 0.101906 -0.209145 0.636794
v 0.162157 -0.208409 0.635484
v 0.230730 -0.216748 0.631381
v 0.230732 -0.226980 0.628046
v 0.264568 -0.216278 0.629848
v 0.264145 -0.208093 0.631845
v 0.265010 -0.226414 0.626473
v 0.265378 -0.237359 0.621278
v 0.298981 -0.236450 0.619091
v 0.297513 -0.225564 0.624152
v 0.295764 -0.215554 0.627551
v 0.322411 -0.212734 0.625485
v 0.327332 -0.224545 0.621343
v 0.348533 -0.213847 0.621794
v 0.335877 -0.202092 0.626075
v 0.353560 -0.223474 0.618304
v 0.357507 -0.234170 0.613593
v 0.332314 -0.246232 0.610068
v 0.360455 -0.245022 0.607609
v 0.330154 -0.235356 0.616463
v 0.362484 -0.255116 0.600299
v 0.333768 -0.256272 0.602098
v 0.334520 -0.265264 0.592357
v 0.330232 -0.279796 0.567090
v 0.361198 -0.272207 0.580309
v 0.301197 -0.273749 0.581175
v 0.301234 -0.266213 0.593433
v 0.300029 -0.286287 0.550978
v 0.356051 -0.285508 0.551247
v 0.328764 -0.291528 0.533104
v 0.300872 -0.257330 0.603791
v 0.300119 -0.247333 0.612319
v 0.263541 -0.201605 0.633165
v -0.309456 -0.191459 0.629709
v -0.368563 -0.203366 0.620281
v 0.364655 -0.298863 0.393455
v 0.359309 -0.299758 0.368067
v 0.370254 -0.297512 0.418817
v 0.365417 -0.299092 0.393469
v 0.353883 -0.300299 0.342199
v 0.360059 -0.299977 0.368145
v 0.354699 -0.300536 0.342381
v 0.349123 -0.300917 0.315690
v 0.342797 -0.301028 0.290534
v 0.335187 -0.300776 0.269378
v 0.325447 -0.300371 0.251477
v 0.312728 -0.300022 0.236088
v 0.296634 -0.299634 0.223726
v 0.276770 -0.299112 0.214907
v 0.252887 -0.298664 0.209617
v 0.252893 -0.298445 0.210388
v 0.276869 -0.298899 0.215668
v 0.224790 -0.298278 0.208619
v -0.000012 -0.298067 0.208588
v 0.224619 -0.298497 0.207837
v -0.000001 -0.298292 0.207827
v -0.224619 -0.298497 0.207837
v -0.224682 -0.298279 0.208616
v -0.252887 -0.298664 0.209617
v -0.252893 -0.298445 0.210388
v -0.276869 -0.298899 0.215668
v -0.296634 -0.299634 0.223726
v -0.276770 -0.299112 0.214907
v -0.312750 -0.299841 0.236849
v -0.324879 -0.300141 0.251895
v -0.312728 -0.300022 0.236088
v -0.325447 -0.300371 0.251477
v -0.335187 -0.300777 0.269378
v -0.342797 -0.301028 0.290534
v -0.349123 -0.300917 0.315690
v -0.354699 -0.300536 0.342381
v -0.360059 -0.299977 0.368145
v -0.365417 -0.299092 0.393469
v -0.370987 -0.297731 0.418837
v -0.376397 -0.295857 0.443658
v -0.381274 -0.293432 0.467338
v -0.385803 -0.290158 0.489717
v -0.390173 -0.285737 0.510631
v -0.394233 -0.280495 0.529831
v -0.397831 -0.274759 0.547063
v -0.400175 -0.268578 0.561769
v -0.400473 -0.261999 0.573388
v -0.399415 -0.254814 0.582330
v -0.397688 -0.246813 0.589004
v -0.395103 -0.237977 0.594294
v -0.391467 -0.228290 0.599085
v -0.386496 -0.218541 0.603272
v -0.379906 -0.209523 0.606749
v -0.370343 -0.201490 0.609861
v -0.356456 -0.194699 0.612954
v -0.340376 -0.190088 0.615754
v -0.324236 -0.188592 0.617988
v -0.306756 -0.188649 0.619956
v -0.286655 -0.188699 0.621956
v -0.261833 -0.188733 0.623792
v -0.230192 -0.188744 0.625267
v -0.192396 -0.188743 0.626546
v -0.149110 -0.188743 0.627793
v -0.101707 -0.188743 0.628874
v -0.051559 -0.188742 0.629660
v -0.000029 -0.188741 0.629978
v 0.051521 -0.188742 0.629660
v -0.000000 -0.189525 0.629637
v 0.052436 -0.196803 0.628609
v 0.051535 -0.189514 0.629327
v 0.000037 -0.200071 0.628499
v -0.052392 -0.196846 0.628604
v -0.051535 -0.189514 0.629327
v -0.101818 -0.189506 0.628547
v -0.146050 -0.199805 0.626480
v -0.166148 -0.189521 0.627019
v -0.230183 -0.189518 0.624936
v -0.227793 -0.197249 0.624289
v -0.263878 -0.202829 0.621818
v -0.161716 -0.206066 0.624820
v -0.229632 -0.202273 0.623486
v -0.262772 -0.197305 0.622710
v -0.291928 -0.201701 0.619896
v -0.317632 -0.201512 0.617276
v -0.312720 -0.197101 0.618479
v -0.362290 -0.203466 0.610719
v -0.336256 -0.200288 0.615144
v -0.351103 -0.198731 0.613132
v -0.325958 -0.196385 0.616963
v -0.307478 -0.189256 0.619584
v -0.324363 -0.189251 0.617663
v -0.340449 -0.190802 0.615411
v -0.355951 -0.195113 0.612730
v -0.369595 -0.201621 0.609712
v -0.372347 -0.210187 0.607765
v -0.379109 -0.209543 0.606628
v -0.385703 -0.218509 0.603169
v -0.384061 -0.228439 0.600220
v -0.390668 -0.228227 0.598990
v -0.394398 -0.238188 0.594041
v -0.396883 -0.246697 0.588898
v -0.391215 -0.246952 0.589624
v -0.389264 -0.238136 0.595033
v -0.379772 -0.238524 0.596217
v -0.361578 -0.248104 0.592049
v -0.359327 -0.239290 0.598437
v -0.356213 -0.229626 0.603778
v -0.352162 -0.219963 0.608069
v -0.329077 -0.230553 0.606749
v -0.326158 -0.220841 0.611150
v -0.377764 -0.219270 0.604483
v -0.331380 -0.240201 0.601068
v -0.333017 -0.248980 0.594082
v -0.300280 -0.249772 0.596003
v -0.299382 -0.241021 0.603484
v -0.298132 -0.231413 0.609470
v -0.265110 -0.241694 0.605515
v -0.264746 -0.232127 0.611734
v -0.264323 -0.222413 0.616333
v -0.296586 -0.221693 0.613990
v -0.294801 -0.212606 0.617072
v -0.263858 -0.213248 0.619365
v -0.322675 -0.211867 0.614293
v -0.347099 -0.211154 0.611304
v -0.230226 -0.213671 0.620898
v -0.177798 -0.223233 0.619496
v -0.230246 -0.222893 0.617923
v -0.162079 -0.214486 0.622778
v -0.101724 -0.214405 0.624098
v -0.101712 -0.206710 0.626144
v -0.101739 -0.223668 0.620806
v -0.149212 -0.233195 0.615361
v -0.071074 -0.233539 0.616267
v -0.126983 -0.242938 0.608999
v -0.192553 -0.242480 0.608048
v -0.192517 -0.232953 0.614477
v -0.230285 -0.232619 0.613335
v -0.230339 -0.242162 0.606992
v -0.230406 -0.250834 0.598754
v -0.183974 -0.258742 0.589334
v -0.265399 -0.250412 0.597623
v -0.170995 -0.251418 0.599670
v -0.230472 -0.258522 0.588656
v -0.265591 -0.258156 0.587939
v -0.300792 -0.257570 0.586817
v -0.300887 -0.264320 0.575717
v -0.246682 -0.265169 0.576254
v -0.258583 -0.270679 0.563149
v -0.184959 -0.271129 0.563297
v -0.163903 -0.265541 0.576925
v -0.091856 -0.271282 0.563373
v -0.073734 -0.265677 0.577264
v -0.090391 -0.259122 0.589761
v -0.076336 -0.251611 0.600506
v 0.030307 -0.259213 0.589787
v 0.081344 -0.265686 0.577208
v 0.098125 -0.271288 0.563327
v -0.148779 -0.276639 0.547494
v -0.190488 -0.281633 0.530145
v -0.219410 -0.276475 0.547716
v -0.252871 -0.281373 0.530431
v -0.299900 -0.275987 0.547338
v -0.205020 -0.286186 0.511371
v -0.168380 -0.290285 0.489872
v -0.308156 -0.290287 0.489506
v -0.342340 -0.286052 0.510263
v -0.328593 -0.281045 0.530023
v -0.355401 -0.275278 0.547444
v -0.329491 -0.269898 0.562545
v -0.360296 -0.263053 0.574459
v -0.333961 -0.256836 0.585486
v -0.382910 -0.255359 0.583187
v -0.398605 -0.254795 0.582102
v -0.394294 -0.262086 0.573455
v -0.382690 -0.268868 0.561906
v -0.397075 -0.274636 0.546798
v -0.399369 -0.268435 0.561555
v -0.399672 -0.261826 0.573270
v -0.389457 -0.285577 0.510437
v -0.393458 -0.280295 0.529709
v -0.380494 -0.293198 0.467296
v -0.370549 -0.293464 0.467048
v -0.385042 -0.289943 0.489633
v -0.369425 -0.290188 0.489588
v -0.376423 -0.280579 0.529962
v -0.359072 -0.295860 0.443594
v -0.375631 -0.295634 0.443591
v -0.370254 -0.297512 0.418817
v -0.353532 -0.297727 0.418793
v -0.348963 -0.299086 0.393420
v -0.343572 -0.299973 0.367914
v -0.364653 -0.298864 0.393455
v -0.359309 -0.299758 0.368068
v -0.345394 -0.300510 0.339904
v -0.353883 -0.300299 0.342199
v -0.348345 -0.300677 0.315604
v -0.342075 -0.300790 0.290573
v -0.334479 -0.300542 0.269522
v -0.327813 -0.300750 0.270351
v -0.333539 -0.300971 0.288509
v -0.339894 -0.300879 0.311614
v -0.302463 -0.300806 0.276009
v -0.310540 -0.300592 0.258751
v -0.254952 -0.299939 0.245745
v -0.296956 -0.299447 0.224592
v -0.252157 -0.300629 0.272841
v -0.242886 -0.298728 0.216937
v 0.000003 -0.300576 0.273219
v 0.026114 -0.299781 0.245091
v 0.241848 -0.298715 0.216765
v 0.252160 -0.300629 0.272841
v 0.278959 -0.300777 0.306176
v 0.257973 -0.299984 0.246672
v 0.302381 -0.300805 0.276018
v 0.310539 -0.300592 0.258751
v 0.345519 -0.300506 0.339988
v 0.339894 -0.300879 0.311613
v 0.359066 -0.295861 0.443575
v 0.224808 -0.290258 0.490035
v 0.000004 -0.286161 0.510775
v 0.205022 -0.286186 0.511371
v 0.189141 -0.281655 0.530206
v 0.082793 -0.281490 0.530243
v 0.184961 -0.271128 0.563297
v 0.147969 -0.276619 0.547545
v 0.219527 -0.276476 0.547714
v 0.163903 -0.265541 0.576925
v 0.120590 -0.259162 0.589478
v 0.136586 -0.251302 0.600337
v 0.037077 -0.251529 0.600760
v 0.084825 -0.242784 0.609587
v -0.020856 -0.242934 0.609793
v 0.000043 -0.223833 0.621519
v 0.101753 -0.223668 0.620806
v 0.051588 -0.223789 0.621323
v 0.000043 -0.233486 0.616594
v 0.071087 -0.233539 0.616268
v 0.149212 -0.233195 0.615361
v 0.192553 -0.242480 0.608048
v 0.192517 -0.232953 0.614477
v 0.177807 -0.223233 0.619496
v 0.149238 -0.242703 0.608817
v 0.161735 -0.206066 0.624820
v 0.101726 -0.206710 0.626144
v 0.101738 -0.214405 0.624098
v 0.162090 -0.214486 0.622778
v 0.230226 -0.213671 0.620898
v 0.263876 -0.202846 0.621815
v 0.263858 -0.213248 0.619365
v 0.264323 -0.222413 0.616333
v 0.229632 -0.202274 0.623486
v 0.230246 -0.222893 0.617923
v 0.230285 -0.232619 0.613335
v 0.265110 -0.241694 0.605515
v 0.230339 -0.242162 0.606992
v 0.264746 -0.232127 0.611734
v 0.298132 -0.231413 0.609470
v 0.331380 -0.240201 0.601068
v 0.329077 -0.230553 0.606749
v 0.299382 -0.241021 0.603484
v 0.326158 -0.220841 0.611150
v 0.296586 -0.221693 0.613990
v 0.294801 -0.212606 0.617072
v 0.322675 -0.211867 0.614293
v 0.291927 -0.201702 0.619896
v 0.317630 -0.201513 0.617276
v 0.347099 -0.211154 0.611304
v 0.262771 -0.197292 0.622712
v 0.290292 -0.196788 0.620736
v 0.227801 -0.197244 0.624290
v 0.000043 -0.206843 0.627069
v 0.052216 -0.203330 0.627654
v -0.052159 -0.203330 0.627654
v -0.101687 -0.199946 0.627509
v -0.051521 -0.214527 0.624707
v 0.000043 -0.214571 0.624929
v -0.051530 -0.223789 0.621323
v 0.051578 -0.214527 0.624707
v 0.146044 -0.199804 0.626480
v 0.101854 -0.189506 0.628546
v 0.166152 -0.189521 0.627019
v 0.101717 -0.199946 0.627508
v 0.230182 -0.189518 0.624936
v 0.261833 -0.188733 0.623792
v 0.192396 -0.188743 0.626546
v 0.261700 -0.189480 0.623478
v 0.230192 -0.188744 0.625267
v 0.286885 -0.189372 0.621624
v 0.306756 -0.188649 0.619956
v 0.286655 -0.188699 0.621956
v 0.307474 -0.189256 0.619584
v 0.325958 -0.196385 0.616963
v 0.324363 -0.189251 0.617663
v 0.312718 -0.197101 0.618480
v 0.340376 -0.190088 0.615754
v 0.340450 -0.190802 0.615410
v 0.324236 -0.188592 0.617988
v 0.351102 -0.198731 0.613132
v 0.355951 -0.195113 0.612730
v 0.336256 -0.200288 0.615144
v 0.370343 -0.201490 0.609861
v 0.369595 -0.201621 0.609712
v 0.356456 -0.194699 0.612954
v 0.372346 -0.210187 0.607765
v 0.379109 -0.209543 0.606628
v 0.386496 -0.218541 0.603272
v 0.379906 -0.209523 0.606749
v 0.385703 -0.218509 0.603169
v 0.384061 -0.228439 0.600220
v 0.390668 -0.228227 0.598990
v 0.377764 -0.219269 0.604483
v 0.395103 -0.237977 0.594294
v 0.394398 -0.238189 0.594041
v 0.391467 -0.228290 0.599085
v 0.391215 -0.246952 0.589624
v 0.396882 -0.246697 0.588898
v 0.389264 -0.238136 0.595033
v 0.399415 -0.254814 0.582330
v 0.398605 -0.254794 0.582102
v 0.397688 -0.246813 0.589004
v 0.394293 -0.262085 0.573455
v 0.399672 -0.261826 0.573270
v 0.400175 -0.268578 0.561769
v 0.399369 -0.268435 0.561555
v 0.400473 -0.261999 0.573388
v 0.397075 -0.274636 0.546798
v 0.394233 -0.280495 0.529831
v 0.397831 -0.274759 0.547063
v 0.393458 -0.280295 0.529709
v 0.389457 -0.285577 0.510437
v 0.385803 -0.290158 0.489717
v 0.385042 -0.289943 0.489633
v 0.390173 -0.285737 0.510631
v 0.370488 -0.293457 0.467116
v 0.380494 -0.293198 0.467296
v 0.376397 -0.295857 0.443658
v 0.375631 -0.295634 0.443591
v 0.381274 -0.293432 0.467338
v 0.353335 -0.297729 0.418783
v 0.366232 -0.290274 0.489203
v 0.252923 -0.281373 0.530430
v 0.258580 -0.270679 0.563149
v 0.265591 -0.258156 0.587939
v 0.214145 -0.258847 0.588584
v 0.246683 -0.265169 0.576254
v 0.300887 -0.264320 0.575717
v 0.300792 -0.257570 0.586817
v 0.329498 -0.269899 0.562545
v 0.360296 -0.263053 0.574459
v 0.333961 -0.256836 0.585486
v 0.361578 -0.248104 0.592049
v 0.333017 -0.248980 0.594082
v 0.300280 -0.249772 0.596003
v 0.265399 -0.250412 0.597623
v 0.230406 -0.250834 0.598754
v 0.192596 -0.251116 0.599529
v 0.359327 -0.239290 0.598437
v 0.379772 -0.238524 0.596217
v 0.382911 -0.255359 0.583187
v 0.382690 -0.268868 0.561905
v 0.376424 -0.280579 0.529962
v 0.328595 -0.281045 0.530022
v 0.355345 -0.275278 0.547448
v 0.299900 -0.275986 0.547338
v 0.342338 -0.286052 0.510263
v 0.356213 -0.229626 0.603778
v 0.352162 -0.219963 0.608069
v 0.362288 -0.203466 0.610719
v 0.349060 -0.299085 0.393417
v 0.343564 -0.299974 0.367902
v 0.370987 -0.297731 0.418837
v 0.149110 -0.188743 0.627793
v 0.101697 -0.188743 0.628874
v 0.348345 -0.300677 0.315606
v 0.342075 -0.300790 0.290573
v 0.333539 -0.300971 0.288509
v 0.327813 -0.300750 0.270351
v 0.334479 -0.300542 0.269522
v 0.324878 -0.300141 0.251895
v 0.312750 -0.299841 0.236850
v 0.296956 -0.299447 0.224592
v 0.011424 -0.298516 0.216528
v -0.271192 -0.300763 0.306608
v -0.290298 -0.196792 0.620735
v -0.286884 -0.189372 0.621624
v -0.261698 -0.189478 0.623479
v 0.101787 -0.185515 0.617539
v 0.051589 -0.181818 0.620381
v 0.101797 -0.181819 0.619594
v 0.051585 -0.185514 0.618326
v 0.126618 -0.189246 0.614121
v 0.051577 -0.189244 0.615400
v 0.075593 -0.192827 0.610833
v 0.000000 -0.189244 0.615720
v -0.000000 -0.185513 0.618646
v 0.000000 -0.192826 0.611430
v 0.000000 -0.196078 0.605282
v -0.119543 -0.198385 0.596636
v -0.067340 -0.196079 0.604805
v -0.075591 -0.192827 0.610833
v 0.040320 -0.198383 0.597908
v 0.000000 -0.199078 0.581739
v -0.101636 -0.199080 0.580643
v -0.051505 -0.199079 0.581422
v -0.149018 -0.199079 0.579576
v -0.192304 -0.199077 0.578345
v -0.082731 -0.199124 0.589541
v -0.230147 -0.199072 0.577077
v -0.261843 -0.199075 0.575875
v -0.286691 -0.199098 0.574845
v -0.243703 -0.196077 0.600081
v -0.249575 -0.192823 0.606005
v -0.164597 -0.196080 0.602704
v -0.171959 -0.192828 0.608643
v -0.244309 -0.189245 0.610499
v -0.164567 -0.189245 0.613145
v -0.067310 -0.189244 0.615244
v -0.172168 -0.185515 0.615857
v -0.101787 -0.185515 0.617539
v -0.051589 -0.181818 0.620381
v -0.051585 -0.185514 0.618326
v -0.101797 -0.181819 0.619594
v -0.164690 -0.181819 0.618124
v -0.101802 -0.178282 0.620813
v -0.172377 -0.178282 0.619125
v -0.244737 -0.181820 0.615465
v -0.250286 -0.178279 0.616467
v -0.215088 -0.175030 0.618186
v -0.172278 -0.172683 0.616821
v -0.250414 -0.172680 0.614156
v -0.281350 -0.175029 0.615554
v -0.307546 -0.175016 0.614115
v -0.302371 -0.172682 0.611784
v -0.300957 -0.178170 0.614152
v -0.293842 -0.181852 0.613293
v -0.321941 -0.185786 0.609764
v -0.336435 -0.183007 0.610431
v -0.325841 -0.178290 0.612457
v -0.341454 -0.187819 0.608018
v -0.343468 -0.180175 0.610526
v -0.362992 -0.182764 0.607642
v -0.344236 -0.176922 0.610799
v -0.361603 -0.185798 0.607405
v -0.326180 -0.174993 0.612793
v -0.357795 -0.192808 0.605158
v -0.377583 -0.193564 0.603756
v -0.367098 -0.191908 0.605294
v -0.372072 -0.199603 0.601653
v -0.355792 -0.195944 0.602429
v -0.369184 -0.202125 0.599164
v -0.379078 -0.208871 0.595822
v -0.382358 -0.206943 0.598139
v -0.388313 -0.206589 0.598623
v -0.396499 -0.210956 0.596452
v -0.388746 -0.201877 0.600244
v -0.389691 -0.215035 0.594290
v -0.391592 -0.224844 0.587658
v -0.395110 -0.224089 0.589782
v -0.386279 -0.216378 0.592091
v -0.398792 -0.222716 0.591167
v -0.406236 -0.231410 0.586558
v -0.402248 -0.221023 0.591962
v -0.398837 -0.233455 0.584433
v -0.402630 -0.232626 0.585776
v -0.404974 -0.242185 0.579304
v -0.401095 -0.242484 0.578062
v -0.402423 -0.251128 0.570679
v -0.406368 -0.251320 0.571746
v -0.410196 -0.251043 0.572327
v -0.408704 -0.241451 0.580021
v -0.411882 -0.240508 0.580343
v -0.413479 -0.250489 0.572550
v -0.415526 -0.248751 0.570987
v -0.409265 -0.230068 0.586917
v -0.411001 -0.228209 0.585125
v -0.413786 -0.238694 0.578675
v -0.413693 -0.235349 0.573424
v -0.414799 -0.240041 0.559818
v -0.412601 -0.231238 0.566380
v -0.410730 -0.225441 0.579449
v -0.409455 -0.222217 0.571833
v -0.415645 -0.244919 0.566207
v -0.417062 -0.254052 0.557835
v -0.416463 -0.248596 0.552282
v -0.416534 -0.266940 0.551610
v -0.416745 -0.258236 0.562028
v -0.417001 -0.262574 0.548097
v -0.416597 -0.256791 0.543511
v -0.414595 -0.259878 0.563497
v -0.410966 -0.268395 0.553142
v -0.411252 -0.260083 0.563451
v -0.414324 -0.268471 0.552975
v -0.411762 -0.276064 0.540775
v -0.408433 -0.275801 0.541146
v -0.407900 -0.283039 0.526124
v -0.410120 -0.281692 0.525037
v -0.404610 -0.282679 0.526651
v -0.413985 -0.274649 0.539543
v -0.414518 -0.270313 0.536779
v -0.410682 -0.277411 0.522953
v -0.410414 -0.271664 0.520370
v -0.414206 -0.264516 0.533248
v -0.416597 -0.256791 0.543511
v -0.417001 -0.262574 0.548097
v -0.406346 -0.278128 0.503754
v -0.402077 -0.283294 0.484223
v -0.397760 -0.292693 0.463654
v -0.397682 -0.286549 0.462600
v -0.405325 -0.285981 0.500363
v -0.401580 -0.293887 0.486950
v -0.397058 -0.297287 0.464602
v -0.405960 -0.288397 0.507300
v -0.394794 -0.298784 0.465341
v -0.399334 -0.295340 0.487786
v -0.403730 -0.289778 0.508254
v -0.400453 -0.289406 0.508845
v -0.396057 -0.294999 0.488398
v -0.391519 -0.298472 0.465980
v -0.387783 -0.297643 0.466630
v -0.392317 -0.294146 0.488984
v -0.396708 -0.288532 0.509365
v -0.400837 -0.281839 0.527053
v -0.392915 -0.287010 0.509670
v -0.388537 -0.292628 0.489415
v -0.397005 -0.280382 0.527177
v -0.397140 -0.271878 0.540522
v -0.400663 -0.273838 0.541170
v -0.404585 -0.275105 0.541329
v -0.407057 -0.267941 0.553055
v -0.403058 -0.266963 0.552569
v -0.403361 -0.259341 0.562293
v -0.407357 -0.259959 0.563095
v -0.399721 -0.258062 0.560915
v -0.398631 -0.250835 0.568258
v -0.399233 -0.265798 0.550699
v -0.389245 -0.266497 0.538384
v -0.391810 -0.256467 0.554581
v -0.387479 -0.245831 0.561034
v -0.388057 -0.251975 0.554278
v -0.390920 -0.247707 0.564183
v -0.387617 -0.257801 0.546327
v -0.384524 -0.259996 0.534946
v -0.385814 -0.263352 0.536911
v -0.386198 -0.254399 0.543665
v -0.386562 -0.248760 0.551001
v -0.385920 -0.242974 0.557227
v -0.385301 -0.239626 0.553091
v -0.386107 -0.245154 0.547404
v -0.385886 -0.250743 0.540719
v -0.384305 -0.256534 0.532736
v -0.381581 -0.262483 0.521880
v -0.377927 -0.268545 0.506571
v -0.378042 -0.271860 0.507689
v -0.381739 -0.265750 0.523427
v -0.382903 -0.269020 0.524759
v -0.379140 -0.275198 0.508600
v -0.382208 -0.278583 0.509099
v -0.386077 -0.272299 0.525660
v -0.393516 -0.278334 0.526548
v -0.389482 -0.284691 0.509620
v -0.380621 -0.293793 0.467504
v -0.385124 -0.290199 0.489788
v -0.373477 -0.287582 0.467978
v -0.377915 -0.284095 0.489580
v -0.374881 -0.280643 0.489377
v -0.369451 -0.280641 0.467669
v -0.370481 -0.284112 0.468031
v -0.373817 -0.277200 0.488760
v -0.373738 -0.273761 0.487936
v -0.369404 -0.277170 0.467099
v -0.364609 -0.279380 0.444463
v -0.364649 -0.282852 0.444845
v -0.359034 -0.280999 0.420428
v -0.353398 -0.282278 0.396123
v -0.353948 -0.285689 0.398295
v -0.348419 -0.283469 0.372680
v -0.343524 -0.284460 0.348406
v -0.338139 -0.285143 0.321614
v -0.338264 -0.288762 0.321551
v -0.347762 -0.287263 0.369056
v -0.347115 -0.291186 0.360315
v -0.339365 -0.292294 0.321270
v -0.354226 -0.293652 0.379603
v -0.347825 -0.294974 0.348003
v -0.342418 -0.295654 0.320556
v -0.343053 -0.301629 0.290214
v -0.336306 -0.295928 0.293687
v -0.349681 -0.301523 0.318958
v -0.355409 -0.300882 0.348287
v -0.333323 -0.292612 0.294815
v -0.326426 -0.292465 0.272518
v -0.325412 -0.288948 0.273326
v -0.332243 -0.289082 0.295362
v -0.329246 -0.295722 0.270903
v -0.326008 -0.300338 0.246532
v -0.320084 -0.294962 0.251405
v -0.335933 -0.301317 0.267303
v -0.317540 -0.291780 0.253532
v -0.307666 -0.293577 0.234393
v -0.305530 -0.290483 0.237012
v -0.304771 -0.287016 0.238272
v -0.316633 -0.288284 0.254583
v -0.316545 -0.284630 0.255096
v -0.304700 -0.283363 0.238852
v -0.325299 -0.285300 0.273731
v -0.332114 -0.285446 0.295618
v -0.289884 -0.282079 0.226215
v -0.289939 -0.285729 0.225595
v -0.272214 -0.281359 0.218401
v -0.272253 -0.285007 0.217756
v -0.252518 -0.288083 0.212083
v -0.252325 -0.284673 0.213693
v -0.252303 -0.281026 0.214350
v -0.272628 -0.288427 0.216215
v -0.290519 -0.289167 0.224169
v -0.292147 -0.292182 0.221131
v -0.273678 -0.291392 0.212879
v -0.253055 -0.291021 0.208567
v -0.295922 -0.297206 0.214147
v -0.276179 -0.296300 0.205275
v -0.253930 -0.295797 0.200592
v -0.277406 -0.298011 0.201693
v -0.254942 -0.297530 0.196815
v -0.297927 -0.298984 0.210937
v -0.315207 -0.300643 0.225693
v -0.278840 -0.298776 0.197746
v -0.300149 -0.299803 0.207283
v -0.318031 -0.301568 0.222632
v -0.320824 -0.301818 0.219697
v -0.335525 -0.303741 0.239824
v -0.332290 -0.303370 0.242078
v -0.329017 -0.302323 0.244439
v -0.302345 -0.299948 0.203768
v -0.323178 -0.301644 0.217300
v -0.304162 -0.299689 0.200911
v -0.281428 -0.298559 0.190804
v -0.280257 -0.298869 0.193944
v -0.255647 -0.298276 0.192769
v -0.256930 -0.298016 0.185583
v -0.257329 -0.296025 0.183637
v -0.257462 -0.291137 0.183758
v -0.282477 -0.291712 0.189149
v -0.282214 -0.296592 0.188986
v -0.257462 -0.291137 0.183758
v -0.257462 -0.284801 0.184911
v -0.282477 -0.285375 0.190303
v -0.305791 -0.286556 0.200692
v -0.325314 -0.294920 0.216326
v -0.305791 -0.292893 0.199538
v -0.325314 -0.288583 0.217480
v -0.340787 -0.290675 0.238481
v -0.352036 -0.298394 0.260553
v -0.340809 -0.297013 0.237377
v -0.351946 -0.292049 0.261510
v -0.360139 -0.292770 0.287011
v -0.360296 -0.299118 0.286335
v -0.359676 -0.303923 0.286055
v -0.360296 -0.299118 0.286335
v -0.366890 -0.299243 0.315206
v -0.366266 -0.304031 0.315209
v -0.351404 -0.303212 0.260148
v -0.364039 -0.305714 0.315658
v -0.357501 -0.305642 0.286563
v -0.349328 -0.304975 0.260851
v -0.346278 -0.304976 0.262242
v -0.338294 -0.303660 0.237952
v -0.340192 -0.301844 0.236968
v -0.354287 -0.305578 0.287561
v -0.360754 -0.305598 0.316388
v -0.345182 -0.304769 0.269687
v -0.356958 -0.304989 0.317239
v -0.366194 -0.305128 0.345009
v -0.362411 -0.304474 0.345679
v -0.347279 -0.303876 0.291476
v -0.358578 -0.303136 0.346333
v -0.360086 -0.299972 0.371521
v -0.363544 -0.302211 0.371007
v -0.372385 -0.300244 0.412159
v -0.368519 -0.297953 0.411254
v -0.365423 -0.290999 0.429693
v -0.363976 -0.286934 0.437370
v -0.354646 -0.289319 0.396406
v -0.376272 -0.295773 0.446276
v -0.379173 -0.298297 0.443499
v -0.384014 -0.296140 0.467177
v -0.377616 -0.301286 0.418243
v -0.382939 -0.299774 0.442864
v -0.386672 -0.300571 0.442160
v -0.389945 -0.300851 0.441496
v -0.384625 -0.302282 0.416830
v -0.381314 -0.302088 0.416829
v -0.371123 -0.304261 0.369707
v -0.374705 -0.304373 0.370641
v -0.367596 -0.303524 0.371641
v -0.380022 -0.302119 0.384942
v -0.392238 -0.294568 0.436736
v -0.382055 -0.297074 0.391194
v -0.381772 -0.290817 0.390665
v -0.376943 -0.291782 0.367656
v -0.387319 -0.289836 0.414974
v -0.392862 -0.288520 0.439359
v -0.391542 -0.299584 0.437665
v -0.372150 -0.292541 0.343418
v -0.376126 -0.298317 0.362854
v -0.366711 -0.292902 0.315425
v -0.360139 -0.292770 0.287011
v -0.371734 -0.303629 0.343935
v -0.369492 -0.305282 0.344411
v -0.339131 -0.303359 0.265654
v -0.324780 -0.299769 0.215993
v -0.305383 -0.297760 0.199305
v -0.232853 -0.290933 0.181963
v -0.232834 -0.295825 0.181862
v -0.232880 -0.284595 0.183116
v -0.257462 -0.284801 0.184911
v -0.232758 -0.297826 0.183866
v -0.000001 -0.297968 0.187204
v -0.231949 -0.298090 0.191092
v -0.231241 -0.297341 0.195129
v -0.230919 -0.290881 0.207111
v -0.230888 -0.287956 0.210709
v -0.230874 -0.284550 0.212351
v -0.230877 -0.280902 0.213014
v -0.014640 -0.280713 0.213018
v -0.000260 -0.284351 0.212354
v 0.035593 -0.280730 0.213018
v 0.230875 -0.284550 0.212351
v 0.230877 -0.280902 0.213014
v 0.252303 -0.281026 0.214350
v 0.252325 -0.284673 0.213693
v 0.272253 -0.285007 0.217756
v 0.272214 -0.281359 0.218401
v 0.289884 -0.282079 0.226215
v 0.289939 -0.285729 0.225595
v 0.304771 -0.287016 0.238272
v 0.304700 -0.283363 0.238852
v 0.316545 -0.284630 0.255096
v 0.316633 -0.288284 0.254583
v 0.325412 -0.288948 0.273326
v 0.325299 -0.285300 0.273731
v 0.332114 -0.285446 0.295618
v 0.332243 -0.289082 0.295362
v 0.338264 -0.288762 0.321551
v 0.338139 -0.285143 0.321614
v 0.343524 -0.284460 0.348406
v 0.347762 -0.287263 0.369058
v 0.348419 -0.283469 0.372680
v 0.353398 -0.282278 0.396123
v 0.353948 -0.285689 0.398294
v 0.359034 -0.280999 0.420428
v 0.364609 -0.279380 0.444463
v 0.364649 -0.282852 0.444845
v 0.369451 -0.280641 0.467669
v 0.369404 -0.277170 0.467099
v 0.373738 -0.273761 0.487936
v 0.373817 -0.277200 0.488760
v 0.378042 -0.271860 0.507689
v 0.377927 -0.268545 0.506571
v 0.381581 -0.262483 0.521880
v 0.381739 -0.265750 0.523427
v 0.384524 -0.259996 0.534946
v 0.384305 -0.256534 0.532736
v 0.385886 -0.250743 0.540719
v 0.386198 -0.254399 0.543665
v 0.386562 -0.248760 0.551001
v 0.386107 -0.245154 0.547404
v 0.385301 -0.239626 0.553091
v 0.385920 -0.242974 0.557227
v 0.384574 -0.236937 0.562615
v 0.383799 -0.234018 0.558077
v 0.381321 -0.228373 0.562219
v 0.382250 -0.230758 0.567140
v 0.378675 -0.224545 0.570776
v 0.377589 -0.222737 0.565374
v 0.372674 -0.217482 0.567770
v 0.373792 -0.218732 0.573642
v 0.367547 -0.213757 0.575856
v 0.366651 -0.212985 0.569632
v 0.358911 -0.208840 0.570990
v 0.359513 -0.209249 0.577592
v 0.349267 -0.204840 0.579024
v 0.348846 -0.204644 0.571873
v 0.336738 -0.201317 0.572529
v 0.337038 -0.201404 0.580198
v 0.323058 -0.199819 0.581158
v 0.322867 -0.199777 0.573209
v 0.306446 -0.199284 0.573963
v 0.298867 -0.199154 0.582573
v 0.286691 -0.199098 0.574845
v 0.261843 -0.199075 0.575875
v 0.230147 -0.199072 0.577077
v 0.192304 -0.199077 0.578345
v 0.107866 -0.199124 0.588953
v 0.149018 -0.199079 0.579576
v 0.101636 -0.199080 0.580643
v 0.051505 -0.199079 0.581422
v 0.067340 -0.196079 0.604805
v 0.164591 -0.196080 0.602705
v 0.172436 -0.198384 0.595118
v 0.171959 -0.192828 0.608643
v 0.214789 -0.189245 0.611577
v 0.243704 -0.196077 0.600081
v 0.249579 -0.192823 0.606005
v 0.268300 -0.189222 0.609530
v 0.303016 -0.196164 0.597387
v 0.301830 -0.198424 0.590295
v 0.323655 -0.196590 0.596125
v 0.323303 -0.199033 0.588875
v 0.339364 -0.194840 0.600734
v 0.337515 -0.200643 0.587661
v 0.338346 -0.198185 0.594714
v 0.323080 -0.193074 0.602456
v 0.323940 -0.189585 0.606695
v 0.341454 -0.187819 0.608018
v 0.340403 -0.191419 0.605096
v 0.321942 -0.185786 0.609764
v 0.336436 -0.183007 0.610431
v 0.325841 -0.178290 0.612457
v 0.343468 -0.180175 0.610526
v 0.293839 -0.181852 0.613293
v 0.250086 -0.185510 0.613202
v 0.300958 -0.178170 0.614152
v 0.244735 -0.181820 0.615465
v 0.250283 -0.178279 0.616467
v 0.281350 -0.175029 0.615554
v 0.172277 -0.172683 0.616821
v 0.215087 -0.175030 0.618186
v 0.250413 -0.172680 0.614156
v 0.164691 -0.181819 0.618124
v 0.172380 -0.178282 0.619125
v 0.101802 -0.178282 0.620813
v 0.075615 -0.172682 0.619011
v 0.126671 -0.175030 0.620739
v 0.091521 -0.171861 0.610625
v 0.101804 -0.171803 0.599319
v 0.149249 -0.171803 0.598253
v 0.192587 -0.171802 0.597021
v 0.230477 -0.171796 0.595749
v 0.262213 -0.171796 0.594537
v 0.287093 -0.171812 0.593484
v 0.307674 -0.171840 0.592797
v 0.326187 -0.171871 0.602965
v 0.326516 -0.171875 0.592685
v 0.344917 -0.173914 0.591890
v 0.344913 -0.173919 0.601346
v 0.344741 -0.174672 0.608438
v 0.364174 -0.179957 0.598401
v 0.363879 -0.180658 0.605332
v 0.344913 -0.173919 0.601346
v 0.326411 -0.172678 0.610283
v 0.362992 -0.182764 0.607642
v 0.344236 -0.176922 0.610799
v 0.326180 -0.174993 0.612793
v 0.302318 -0.172682 0.611786
v 0.307546 -0.175016 0.614115
v 0.379574 -0.190841 0.603990
v 0.377583 -0.193564 0.603756
v 0.361603 -0.185798 0.607405
v 0.380796 -0.188881 0.601706
v 0.381092 -0.188117 0.594829
v 0.392473 -0.196512 0.591554
v 0.392468 -0.197583 0.598300
v 0.391113 -0.199473 0.600515
v 0.399114 -0.208886 0.596772
v 0.396499 -0.210956 0.596452
v 0.388746 -0.201877 0.600244
v 0.400537 -0.207018 0.594668
v 0.406280 -0.215292 0.584246
v 0.406650 -0.217439 0.590366
v 0.400232 -0.205463 0.588164
v 0.405087 -0.219306 0.592316
v 0.411001 -0.228209 0.585125
v 0.409265 -0.230068 0.586917
v 0.402248 -0.221023 0.591962
v 0.406236 -0.231410 0.586558
v 0.411882 -0.240508 0.580343
v 0.408704 -0.241451 0.580021
v 0.404974 -0.242185 0.579304
v 0.402630 -0.232626 0.585776
v 0.398792 -0.222716 0.591167
v 0.389691 -0.215035 0.594290
v 0.395110 -0.224089 0.589782
v 0.398837 -0.233455 0.584433
v 0.388314 -0.206592 0.598620
v 0.382358 -0.206943 0.598139
v 0.367093 -0.191906 0.605295
v 0.372072 -0.199603 0.601653
v 0.355792 -0.195944 0.602429
v 0.357795 -0.192808 0.605158
v 0.369184 -0.202125 0.599164
v 0.379078 -0.208871 0.595822
v 0.375720 -0.210619 0.592367
v 0.382765 -0.217489 0.588893
v 0.366251 -0.204498 0.595404
v 0.386279 -0.216378 0.592091
v 0.391592 -0.224844 0.587658
v 0.395247 -0.233637 0.582393
v 0.388385 -0.226942 0.583353
v 0.383959 -0.225822 0.580671
v 0.375633 -0.219351 0.579292
v 0.380539 -0.225768 0.575950
v 0.384018 -0.232591 0.571823
v 0.378920 -0.218708 0.584501
v 0.372137 -0.212533 0.587561
v 0.360739 -0.208900 0.584036
v 0.363210 -0.207036 0.590168
v 0.369142 -0.213837 0.581894
v 0.351739 -0.201961 0.592640
v 0.353778 -0.198919 0.598320
v 0.350095 -0.204218 0.586004
v 0.388259 -0.235491 0.574563
v 0.386233 -0.239324 0.566867
v 0.387479 -0.245831 0.561034
v 0.390920 -0.247707 0.564183
v 0.391810 -0.256467 0.554580
v 0.388057 -0.251975 0.554278
v 0.399233 -0.265798 0.550699
v 0.387617 -0.257801 0.546327
v 0.399721 -0.258063 0.560915
v 0.403058 -0.266963 0.552569
v 0.402423 -0.251128 0.570679
v 0.398631 -0.250835 0.568259
v 0.403361 -0.259341 0.562293
v 0.397140 -0.271878 0.540522
v 0.397005 -0.280382 0.527177
v 0.400663 -0.273838 0.541170
v 0.393516 -0.278334 0.526548
v 0.389245 -0.266497 0.538384
v 0.382903 -0.269020 0.524759
v 0.386077 -0.272299 0.525660
v 0.385814 -0.263352 0.536911
v 0.382208 -0.278583 0.509099
v 0.379140 -0.275198 0.508600
v 0.374882 -0.280643 0.489377
v 0.377915 -0.284095 0.489580
v 0.373477 -0.287582 0.467978
v 0.370481 -0.284112 0.468031
v 0.363976 -0.286934 0.437372
v 0.365423 -0.290999 0.429694
v 0.354646 -0.289319 0.396406
v 0.368519 -0.297953 0.411254
v 0.360087 -0.299972 0.371522
v 0.354226 -0.293652 0.379603
v 0.347114 -0.291186 0.360315
v 0.347825 -0.294974 0.348003
v 0.355409 -0.300882 0.348287
v 0.349680 -0.301522 0.318955
v 0.342418 -0.295654 0.320556
v 0.336306 -0.295928 0.293687
v 0.339365 -0.292294 0.321270
v 0.333323 -0.292612 0.294815
v 0.329246 -0.295722 0.270903
v 0.326426 -0.292465 0.272518
v 0.317540 -0.291780 0.253532
v 0.320084 -0.294962 0.251405
v 0.307666 -0.293577 0.234393
v 0.305530 -0.290483 0.237012
v 0.290519 -0.289167 0.224169
v 0.272628 -0.288427 0.216215
v 0.273678 -0.291392 0.212879
v 0.292147 -0.292182 0.221131
v 0.295922 -0.297206 0.214147
v 0.312748 -0.298790 0.228473
v 0.276179 -0.296300 0.205275
v 0.253930 -0.295797 0.200592
v 0.254942 -0.297530 0.196815
v 0.277406 -0.298011 0.201693
v 0.297927 -0.298984 0.210937
v 0.315207 -0.300643 0.225693
v 0.278840 -0.298776 0.197746
v 0.300149 -0.299803 0.207283
v 0.318031 -0.301568 0.222632
v 0.329017 -0.302323 0.244439
v 0.335525 -0.303741 0.239824
v 0.320824 -0.301818 0.219697
v 0.332290 -0.303370 0.242078
v 0.302345 -0.299948 0.203768
v 0.323178 -0.301644 0.217300
v 0.304162 -0.299689 0.200911
v 0.281428 -0.298559 0.190804
v 0.280257 -0.298869 0.193944
v 0.256929 -0.298016 0.185583
v 0.255647 -0.298276 0.192769
v 0.231101 -0.295658 0.198950
v 0.231241 -0.297341 0.195129
v 0.231949 -0.298090 0.191092
v 0.247505 -0.298203 0.187433
v 0.232834 -0.295825 0.181862
v 0.232758 -0.297826 0.183866
v 0.232880 -0.284595 0.183116
v 0.035326 -0.284421 0.183117
v 0.232661 -0.290801 0.181963
v -0.016255 -0.284405 0.183117
v 0.000003 -0.295624 0.181864
v 0.000001 -0.297627 0.183871
v -0.000003 -0.295461 0.198924
v 0.230936 -0.290887 0.207105
v 0.230891 -0.287956 0.210709
v 0.000273 -0.287754 0.210712
v -0.000051 -0.290677 0.207114
v 0.000000 -0.297139 0.195111
v 0.000003 -0.297890 0.191084
v 0.252518 -0.288083 0.212083
v 0.253055 -0.291021 0.208567
v 0.257462 -0.284801 0.184911
v 0.257462 -0.291137 0.183758
v 0.257329 -0.296025 0.183637
v 0.282477 -0.291712 0.189149
v 0.257462 -0.291137 0.183758
v 0.282214 -0.296592 0.188986
v 0.305383 -0.297760 0.199305
v 0.305791 -0.292893 0.199538
v 0.324780 -0.299769 0.215993
v 0.325314 -0.294920 0.216326
v 0.340787 -0.290675 0.238481
v 0.340809 -0.297013 0.237376
v 0.340192 -0.301844 0.236968
v 0.325314 -0.288583 0.217480
v 0.305791 -0.286556 0.200692
v 0.282477 -0.285375 0.190303
v 0.257462 -0.284801 0.184911
v 0.351404 -0.303212 0.260148
v 0.352036 -0.298394 0.260553
v 0.349328 -0.304975 0.260851
v 0.338294 -0.303660 0.237953
v 0.359676 -0.303923 0.286055
v 0.357501 -0.305642 0.286563
v 0.354287 -0.305578 0.287561
v 0.346278 -0.304976 0.262242
v 0.345181 -0.304768 0.269686
v 0.339131 -0.303359 0.265654
v 0.356958 -0.304989 0.317239
v 0.347279 -0.303876 0.291477
v 0.358578 -0.303136 0.346333
v 0.360754 -0.305598 0.316388
v 0.366194 -0.305128 0.345009
v 0.362411 -0.304474 0.345679
v 0.367596 -0.303524 0.371640
v 0.381314 -0.302088 0.416829
v 0.363544 -0.302211 0.371007
v 0.372385 -0.300244 0.412158
v 0.371123 -0.304261 0.369707
v 0.380022 -0.302119 0.384943
v 0.371734 -0.303629 0.343935
v 0.374705 -0.304373 0.370641
v 0.369492 -0.305282 0.344411
v 0.364039 -0.305714 0.315658
v 0.366266 -0.304031 0.315209
v 0.366890 -0.299243 0.315206
v 0.372150 -0.292541 0.343418
v 0.366711 -0.292902 0.315425
v 0.360139 -0.292770 0.287011
v 0.360296 -0.299118 0.286335
v 0.376127 -0.298317 0.362855
v 0.382055 -0.297074 0.391194
v 0.381772 -0.290817 0.390665
v 0.376943 -0.291782 0.367656
v 0.392238 -0.294568 0.436736
v 0.387319 -0.289836 0.414974
v 0.392862 -0.288520 0.439359
v 0.397760 -0.292693 0.463654
v 0.397682 -0.286549 0.462600
v 0.402077 -0.283294 0.484223
v 0.405326 -0.285981 0.500364
v 0.406346 -0.278128 0.503754
v 0.410414 -0.271664 0.520370
v 0.414518 -0.270313 0.536779
v 0.414206 -0.264516 0.533248
v 0.410682 -0.277411 0.522953
v 0.410120 -0.281692 0.525037
v 0.413985 -0.274649 0.539543
v 0.405960 -0.288397 0.507300
v 0.403730 -0.289778 0.508254
v 0.407900 -0.283039 0.526124
v 0.411762 -0.276064 0.540775
v 0.416534 -0.266940 0.551610
v 0.410966 -0.268395 0.553142
v 0.404610 -0.282679 0.526651
v 0.414324 -0.268471 0.552975
v 0.408433 -0.275801 0.541146
v 0.404585 -0.275105 0.541329
v 0.400837 -0.281839 0.527053
v 0.407057 -0.267941 0.553055
v 0.407357 -0.259959 0.563095
v 0.411252 -0.260083 0.563451
v 0.406368 -0.251320 0.571746
v 0.410196 -0.251043 0.572327
v 0.413479 -0.250489 0.572550
v 0.414595 -0.259878 0.563497
v 0.416745 -0.258236 0.562028
v 0.415526 -0.248751 0.570987
v 0.417062 -0.254052 0.557835
v 0.415645 -0.244919 0.566207
v 0.413693 -0.235349 0.573424
v 0.413786 -0.238694 0.578675
v 0.409455 -0.222217 0.571833
v 0.410730 -0.225441 0.579449
v 0.412601 -0.231238 0.566380
v 0.414799 -0.240041 0.559818
v 0.416463 -0.248596 0.552282
v 0.416597 -0.256791 0.543511
v 0.417001 -0.262574 0.548097
v 0.404943 -0.213007 0.576041
v 0.399061 -0.204066 0.579460
v 0.391804 -0.195851 0.582543
v 0.380925 -0.187952 0.585655
v 0.364174 -0.179957 0.589159
v 0.344917 -0.173914 0.591890
v 0.396708 -0.288532 0.509365
v 0.396057 -0.294999 0.488398
v 0.392915 -0.287010 0.509670
v 0.400453 -0.289406 0.508845
v 0.388537 -0.292628 0.489415
v 0.392317 -0.294146 0.488984
v 0.387783 -0.297643 0.466630
v 0.386672 -0.300571 0.442160
v 0.391519 -0.298472 0.465980
v 0.379173 -0.298297 0.443499
v 0.382939 -0.299774 0.442864
v 0.384014 -0.296140 0.467177
v 0.380621 -0.293793 0.467503
v 0.376272 -0.295773 0.446276
v 0.385124 -0.290199 0.489788
v 0.389482 -0.284691 0.509620
v 0.377616 -0.301286 0.418243
v 0.384625 -0.302282 0.416830
v 0.391542 -0.299584 0.437665
v 0.389945 -0.300851 0.441496
v 0.394794 -0.298784 0.465341
v 0.401580 -0.293887 0.486950
v 0.399334 -0.295340 0.487786
v 0.397058 -0.297287 0.464602
v 0.417001 -0.262574 0.548097
v 0.416597 -0.256791 0.543511
v 0.343053 -0.301628 0.290214
v 0.335933 -0.301317 0.267303
v 0.326008 -0.300338 0.246532
v 0.360296 -0.299118 0.286335
v 0.360139 -0.292770 0.287011
v 0.351946 -0.292049 0.261510
v 0.397123 -0.241944 0.576106
v 0.401095 -0.242484 0.578062
v 0.051594 -0.171802 0.600098
v 0.000000 -0.171802 0.600415
v -0.051594 -0.171802 0.600098
v -0.101804 -0.171803 0.599319
v -0.065680 -0.171861 0.611150
v -0.149249 -0.171803 0.598253
v -0.075610 -0.172682 0.619011
v -0.051593 -0.175028 0.622016
v -0.126673 -0.175030 0.620739
v 0.000000 -0.172680 0.619606
v 0.000000 -0.175028 0.622336
v -0.051592 -0.178281 0.621599
v 0.000000 -0.178281 0.621919
v 0.000000 -0.181817 0.620701
v 0.051592 -0.178281 0.621599
v 0.051593 -0.175028 0.622016
v -0.192587 -0.171802 0.597021
v -0.230477 -0.171796 0.595749
v -0.262213 -0.171796 0.594537
v -0.287093 -0.171812 0.593484
v -0.307674 -0.171840 0.592797
v -0.326516 -0.171875 0.592685
v -0.326187 -0.171871 0.602965
v -0.344741 -0.174672 0.608438
v -0.344917 -0.173914 0.591890
v -0.344913 -0.173919 0.601346
v -0.326411 -0.172678 0.610283
v -0.363879 -0.180658 0.605332
v -0.364174 -0.179957 0.598401
v -0.344913 -0.173919 0.601346
v -0.344917 -0.173914 0.591890
v -0.364174 -0.179957 0.589159
v -0.380925 -0.187952 0.585655
v -0.381092 -0.188117 0.594829
v -0.392473 -0.196512 0.591554
v -0.391804 -0.195851 0.582543
v -0.399061 -0.204066 0.579460
v -0.406280 -0.215292 0.584246
v -0.404943 -0.213007 0.576041
v -0.400232 -0.205463 0.588164
v -0.400537 -0.207018 0.594668
v -0.406650 -0.217439 0.590366
v -0.392468 -0.197583 0.598300
v -0.391113 -0.199473 0.600515
v -0.399114 -0.208886 0.596772
v -0.405087 -0.219306 0.592316
v -0.380796 -0.188881 0.601706
v -0.379574 -0.190841 0.603990
v 0.172172 -0.185515 0.615857
v -0.230990 -0.295675 0.198910
v -0.247505 -0.298203 0.187433
v -0.312748 -0.298790 0.228473
v -0.384574 -0.236937 0.562615
v -0.383799 -0.234018 0.558077
v -0.381321 -0.228373 0.562219
v -0.382250 -0.230758 0.567140
v -0.378675 -0.224545 0.570776
v -0.377589 -0.222737 0.565374
v -0.372674 -0.217482 0.567770
v -0.367547 -0.213757 0.575856
v -0.366651 -0.212985 0.569632
v -0.373792 -0.218732 0.573642
v -0.375633 -0.219351 0.579292
v -0.380539 -0.225768 0.575950
v -0.369142 -0.213837 0.581894
v -0.372137 -0.212533 0.587561
v -0.378920 -0.218708 0.584501
v -0.383959 -0.225822 0.580671
v -0.388385 -0.226942 0.583353
v -0.382765 -0.217489 0.588893
v -0.384018 -0.232591 0.571823
v -0.386233 -0.239324 0.566867
v -0.388259 -0.235491 0.574563
v -0.397123 -0.241944 0.576106
v -0.395247 -0.233637 0.582393
v -0.375720 -0.210619 0.592367
v -0.366251 -0.204498 0.595404
v -0.353778 -0.198919 0.598320
v -0.351739 -0.201961 0.592640
v -0.363210 -0.207036 0.590168
v -0.360739 -0.208900 0.584036
v -0.359513 -0.209249 0.577592
v -0.349267 -0.204840 0.579024
v -0.350095 -0.204218 0.586004
v -0.337515 -0.200643 0.587661
v -0.337038 -0.201404 0.580198
v -0.323058 -0.199819 0.581158
v -0.323303 -0.199033 0.588875
v -0.338346 -0.198185 0.594714
v -0.323655 -0.196590 0.596125
v -0.339364 -0.194840 0.600734
v -0.323080 -0.193074 0.602456
v -0.303016 -0.196164 0.597387
v -0.301830 -0.198424 0.590295
v -0.298867 -0.199154 0.582573
v -0.306446 -0.199284 0.573963
v -0.322867 -0.199777 0.573209
v -0.336738 -0.201317 0.572529
v -0.348846 -0.204644 0.571873
v -0.358911 -0.208840 0.570990
v -0.323319 -0.189459 0.606820
v -0.340403 -0.191419 0.605096
v -0.250091 -0.185510 0.613202
v 0.261843 -0.199075 0.575875
v 0.229765 -0.200166 0.575978
v 0.230147 -0.199072 0.577077
v 0.293761 -0.199911 0.574082
v 0.286691 -0.199098 0.574845
v 0.306446 -0.199284 0.573963
v 0.322867 -0.199777 0.573209
v 0.306851 -0.204843 0.572652
v 0.336738 -0.201317 0.572528
v 0.348846 -0.204644 0.571873
v 0.358911 -0.208840 0.570990
v 0.366657 -0.212989 0.569631
v 0.269457 -0.217822 0.568897
v 0.372674 -0.217482 0.567770
v 0.267794 -0.209127 0.572445
v 0.229409 -0.205253 0.574092
v 0.264831 -0.201766 0.574152
v 0.191519 -0.202209 0.575815
v 0.191466 -0.209375 0.573678
v 0.148437 -0.205633 0.575634
v 0.105940 -0.202729 0.577670
v 0.160764 -0.200451 0.577824
v 0.192304 -0.199077 0.578345
v 0.055997 -0.200891 0.580015
v 0.101636 -0.199080 0.580643
v 0.149018 -0.199079 0.579576
v 0.051505 -0.199079 0.581422
v 0.000000 -0.199078 0.581739
v -0.051505 -0.199079 0.581422
v 0.047469 -0.203447 0.578639
v 0.000000 -0.202714 0.579512
v -0.047468 -0.203447 0.578639
v -0.105931 -0.202729 0.577670
v -0.055996 -0.200891 0.580015
v -0.148429 -0.205634 0.575634
v -0.191519 -0.202209 0.575815
v -0.192304 -0.199077 0.578345
v -0.101636 -0.199080 0.580643
v -0.160770 -0.200451 0.577824
v -0.149018 -0.199079 0.579576
v -0.229765 -0.200166 0.575978
v -0.264831 -0.201766 0.574152
v -0.293790 -0.199910 0.574082
v -0.261843 -0.199075 0.575875
v -0.230147 -0.199072 0.577077
v -0.286691 -0.199098 0.574845
v -0.306446 -0.199284 0.573963
v -0.322867 -0.199777 0.573209
v -0.336738 -0.201317 0.572528
v -0.306851 -0.204843 0.572652
v -0.348846 -0.204644 0.571873
v -0.358911 -0.208840 0.570990
v -0.366657 -0.212989 0.569631
v -0.267786 -0.209126 0.572445
v -0.189344 -0.213521 0.572061
v -0.229413 -0.205253 0.574092
v -0.191470 -0.209375 0.573678
v -0.059102 -0.209130 0.576124
v -0.051463 -0.213945 0.573958
v 0.051463 -0.213945 0.573958
v 0.000001 -0.211882 0.575467
v 0.059100 -0.209130 0.576124
v 0.000000 -0.218618 0.571595
v 0.066542 -0.218177 0.571334
v 0.051461 -0.223643 0.567811
v 0.000000 -0.223715 0.568005
v 0.008881 -0.229053 0.563770
v -0.000000 -0.233830 0.559619
v -0.086514 -0.228891 0.563544
v -0.051461 -0.223643 0.567811
v -0.148337 -0.223373 0.567082
v -0.066544 -0.218177 0.571334
v -0.191328 -0.228750 0.563025
v -0.191353 -0.218077 0.569760
v -0.229369 -0.223151 0.566470
v -0.270553 -0.228592 0.562685
v -0.187669 -0.234219 0.558612
v -0.321204 -0.222892 0.565790
v -0.187815 -0.245200 0.547567
v -0.183201 -0.250737 0.540786
v -0.385886 -0.250743 0.540719
v -0.381581 -0.262483 0.521880
v -0.384301 -0.256543 0.532718
v -0.373738 -0.273761 0.487936
v -0.377927 -0.268545 0.506571
v -0.316544 -0.284648 0.255093
v -0.304700 -0.283370 0.238851
v -0.272214 -0.281370 0.218400
v -0.289884 -0.282083 0.226215
v -0.332114 -0.285446 0.295618
v -0.338139 -0.285143 0.321614
v -0.343524 -0.284460 0.348406
v -0.348419 -0.283469 0.372680
v -0.359034 -0.280999 0.420428
v -0.353398 -0.282278 0.396123
v -0.364609 -0.279380 0.444463
v 0.373738 -0.273761 0.487936
v 0.369404 -0.277170 0.467098
v 0.353398 -0.282278 0.396123
v 0.332114 -0.285446 0.295618
v -0.325299 -0.285300 0.273731
v -0.176247 -0.283464 0.239145
v -0.230880 -0.280893 0.213015
v -0.252303 -0.281026 0.214350
v 0.000007 -0.283520 0.240293
v 0.338139 -0.285143 0.321614
v 0.343524 -0.284460 0.348406
v 0.348419 -0.283469 0.372680
v 0.359035 -0.280999 0.420433
v 0.364609 -0.279381 0.444463
v 0.325299 -0.285298 0.273731
v 0.176246 -0.283464 0.239145
v 0.230880 -0.280893 0.213015
v 0.252303 -0.281026 0.214350
v 0.272214 -0.281370 0.218400
v 0.289884 -0.282083 0.226215
v 0.304700 -0.283370 0.238851
v 0.316545 -0.284649 0.255094
v 0.377927 -0.268545 0.506571
v 0.381581 -0.262483 0.521880
v 0.384300 -0.256546 0.532710
v 0.385886 -0.250743 0.540719
v 0.386107 -0.245157 0.547396
v 0.385301 -0.239626 0.553091
v 0.383803 -0.234024 0.558061
v 0.230687 -0.239717 0.553348
v 0.191328 -0.228750 0.563025
v 0.270557 -0.228592 0.562685
v 0.229367 -0.223151 0.566470
v 0.191341 -0.218077 0.569760
v 0.148337 -0.223373 0.567082
v 0.101402 -0.228929 0.563410
v 0.189346 -0.213521 0.572061
v 0.187673 -0.234219 0.558612
v 0.000000 -0.245022 0.547969
v 0.187831 -0.245200 0.547567
v 0.140276 -0.250678 0.540883
v 0.000001 -0.239279 0.554310
v 0.321204 -0.222892 0.565790
v 0.377589 -0.222737 0.565374
v 0.381321 -0.228373 0.562219
v -0.000000 -0.280711 0.213017
v -0.369404 -0.277170 0.467100
v -0.385301 -0.239626 0.553091
v -0.386107 -0.245157 0.547396
v -0.230676 -0.239717 0.553348
v -0.383803 -0.234024 0.558061
v -0.381321 -0.228373 0.562219
v -0.377589 -0.222737 0.565374
v -0.372674 -0.217482 0.567770
v -0.269456 -0.217822 0.568897
v 0.344917 -0.173914 0.604365
v 0.364173 -0.179956 0.618493
v 0.364174 -0.179957 0.602082
v 0.344921 -0.173913 0.621368
v 0.326528 -0.171868 0.623890
v 0.326516 -0.171875 0.605748
v 0.307674 -0.171840 0.606692
v 0.307692 -0.171830 0.625916
v 0.287093 -0.171812 0.607655
v 0.262213 -0.171796 0.608708
v 0.262254 -0.171775 0.628421
v 0.230477 -0.171796 0.609920
v 0.192587 -0.171802 0.611193
v 0.149249 -0.171803 0.612424
v 0.108254 -0.171803 0.613435
v 0.077391 -0.171803 0.614047
v 0.051595 -0.171802 0.614412
v 0.025798 -0.171802 0.614682
v 0.000000 -0.171801 0.614793
v -0.025798 -0.171802 0.614682
v -0.051595 -0.171802 0.614412
v -0.077391 -0.171803 0.614047
v -0.108254 -0.171803 0.613435
v -0.149249 -0.171803 0.612424
v -0.192587 -0.171802 0.611193
v -0.230477 -0.171796 0.609920
v -0.192599 -0.171784 0.630877
v -0.230480 -0.171777 0.629631
v -0.262213 -0.171796 0.608708
v -0.287107 -0.171793 0.627305
v -0.262221 -0.171786 0.628422
v -0.307692 -0.171830 0.625916
v -0.326528 -0.171868 0.623890
v -0.307674 -0.171840 0.606692
v -0.326516 -0.171875 0.605748
v -0.287093 -0.171812 0.607655
v -0.344917 -0.173914 0.604365
v -0.364173 -0.179956 0.618493
v -0.364174 -0.179957 0.602082
v -0.381321 -0.188530 0.599114
v -0.393357 -0.198147 0.612015
v -0.393391 -0.198163 0.595673
v -0.401456 -0.207864 0.592225
v -0.407289 -0.218283 0.603450
v -0.406586 -0.216643 0.589234
v -0.409993 -0.225013 0.585285
v -0.412885 -0.233488 0.578961
v -0.413553 -0.236223 0.584659
v -0.416167 -0.248227 0.579838
v -0.414115 -0.238521 0.589377
v -0.411192 -0.228346 0.597358
v -0.415154 -0.241759 0.570837
v -0.417100 -0.253512 0.565615
v -0.416690 -0.249520 0.561485
v -0.416654 -0.257022 0.550351
v -0.414614 -0.272021 0.541457
v -0.417179 -0.264703 0.556497
v -0.414206 -0.264516 0.536879
v -0.410414 -0.271664 0.521278
v -0.410752 -0.278896 0.524549
v -0.406609 -0.285485 0.506176
v -0.406346 -0.278128 0.503754
v -0.402077 -0.283294 0.484223
v -0.397784 -0.294241 0.463919
v -0.397682 -0.286549 0.462600
v -0.392908 -0.288542 0.439596
v -0.387500 -0.289926 0.415919
v -0.387691 -0.297594 0.416576
v -0.392987 -0.296235 0.440539
v -0.402267 -0.290895 0.486063
v -0.417443 -0.256865 0.569079
v -0.381975 -0.298662 0.391673
v -0.382390 -0.298725 0.390838
v -0.384130 -0.298832 0.390400
v -0.381944 -0.291099 0.390099
v -0.383649 -0.291154 0.389710
v -0.381546 -0.291051 0.390886
v -0.387714 -0.291387 0.389296
v -0.395199 -0.291968 0.388418
v -0.402096 -0.293570 0.387675
v -0.404395 -0.296868 0.387669
v -0.404395 -0.300503 0.387986
v -0.388711 -0.299163 0.389886
v -0.401634 -0.208279 0.608147
v -0.381321 -0.188530 0.615346
v -0.344921 -0.173913 0.621368
v -0.149249 -0.171794 0.632108
v -0.108254 -0.171794 0.633129
v -0.077391 -0.171793 0.633746
v -0.051595 -0.171793 0.634114
v -0.025798 -0.171792 0.634385
v 0.000000 -0.171792 0.634496
v 0.025798 -0.171792 0.634385
v 0.051595 -0.171793 0.634114
v 0.077391 -0.171793 0.633746
v 0.108254 -0.171794 0.633129
v 0.149249 -0.171794 0.632108
v 0.192588 -0.171792 0.630877
v 0.230480 -0.171785 0.629631
v 0.287108 -0.171803 0.627305
v 0.381321 -0.188530 0.615346
v 0.393357 -0.198146 0.612015
v 0.401635 -0.208279 0.608146
v 0.407289 -0.218283 0.603450
v 0.413553 -0.236223 0.584659
v 0.411192 -0.228346 0.597358
v 0.414115 -0.238521 0.589377
v 0.416167 -0.248227 0.579838
v 0.417100 -0.253512 0.565615
v 0.417443 -0.256865 0.569079
v 0.417179 -0.264703 0.556497
v 0.414614 -0.272021 0.541457
v 0.410752 -0.278896 0.524549
v 0.410414 -0.271664 0.521278
v 0.414206 -0.264516 0.536879
v 0.416654 -0.257022 0.550351
v 0.416690 -0.249520 0.561485
v 0.415154 -0.241759 0.570837
v 0.412885 -0.233488 0.578961
v 0.409993 -0.225013 0.585285
v 0.406586 -0.216643 0.589234
v 0.401456 -0.207864 0.592225
v 0.393391 -0.198163 0.595673
v 0.381321 -0.188530 0.599114
v 0.406609 -0.285485 0.506176
v 0.406346 -0.278128 0.503754
v 0.402077 -0.283294 0.484223
v 0.397784 -0.294241 0.463919
v 0.397682 -0.286549 0.462600
v 0.402267 -0.290895 0.486063
v 0.387691 -0.297594 0.416576
v 0.392987 -0.296235 0.440539
v 0.381975 -0.298662 0.391673
v 0.384130 -0.298832 0.390400
v 0.382390 -0.298725 0.390838
v 0.388711 -0.299163 0.389886
v 0.387714 -0.291387 0.389296
v 0.395199 -0.291968 0.388418
v 0.383649 -0.291154 0.389710
v 0.381944 -0.291099 0.390099
v 0.381546 -0.291051 0.390886
v 0.387500 -0.289926 0.415919
v 0.392908 -0.288542 0.439596
v 0.402096 -0.293570 0.387675
v 0.404395 -0.296868 0.387669
v 0.404395 -0.300503 0.387986
vn -0.0001 -0.9968 -0.0797
vn -0.0021 -0.9831 -0.1833
vn -0.0000 -0.9825 -0.1863
vn 0.0002 -0.9958 -0.0910
vn 0.0003 -0.9994 -0.0357
vn 0.0037 -0.9995 -0.0308
vn -0.0140 -0.9829 -0.1836
vn -0.0077 -0.9209 -0.3898
vn -0.0925 -0.6889 -0.7189
vn -0.0207 -0.6920 -0.7216
vn -0.0432 -0.9210 -0.3873
vn -0.1052 -0.9185 -0.3813
vn -0.0265 -0.9893 -0.1431
vn -0.0621 -0.9878 -0.1429
vn -0.2034 -0.9049 -0.3738
vn -0.2178 -0.6696 -0.7100
vn -0.3829 -0.6380 -0.6681
vn -0.2877 -0.3221 -0.9019
vn -0.1263 -0.3475 -0.9291
vn -0.5035 -0.0877 -0.8595
vn -0.3078 -0.0950 -0.9467
vn -0.1364 -0.1144 -0.9840
vn -0.4818 -0.2953 -0.8250
vn -0.6627 -0.2797 -0.6947
vn -0.6903 -0.0652 -0.7206
vn -0.6225 -0.6518 -0.4331
vn -0.7875 -0.2982 -0.5394
vn -0.8256 -0.0743 -0.5594
vn -0.5340 -0.6290 -0.5650
vn -0.2972 -0.8979 -0.3248
vn -0.1305 -0.9788 -0.1576
vn -0.1441 -0.9827 -0.1162
vn -0.3380 -0.9087 -0.2452
vn -0.3474 -0.9218 -0.1720
vn -0.1034 -0.9927 -0.0616
vn -0.1094 -0.9933 -0.0369
vn -0.3621 -0.9252 -0.1134
vn -0.6724 -0.6704 -0.3138
vn -0.7019 -0.6786 -0.2164
vn -0.3701 -0.9259 -0.0755
vn -0.3721 -0.9270 -0.0477
vn -0.7214 -0.6791 -0.1355
vn -0.7091 -0.6873 -0.1571
vn -0.1548 -0.9876 -0.0244
vn -0.1456 -0.9893 -0.0097
vn -0.1045 -0.9943 0.0216
vn -0.3773 -0.9251 -0.0419
vn -0.6855 -0.7202 -0.1069
vn -0.9163 -0.3604 -0.1747
vn -0.9185 -0.3385 -0.2044
vn -0.9666 -0.1350 -0.2178
vn -0.9739 -0.0992 -0.2040
vn -0.9745 -0.0125 -0.2240
vn -0.9536 -0.0799 -0.2903
vn -0.9062 -0.3197 -0.2769
vn -0.9101 -0.0672 -0.4089
vn -0.8657 -0.3082 -0.3943
vn -0.9430 0.1754 -0.2829
vn -0.8994 0.1790 -0.3987
vn -0.8165 0.1688 -0.5521
vn -0.5975 0.7024 -0.3868
vn -0.6465 0.7104 -0.2781
vn -0.6723 0.7120 -0.2029
vn -0.9565 0.1890 -0.2222
vn -0.6789 0.7159 -0.1629
vn -0.6397 0.7543 -0.1475
vn -0.9695 0.1293 -0.2083
vn -0.6530 0.7414 -0.1546
vn -0.6166 0.7678 -0.1741
vn -0.9680 0.1299 -0.2149
vn -0.5632 0.8083 -0.1716
vn -0.7123 0.6694 -0.2109
vn -0.9721 0.1011 -0.2116
vn -0.5609 0.8016 -0.2069
vn -0.6147 0.7408 -0.2709
vn -0.9700 0.0842 -0.2279
vn -0.6359 0.7125 -0.2968
vn -0.5990 0.7210 -0.3484
vn -0.9686 0.1173 -0.2190
vn -0.6715 0.6441 -0.3663
vn -0.6643 0.6457 -0.3766
vn -0.9701 0.2129 -0.1162
vn -0.6451 0.6440 -0.4113
vn -0.9739 0.1457 -0.1740
vn -0.6273 0.6066 -0.4883
vn -0.9464 0.3058 -0.1041
vn -0.6025 0.5579 -0.5707
vn -0.9597 0.2653 -0.0922
vn -0.5876 0.5331 -0.6087
vn -0.8922 0.4399 -0.1025
vn -0.5542 0.5374 -0.6356
vn -0.9290 0.3546 -0.1057
vn -0.5246 0.5845 -0.6190
vn -0.7196 0.6903 -0.0752
vn -0.4439 0.6520 -0.6148
vn -0.8431 0.5302 -0.0897
vn -0.3385 0.7562 -0.5600
vn -0.3493 0.9334 -0.0818
vn -0.1819 0.7765 -0.6033
vn -0.5547 0.8315 -0.0290
vn -0.0447 0.7816 -0.6221
vn -0.0315 0.9930 -0.1134
vn 0.0449 0.7726 -0.6333
vn -0.1817 0.9772 -0.1098
vn 0.0729 0.7490 -0.6586
vn 0.0132 0.9936 -0.1121
vn 0.0549 0.7482 -0.6612
vn 0.0464 0.7136 -0.6990
vn 0.0056 0.9926 -0.1216
vn 0.0266 0.7006 -0.7131
vn 0.0229 0.7135 -0.7003
vn 0.0039 0.9904 -0.1385
vn 0.0167 0.7324 -0.6807
vn 0.0145 0.6733 -0.7393
vn 0.0008 0.9922 -0.1249
vn 0.0082 0.7569 -0.6535
vn -0.0026 0.6047 -0.7964
vn -0.0026 0.9929 -0.1192
vn -0.0066 0.6145 -0.7889
vn -0.0005 0.9986 0.0533
vn 0.0017 0.9974 0.0722
vn 0.0008 0.9879 0.1548
vn -0.0006 0.9514 0.3080
vn 0.0041 0.9474 0.3199
vn -0.0027 0.9506 0.3105
vn -0.0039 0.9862 0.1655
vn -0.0000 0.7557 0.6549
vn -0.0113 0.7441 0.6680
vn -0.0084 0.9498 0.3127
vn -0.0206 0.7526 0.6582
vn -0.0060 0.9944 0.1056
vn -0.0128 0.9489 0.3153
vn -0.0354 0.7460 0.6651
vn -0.0587 0.3617 0.9304
vn -0.0352 0.3867 0.9215
vn -0.0792 0.3631 0.9284
vn -0.0511 0.7648 0.6423
vn -0.0248 0.9491 0.3141
vn -0.0123 0.9883 0.1523
vn -0.0754 0.7553 0.6510
vn -0.0594 0.9918 0.1132
vn -0.0913 0.9401 0.3285
vn -0.2311 0.9168 0.3257
vn -0.2418 0.7090 0.6624
vn -0.1282 0.7256 0.6761
vn -0.2076 0.9705 0.1227
vn -0.4020 0.8683 0.2905
vn -0.5878 0.7757 0.2298
vn -0.5576 0.5890 0.5849
vn -0.3880 0.6910 0.6099
vn -0.3812 0.9182 0.1079
vn -0.7568 0.6432 0.1166
vn -0.7692 0.5605 0.3067
vn -0.6870 0.3710 0.6248
vn -0.7474 0.1693 0.6425
vn -0.8799 0.4570 0.1302
vn -0.8688 0.3711 0.3278
vn -0.4711 0.0891 0.8776
vn -0.4875 -0.0712 0.8702
vn -0.4763 -0.2063 0.8547
vn -0.7695 0.0162 0.6385
vn -0.9179 0.2268 0.3255
vn -0.9314 0.3441 0.1186
vn -0.9395 0.1084 0.3248
vn -0.7739 -0.1156 0.6227
vn -0.9648 0.2326 0.1227
vn -0.9800 0.1654 0.1108
vn -0.9545 -0.0011 0.2983
vn -0.9598 -0.1164 0.2555
vn -0.7649 -0.4064 0.4998
vn -0.7718 -0.2544 0.5827
vn -0.9939 0.0682 0.0863
vn -0.9606 -0.2214 0.1679
vn -0.9475 -0.3148 0.0558
vn -0.7321 -0.6391 0.2358
vn -0.7507 -0.5424 0.3770
vn -0.9942 -0.0903 -0.0582
vn -0.9995 -0.0027 0.0301
vn -0.9830 -0.1290 -0.1309
vn -0.9318 -0.3606 -0.0405
vn -0.7153 -0.6878 0.1239
vn -0.7067 -0.7045 0.0647
vn -0.9760 -0.1440 -0.1635
vn -0.9227 -0.3772 -0.0797
vn -0.3613 -0.8931 0.2680
vn -0.3585 -0.9115 0.2019
vn -0.3530 -0.9234 0.1504
vn -0.7037 -0.7100 0.0259
vn -0.9211 -0.3765 -0.0987
vn -0.9668 -0.2002 -0.1588
vn -0.9190 -0.3751 -0.1210
vn -0.7024 -0.7116 -0.0146
vn -0.9754 -0.1271 -0.1803
vn -0.9205 -0.3644 -0.1406
vn -0.9167 -0.3679 -0.1562
vn -0.7025 -0.7068 -0.0835
vn -0.7020 -0.7103 -0.0523
vn -0.9650 -0.1802 -0.1908
vn -0.9778 -0.0537 -0.2027
vn -0.3620 -0.9321 -0.0138
vn -0.1042 -0.9923 0.0665
vn -0.3550 -0.9348 0.0096
vn -0.0993 -0.9941 0.0430
vn -0.3607 -0.9317 0.0438
vn -0.1523 -0.9840 0.0921
vn -0.0396 -0.9926 0.1151
vn -0.0448 -0.9988 0.0200
vn -0.0542 -0.9985 0.0047
vn 0.0011 -0.9999 0.0148
vn -0.0411 -0.9992 -0.0013
vn 0.0036 -1.0000 -0.0089
vn 0.0017 -0.9998 -0.0221
vn -0.0615 -0.9950 -0.0781
vn 0.0012 -0.9999 -0.0144
vn 0.0013 -1.0000 0.0030
vn -0.0012 -0.9771 0.2126
vn -0.0051 -0.9743 0.2251
vn -0.0014 -0.9856 0.1690
vn -0.0047 -0.9650 0.2621
vn -0.0087 -0.9617 0.2741
vn -0.0098 -0.9471 0.3207
vn -0.0053 -0.9510 0.3092
vn -0.0104 -0.9284 0.3714
vn -0.0194 -0.9158 0.4012
vn -0.0159 -0.9415 0.3367
vn -0.0102 -0.8973 0.4413
vn -0.0190 -0.8908 0.4540
vn -0.0250 -0.8806 0.4732
vn -0.0271 -0.8228 0.5676
vn -0.0376 -0.8062 0.5905
vn -0.0473 -0.7854 0.6171
vn -0.0369 -0.8516 0.5230
vn -0.0527 -0.7024 0.7098
vn -0.0499 -0.6063 0.7936
vn -0.0674 -0.5834 0.8094
vn -0.0852 -0.5524 0.8292
vn -0.0386 -0.7247 0.6880
vn -0.0664 -0.6731 0.7366
vn -0.0785 -0.6393 0.7650
vn -0.0627 -0.7371 0.6729
vn -0.1012 -0.5170 0.8500
vn -0.1145 -0.4868 0.8660
vn -0.1920 -0.5681 0.8002
vn -0.1784 -0.6990 0.6926
vn -0.2305 -0.4246 0.8756
vn -0.4423 -0.4658 0.7664
vn -0.4242 -0.6246 0.6556
vn -0.3927 -0.7615 0.5157
vn -0.1412 -0.8261 0.5455
vn -0.1360 -0.8957 0.4233
vn -0.0279 -0.9034 0.4279
vn -0.3786 -0.8467 0.3738
vn -0.1156 -0.9375 0.3283
vn -0.1122 -0.9581 0.2635
vn -0.1062 -0.9824 0.1537
vn -0.1036 -0.9716 0.2129
vn -0.3552 -0.9299 0.0952
vn -0.4676 -0.3249 0.8221
vn -0.2331 -0.3353 0.9128
vn -0.1881 -0.2779 0.9420
vn -0.3037 -0.1971 0.9321
vn -0.2955 -0.0917 0.9509
vn -0.1880 -0.1909 0.9634
vn -0.2648 0.0137 0.9642
vn -0.1824 -0.1331 0.9742
vn -0.1830 0.0090 0.9831
vn -0.1331 -0.1679 0.9768
vn -0.1323 -0.0653 0.9891
vn -0.1660 0.0631 0.9841
vn -0.1414 0.3396 0.9299
vn -0.2076 0.3370 0.9183
vn -0.1339 0.0697 0.9885
vn -0.2975 0.3338 0.8945
vn -0.1073 0.0276 0.9938
vn -0.1086 -0.1513 0.9825
vn -0.1133 -0.2466 0.9625
vn -0.1317 -0.2439 0.9608
vn -0.1280 -0.3197 0.9388
vn -0.1093 -0.3379 0.9348
vn -0.1188 -0.4107 0.9040
vn -0.1003 -0.4390 0.8929
vn -0.0793 -0.4653 0.8816
vn -0.0615 -0.3679 0.9278
vn -0.0865 -0.3577 0.9298
vn -0.0579 -0.4830 0.8737
vn -0.0382 -0.4913 0.8701
vn -0.0392 -0.3703 0.9281
vn -0.0387 -0.2671 0.9629
vn -0.0888 -0.2661 0.9598
vn -0.0618 -0.2723 0.9602
vn -0.0607 -0.2144 0.9749
vn -0.0872 -0.1753 0.9806
vn -0.0573 -0.1464 0.9876
vn -0.0363 -0.1804 0.9829
vn -0.0272 -0.2154 0.9761
vn -0.0250 -0.1720 0.9848
vn -0.0228 -0.2811 0.9594
vn -0.0266 -0.3725 0.9276
vn -0.0267 -0.4956 0.8681
vn -0.0163 -0.5008 0.8654
vn -0.0142 -0.3922 0.9198
vn -0.0061 -0.3983 0.9172
vn -0.0083 -0.3032 0.9529
vn -0.0068 -0.5151 0.8571
vn -0.0163 -0.2951 0.9553
vn -0.0181 -0.2315 0.9727
vn -0.0190 -0.1736 0.9846
vn -0.0096 -0.1757 0.9844
vn -0.0091 -0.2375 0.9713
vn -0.0000 -0.2397 0.9708
vn 0.0096 -0.1757 0.9844
vn -0.0000 -0.1779 0.9840
vn 0.0092 -0.2377 0.9713
vn 0.0083 -0.3032 0.9529
vn -0.0000 -0.3058 0.9521
vn -0.0000 -0.4006 0.9163
vn 0.0081 -0.5175 0.8556
vn 0.0061 -0.3984 0.9172
vn -0.0011 -0.5204 0.8539
vn 0.0143 -0.3923 0.9197
vn 0.0163 -0.2950 0.9554
vn 0.0241 -0.2806 0.9595
vn 0.0164 -0.5024 0.8645
vn 0.0263 -0.3715 0.9280
vn 0.0102 -0.6444 0.7646
vn 0.0029 -0.7707 0.6372
vn 0.0105 -0.7639 0.6452
vn 0.0005 -0.6548 0.7558
vn 0.0216 -0.6325 0.7743
vn 0.0148 -0.7530 0.6579
vn 0.0261 -0.7427 0.6692
vn 0.0268 -0.4956 0.8682
vn 0.0383 -0.4913 0.8702
vn 0.0336 -0.6217 0.7825
vn 0.0386 -0.7247 0.6880
vn 0.0499 -0.6063 0.7936
vn 0.0131 -0.8397 0.5429
vn 0.0269 -0.8228 0.5676
vn 0.0110 -0.8973 0.4412
vn 0.0110 -0.9281 0.3721
vn 0.0182 -0.8906 0.4544
vn 0.0041 -0.9328 0.3605
vn 0.0012 -0.9530 0.3029
vn 0.0055 -0.9509 0.3094
vn 0.0033 -0.9055 0.4243
vn 0.0009 -0.9665 0.2568
vn 0.0048 -0.9650 0.2620
vn 0.0012 -0.9773 0.2119
vn 0.0014 -0.9856 0.1690
vn 0.0050 -0.9743 0.2250
vn -0.0002 -0.9865 0.1637
vn 0.0392 -0.9926 0.1152
vn 0.1044 -0.9923 0.0665
vn 0.0991 -0.9941 0.0431
vn 0.0448 -0.9988 0.0200
vn -0.0011 -0.9999 0.0148
vn -0.0002 -0.9999 -0.0168
vn 0.1044 -0.9943 0.0216
vn 0.0002 -0.9865 0.1636
vn 0.0002 -0.9771 0.2126
vn -0.0014 -0.9665 0.2568
vn -0.0006 -0.9672 0.2541
vn -0.0009 -0.9069 0.4212
vn 0.0001 -0.9367 0.3501
vn 0.0054 -0.8492 0.5280
vn -0.0001 -0.8545 0.5194
vn -0.0033 -0.7692 0.6390
vn -0.0040 -0.8512 0.5248
vn -0.0081 -0.6492 0.7606
vn -0.0042 -0.9032 0.4292
vn -0.0105 -0.8435 0.5371
vn -0.0117 -0.7593 0.6506
vn -0.0126 -0.6411 0.7673
vn -0.0219 -0.6338 0.7731
vn -0.0252 -0.7416 0.6704
vn -0.0336 -0.6217 0.7825
vn -0.0175 -0.8346 0.5506
vn -0.0042 -0.9331 0.3597
vn -0.0015 -0.9532 0.3023
vn -0.0012 -0.9366 0.3504
vn 0.0003 -0.9549 0.2969
vn -0.0035 -0.9995 -0.0314
vn -0.0015 -1.0000 0.0032
vn -0.0010 -0.9999 -0.0148
vn -0.0035 -1.0000 -0.0088
vn 0.0413 -0.9991 -0.0018
vn 0.1085 -0.9934 -0.0384
vn 0.0547 -0.9985 0.0047
vn 0.1454 -0.9893 -0.0096
vn 0.1523 -0.9840 0.0920
vn 0.1061 -0.9824 0.1537
vn 0.3531 -0.9234 0.1504
vn 0.1036 -0.9714 0.2138
vn 0.3551 -0.9300 0.0952
vn 0.3609 -0.9316 0.0437
vn 0.3613 -0.8931 0.2680
vn 0.1155 -0.9372 0.3292
vn 0.1116 -0.9582 0.2633
vn 0.3584 -0.9115 0.2019
vn 0.1364 -0.8958 0.4229
vn 0.0301 -0.9030 0.4286
vn 0.1413 -0.8262 0.5453
vn 0.1779 -0.7014 0.6902
vn 0.0602 -0.7370 0.6732
vn 0.1905 -0.5644 0.8032
vn 0.2375 -0.4295 0.8713
vn 0.1162 -0.4860 0.8662
vn 0.4763 -0.2064 0.8547
vn 0.2328 -0.3375 0.9121
vn 0.4675 -0.3249 0.8221
vn 0.4423 -0.4659 0.7663
vn 0.3042 -0.1974 0.9319
vn 0.1878 -0.2784 0.9419
vn 0.4711 0.0891 0.8776
vn 0.2955 -0.0918 0.9509
vn 0.4875 -0.0712 0.8702
vn 0.1873 -0.1901 0.9637
vn 0.2645 0.0138 0.9643
vn 0.1730 -0.1308 0.9762
vn 0.1878 0.0122 0.9821
vn 0.1342 -0.0630 0.9890
vn 0.1298 -0.1657 0.9776
vn 0.1674 0.0495 0.9846
vn 0.1087 -0.1517 0.9824
vn 0.1068 0.0279 0.9939
vn 0.1349 0.0693 0.9884
vn 0.0846 -0.0783 0.9933
vn 0.0586 0.0183 0.9981
vn 0.0571 -0.1475 0.9874
vn 0.0877 -0.1763 0.9804
vn 0.0854 0.0642 0.9943
vn 0.0347 0.3867 0.9215
vn 0.0385 0.0502 0.9980
vn 0.0587 0.3617 0.9304
vn 0.0792 0.3630 0.9284
vn 0.0380 -0.0912 0.9951
vn 0.0301 0.0468 0.9985
vn 0.0281 -0.0923 0.9953
vn 0.0367 -0.1809 0.9828
vn 0.0250 -0.1721 0.9848
vn 0.0196 0.0475 0.9987
vn 0.0193 -0.0939 0.9954
vn 0.0191 -0.1736 0.9846
vn 0.0104 -0.0915 0.9957
vn 0.0104 0.0482 0.9988
vn -0.0000 0.0442 0.9990
vn 0.0001 -0.0966 0.9953
vn -0.0104 -0.0915 0.9958
vn -0.0104 0.0482 0.9988
vn -0.0196 0.0477 0.9987
vn -0.0195 -0.0936 0.9954
vn -0.0087 0.3741 0.9274
vn -0.0198 0.3771 0.9260
vn -0.0235 0.3582 0.9334
vn -0.0309 0.0471 0.9984
vn -0.0270 -0.0921 0.9954
vn -0.0382 -0.0909 0.9951
vn -0.0578 0.0191 0.9981
vn -0.0385 0.0502 0.9980
vn -0.0847 -0.0783 0.9933
vn -0.0854 0.0642 0.9943
vn -0.0000 0.3535 0.9354
vn 0.0087 0.3740 0.9274
vn 0.0112 0.7440 0.6681
vn 0.0213 0.3783 0.9254
vn 0.0239 0.3573 0.9337
vn 0.0211 0.7527 0.6580
vn 0.0354 0.7461 0.6650
vn 0.0144 0.9475 0.3193
vn 0.0074 0.9521 0.3056
vn 0.0052 0.9891 0.1468
vn 0.0099 0.9946 0.1034
vn -0.0061 0.9927 -0.1205
vn -0.0464 0.7137 -0.6990
vn -0.0265 0.7005 -0.7132
vn -0.0242 0.6356 -0.7717
vn -0.0110 0.9940 -0.1093
vn -0.0729 0.7490 -0.6586
vn -0.0549 0.7482 -0.6612
vn 0.0593 0.9918 0.1132
vn 0.0304 0.9932 -0.1126
vn 0.1793 0.9786 -0.1014
vn 0.0447 0.7816 -0.6221
vn -0.0448 0.7726 -0.6333
vn 0.2070 0.9700 0.1275
vn 0.3851 0.9164 0.1093
vn 0.3480 0.9339 -0.0823
vn 0.5540 0.8321 -0.0260
vn 0.3385 0.7561 -0.5600
vn 0.1819 0.7765 -0.6033
vn 0.7216 0.6870 -0.0855
vn 0.8424 0.5308 -0.0929
vn 0.5246 0.5845 -0.6190
vn 0.4439 0.6520 -0.6148
vn 0.8915 0.4398 -0.1082
vn 0.9287 0.3545 -0.1087
vn 0.5877 0.5330 -0.6087
vn 0.5543 0.5374 -0.6356
vn 0.9309 0.3456 0.1187
vn 0.9651 0.2313 0.1229
vn 0.9812 0.1610 0.1062
vn 0.9437 0.3121 -0.1097
vn 0.9606 0.2610 -0.0952
vn 0.6274 0.6066 -0.4883
vn 0.6025 0.5579 -0.5708
vn 0.9936 0.0640 0.0936
vn 0.9995 -0.0040 0.0306
vn 0.9674 0.2241 -0.1175
vn 0.9724 0.1517 -0.1773
vn 0.6642 0.6457 -0.3767
vn 0.6451 0.6440 -0.4113
vn 0.9664 0.1180 -0.2283
vn 0.9699 0.0837 -0.2284
vn 0.5991 0.7209 -0.3485
vn 0.6715 0.6441 -0.3663
vn 0.9717 0.0982 -0.2148
vn 0.6147 0.7408 -0.2708
vn 0.6359 0.7124 -0.2968
vn 0.9751 -0.1284 -0.1808
vn 0.9766 -0.1429 -0.1609
vn 0.9680 0.1286 -0.2153
vn 0.7123 0.6694 -0.2110
vn 0.5611 0.8014 -0.2070
vn 0.9778 -0.0535 -0.2027
vn 0.9695 0.1295 -0.2083
vn 0.6168 0.7677 -0.1741
vn 0.5630 0.8084 -0.1716
vn 0.6531 0.7414 -0.1546
vn 0.6397 0.7543 -0.1475
vn 0.9564 0.1895 -0.2222
vn 0.6788 0.7160 -0.1629
vn 0.6723 0.7119 -0.2030
vn 0.9430 0.1755 -0.2829
vn 0.8992 0.1784 -0.3995
vn 0.6466 0.7103 -0.2782
vn 0.5974 0.7025 -0.3868
vn 0.8152 0.1700 -0.5537
vn 0.6831 0.1538 -0.7140
vn 0.5123 0.6879 -0.5141
vn 0.3862 0.6877 -0.6147
vn 0.5004 0.1371 -0.8549
vn 0.3099 0.1545 -0.9381
vn 0.2360 0.7077 -0.6660
vn 0.1071 0.7220 -0.6835
vn 0.0262 0.1919 -0.9811
vn 0.0297 0.7617 -0.6472
vn 0.1387 0.1526 -0.9785
vn 0.0004 0.7277 -0.6859
vn 0.0318 -0.0494 -0.9983
vn -0.0294 -0.0477 -0.9984
vn -0.0329 -0.1604 -0.9865
vn 0.0301 -0.1664 -0.9856
vn -0.0000 -0.3663 -0.9305
vn -0.0264 -0.3542 -0.9348
vn -0.0000 -0.6942 -0.7197
vn -0.1383 0.1543 -0.9783
vn -0.0316 0.1665 -0.9855
vn -0.3099 0.1543 -0.9381
vn -0.2360 0.7077 -0.6660
vn -0.1068 0.7219 -0.6837
vn -0.3862 0.6877 -0.6147
vn -0.5038 0.1402 -0.8524
vn -0.6864 0.1502 -0.7115
vn -0.5123 0.6880 -0.5141
vn -0.0233 0.7310 -0.6820
vn -0.0005 0.6923 -0.7216
vn -0.0001 0.6906 -0.7232
vn -0.0000 -0.9213 -0.3889
vn 0.0019 -0.9829 -0.1842
vn 0.0002 -0.9958 -0.0919
vn 0.0090 -0.9220 -0.3872
vn 0.0200 -0.6921 -0.7215
vn 0.0284 -0.3582 -0.9332
vn 0.1263 -0.3475 -0.9291
vn 0.0925 -0.6889 -0.7189
vn 0.1365 -0.1150 -0.9839
vn 0.2877 -0.3221 -0.9019
vn 0.3077 -0.0951 -0.9467
vn 0.5060 -0.0852 -0.8583
vn 0.3829 -0.6380 -0.6681
vn 0.2178 -0.6697 -0.7100
vn 0.4818 -0.2953 -0.8250
vn 0.2972 -0.8979 -0.3248
vn 0.2034 -0.9049 -0.3738
vn 0.5340 -0.6290 -0.5650
vn 0.6628 -0.2797 -0.6946
vn 0.1052 -0.9185 -0.3813
vn 0.6899 -0.0659 -0.7209
vn 0.8256 -0.0742 -0.5594
vn 0.7875 -0.2982 -0.5394
vn 0.6225 -0.6519 -0.4330
vn 0.9099 -0.0675 -0.4092
vn 0.9536 -0.0799 -0.2903
vn 0.9745 -0.0128 -0.2241
vn 0.9666 -0.1350 -0.2178
vn 0.9739 -0.0992 -0.2040
vn 0.9162 -0.3603 -0.1754
vn 0.9184 -0.3390 -0.2040
vn 0.7019 -0.6786 -0.2164
vn 0.9062 -0.3196 -0.2769
vn 0.7217 -0.6789 -0.1355
vn 0.7092 -0.6872 -0.1575
vn 0.3705 -0.9258 -0.0756
vn 0.1553 -0.9876 -0.0243
vn 0.3621 -0.9252 -0.1134
vn 0.3722 -0.9269 -0.0479
vn 0.3474 -0.9218 -0.1721
vn 0.1027 -0.9926 -0.0646
vn 0.6723 -0.6705 -0.3138
vn 0.3380 -0.9087 -0.2452
vn 0.1440 -0.9827 -0.1162
vn 0.0603 -0.9953 -0.0757
vn 0.0699 -0.9882 -0.1364
vn 0.1366 -0.9790 -0.1511
vn 0.0296 -0.9892 -0.1434
vn 0.0144 -0.9829 -0.1835
vn -0.0015 -0.9998 -0.0215
vn 0.0432 -0.9210 -0.3873
vn 0.8658 -0.3082 -0.3943
vn 0.3773 -0.9252 -0.0419
vn 0.6857 -0.7200 -0.1072
vn 0.3619 -0.9321 -0.0138
vn 0.9650 -0.1802 -0.1907
vn 0.9205 -0.3646 -0.1406
vn 0.9164 -0.3684 -0.1567
vn 0.7026 -0.7067 -0.0837
vn 0.7020 -0.7103 -0.0523
vn 0.3550 -0.9348 0.0091
vn 0.7024 -0.7116 -0.0146
vn 0.7037 -0.7100 0.0260
vn 0.9211 -0.3766 -0.0987
vn 0.9191 -0.3751 -0.1210
vn 0.9671 -0.1988 -0.1584
vn 0.9823 -0.1285 -0.1360
vn 0.9319 -0.3605 -0.0403
vn 0.9225 -0.3776 -0.0805
vn 0.7068 -0.7045 0.0646
vn 0.7153 -0.6877 0.1239
vn 0.7321 -0.6391 0.2358
vn 0.3931 -0.7614 0.5156
vn 0.3786 -0.8467 0.3738
vn 0.7507 -0.5425 0.3770
vn 0.9606 -0.2214 0.1680
vn 0.9475 -0.3148 0.0558
vn 0.9943 -0.0901 -0.0577
vn 0.9543 -0.0007 0.2987
vn 0.9598 -0.1168 0.2551
vn 0.7649 -0.4065 0.4998
vn 0.7718 -0.2544 0.5827
vn 0.4242 -0.6246 0.6557
vn 0.7739 -0.1155 0.6227
vn 0.7695 0.0161 0.6384
vn 0.9179 0.2268 0.3255
vn 0.9395 0.1084 0.3248
vn 0.8774 0.4612 0.1324
vn 0.7575 0.6426 0.1149
vn 0.7694 0.5606 0.3062
vn 0.8689 0.3711 0.3277
vn 0.7473 0.1693 0.6425
vn 0.6871 0.3710 0.6248
vn 0.5577 0.5890 0.5849
vn 0.2975 0.3338 0.8945
vn 0.4080 0.2652 0.8736
vn 0.3880 0.6910 0.6099
vn 0.4020 0.8683 0.2905
vn 0.5879 0.7756 0.2298
vn 0.0909 0.9402 0.3284
vn 0.2312 0.9168 0.3257
vn 0.2418 0.7090 0.6624
vn 0.1282 0.7256 0.6761
vn 0.1413 0.3398 0.9298
vn 0.2076 0.3370 0.9183
vn 0.0744 0.7552 0.6513
vn 0.1035 0.3519 0.9303
vn 0.0511 0.7648 0.6423
vn 0.0284 0.9503 0.3102
vn -0.0185 0.7303 -0.6829
vn -0.0114 0.7782 -0.6279
vn 0.0182 -0.2314 0.9727
vn 0.0280 -0.2161 0.9760
vn 0.0388 -0.2672 0.9629
vn 0.0395 -0.3698 0.9283
vn 0.0615 -0.3679 0.9278
vn 0.0618 -0.2722 0.9603
vn 0.0607 -0.2144 0.9749
vn 0.0579 -0.4830 0.8737
vn 0.0793 -0.4653 0.8816
vn 0.0866 -0.3577 0.9298
vn 0.0887 -0.2663 0.9598
vn 0.1092 -0.3378 0.9349
vn 0.1125 -0.2470 0.9625
vn 0.1317 -0.2439 0.9608
vn 0.1280 -0.3198 0.9388
vn 0.1184 -0.4108 0.9040
vn 0.1003 -0.4390 0.8929
vn 0.0852 -0.5524 0.8292
vn 0.1012 -0.5170 0.8500
vn 0.0785 -0.6392 0.7650
vn 0.0664 -0.6730 0.7366
vn 0.0472 -0.7855 0.6171
vn 0.0352 -0.8529 0.5210
vn 0.0192 -0.9163 0.4001
vn 0.0251 -0.8807 0.4730
vn 0.0376 -0.8062 0.5905
vn 0.0098 -0.9471 0.3207
vn 0.0155 -0.9414 0.3370
vn 0.0087 -0.9617 0.2741
vn 0.0527 -0.7024 0.7098
vn 0.0674 -0.5834 0.8094
vn -0.1032 0.3519 0.9303
vn -0.4080 0.2652 0.8736
vn 0.1386 0.9887 -0.0571
vn 0.1381 0.9877 -0.0734
vn 0.6755 0.7157 -0.1772
vn 0.6746 0.7202 -0.1622
vn 0.6779 0.7187 -0.1544
vn 0.1383 0.9893 -0.0462
vn 0.1426 0.9887 -0.0455
vn 0.6788 0.7160 -0.1630
vn 0.6724 0.7118 -0.2031
vn 0.1523 0.9873 -0.0452
vn 0.1361 0.9895 -0.0482
vn 0.6465 0.7104 -0.2781
vn 0.5962 0.7028 -0.3881
vn 0.1329 0.9890 -0.0650
vn 0.1376 0.9849 -0.1049
vn 0.4962 0.7040 -0.5080
vn 0.3688 0.7119 -0.5977
vn 0.1304 0.9807 -0.1460
vn 0.0655 0.9904 -0.1220
vn 0.2349 0.7093 -0.6646
vn 0.1063 0.7219 -0.6837
vn 0.0073 0.9932 -0.1164
vn 0.0275 0.9924 -0.1201
vn 0.0228 0.7241 -0.6893
vn 0.0032 0.9990 0.0451
vn -0.0003 0.9933 -0.1151
vn -0.0000 0.7149 -0.6992
vn 0.0002 0.9988 0.0500
vn -0.0065 0.9930 -0.1177
vn -0.0236 0.7247 -0.6886
vn -0.1063 0.7219 -0.6837
vn -0.0348 0.9923 -0.1185
vn -0.0687 0.9880 -0.1385
vn -0.0058 0.9990 0.0434
vn -0.3689 0.7118 -0.5977
vn -0.1292 0.9807 -0.1469
vn -0.2349 0.7093 -0.6646
vn -0.1470 0.9818 -0.1203
vn -0.5962 0.7028 -0.3881
vn -0.1317 0.9891 -0.0661
vn -0.4962 0.7041 -0.5080
vn -0.1364 0.9895 -0.0482
vn -0.6724 0.7118 -0.2030
vn -0.1523 0.9873 -0.0454
vn -0.1443 0.9887 -0.0412
vn -0.6788 0.7160 -0.1629
vn -0.6779 0.7188 -0.1544
vn -0.1383 0.9893 -0.0458
vn -0.1383 0.9887 -0.0572
vn -0.6746 0.7201 -0.1622
vn -0.6755 0.7157 -0.1772
vn -0.1375 0.9878 -0.0733
vn -0.1393 0.9858 -0.0942
vn -0.6776 0.7094 -0.1939
vn -0.6798 0.7036 -0.2069
vn -0.1391 0.9835 -0.1158
vn -0.1361 0.9793 -0.1496
vn -0.6851 0.6926 -0.2258
vn -0.6809 0.6837 -0.2624
vn -0.1373 0.9699 -0.2010
vn -0.1355 0.9569 -0.2570
vn -0.6756 0.6702 -0.3071
vn -0.6756 0.6539 -0.3406
vn -0.1334 0.9408 -0.3115
vn -0.1317 0.9219 -0.3643
vn -0.6688 0.6447 -0.3703
vn -0.6589 0.6468 -0.3840
vn -0.1196 0.8898 -0.4403
vn -0.1035 0.8296 -0.5487
vn -0.6450 0.6441 -0.4113
vn -0.6100 0.6116 -0.5039
vn -0.0653 0.7311 -0.6792
vn -0.0315 0.5886 -0.8078
vn -0.6024 0.5579 -0.5708
vn -0.5749 0.5253 -0.6273
vn 0.0032 0.4932 -0.8699
vn 0.0192 0.4137 -0.9102
vn -0.5542 0.5374 -0.6357
vn -0.5159 0.5754 -0.6347
vn 0.0221 0.3712 -0.9283
vn 0.0389 0.3600 -0.9321
vn -0.4437 0.6520 -0.6148
vn -0.3216 0.7378 -0.5935
vn 0.0470 0.3461 -0.9370
vn 0.0849 0.3021 -0.9495
vn -0.1818 0.7765 -0.6033
vn -0.0448 0.7757 -0.6295
vn 0.1017 0.2741 -0.9563
vn 0.1088 0.2554 -0.9607
vn 0.0448 0.7726 -0.6334
vn 0.0684 0.7703 -0.6340
vn 0.1067 0.2557 -0.9609
vn 0.0834 0.2527 -0.9639
vn 0.0575 0.7606 -0.6467
vn 0.0421 0.7478 -0.6625
vn 0.0571 0.2477 -0.9672
vn 0.0389 0.2486 -0.9678
vn 0.0270 0.7423 -0.6695
vn 0.0210 0.7702 -0.6374
vn 0.0296 0.2279 -0.9732
vn 0.0140 0.7741 -0.6329
vn 0.0129 0.7405 -0.6719
vn 0.0214 0.2470 -0.9688
vn 0.0103 0.2495 -0.9683
vn 0.0073 0.7412 -0.6713
vn -0.0000 0.7418 -0.6707
vn -0.0103 0.2492 -0.9684
vn -0.0020 0.2542 -0.9671
vn -0.0073 0.7411 -0.6714
vn -0.0105 0.1204 -0.9927
vn 0.0016 0.1558 -0.9878
vn 0.0105 0.1206 -0.9926
vn 0.0246 0.1495 -0.9884
vn 0.0207 0.1473 -0.9889
vn 0.0362 0.1196 -0.9922
vn 0.0377 0.1810 -0.9828
vn 0.0619 0.1883 -0.9802
vn 0.0578 0.1193 -0.9912
vn 0.0869 0.1850 -0.9789
vn 0.0863 0.1091 -0.9903
vn 0.1088 0.1097 -0.9880
vn 0.1136 0.1823 -0.9767
vn 0.1361 0.1524 -0.9789
vn 0.1533 0.1631 -0.9746
vn 0.1486 0.1137 -0.9823
vn 0.1216 0.1031 -0.9872
vn 0.1651 0.2135 -0.9629
vn 0.1567 0.3628 -0.9186
vn 0.1611 0.2902 -0.9433
vn 0.1107 0.5764 -0.8096
vn 0.1446 0.4504 -0.8810
vn 0.1161 0.4798 -0.8697
vn 0.0796 0.6385 -0.7655
vn 0.1204 0.4068 -0.9056
vn 0.1026 0.5131 -0.8522
vn 0.1298 0.3166 -0.9396
vn 0.1090 0.3371 -0.9351
vn 0.1004 0.4368 -0.8939
vn 0.0857 0.5505 -0.8304
vn 0.0663 0.6737 -0.7360
vn 0.0524 0.7043 -0.7080
vn 0.0791 0.4639 -0.8823
vn 0.0672 0.5829 -0.8098
vn 0.0495 0.6063 -0.7937
vn 0.0864 0.3558 -0.9306
vn 0.0576 0.4820 -0.8743
vn 0.0614 0.3659 -0.9286
vn 0.0888 0.2657 -0.9600
vn 0.1128 0.2570 -0.9598
vn 0.0614 0.2687 -0.9613
vn 0.1330 0.2419 -0.9612
vn 0.0389 0.2652 -0.9634
vn 0.0238 0.2796 -0.9598
vn 0.0254 0.3712 -0.9282
vn 0.0394 0.3672 -0.9293
vn 0.0271 0.2123 -0.9768
vn 0.0185 0.2268 -0.9738
vn 0.0163 0.2941 -0.9556
vn 0.0143 0.3909 -0.9203
vn 0.0168 0.5012 -0.8652
vn 0.0084 0.5180 -0.8554
vn 0.0102 0.6473 -0.7622
vn 0.0215 0.6345 -0.7726
vn 0.0281 0.4938 -0.8691
vn 0.0382 0.4901 -0.8708
vn 0.0333 0.6220 -0.7823
vn 0.0248 0.7434 -0.6684
vn 0.0124 0.7609 -0.6488
vn 0.0107 0.8459 -0.5333
vn 0.0155 0.8363 -0.5481
vn 0.0270 0.8261 -0.5629
vn 0.0380 0.7263 -0.6863
vn 0.0370 0.8088 -0.5868
vn 0.0242 0.8826 -0.4694
vn 0.0132 0.8964 -0.4430
vn 0.0041 0.9336 -0.3582
vn 0.0112 0.9291 -0.3696
vn 0.0045 0.9037 -0.4281
vn 0.0007 0.9078 -0.4194
vn 0.0011 0.9372 -0.3487
vn 0.0039 0.8532 -0.5216
vn 0.0036 0.7698 -0.6383
vn -0.0002 0.8557 -0.5174
vn -0.0014 0.9077 -0.4196
vn -0.0010 0.9372 -0.3489
vn -0.0003 0.9537 -0.3006
vn 0.0007 0.9537 -0.3007
vn 0.0004 0.9673 -0.2538
vn 0.0008 0.9663 -0.2573
vn 0.0043 0.9514 -0.3079
vn 0.0047 0.9651 -0.2619
vn 0.0085 0.9618 -0.2736
vn 0.0096 0.9476 -0.3193
vn 0.0056 0.9743 -0.2250
vn 0.0011 0.9772 -0.2124
vn -0.0002 0.9866 -0.1633
vn 0.0014 0.9857 -0.1686
vn -0.0002 0.9772 -0.2125
vn 0.0121 0.9927 -0.1201
vn -0.0121 0.9927 -0.1201
vn -0.0062 0.9962 -0.0864
vn 0.0062 0.9962 -0.0864
vn -0.0008 0.9864 -0.1642
vn -0.0063 0.9996 -0.0264
vn 0.0064 0.9996 -0.0266
vn 0.0069 0.9991 -0.0427
vn -0.0107 0.9998 -0.0138
vn 0.0108 0.9998 -0.0140
vn 0.0063 0.9980 -0.0630
vn -0.0062 0.9980 -0.0630
vn 0.0088 0.9847 -0.1742
vn 0.0150 0.9592 -0.2823
vn 0.0162 0.9420 -0.3351
vn 0.0189 0.9175 -0.3973
vn 0.0281 0.9050 -0.4245
vn 0.0367 0.8549 -0.5175
vn 0.0475 0.7879 -0.6140
vn 0.0611 0.7336 -0.6768
vn 0.0515 0.8326 -0.5515
vn 0.0102 0.9999 -0.0053
vn 0.0148 0.9996 0.0251
vn 0.0095 0.9999 0.0070
vn 0.0013 0.9997 0.0241
vn -0.0029 1.0000 0.0088
vn -0.0035 0.9995 0.0323
vn -0.0011 0.9999 0.0146
vn -0.0011 1.0000 -0.0029
vn -0.0001 0.9999 0.0168
vn 0.0002 0.9993 0.0361
vn 0.0012 1.0000 -0.0032
vn 0.0012 0.9999 0.0145
vn 0.0035 0.9995 0.0314
vn 0.0033 1.0000 0.0090
vn -0.0017 0.9997 0.0237
vn -0.0098 0.9999 0.0066
vn -0.0131 0.9997 0.0223
vn -0.0100 0.9999 -0.0054
vn -0.0011 0.9773 -0.2119
vn -0.0005 0.9664 -0.2570
vn -0.0041 0.9337 -0.3581
vn -0.0050 0.9514 -0.3078
vn -0.0050 0.9037 -0.4281
vn -0.0042 0.8520 -0.5235
vn -0.0129 0.8426 -0.5384
vn -0.0017 0.7708 -0.6371
vn -0.0088 0.7647 -0.6443
vn -0.0071 0.6511 -0.7590
vn 0.0015 0.6560 -0.7548
vn -0.0071 0.5150 -0.8571
vn -0.0011 0.5209 -0.8536
vn 0.0001 0.3996 -0.9167
vn -0.0049 0.3980 -0.9174
vn -0.0142 0.3910 -0.9203
vn -0.0162 0.4998 -0.8660
vn -0.0267 0.4942 -0.8690
vn -0.0209 0.6330 -0.7739
vn -0.0143 0.6427 -0.7660
vn -0.0261 0.3709 -0.9283
vn -0.0245 0.2791 -0.9599
vn -0.0185 0.2268 -0.9738
vn -0.0279 0.2126 -0.9767
vn -0.0163 0.2941 -0.9556
vn -0.0389 0.2653 -0.9634
vn -0.0388 0.1807 -0.9828
vn -0.0616 0.1890 -0.9800
vn -0.0614 0.2687 -0.9613
vn -0.0614 0.3659 -0.9286
vn -0.0394 0.3672 -0.9293
vn -0.0382 0.4901 -0.8708
vn -0.0333 0.6221 -0.7823
vn -0.0576 0.4820 -0.8743
vn -0.0496 0.6063 -0.7937
vn -0.0791 0.4640 -0.8823
vn -0.1004 0.4368 -0.8939
vn -0.0853 0.5507 -0.8303
vn -0.0672 0.5829 -0.8098
vn -0.1094 0.3374 -0.9350
vn -0.0864 0.3558 -0.9306
vn -0.0889 0.2654 -0.9600
vn -0.1128 0.2571 -0.9598
vn -0.1137 0.1823 -0.9766
vn -0.0863 0.1844 -0.9790
vn -0.1330 0.2419 -0.9612
vn -0.1366 0.1532 -0.9787
vn -0.0594 0.1197 -0.9910
vn -0.0865 0.1091 -0.9903
vn -0.1101 0.1085 -0.9880
vn -0.0380 0.1204 -0.9920
vn -0.0246 0.1494 -0.9885
vn -0.0188 0.1471 -0.9889
vn -0.0096 0.2000 -0.9797
vn 0.0006 0.2372 -0.9714
vn 0.0102 0.2001 -0.9797
vn 0.0083 0.2983 -0.9544
vn -0.0000 0.3053 -0.9523
vn 0.0060 0.3974 -0.9176
vn -0.0082 0.2984 -0.9544
vn -0.0218 0.2485 -0.9684
vn -0.0283 0.2293 -0.9729
vn -0.0389 0.2487 -0.9678
vn -0.0421 0.7479 -0.6625
vn -0.0571 0.2473 -0.9673
vn -0.0270 0.7423 -0.6695
vn -0.0210 0.7703 -0.6374
vn -0.0836 0.2528 -0.9639
vn -0.0684 0.7703 -0.6341
vn -0.1009 0.2579 -0.9609
vn -0.0575 0.7605 -0.6468
vn -0.1253 0.1003 -0.9870
vn -0.1108 0.2576 -0.9599
vn 0.0448 0.7756 -0.6296
vn -0.0980 0.2662 -0.9589
vn -0.0448 0.7726 -0.6334
vn -0.1468 0.1150 -0.9825
vn -0.0776 0.2967 -0.9518
vn 0.3215 0.7377 -0.5936
vn -0.0233 0.3599 -0.9327
vn 0.1818 0.7765 -0.6033
vn -0.1532 0.1621 -0.9748
vn -0.1629 0.2129 -0.9634
vn -0.0312 0.3420 -0.9392
vn 0.5160 0.5753 -0.6347
vn -0.0127 0.3715 -0.9283
vn 0.4438 0.6520 -0.6148
vn -0.1561 0.3602 -0.9197
vn -0.1612 0.2897 -0.9434
vn -0.0140 0.4121 -0.9110
vn 0.5748 0.5253 -0.6274
vn -0.0006 0.4901 -0.8717
vn 0.5543 0.5373 -0.6356
vn -0.1096 0.5764 -0.8098
vn -0.1446 0.4504 -0.8810
vn 0.0350 0.5838 -0.8111
vn 0.6099 0.6116 -0.5040
vn 0.0638 0.7277 -0.6829
vn 0.1078 0.8229 -0.5579
vn -0.0521 0.8327 -0.5513
vn 0.6589 0.6468 -0.3840
vn 0.1193 0.8875 -0.4451
vn 0.6756 0.6539 -0.3406
vn 0.1332 0.9408 -0.3118
vn 0.1293 0.9208 -0.3681
vn 0.6688 0.6446 -0.3703
vn 0.6809 0.6837 -0.2624
vn 0.1381 0.9697 -0.2014
vn 0.1355 0.9568 -0.2573
vn 0.6756 0.6702 -0.3071
vn 0.1360 0.9793 -0.1496
vn 0.6798 0.7036 -0.2069
vn 0.1388 0.9834 -0.1165
vn 0.6851 0.6926 -0.2258
vn 0.1393 0.9858 -0.0942
vn -0.0073 0.9848 -0.1735
vn -0.0056 0.9744 -0.2249
vn -0.0048 0.9651 -0.2619
vn -0.0109 0.9291 -0.3696
vn -0.0144 0.8963 -0.4433
vn -0.0266 0.8262 -0.5627
vn -0.0241 0.8825 -0.4696
vn -0.0371 0.8088 -0.5870
vn -0.0466 0.7879 -0.6140
vn -0.0372 0.8549 -0.5175
vn -0.0192 0.9173 -0.3977
vn -0.0652 0.7358 -0.6741
vn -0.0820 0.6378 -0.7659
vn -0.0663 0.6737 -0.7360
vn -0.0523 0.7040 -0.7083
vn -0.0381 0.7263 -0.6863
vn -0.0257 0.7445 -0.6671
vn -0.0144 0.7550 -0.6556
vn -0.1026 0.5131 -0.8522
vn -0.1162 0.4798 -0.8697
vn -0.0280 0.9049 -0.4247
vn -0.0162 0.9421 -0.3351
vn -0.0150 0.9592 -0.2823
vn -0.0085 0.9618 -0.2736
vn -0.0096 0.9476 -0.3193
vn -0.1204 0.4068 -0.9056
vn -0.1297 0.3166 -0.9396
vn -0.0070 0.9991 -0.0427
vn 0.6775 0.7095 -0.1940
vn -0.0140 0.7742 -0.6328
vn -0.0128 0.7405 -0.6719
vn 0.0100 -0.4072 0.9133
vn 0.0091 -0.5532 0.8330
vn 0.0154 -0.5571 0.8303
vn 0.0178 -0.4073 0.9131
vn 0.0231 -0.4066 0.9133
vn 0.0071 -0.6991 0.7149
vn 0.0252 -0.5584 0.8292
vn 0.0167 -0.6963 0.7175
vn 0.0098 -0.8271 0.5620
vn -0.0003 -0.6960 0.7181
vn -0.0001 -0.8301 0.5575
vn -0.0002 -0.5532 0.8331
vn -0.0094 -0.6931 0.7208
vn 0.0056 -0.9231 0.3845
vn -0.0009 -0.9249 0.3802
vn -0.0038 -0.9250 0.3800
vn -0.0105 -0.8294 0.5585
vn -0.0047 -0.9795 0.2016
vn 0.0012 -0.9802 0.1979
vn -0.0004 -0.9989 0.0473
vn 0.0001 -1.0000 -0.0053
vn -0.0000 -1.0000 -0.0061
vn 0.0001 -1.0000 -0.0052
vn 0.0004 -1.0000 -0.0081
vn 0.0096 -0.9988 0.0489
vn 0.0003 -0.9999 -0.0115
vn 0.0005 -1.0000 -0.0090
vn 0.0027 -1.0000 -0.0030
vn 0.0027 -0.9791 0.2035
vn -0.0136 -0.9247 0.3805
vn -0.0127 -0.9219 0.3873
vn -0.0173 -0.8298 0.5578
vn -0.0227 -0.8299 0.5575
vn -0.0107 -0.9238 0.3826
vn -0.0261 -0.6955 0.7181
vn -0.0181 -0.6959 0.7179
vn -0.0169 -0.5601 0.8283
vn -0.0263 -0.5526 0.8330
vn -0.0100 -0.4072 0.9133
vn -0.0178 -0.4073 0.9131
vn -0.0076 -0.5562 0.8310
vn -0.0231 -0.4066 0.9133
vn -0.0179 -0.2187 0.9756
vn -0.0296 -0.2140 0.9764
vn -0.0329 -0.4066 0.9130
vn -0.0399 -0.2166 0.9754
vn -0.0320 0.3517 0.9356
vn -0.0215 0.3564 0.9341
vn -0.0151 0.9164 0.3999
vn -0.0431 0.3510 0.9354
vn -0.0119 0.9161 0.4007
vn -0.0577 0.9968 0.0551
vn -0.0225 0.9144 0.4043
vn -0.0623 0.3520 0.9339
vn -0.0583 -0.2154 0.9748
vn -0.0450 -0.4001 0.9154
vn -0.0384 -0.5366 0.8430
vn -0.0350 -0.5530 0.8325
vn -0.0577 -0.3336 0.9410
vn -0.0783 -0.1879 0.9791
vn -0.1030 -0.1865 0.9770
vn -0.0021 -0.5315 0.8470
vn -0.0605 -0.3348 0.9403
vn -0.2797 0.2558 0.9254
vn -0.1114 -0.2017 0.9731
vn -0.1918 0.3113 0.9308
vn -0.1003 0.3435 0.9338
vn 0.0747 -0.5330 0.8428
vn 0.0337 -0.5249 0.8505
vn -0.1128 -0.2405 0.9641
vn 0.1166 -0.6984 0.7062
vn 0.1819 -0.6805 0.7098
vn 0.2542 -0.6522 0.7142
vn 0.1262 -0.5383 0.8332
vn -0.0086 -0.3972 0.9177
vn -0.1012 -0.2921 0.9510
vn -0.0780 -0.3462 0.9349
vn 0.1760 -0.5334 0.8274
vn 0.3935 -0.5944 0.7013
vn 0.3297 -0.6186 0.7132
vn 0.2318 -0.5439 0.8065
vn 0.0618 -0.4735 0.8786
vn -0.0616 -0.4097 0.9101
vn -0.0456 -0.4930 0.8689
vn 0.0890 -0.5378 0.8384
vn 0.2721 -0.5772 0.7699
vn 0.1143 -0.6099 0.7842
vn 0.3319 -0.6663 0.6677
vn 0.3044 -0.6218 0.7216
vn -0.0261 -0.5826 0.8123
vn 0.1396 -0.6765 0.7230
vn -0.0016 -0.6638 0.7479
vn -0.4614 -0.4438 0.7682
vn -0.9259 -0.1520 0.3457
vn -0.4360 -0.5540 0.7092
vn -0.9302 -0.0435 0.3645
vn -0.4740 -0.3119 0.8235
vn -0.9171 0.0969 0.3866
vn -0.9753 0.2162 0.0458
vn -0.9893 0.1368 0.0511
vn -0.9447 0.3249 0.0455
vn -0.9650 0.2624 0.0023
vn -0.9823 0.1872 0.0105
vn -0.9311 0.3649 -0.0015
vn -0.9984 0.0507 0.0266
vn -0.9945 0.1043 -0.0129
vn -0.9939 -0.0060 -0.1098
vn -0.9956 -0.0628 -0.0691
vn -0.8952 -0.4041 0.1879
vn -0.9166 -0.2652 0.2992
vn -0.4059 -0.6623 0.6298
vn -0.3676 -0.7757 0.5129
vn 0.0462 -0.8122 0.5815
vn 0.0220 -0.7407 0.6714
vn -0.3232 -0.8598 0.3954
vn 0.0718 -0.8689 0.4898
vn 0.0931 -0.9078 0.4090
vn -0.8417 -0.5395 0.0202
vn -0.2908 -0.9041 0.3132
vn -0.8604 -0.5043 0.0735
vn -0.9771 -0.1328 -0.1661
vn -0.9725 -0.1322 -0.1916
vn -0.9721 -0.0597 -0.2268
vn -0.9760 -0.0697 -0.2065
vn -0.9939 -0.0060 -0.1099
vn -0.9956 -0.0629 -0.0691
vn -0.9759 -0.1181 -0.1833
vn -0.9753 -0.0328 -0.2182
vn -0.9796 -0.0183 -0.1999
vn -0.9769 -0.1021 -0.1877
vn -0.9800 -0.0202 -0.1982
vn -0.8310 -0.5544 -0.0459
vn -0.8258 -0.5547 -0.1022
vn -0.2544 -0.9650 0.0641
vn -0.8315 -0.5552 -0.0179
vn -0.2741 -0.9313 0.2401
vn -0.2625 -0.9536 0.1474
vn 0.1080 -0.9382 0.3289
vn 0.1201 -0.9655 0.2312
vn 0.1281 -0.9811 0.1451
vn 0.2653 -0.9490 0.1705
vn 0.2448 -0.9043 0.3497
vn 0.2575 -0.9322 0.2544
vn 0.4095 -0.7994 0.4396
vn 0.2290 -0.8745 0.4275
vn 0.4372 -0.8558 0.2765
vn 0.4243 -0.8282 0.3662
vn 0.5346 -0.6885 0.4901
vn 0.3883 -0.7715 0.5039
vn 0.5550 -0.7121 0.4301
vn 0.5678 -0.7358 0.3691
vn 0.2068 -0.8397 0.5021
vn 0.1829 -0.7944 0.5792
vn 0.3691 -0.7421 0.5596
vn 0.5186 -0.6791 0.5195
vn 0.5045 -0.6615 0.5549
vn 0.3494 -0.7103 0.6111
vn 0.1613 -0.7392 0.6539
vn 0.4944 -0.6411 0.5870
vn 0.6424 -0.6105 0.4633
vn 0.6298 -0.6064 0.4854
vn 0.8480 -0.4161 0.3283
vn 0.8427 -0.4375 0.3137
vn 0.6288 -0.5897 0.5068
vn 0.8499 -0.3837 0.3612
vn 0.9670 -0.0659 0.2460
vn 0.9772 -0.1002 0.1874
vn 0.8415 -0.3801 0.3839
vn 0.9780 -0.1717 0.1185
vn 0.9657 -0.2465 0.0821
vn 0.9828 -0.1847 0.0013
vn 0.9951 -0.0896 0.0427
vn 0.9930 0.0023 0.1179
vn 0.9813 0.0528 0.1852
vn 0.9761 0.0536 0.2106
vn 0.9632 -0.0943 0.2518
vn 0.9766 0.0390 0.2115
vn 0.9623 -0.0749 0.2616
vn 0.8400 -0.3984 0.3683
vn 0.8439 -0.4216 0.3317
vn 0.6655 -0.6507 0.3656
vn 0.6540 -0.6284 0.4212
vn 0.5789 -0.7620 0.2902
vn 0.5870 -0.7798 0.2177
vn 0.6839 -0.6926 0.2293
vn 0.6772 -0.6752 0.2925
vn 0.8517 -0.4428 0.2801
vn 0.9687 -0.1192 0.2180
vn 0.9666 -0.1092 0.2319
vn 0.8567 -0.4581 0.2372
vn 0.9785 0.0272 0.2047
vn 0.9791 0.0191 0.2023
vn 0.9766 0.0105 0.2149
vn 0.9621 -0.1552 0.2241
vn 0.9741 -0.0142 0.2256
vn 0.9673 -0.1244 0.2209
vn 0.9765 -0.0187 0.2149
vn 0.9640 -0.1677 0.2066
vn 0.9780 -0.0278 0.2066
vn 0.9798 -0.0324 0.1974
vn 0.9621 -0.1739 0.2101
vn 0.9767 -0.0381 0.2111
vn 0.8449 -0.4999 0.1903
vn 0.8410 -0.5067 0.1895
vn 0.6595 -0.7361 0.1527
vn 0.6727 -0.7186 0.1762
vn 0.6729 -0.7236 0.1537
vn 0.5600 -0.8185 0.1286
vn 0.5428 -0.8269 0.1468
vn 0.6459 -0.7436 0.1729
vn 0.8269 -0.5163 0.2231
vn 0.5652 -0.8131 0.1394
vn 0.6196 -0.7530 0.2216
vn 0.7957 -0.5284 0.2961
vn 0.9149 -0.2015 0.3499
vn 0.9486 -0.1858 0.2563
vn 0.5193 -0.8364 0.1753
vn 0.4783 -0.8468 0.2325
vn 0.5737 -0.7646 0.2938
vn 0.7355 -0.5447 0.4029
vn 0.4935 -0.7803 0.3842
vn 0.6302 -0.5664 0.5311
vn 0.7220 -0.2498 0.6453
vn 0.8449 -0.2228 0.4864
vn 0.8595 -0.0915 0.5029
vn 0.7339 -0.1201 0.6685
vn 0.9307 -0.0683 0.3592
vn 0.9641 -0.0513 0.2607
vn 0.5333 -0.1492 0.8327
vn 0.5243 -0.2784 0.8048
vn 0.2984 -0.2969 0.9071
vn 0.3040 -0.1684 0.9377
vn 0.2593 -0.6061 0.7520
vn 0.1120 -0.6141 0.7812
vn 0.1288 -0.3052 0.9435
vn 0.1310 -0.1762 0.9756
vn 0.4570 -0.5909 0.6648
vn 0.3578 -0.7991 0.4832
vn 0.2031 -0.8104 0.5496
vn 0.0887 -0.8168 0.5701
vn 0.0749 -0.8888 0.4522
vn 0.2944 -0.8781 0.3773
vn 0.1693 -0.8855 0.4327
vn 0.0230 -0.8225 0.5682
vn 0.0186 -0.8913 0.4530
vn 0.2142 -0.9488 0.2321
vn 0.1221 -0.9543 0.2728
vn 0.0559 -0.9556 0.2893
vn 0.4141 -0.8602 0.2975
vn 0.2967 -0.9377 0.1809
vn 0.1580 -0.9865 0.0440
vn 0.0620 -0.9943 0.0862
vn 0.1121 -0.9916 0.0647
vn 0.0603 -0.9969 -0.0501
vn 0.0418 -0.9979 -0.0492
vn 0.0664 -0.9972 -0.0348
vn 0.1833 -0.9823 0.0386
vn 0.3462 -0.9273 0.1424
vn -0.2305 -0.9215 -0.3125
vn -0.1693 -0.9117 -0.3745
vn -0.1021 -0.9051 -0.4127
vn 0.0203 -0.9988 -0.0441
vn 0.0068 -0.9986 -0.0523
vn -0.0350 -0.8987 -0.4371
vn 0.0068 -0.9950 0.1001
vn 0.0288 -0.9948 0.0979
vn -0.0144 -0.9005 -0.4346
vn -0.1257 -0.3721 -0.9196
vn -0.0365 0.1000 -0.9943
vn -0.0315 -0.3686 -0.9290
vn -0.1427 0.0993 -0.9848
vn -0.3121 0.0926 -0.9455
vn -0.1428 0.0993 -0.9848
vn -0.2748 -0.3772 -0.8844
vn -0.1425 0.1772 -0.9738
vn -0.3116 0.1702 -0.9349
vn -0.5370 0.1511 -0.8300
vn -0.7350 0.0437 -0.6767
vn -0.7345 0.1211 -0.6678
vn -0.5375 0.0739 -0.8400
vn -0.8559 0.0920 -0.5090
vn -0.9283 -0.0114 -0.3717
vn -0.9273 0.0680 -0.3681
vn -0.8568 0.0136 -0.5155
vn -0.9633 0.0496 -0.2638
vn -0.9639 -0.0305 -0.2644
vn -0.8390 -0.4903 -0.2360
vn -0.9776 -0.0455 -0.2054
vn -0.8458 -0.5045 -0.1736
vn -0.2931 -0.9545 -0.0548
vn -0.8119 -0.4715 -0.3442
vn -0.2949 -0.9426 -0.1567
vn -0.2989 -0.9496 -0.0946
vn 0.0867 -0.9962 0.0118
vn -0.2725 -0.9329 -0.2355
vn 0.0718 -0.9973 -0.0124
vn -0.7503 -0.4475 -0.4866
vn 0.0905 -0.9955 0.0266
vn 0.2328 -0.9708 0.0580
vn 0.1924 -0.9806 0.0383
vn 0.2370 -0.9688 0.0729
vn 0.0994 -0.9940 0.0453
vn 0.4194 -0.9014 0.1078
vn 0.3934 -0.9144 0.0952
vn 0.5695 -0.8078 0.1519
vn 0.4250 -0.8964 0.1260
vn 0.4301 -0.8918 0.1402
vn 0.5784 -0.7979 0.1695
vn 0.6778 -0.7085 0.1967
vn 0.5864 -0.7874 0.1899
vn 0.8416 -0.4970 0.2114
vn 0.8505 -0.4747 0.2264
vn 0.4447 -0.8812 0.1603
vn 0.2577 -0.9599 0.1103
vn 0.4443 -0.8735 0.1991
vn 0.2642 -0.9560 0.1277
vn 0.1268 -0.9869 0.0993
vn -0.2561 -0.9664 0.0206
vn -0.2758 -0.9612 -0.0111
vn 0.1180 -0.9901 0.0766
vn 0.1051 -0.9926 0.0606
vn 0.2435 -0.9655 0.0920
vn -0.2817 -0.9593 -0.0178
vn -0.8391 -0.5212 -0.1558
vn -0.9744 -0.0891 -0.2063
vn -0.9751 -0.0571 -0.2145
vn -0.8183 -0.5572 -0.1414
vn -0.9793 -0.0519 -0.1954
vn -0.9767 0.0217 -0.2135
vn -0.9788 0.0263 -0.2033
vn -0.9756 -0.0082 -0.2195
vn -0.9780 -0.0091 -0.2086
vn -0.9809 0.0343 -0.1915
vn -0.9777 0.0354 -0.2068
vn -0.8434 -0.5154 -0.1516
vn -0.2859 -0.9577 -0.0316
vn 0.3785 -0.9178 0.1202
vn -0.6426 -0.4203 -0.6407
vn -0.4702 -0.3952 -0.7892
vn -0.0368 0.1787 -0.9832
vn -0.0001 0.1757 -0.9844
vn 0.0356 0.1018 -0.9942
vn -0.0000 -0.3732 -0.9277
vn -0.0000 -0.9034 -0.4288
vn -0.0000 -0.9992 -0.0409
vn -0.0000 -0.9948 0.1020
vn -0.0000 -0.9555 0.2951
vn 0.0152 -0.9569 0.2899
vn -0.0000 -0.8908 0.4544
vn -0.0000 -0.8222 0.5691
vn -0.0000 -0.6201 0.7845
vn 0.0282 -0.6228 0.7819
vn 0.0312 -0.3099 0.9502
vn 0.0001 -0.1791 0.9838
vn 0.0313 -0.1786 0.9834
vn -0.0000 -0.3098 0.9508
vn -0.0001 -0.1790 0.9838
vn -0.0304 -0.3100 0.9502
vn -0.0313 -0.1786 0.9834
vn -0.1315 -0.1765 0.9755
vn -0.1288 -0.3051 0.9436
vn -0.2984 -0.2968 0.9071
vn -0.3040 -0.1685 0.9377
vn -0.5332 -0.1492 0.8327
vn -0.5243 -0.2784 0.8047
vn -0.7220 -0.2499 0.6452
vn -0.7339 -0.1201 0.6685
vn -0.8595 -0.0915 0.5028
vn -0.8449 -0.2228 0.4864
vn -0.9149 -0.2014 0.3499
vn -0.9307 -0.0683 0.3593
vn -0.9641 -0.0513 0.2606
vn -0.9486 -0.1858 0.2563
vn -0.9621 -0.1738 0.2101
vn -0.9767 -0.0380 0.2111
vn -0.9798 -0.0324 0.1974
vn -0.9638 -0.1677 0.2070
vn -0.9781 -0.0274 0.2064
vn -0.9765 -0.0188 0.2149
vn -0.9620 -0.1554 0.2247
vn -0.9741 -0.0141 0.2256
vn -0.9766 0.0103 0.2150
vn -0.9673 -0.1245 0.2209
vn -0.9686 -0.1193 0.2180
vn -0.9791 0.0192 0.2023
vn -0.9784 0.0274 0.2048
vn -0.9666 -0.1091 0.2319
vn -0.9632 -0.0943 0.2518
vn -0.9766 0.0390 0.2115
vn -0.9761 0.0536 0.2106
vn -0.9623 -0.0749 0.2616
vn -0.9670 -0.0658 0.2460
vn -0.9813 0.0527 0.1852
vn -0.9930 0.0023 0.1179
vn -0.9772 -0.1002 0.1874
vn -0.9780 -0.1717 0.1186
vn -0.9951 -0.0896 0.0427
vn -0.9828 -0.1847 0.0013
vn -0.9656 -0.2466 0.0821
vn -0.9393 -0.3368 0.0653
vn -0.9557 -0.2935 -0.0206
vn -0.9003 -0.4338 -0.0352
vn -0.8872 -0.4581 0.0547
vn -0.8026 -0.5942 0.0535
vn -0.8111 -0.5838 -0.0344
vn -0.6894 -0.7238 -0.0294
vn -0.6830 -0.7285 0.0531
vn -0.5468 -0.8357 0.0509
vn -0.5524 -0.8332 -0.0264
vn -0.4384 -0.8986 -0.0177
vn -0.4333 -0.8997 0.0538
vn -0.3254 -0.9439 0.0559
vn -0.3304 -0.9438 -0.0084
vn -0.1905 -0.9817 -0.0051
vn -0.1864 -0.9810 0.0530
vn -0.0666 -0.9965 0.0496
vn -0.0711 -0.9975 -0.0043
vn -0.0235 -0.9997 -0.0046
vn -0.0094 -0.9988 0.0488
vn -0.0027 -1.0000 -0.0030
vn -0.0005 -1.0000 -0.0090
vn -0.0003 -0.9999 -0.0115
vn -0.0004 -1.0000 -0.0077
vn 0.0010 -0.9989 0.0464
vn -0.0001 -1.0000 -0.0053
vn -0.0001 -1.0000 -0.0052
vn -0.0001 -1.0000 -0.0056
vn 0.0060 -0.9806 0.1962
vn 0.0095 -0.9229 0.3850
vn 0.0166 -0.8270 0.5620
vn 0.0245 -0.6941 0.7194
vn 0.0221 -0.8286 0.5594
vn 0.0139 -0.9238 0.3826
vn -0.0033 -0.9791 0.2035
vn 0.0315 -0.6943 0.7190
vn -0.0008 -0.8259 0.5638
vn 0.0116 -0.9220 0.3870
vn -0.0313 -0.9134 0.4058
vn -0.0515 -0.9757 0.2130
vn -0.1626 -0.9601 0.2276
vn -0.1223 -0.8989 0.4207
vn -0.0861 -0.8216 0.5635
vn 0.0072 -0.6986 0.7155
vn -0.0473 -0.7056 0.7070
vn 0.0017 -0.5315 0.8471
vn 0.0340 -0.5360 0.8435
vn 0.0544 -0.3314 0.9419
vn 0.0729 -0.1899 0.9791
vn 0.0542 -0.2124 0.9757
vn 0.0427 -0.3996 0.9157
vn 0.0978 -0.1861 0.9777
vn 0.0337 -0.5548 0.8313
vn 0.0329 -0.4066 0.9130
vn 0.0399 -0.2166 0.9754
vn 0.0435 0.3507 0.9355
vn 0.0319 0.3518 0.9355
vn 0.0156 0.9166 0.3995
vn 0.0115 0.9160 0.4011
vn 0.0296 -0.2140 0.9764
vn 0.0218 0.3564 0.9341
vn 0.0179 -0.2187 0.9756
vn 0.0058 0.9144 0.4048
vn 0.0010 0.9986 0.0538
vn 0.0577 0.9968 0.0551
vn 0.0001 1.0000 0.0053
vn 0.0001 1.0000 0.0052
vn 0.0002 1.0000 0.0062
vn 0.0001 1.0000 0.0086
vn 0.0003 1.0000 0.0067
vn 0.0005 1.0000 0.0027
vn 0.0015 1.0000 0.0004
vn 0.0568 0.9984 0.0016
vn 0.2050 0.9788 0.0012
vn 0.2109 0.9760 0.0539
vn 0.2381 0.8735 0.4247
vn 0.3763 0.9248 0.0563
vn 0.2112 0.9759 0.0543
vn 0.4015 0.8086 0.4301
vn 0.2797 0.2558 0.9254
vn 0.0843 0.9059 0.4149
vn 0.1003 0.3435 0.9338
vn 0.1918 0.3113 0.9308
vn 0.0222 0.9138 0.4055
vn 0.0623 0.3520 0.9339
vn 0.1125 -0.2403 0.9642
vn 0.3456 0.1785 0.9212
vn 0.5444 0.7167 0.4358
vn 0.1114 -0.2017 0.9731
vn 0.5264 0.8480 0.0616
vn 0.6882 0.7231 0.0587
vn 0.6941 0.5765 0.4311
vn 0.4082 0.0728 0.9100
vn 0.8104 0.4133 0.4153
vn 0.0762 -0.3499 0.9337
vn 0.4526 -0.0476 0.8904
vn 0.0981 -0.2894 0.9522
vn 0.8921 0.4496 0.0448
vn 0.8136 0.5794 0.0483
vn 0.8793 0.2545 0.4026
vn 0.4711 -0.1742 0.8647
vn 0.4739 -0.3119 0.8235
vn 0.9171 0.0969 0.3867
vn 0.0456 -0.4930 0.8689
vn 0.0616 -0.4097 0.9101
vn 0.4614 -0.4439 0.7682
vn 0.0261 -0.5827 0.8123
vn -0.1142 -0.6099 0.7842
vn -0.0618 -0.4735 0.8786
vn -0.0890 -0.5378 0.8384
vn 0.0087 -0.3977 0.9175
vn -0.1777 -0.5316 0.8282
vn -0.2318 -0.5439 0.8065
vn -0.2721 -0.5772 0.7699
vn -0.1262 -0.5383 0.8332
vn -0.0747 -0.5330 0.8428
vn 0.0719 -0.3226 0.9438
vn -0.1166 -0.6984 0.7062
vn -0.1819 -0.6805 0.7098
vn -0.0283 -0.5315 0.8466
vn -0.2542 -0.6522 0.7142
vn -0.2551 -0.7659 0.5902
vn -0.3356 -0.7215 0.6056
vn -0.4183 -0.6664 0.6173
vn -0.3297 -0.6186 0.7132
vn -0.3935 -0.5944 0.7014
vn -0.4305 -0.5955 0.6783
vn -0.4959 -0.6136 0.6145
vn -0.5697 -0.6352 0.5215
vn -0.4970 -0.7035 0.5080
vn -0.6164 -0.7330 0.2877
vn -0.7186 -0.6277 0.2995
vn -0.7849 -0.5406 0.3028
vn -0.6140 -0.5884 0.5261
vn -0.4030 -0.7736 0.4890
vn -0.4952 -0.8247 0.2733
vn -0.3159 -0.8253 0.4681
vn -0.3913 -0.8824 0.2612
vn -0.2304 -0.8660 0.4438
vn -0.1777 -0.7991 0.5743
vn -0.2912 -0.9246 0.2455
vn -0.6288 -0.5896 0.5070
vn -0.4949 -0.6422 0.5854
vn -0.4744 -0.6089 0.6358
vn -0.8218 -0.4757 0.3136
vn -0.8428 -0.4390 0.3115
vn -0.6298 -0.6045 0.4878
vn -0.5036 -0.6622 0.5548
vn -0.8474 -0.4141 0.3324
vn -0.8490 -0.3910 0.3556
vn -0.5186 -0.6795 0.5189
vn -0.3690 -0.7421 0.5596
vn -0.3494 -0.7103 0.6111
vn -0.3316 -0.6667 0.6675
vn -0.5345 -0.6882 0.4907
vn -0.5564 -0.7086 0.4339
vn -0.4095 -0.7994 0.4396
vn -0.3883 -0.7715 0.5039
vn -0.6425 -0.6113 0.4621
vn -0.8415 -0.3801 0.3839
vn -0.8400 -0.3983 0.3683
vn -0.6540 -0.6284 0.4212
vn -0.6655 -0.6507 0.3656
vn -0.8439 -0.4216 0.3317
vn -0.8518 -0.4428 0.2801
vn -0.6772 -0.6752 0.2925
vn -0.5789 -0.7620 0.2904
vn -0.5685 -0.7355 0.3686
vn -0.6841 -0.6924 0.2294
vn -0.5863 -0.7875 0.1899
vn -0.5870 -0.7798 0.2177
vn -0.6780 -0.7083 0.1963
vn -0.8566 -0.4582 0.2372
vn -0.8512 -0.4739 0.2255
vn -0.5792 -0.7974 0.1695
vn -0.8417 -0.4969 0.2113
vn -0.6724 -0.7187 0.1770
vn -0.5695 -0.8078 0.1519
vn -0.8452 -0.4997 0.1894
vn -0.6718 -0.7244 0.1548
vn -0.5651 -0.8131 0.1397
vn -0.6598 -0.7357 0.1527
vn -0.5599 -0.8185 0.1283
vn -0.8410 -0.5068 0.1895
vn -0.8268 -0.5163 0.2231
vn -0.6459 -0.7436 0.1729
vn -0.5426 -0.8272 0.1458
vn -0.6195 -0.7531 0.2215
vn -0.7957 -0.5284 0.2961
vn -0.7355 -0.5447 0.4029
vn -0.4935 -0.7803 0.3842
vn -0.5737 -0.7646 0.2938
vn -0.6302 -0.5664 0.5311
vn -0.4570 -0.5909 0.6648
vn -0.2593 -0.6060 0.7520
vn -0.2031 -0.8104 0.5496
vn -0.3578 -0.7991 0.4832
vn -0.2969 -0.8777 0.3763
vn -0.4141 -0.8602 0.2975
vn -0.1736 -0.8843 0.4335
vn -0.0718 -0.8885 0.4532
vn -0.0558 -0.9556 0.2894
vn -0.2145 -0.9488 0.2319
vn -0.1221 -0.9543 0.2727
vn -0.2967 -0.9377 0.1809
vn -0.1580 -0.9865 0.0440
vn -0.0620 -0.9943 0.0862
vn -0.1121 -0.9916 0.0647
vn -0.1833 -0.9823 0.0386
vn -0.3462 -0.9273 0.1424
vn -0.0603 -0.9969 -0.0501
vn -0.0664 -0.9972 -0.0348
vn -0.0418 -0.9979 -0.0492
vn 0.2305 -0.9215 -0.3125
vn 0.1694 -0.9117 -0.3744
vn 0.1021 -0.9051 -0.4127
vn -0.0203 -0.9988 -0.0441
vn -0.0042 -0.9987 -0.0509
vn 0.0473 -0.9026 -0.4279
vn 0.0137 -0.9010 -0.4335
vn -0.0322 -0.9945 0.0996
vn -0.0061 -0.9948 0.1015
vn -0.0126 -0.9565 0.2915
vn -0.0188 -0.8909 0.4538
vn 0.0001 0.1797 -0.9837
vn 0.0375 0.1813 -0.9827
vn 0.0324 -0.3678 -0.9293
vn -0.0210 -0.8226 0.5682
vn -0.0288 -0.6218 0.7826
vn -0.1120 -0.6141 0.7812
vn -0.0887 -0.8168 0.5701
vn 0.1428 0.1774 -0.9737
vn 0.1427 0.0990 -0.9848
vn 0.1256 -0.3720 -0.9197
vn 0.3122 0.0929 -0.9455
vn 0.2748 -0.3772 -0.8844
vn 0.1428 0.0993 -0.9848
vn 0.4702 -0.3952 -0.7891
vn 0.5375 0.0734 -0.8401
vn 0.7350 0.0437 -0.6767
vn 0.6426 -0.4203 -0.6407
vn 0.7345 0.1211 -0.6677
vn 0.8559 0.0920 -0.5090
vn 0.8568 0.0134 -0.5155
vn 0.7503 -0.4475 -0.4866
vn 0.5370 0.1511 -0.8300
vn 0.3116 0.1702 -0.9349
vn 0.1425 0.1772 -0.9738
vn 0.8119 -0.4715 -0.3442
vn 0.2949 -0.9426 -0.1567
vn 0.9283 -0.0114 -0.3717
vn 0.2725 -0.9329 -0.2355
vn 0.8390 -0.4902 -0.2360
vn 0.2989 -0.9496 -0.0946
vn -0.0866 -0.9962 0.0118
vn -0.0718 -0.9973 -0.0124
vn -0.1896 -0.9810 0.0422
vn -0.3784 -0.9178 0.1202
vn -0.3929 -0.9144 0.0977
vn -0.2326 -0.9708 0.0580
vn -0.4194 -0.9014 0.1078
vn -0.2369 -0.9688 0.0729
vn -0.0905 -0.9955 0.0266
vn -0.0994 -0.9940 0.0453
vn -0.2432 -0.9655 0.0928
vn -0.1047 -0.9927 0.0606
vn -0.1179 -0.9900 0.0774
vn -0.4297 -0.8920 0.1404
vn -0.4250 -0.8964 0.1260
vn 0.2818 -0.9593 -0.0187
vn 0.2860 -0.9577 -0.0316
vn 0.8434 -0.5154 -0.1515
vn 0.8392 -0.5214 -0.1547
vn 0.2931 -0.9545 -0.0548
vn 0.8457 -0.5046 -0.1736
vn 0.9776 -0.0456 -0.2054
vn 0.9777 0.0354 -0.2068
vn 0.9809 0.0344 -0.1915
vn 0.9793 -0.0501 -0.1963
vn 0.9633 0.0496 -0.2638
vn 0.9639 -0.0305 -0.2644
vn 0.9751 -0.0571 -0.2145
vn 0.9767 0.0217 -0.2135
vn 0.9787 0.0261 -0.2034
vn 0.9750 -0.0877 -0.2039
vn 0.9756 -0.0082 -0.2194
vn 0.9780 -0.0091 -0.2086
vn 0.9769 -0.1020 -0.1876
vn 0.9800 -0.0202 -0.1982
vn 0.9796 -0.0183 -0.1999
vn 0.9762 -0.1169 -0.1825
vn 0.9753 -0.0328 -0.2182
vn 0.9721 -0.0597 -0.2268
vn 0.9771 -0.1328 -0.1661
vn 0.9725 -0.1322 -0.1916
vn 0.9760 -0.0697 -0.2065
vn 0.8417 -0.5395 0.0202
vn 0.8604 -0.5043 0.0735
vn 0.3232 -0.8598 0.3953
vn 0.8315 -0.5552 -0.0180
vn 0.2741 -0.9313 0.2401
vn 0.2907 -0.9041 0.3132
vn 0.8952 -0.4041 0.1879
vn 0.3676 -0.7757 0.5129
vn -0.0462 -0.8122 0.5815
vn -0.0720 -0.8688 0.4898
vn -0.0931 -0.9078 0.4090
vn -0.2069 -0.8396 0.5022
vn -0.2290 -0.8745 0.4275
vn -0.1828 -0.7944 0.5792
vn -0.1614 -0.7392 0.6539
vn -0.0221 -0.7408 0.6714
vn 0.0016 -0.6638 0.7479
vn -0.1396 -0.6765 0.7230
vn 0.4359 -0.5541 0.7092
vn 0.4060 -0.6622 0.6298
vn 0.9166 -0.2652 0.2992
vn 0.9259 -0.1520 0.3457
vn 0.9984 0.0507 0.0266
vn 0.9893 0.1368 0.0511
vn 0.9753 0.2162 0.0459
vn 0.9302 -0.0435 0.3645
vn 0.9446 0.3249 0.0455
vn 0.9650 0.2624 0.0023
vn 0.9311 0.3649 -0.0015
vn 0.9823 0.1872 0.0105
vn 0.9945 0.1043 -0.0129
vn 0.9939 -0.0060 -0.1098
vn 0.9956 -0.0628 -0.0691
vn 0.8767 0.4810 -0.0054
vn 0.7998 0.6003 -0.0046
vn 0.6764 0.7365 0.0039
vn 0.5151 0.8571 0.0068
vn 0.3673 0.9301 0.0022
vn 0.2056 0.9786 0.0008
vn -0.2449 -0.9043 0.3497
vn -0.4243 -0.8282 0.3662
vn -0.2573 -0.9322 0.2544
vn -0.1201 -0.9655 0.2312
vn -0.1080 -0.9382 0.3289
vn -0.4372 -0.8558 0.2765
vn -0.2649 -0.9491 0.1706
vn -0.2642 -0.9560 0.1277
vn -0.1272 -0.9869 0.0996
vn -0.1281 -0.9811 0.1452
vn -0.4444 -0.8734 0.1991
vn -0.4447 -0.8812 0.1603
vn -0.2577 -0.9599 0.1103
vn 0.2758 -0.9612 -0.0111
vn 0.2560 -0.9665 0.0207
vn 0.8201 -0.5553 -0.1378
vn 0.2544 -0.9650 0.0641
vn 0.8258 -0.5547 -0.1022
vn 0.8334 -0.5496 -0.0586
vn 0.2625 -0.9536 0.1474
vn 0.9956 -0.0629 -0.0691
vn 0.9939 -0.0060 -0.1099
vn -0.5196 -0.8361 0.1759
vn -0.4777 -0.8469 0.2335
vn 0.9273 0.0680 -0.3680
vn -0.3043 -0.6217 0.7217
vn -0.0000 1.0000 0.0055
vn -0.0000 1.0000 0.0056
vn -0.0006 0.9985 0.0541
vn -0.0000 1.0000 0.0053
vn -0.0001 1.0000 0.0052
vn -0.0001 1.0000 0.0053
vn -0.0065 0.9140 0.4057
vn -0.0092 0.3642 0.9313
vn 0.0002 0.9201 0.3917
vn -0.0106 -0.2275 0.9737
vn -0.0000 0.3580 0.9337
vn -0.0000 -0.2275 0.9738
vn 0.0106 -0.2275 0.9737
vn -0.0000 -0.4072 0.9133
vn 0.0092 0.3646 0.9311
vn -0.0002 1.0000 0.0063
vn -0.0001 1.0000 0.0086
vn -0.0003 1.0000 0.0067
vn -0.0004 1.0000 0.0026
vn -0.0015 1.0000 0.0004
vn -0.0568 0.9984 0.0016
vn -0.2109 0.9760 0.0539
vn -0.2381 0.8735 0.4247
vn -0.0843 0.9060 0.4148
vn -0.2050 0.9788 0.0012
vn -0.4015 0.8086 0.4301
vn -0.3760 0.9249 0.0568
vn -0.2112 0.9759 0.0543
vn -0.2056 0.9786 0.0008
vn -0.3673 0.9301 0.0022
vn -0.5151 0.8571 0.0068
vn -0.6883 0.7230 0.0589
vn -0.5262 0.8481 0.0617
vn -0.6764 0.7365 0.0039
vn -0.7998 0.6003 -0.0046
vn -0.8921 0.4496 0.0448
vn -0.8136 0.5794 0.0483
vn -0.8767 0.4810 -0.0054
vn -0.8104 0.4133 0.4152
vn -0.8793 0.2546 0.4026
vn -0.4711 -0.1742 0.8647
vn -0.6941 0.5765 0.4311
vn -0.4082 0.0728 0.9100
vn -0.4526 -0.0476 0.8904
vn -0.3456 0.1785 0.9212
vn -0.5444 0.7167 0.4358
vn 0.9393 -0.3368 0.0653
vn 0.9557 -0.2935 -0.0206
vn 0.9003 -0.4338 -0.0352
vn 0.8872 -0.4581 0.0547
vn 0.8026 -0.5942 0.0535
vn 0.8111 -0.5838 -0.0344
vn 0.6894 -0.7238 -0.0294
vn 0.5468 -0.8357 0.0509
vn 0.6830 -0.7285 0.0531
vn 0.5524 -0.8332 -0.0264
vn 0.6164 -0.7330 0.2876
vn 0.7185 -0.6277 0.2995
vn 0.5693 -0.6366 0.5202
vn 0.4952 -0.8247 0.2733
vn 0.4030 -0.7736 0.4890
vn 0.4970 -0.7035 0.5080
vn 0.4930 -0.6134 0.6171
vn 0.6086 -0.5899 0.5308
vn 0.4182 -0.6664 0.6173
vn 0.7849 -0.5406 0.3027
vn 0.8245 -0.4714 0.3129
vn 0.4757 -0.6107 0.6331
vn 0.4304 -0.5954 0.6784
vn 0.3356 -0.7215 0.6056
vn 0.2551 -0.7659 0.5902
vn 0.1777 -0.7991 0.5743
vn 0.2304 -0.8660 0.4438
vn 0.3159 -0.8253 0.4681
vn 0.3913 -0.8824 0.2612
vn 0.4333 -0.8997 0.0538
vn 0.3254 -0.9439 0.0559
vn 0.2912 -0.9246 0.2455
vn 0.1626 -0.9601 0.2276
vn 0.1864 -0.9810 0.0531
vn 0.0666 -0.9965 0.0496
vn 0.0514 -0.9757 0.2129
vn 0.0296 -0.9138 0.4050
vn 0.1223 -0.8989 0.4207
vn 0.0049 -0.8256 0.5643
vn 0.0861 -0.8216 0.5636
vn 0.0235 -0.9997 -0.0046
vn 0.0711 -0.9975 -0.0043
vn 0.1905 -0.9817 -0.0051
vn 0.3304 -0.9438 -0.0084
vn 0.4384 -0.8986 -0.0177
vn -0.0094 -0.6991 0.7150
vn 0.0472 -0.7057 0.7069
vn 0.0247 -0.6033 0.7971
vn 0.0340 -0.4262 0.9040
vn 0.0274 -0.6492 0.7602
vn 0.0241 -0.7060 0.7078
vn 0.0303 -0.5356 0.8439
vn 0.0313 -0.4653 0.8846
vn 0.0289 -0.3659 0.9302
vn 0.0070 -0.1670 0.9859
vn 0.0193 -0.1804 0.9834
vn 0.0193 -0.1613 0.9867
vn 0.0182 -0.2350 0.9718
vn 0.0166 -0.2775 0.9606
vn 0.0122 -0.3566 0.9342
vn 0.0140 -0.4088 0.9125
vn 0.0099 -0.4385 0.8987
vn 0.0105 -0.4013 0.9159
vn 0.0201 -0.2517 0.9676
vn 0.0182 -0.3240 0.9459
vn 0.0247 -0.3125 0.9496
vn 0.0228 -0.4151 0.9095
vn 0.0197 -0.3171 0.9482
vn 0.0148 -0.4010 0.9159
vn 0.0146 -0.4493 0.8933
vn 0.0287 -0.6426 0.7656
vn 0.0213 -0.7319 0.6811
vn 0.0163 -0.7261 0.6874
vn 0.0119 -0.5666 0.8239
vn 0.0161 -0.6876 0.7259
vn 0.0078 -0.6121 0.7908
vn -0.0000 -0.5526 0.8335
vn -0.0196 -0.5663 0.8240
vn -0.0067 -0.4745 0.8802
vn -0.0078 -0.6121 0.7908
vn 0.0126 -0.4434 0.8962
vn -0.0102 -0.4414 0.8972
vn -0.0236 -0.4471 0.8942
vn -0.0246 -0.6397 0.7682
vn -0.0198 -0.3166 0.9483
vn -0.0226 -0.4150 0.9095
vn -0.0163 -0.7260 0.6875
vn -0.0213 -0.7320 0.6810
vn -0.0161 -0.6876 0.7259
vn -0.0247 -0.6033 0.7971
vn -0.0236 -0.3125 0.9496
vn -0.0305 -0.4289 0.9028
vn -0.0274 -0.6490 0.7603
vn -0.0241 -0.7060 0.7078
vn -0.0303 -0.5358 0.8438
vn -0.0313 -0.4655 0.8845
vn -0.0289 -0.3659 0.9302
vn -0.0027 -0.1653 0.9862
vn -0.0193 -0.1614 0.9867
vn -0.0195 -0.1784 0.9838
vn -0.0182 -0.2350 0.9718
vn -0.0122 -0.3566 0.9342
vn -0.0166 -0.2776 0.9605
vn -0.0140 -0.4091 0.9124
vn -0.0199 -0.2521 0.9675
vn -0.0181 -0.3244 0.9458
vn -0.0138 -0.4000 0.9164
vn -0.0109 -0.4655 0.8850
vn 0.0053 -0.4459 0.8950
vn 0.0108 -0.4655 0.8850
vn -0.0000 -0.5330 0.8461
vn 0.0092 -0.5247 0.8512
vn 0.0047 -0.5857 0.8105
vn -0.0043 -0.5865 0.8100
vn -0.0011 -0.5952 0.8036
vn -0.0095 -0.5240 0.8517
vn 0.0004 -0.6409 0.7676
vn -0.0047 -0.6251 0.7805
vn -0.0006 -0.6754 0.7374
vn -0.0034 -0.6576 0.7533
vn -0.0080 -0.5501 0.8351
vn -0.0101 -0.4743 0.8803
vn -0.0084 -0.5151 0.8571
vn -0.0061 -0.5964 0.8027
vn -0.0116 -0.4382 0.8988
vn -0.0055 -0.5723 0.8201
vn -0.0028 -0.6352 0.7723
vn -0.0087 -0.4735 0.8808
vn -0.0000 -0.7195 0.6945
vn -0.0017 -0.7047 0.7095
vn -0.0009 -0.7532 0.6578
vn -0.0000 -0.7618 0.6478
vn -0.0004 -0.7933 0.6088
vn -0.0000 -0.9014 0.4330
vn -0.0000 -0.9454 0.3261
vn -0.0000 -0.9454 0.3260
vn -0.0001 -0.8409 0.5412
vn -0.0001 -0.7894 0.6139
vn -0.0010 -0.9964 -0.0843
vn -0.0097 -0.9936 -0.1126
vn -0.0009 -0.9952 -0.0981
vn 0.0003 -0.9963 -0.0862
vn -0.0002 -0.9988 -0.0488
vn -0.0000 -0.9981 0.0609
vn -0.0000 -0.9987 0.0518
vn -0.0000 -0.9964 0.0843
vn -0.0000 -0.9910 0.1336
vn -0.0000 -0.9748 0.2230
vn -0.0000 -0.9989 0.0464
vn 0.0002 -0.9988 -0.0487
vn -0.0000 -0.9999 -0.0173
vn -0.0000 -0.9960 -0.0891
vn -0.0000 -0.9948 -0.1022
vn 0.0004 -0.9954 -0.0959
vn 0.0017 -0.9969 -0.0790
vn -0.0004 -0.9963 -0.0862
vn -0.0000 -0.9998 0.0195
vn -0.0000 -0.9994 0.0341
vn -0.0000 -1.0000 0.0040
vn -0.0000 -0.9998 -0.0173
vn 0.0018 -0.9954 -0.0962
vn 0.0010 -0.9952 -0.0981
vn -0.0017 -0.9969 -0.0790
vn 0.0009 -0.7436 0.6687
vn 0.0003 -0.7943 0.6075
vn 0.0001 -0.7894 0.6138
vn 0.0001 -0.8409 0.5412
vn 0.0025 -0.6354 0.7722
vn 0.0019 -0.7047 0.7095
vn 0.0016 -0.6931 0.7208
vn 0.0011 -0.7539 0.6570
vn 0.0031 -0.6575 0.7534
vn 0.0049 -0.5721 0.8202
vn 0.0059 -0.5962 0.8028
vn 0.0081 -0.5160 0.8565
vn 0.0098 -0.4745 0.8802
vn 0.0079 -0.5505 0.8348
vn 0.0051 -0.6217 0.7832
vn -0.0000 -0.9014 0.4331
vn 0.0079 -0.4731 0.8810
vn 0.0079 -0.4603 0.8877
vn 0.0060 -0.5479 0.8365
vn 0.0097 -0.9936 -0.1126
vn 0.0010 -0.9964 -0.0843
vn -0.0000 -1.0000 0.0041
vn -0.0009 -0.7436 0.6687
vn -0.0016 -0.6935 0.7205
vn -0.0060 -0.5479 0.8365
vn -0.0079 -0.4604 0.8877
vn -0.0104 -0.4013 0.9159
vn -0.3673 -0.9301 -0.0000
vn -0.1976 -0.9803 0.0001
vn -0.2058 -0.9786 0.0002
vn -0.3745 -0.9272 0.0001
vn -0.0520 -0.9986 0.0004
vn -0.0562 -0.9984 0.0004
vn -0.0016 -1.0000 0.0004
vn -0.0026 -1.0000 -0.0000
vn -0.0004 -1.0000 0.0008
vn -0.0012 -1.0000 0.0003
vn -0.0003 -1.0000 0.0010
vn 0.0002 -1.0000 0.0008
vn 0.0001 -1.0000 0.0013
vn -0.0000 -1.0000 0.0015
vn -0.0001 -1.0000 0.0008
vn -0.0000 -1.0000 0.0016
vn -0.0000 -1.0000 0.0006
vn -0.0000 -1.0000 0.0013
vn -0.0000 -1.0000 0.0014
vn -0.0000 -1.0000 0.0010
vn -0.0000 -1.0000 0.0012
vn -0.0000 -1.0000 0.0009
vn -0.0001 -1.0000 0.0009
vn -0.0001 -1.0000 0.0010
vn 0.0003 -1.0000 0.0007
vn 0.0010 -1.0000 0.0007
vn 0.0004 -1.0000 -0.0039
vn 0.0017 -1.0000 0.0006
vn 0.0018 -1.0000 0.0005
vn 0.0520 -0.9986 0.0004
vn 0.0562 -0.9984 0.0004
vn 0.0010 -1.0000 0.0009
vn 0.2058 -0.9786 0.0002
vn 0.3673 -0.9301 -0.0000
vn 0.3745 -0.9272 0.0001
vn 0.1976 -0.9803 0.0001
vn 0.5386 -0.8426 -0.0001
vn 0.5278 -0.8494 -0.0000
vn 0.6904 -0.7234 -0.0025
vn 0.7016 -0.7125 -0.0027
vn 0.8227 -0.5685 -0.0072
vn 0.8164 -0.5774 -0.0065
vn 0.8952 -0.4456 -0.0056
vn 0.9001 -0.4357 -0.0059
vn 0.9416 -0.3367 -0.0051
vn 0.9433 -0.3319 -0.0119
vn 0.9667 -0.2556 -0.0110
vn 0.9642 -0.2648 -0.0157
vn 0.9706 -0.2409 -0.0032
vn 0.9846 -0.1734 -0.0204
vn 0.9815 -0.1904 -0.0222
vn 0.9952 -0.0969 0.0126
vn 0.9948 -0.1011 0.0088
vn 0.9954 -0.0022 0.0957
vn 0.9829 0.0553 0.1755
vn 0.9824 0.0529 0.1792
vn 0.9969 0.0004 0.0792
vn 0.9773 0.0509 0.2059
vn 0.9783 0.0458 0.2018
vn 0.9773 0.0359 0.2089
vn 0.9776 0.0357 0.2075
vn 0.9795 0.0251 0.2000
vn 0.9799 0.0215 0.1983
vn 0.9799 0.0197 0.1985
vn 0.9797 0.0246 0.1988
vn 0.9778 0.0111 0.2093
vn 0.9742 -0.0051 0.2258
vn 0.9744 -0.0050 0.2250
vn 0.9782 0.0191 0.2069
vn 0.9958 -0.0897 0.0186
vn 0.6203 -0.1097 -0.7767
vn 0.6175 -0.1102 -0.7788
vn 0.1760 -0.0982 -0.9795
vn 0.9924 -0.0649 -0.1041
vn 0.1710 -0.0988 -0.9803
vn 0.9907 -0.0608 -0.1218
vn 0.1157 -0.0925 -0.9890
vn 0.1216 -0.0894 -0.9885
vn 0.1262 -0.0889 -0.9880
vn 0.1269 -0.0869 -0.9881
vn 0.1271 -0.0871 -0.9881
vn 0.1271 -0.0862 -0.9881
vn 0.0006 -0.9996 -0.0272
vn 0.0017 -0.9976 -0.0686
vn 0.0002 -0.9999 -0.0126
vn 0.0002 -0.9999 -0.0136
vn 0.0001 -1.0000 -0.0083
vn -0.0000 -1.0000 -0.0071
vn -0.0001 -1.0000 -0.0054
vn -0.0001 -1.0000 -0.0067
vn -0.0001 -1.0000 -0.0055
vn -0.0001 -1.0000 -0.0094
vn -0.0007 -0.9996 -0.0267
vn -0.0009 -0.9994 -0.0333
vn -0.0008 -0.9996 -0.0283
vn -0.0009 -1.0000 0.0047
vn -0.9667 -0.2556 -0.0110
vn -0.9706 -0.2408 -0.0032
vn -0.9445 -0.3284 -0.0112
vn -0.9843 -0.1750 -0.0229
vn -0.9952 -0.0978 0.0101
vn -0.9958 -0.0897 0.0187
vn -0.9967 0.0044 0.0811
vn -0.9772 0.0509 0.2059
vn -0.9779 0.0489 0.2033
vn -0.9832 0.0541 0.1742
vn -0.9824 0.0529 0.1792
vn -0.9954 -0.0022 0.0957
vn -0.9948 -0.1011 0.0088
vn -0.9815 -0.1904 -0.0222
vn -0.9642 -0.2648 -0.0157
vn -0.9416 -0.3367 -0.0051
vn -0.8952 -0.4456 -0.0056
vn -0.9000 -0.4358 -0.0059
vn -0.8227 -0.5685 -0.0072
vn -0.6902 -0.7236 -0.0028
vn -0.7016 -0.7125 -0.0027
vn -0.8168 -0.5769 -0.0065
vn -0.5386 -0.8426 -0.0001
vn -0.5278 -0.8494 -0.0000
vn -0.9773 0.0359 0.2087
vn -0.9776 0.0357 0.2075
vn -0.9795 0.0254 0.2000
vn -0.9800 0.0213 0.1976
vn -0.9793 0.0242 0.2010
vn -0.9799 0.0197 0.1985
vn -0.1157 -0.0925 -0.9890
vn -0.1217 -0.0893 -0.9885
vn -0.1752 -0.0981 -0.9796
vn -0.1261 -0.0888 -0.9880
vn -0.1711 -0.0988 -0.9803
vn -0.6203 -0.1097 -0.7767
vn -0.6168 -0.1109 -0.7792
vn -0.9924 -0.0657 -0.1041
vn -0.9907 -0.0608 -0.1218
vn -0.9742 -0.0046 0.2257
vn -0.9743 -0.0050 0.2251
vn -0.9778 0.0111 0.2094
vn -0.9776 0.0182 0.2095
vn -0.1269 -0.0869 -0.9881
vn -0.1271 -0.0869 -0.9881
vn -0.1271 -0.0862 -0.9881
vt 0.522047 0.256930
vt 0.522426 0.335319
vt 0.522823 0.256942
vt 0.521156 0.342034
vt 0.512275 0.265300
vt 0.511103 0.346730
vt 0.521602 0.345155
vt 0.523262 0.335387
vt 0.523302 0.345195
vt 0.524138 0.335416
vt 0.522433 0.345160
vt 0.520441 0.353384
vt 0.519247 0.353428
vt 0.516321 0.360010
vt 0.517373 0.360045
vt 0.521297 0.353417
vt 0.518176 0.360159
vt 0.522140 0.353568
vt 0.524166 0.345289
vt 0.519797 0.360815
vt 0.523149 0.353852
vt 0.525117 0.345437
vt 0.518960 0.360421
vt 0.514651 0.365948
vt 0.515442 0.366592
vt 0.508848 0.369659
vt 0.509347 0.370321
vt 0.509910 0.371075
vt 0.513991 0.365486
vt 0.513318 0.365117
vt 0.512673 0.364809
vt 0.507907 0.368410
vt 0.508358 0.369016
vt 0.502570 0.372159
vt 0.502318 0.371087
vt 0.495653 0.373576
vt 0.495568 0.374740
vt 0.502853 0.372938
vt 0.495684 0.375571
vt 0.486964 0.376953
vt 0.471171 0.380262
vt 0.473355 0.380681
vt 0.487017 0.377805
vt 0.486993 0.376142
vt 0.472240 0.379217
vt 0.459893 0.381398
vt 0.459890 0.382570
vt 0.454213 0.384624
vt 0.453936 0.385564
vt 0.486906 0.378699
vt 0.487066 0.379450
vt 0.461583 0.384946
vt 0.487360 0.379989
vt 0.496134 0.377296
vt 0.495871 0.376392
vt 0.503617 0.374646
vt 0.503179 0.373709
vt 0.496536 0.378484
vt 0.504127 0.375671
vt 0.510634 0.372055
vt 0.510844 0.372337
vt 0.504285 0.375986
vt 0.496654 0.378822
vt 0.487659 0.380804
vt 0.487751 0.381150
vt 0.478385 0.383153
vt 0.463939 0.385757
vt 0.469359 0.385014
vt 0.460483 0.386830
vt 0.443568 0.389969
vt 0.451562 0.388696
vt 0.442793 0.390494
vt 0.428532 0.392830
vt 0.434370 0.392108
vt 0.426319 0.393605
vt 0.416213 0.395137
vt 0.418664 0.395053
vt 0.411460 0.396364
vt 0.404726 0.397099
vt 0.404761 0.397452
vt 0.398725 0.398143
vt 0.393528 0.397917
vt 0.393509 0.398264
vt 0.398714 0.397792
vt 0.388881 0.398028
vt 0.384677 0.397304
vt 0.384608 0.397648
vt 0.388932 0.397666
vt 0.380418 0.396996
vt 0.376147 0.395614
vt 0.376037 0.395948
vt 0.380509 0.396640
vt 0.371671 0.394376
vt 0.367721 0.391870
vt 0.367527 0.392155
vt 0.371820 0.394049
vt 0.363663 0.388794
vt 0.360427 0.383613
vt 0.360138 0.383806
vt 0.363981 0.388482
vt 0.357382 0.377928
vt 0.356168 0.371808
vt 0.355826 0.371901
vt 0.357712 0.377783
vt 0.354963 0.365398
vt 0.354874 0.360558
vt 0.354284 0.358096
vt 0.353711 0.349217
vt 0.353895 0.345633
vt 0.353163 0.337986
vt 0.352674 0.324652
vt 0.352780 0.314983
vt 0.352277 0.309465
vt 0.351980 0.292892
vt 0.352151 0.271720
vt 0.351792 0.275402
vt 0.351700 0.257447
vt 0.352224 0.220746
vt 0.351691 0.239479
vt 0.353289 0.293935
vt 0.353049 0.229610
vt 0.353519 0.243315
vt 0.354242 0.257406
vt 0.354263 0.233797
vt 0.354397 0.281039
vt 0.353948 0.298537
vt 0.355013 0.257406
vt 0.355203 0.284200
vt 0.354950 0.314457
vt 0.355775 0.316553
vt 0.355410 0.346702
vt 0.356077 0.345478
vt 0.356923 0.346920
vt 0.357707 0.349039
vt 0.357139 0.337779
vt 0.358333 0.358142
vt 0.357629 0.357976
vt 0.357067 0.360425
vt 0.356483 0.362279
vt 0.358304 0.365200
vt 0.357253 0.371526
vt 0.358285 0.371321
vt 0.359673 0.376929
vt 0.360407 0.376616
vt 0.359086 0.371244
vt 0.358823 0.377297
vt 0.362141 0.382362
vt 0.365179 0.387123
vt 0.365673 0.386233
vt 0.362699 0.381825
vt 0.361343 0.382988
vt 0.368317 0.390959
vt 0.368797 0.390006
vt 0.369041 0.389204
vt 0.372776 0.391189
vt 0.372312 0.392915
vt 0.372606 0.392024
vt 0.369090 0.388358
vt 0.372805 0.390330
vt 0.376856 0.391777
vt 0.376850 0.392640
vt 0.376736 0.393486
vt 0.376491 0.394522
vt 0.380956 0.394488
vt 0.381034 0.393644
vt 0.380799 0.395410
vt 0.384891 0.396169
vt 0.385035 0.395127
vt 0.389194 0.395509
vt 0.389246 0.394679
vt 0.385097 0.394290
vt 0.389098 0.396428
vt 0.393651 0.395741
vt 0.398679 0.395611
vt 0.398690 0.394781
vt 0.393686 0.394915
vt 0.398684 0.396535
vt 0.393595 0.396772
vt 0.404620 0.395946
vt 0.404555 0.394906
vt 0.404533 0.394061
vt 0.411086 0.392945
vt 0.411493 0.394589
vt 0.411137 0.393806
vt 0.404551 0.393209
vt 0.411088 0.392080
vt 0.418214 0.390758
vt 0.418222 0.391626
vt 0.418287 0.392490
vt 0.422114 0.392554
vt 0.425923 0.391044
vt 0.425851 0.390182
vt 0.432831 0.390891
vt 0.433960 0.389551
vt 0.442369 0.387942
vt 0.442289 0.387081
vt 0.433885 0.388689
vt 0.443573 0.388485
vt 0.443661 0.389071
vt 0.451005 0.384426
vt 0.442283 0.385039
vt 0.442268 0.386215
vt 0.451015 0.383198
vt 0.433867 0.387823
vt 0.433879 0.386992
vt 0.433892 0.386237
vt 0.468730 0.379151
vt 0.477739 0.377250
vt 0.478422 0.362516
vt 0.487174 0.375178
vt 0.500494 0.361824
vt 0.506611 0.364331
vt 0.511381 0.365054
vt 0.501790 0.344479
vt 0.490128 0.351022
vt 0.418656 0.328093
vt 0.418476 0.374850
vt 0.426145 0.363617
vt 0.411587 0.344507
vt 0.411491 0.370535
vt 0.405094 0.360564
vt 0.405119 0.338222
vt 0.399175 0.346536
vt 0.399146 0.370885
vt 0.404888 0.379847
vt 0.393622 0.335083
vt 0.393702 0.348799
vt 0.393797 0.360901
vt 0.388578 0.348833
vt 0.388793 0.360930
vt 0.388999 0.372330
vt 0.393832 0.381460
vt 0.384042 0.360872
vt 0.379011 0.348909
vt 0.379468 0.360733
vt 0.379961 0.371786
vt 0.383696 0.348868
vt 0.384401 0.372147
vt 0.384706 0.382010
vt 0.389197 0.389247
vt 0.380421 0.381474
vt 0.380768 0.388408
vt 0.385029 0.392201
vt 0.389232 0.392860
vt 0.380952 0.391669
vt 0.385090 0.393444
vt 0.389250 0.393845
vt 0.393705 0.394084
vt 0.393727 0.392951
vt 0.398762 0.392968
vt 0.398868 0.389140
vt 0.398717 0.393944
vt 0.404604 0.392050
vt 0.411130 0.390889
vt 0.425859 0.388166
vt 0.418245 0.389579
vt 0.425837 0.389315
vt 0.381024 0.392786
vt 0.376775 0.390477
vt 0.372745 0.388708
vt 0.372769 0.389497
vt 0.369073 0.387526
vt 0.369119 0.386719
vt 0.365922 0.384703
vt 0.366109 0.383996
vt 0.363695 0.380497
vt 0.363828 0.374154
vt 0.361699 0.372366
vt 0.361787 0.376076
vt 0.359853 0.371277
vt 0.361106 0.376327
vt 0.360648 0.371401
vt 0.363131 0.381256
vt 0.360026 0.365876
vt 0.362333 0.367088
vt 0.366945 0.369330
vt 0.368469 0.378128
vt 0.372081 0.379578
vt 0.371440 0.370521
vt 0.376140 0.380678
vt 0.375573 0.371245
vt 0.374997 0.360522
vt 0.370259 0.349026
vt 0.370815 0.360237
vt 0.374475 0.348966
vt 0.374067 0.337035
vt 0.369823 0.337185
vt 0.366072 0.337344
vt 0.367108 0.359880
vt 0.366535 0.349077
vt 0.363613 0.349111
vt 0.362470 0.359214
vt 0.361306 0.349114
vt 0.361680 0.337194
vt 0.362512 0.313641
vt 0.360490 0.309263
vt 0.365526 0.313640
vt 0.369412 0.319065
vt 0.373758 0.323962
vt 0.373533 0.308979
vt 0.369086 0.292620
vt 0.368975 0.275236
vt 0.365140 0.275267
vt 0.373309 0.281810
vt 0.365262 0.292675
vt 0.362210 0.292721
vt 0.360240 0.292752
vt 0.360076 0.275311
vt 0.362071 0.275293
vt 0.361994 0.257399
vt 0.359975 0.239499
vt 0.359990 0.257405
vt 0.361969 0.239505
vt 0.365039 0.239514
vt 0.365070 0.257391
vt 0.368908 0.257380
vt 0.373170 0.232924
vt 0.368874 0.239524
vt 0.373201 0.257368
vt 0.368887 0.222139
vt 0.365062 0.222106
vt 0.365208 0.201139
vt 0.373241 0.205756
vt 0.369063 0.195692
vt 0.377869 0.213652
vt 0.382840 0.244598
vt 0.382810 0.210035
vt 0.377864 0.250285
vt 0.378008 0.190845
vt 0.382868 0.190893
vt 0.382986 0.177862
vt 0.373381 0.190771
vt 0.373616 0.177697
vt 0.378204 0.177798
vt 0.383177 0.165810
vt 0.378492 0.165794
vt 0.387957 0.183865
vt 0.388059 0.165817
vt 0.393181 0.179538
vt 0.398670 0.168054
vt 0.393184 0.165821
vt 0.398763 0.193341
vt 0.404750 0.196602
vt 0.404660 0.176334
vt 0.393271 0.216248
vt 0.411211 0.192120
vt 0.411093 0.170030
vt 0.418255 0.186385
vt 0.425543 0.150922
vt 0.417808 0.139593
vt 0.425917 0.200796
vt 0.433160 0.128158
vt 0.441557 0.129300
vt 0.450300 0.131105
vt 0.468037 0.135033
vt 0.477827 0.151910
vt 0.502295 0.257007
vt 0.459188 0.132852
vt 0.426238 0.315080
vt 0.418525 0.257239
vt 0.411581 0.322842
vt 0.411350 0.228646
vt 0.393465 0.282239
vt 0.398882 0.225890
vt 0.387965 0.215820
vt 0.388052 0.247283
vt 0.382963 0.283447
vt 0.388165 0.288545
vt 0.378009 0.286696
vt 0.393527 0.308758
vt 0.388299 0.320968
vt 0.383172 0.316199
vt 0.378185 0.308904
vt 0.378384 0.323862
vt 0.383436 0.336816
vt 0.378655 0.336908
vt 0.388423 0.336754
vt 0.399126 0.321250
vt 0.405094 0.317954
vt 0.399064 0.291059
vt 0.404953 0.257280
vt 0.510670 0.168257
vt 0.489569 0.160458
vt 0.501294 0.169528
vt 0.499899 0.152190
vt 0.486504 0.138913
vt 0.494992 0.140466
vt 0.477057 0.136894
vt 0.471547 0.134958
vt 0.433143 0.127402
vt 0.425116 0.126273
vt 0.417457 0.123724
vt 0.417494 0.124903
vt 0.425088 0.125124
vt 0.433126 0.126571
vt 0.403780 0.121351
vt 0.403840 0.122510
vt 0.410372 0.123633
vt 0.410324 0.122442
vt 0.397992 0.121624
vt 0.398120 0.125451
vt 0.392957 0.121671
vt 0.388463 0.121787
vt 0.388449 0.125400
vt 0.384265 0.122469
vt 0.380190 0.123024
vt 0.380025 0.126287
vt 0.376094 0.122940
vt 0.376020 0.124240
vt 0.380256 0.121907
vt 0.384317 0.121226
vt 0.372020 0.125243
vt 0.372000 0.126032
vt 0.368347 0.126403
vt 0.368335 0.127235
vt 0.372050 0.124410
vt 0.368385 0.128043
vt 0.365200 0.130077
vt 0.365390 0.130782
vt 0.362997 0.134295
vt 0.361047 0.142437
vt 0.363166 0.140637
vt 0.361114 0.138726
vt 0.361711 0.147711
vt 0.359410 0.148936
vt 0.360001 0.143407
vt 0.359552 0.156146
vt 0.358109 0.165750
vt 0.360786 0.165690
vt 0.361893 0.155584
vt 0.358539 0.156433
vt 0.356684 0.177049
vt 0.357424 0.177081
vt 0.357188 0.165786
vt 0.357762 0.156679
vt 0.358593 0.177133
vt 0.356828 0.199473
vt 0.357959 0.202004
vt 0.361228 0.177608
vt 0.360196 0.205545
vt 0.356513 0.222019
vt 0.357810 0.222033
vt 0.360040 0.222057
vt 0.357576 0.239490
vt 0.356420 0.239484
vt 0.356425 0.257413
vt 0.357686 0.257411
vt 0.357677 0.275333
vt 0.356522 0.275343
vt 0.356713 0.292809
vt 0.358005 0.292788
vt 0.355778 0.275347
vt 0.355969 0.292821
vt 0.356372 0.313750
vt 0.357156 0.315355
vt 0.358272 0.312810
vt 0.359048 0.337684
vt 0.358627 0.349070
vt 0.357879 0.337743
vt 0.360126 0.358665
vt 0.359112 0.358384
vt 0.355683 0.257410
vt 0.355677 0.239477
vt 0.355052 0.230638
vt 0.355769 0.222010
vt 0.356053 0.201080
vt 0.355440 0.198278
vt 0.356416 0.167910
vt 0.355578 0.169355
vt 0.354627 0.200380
vt 0.354709 0.173717
vt 0.355683 0.154374
vt 0.353396 0.169213
vt 0.353191 0.165631
vt 0.352706 0.176865
vt 0.352293 0.190201
vt 0.354290 0.154284
vt 0.354351 0.149443
vt 0.353714 0.156749
vt 0.356606 0.143303
vt 0.355519 0.143026
vt 0.357029 0.137042
vt 0.356698 0.136899
vt 0.355177 0.142935
vt 0.358142 0.137522
vt 0.360631 0.131817
vt 0.359711 0.131197
vt 0.363238 0.126309
vt 0.362918 0.125998
vt 0.359421 0.131006
vt 0.366958 0.122899
vt 0.371045 0.120697
vt 0.370894 0.120371
vt 0.366762 0.122615
vt 0.375362 0.119107
vt 0.379718 0.118057
vt 0.379625 0.117701
vt 0.375250 0.118774
vt 0.375713 0.120198
vt 0.380015 0.119284
vt 0.384103 0.118503
vt 0.383883 0.117369
vt 0.388136 0.116982
vt 0.388083 0.116621
vt 0.383812 0.117026
vt 0.388309 0.118219
vt 0.392803 0.117850
vt 0.392731 0.116706
vt 0.397917 0.116801
vt 0.397925 0.116450
vt 0.392709 0.116358
vt 0.403932 0.117459
vt 0.415430 0.119357
vt 0.410671 0.118156
vt 0.403965 0.117107
vt 0.427762 0.121594
vt 0.425545 0.120831
vt 0.417882 0.119427
vt 0.432077 0.123510
vt 0.410716 0.119931
vt 0.442815 0.124370
vt 0.442037 0.123848
vt 0.433605 0.122282
vt 0.442913 0.125267
vt 0.463209 0.128466
vt 0.459746 0.127413
vt 0.450816 0.125597
vt 0.468633 0.129177
vt 0.477669 0.130987
vt 0.486956 0.133284
vt 0.487047 0.132937
vt 0.495962 0.135215
vt 0.495846 0.135554
vt 0.503453 0.138323
vt 0.503610 0.138007
vt 0.510189 0.141618
vt 0.509981 0.141902
vt 0.515644 0.146590
vt 0.515901 0.146355
vt 0.520559 0.152300
vt 0.520258 0.152479
vt 0.523648 0.159658
vt 0.523977 0.159537
vt 0.526161 0.168133
vt 0.526762 0.178335
vt 0.527117 0.178201
vt 0.525813 0.168202
vt 0.527879 0.228153
vt 0.525924 0.178302
vt 0.526369 0.335577
vt 0.525789 0.335631
vt 0.525343 0.178348
vt 0.525405 0.256937
vt 0.525013 0.335473
vt 0.524529 0.256938
vt 0.526317 0.345665
vt 0.527208 0.335640
vt 0.524200 0.354222
vt 0.524529 0.354341
vt 0.526664 0.345733
vt 0.521153 0.361597
vt 0.520851 0.361419
vt 0.516271 0.367335
vt 0.516529 0.367568
vt 0.527563 0.335659
vt 0.528042 0.285704
vt 0.528036 0.256928
vt 0.523638 0.256940
vt 0.521981 0.178570
vt 0.520673 0.171862
vt 0.522817 0.178497
vt 0.523693 0.178464
vt 0.524567 0.178402
vt 0.523664 0.168591
vt 0.522801 0.168689
vt 0.524615 0.168437
vt 0.521591 0.160323
vt 0.522599 0.160033
vt 0.519208 0.153090
vt 0.517590 0.153755
vt 0.520750 0.160479
vt 0.518373 0.153489
vt 0.512704 0.148825
vt 0.516788 0.153873
vt 0.513375 0.148451
vt 0.514032 0.147986
vt 0.519893 0.160517
vt 0.514820 0.147338
vt 0.509262 0.142885
vt 0.508703 0.143643
vt 0.508208 0.144308
vt 0.502949 0.139351
vt 0.495451 0.136744
vt 0.486662 0.134100
vt 0.486370 0.134642
vt 0.460858 0.129290
vt 0.453208 0.128716
vt 0.486216 0.135393
vt 0.495011 0.138471
vt 0.495193 0.137649
vt 0.472653 0.133488
vt 0.486332 0.136286
vt 0.486283 0.137139
vt 0.486317 0.137949
vt 0.494900 0.139303
vt 0.470472 0.133919
vt 0.501917 0.141844
vt 0.501670 0.142917
vt 0.502195 0.141063
vt 0.507722 0.144954
vt 0.507275 0.145563
vt 0.510767 0.148898
vt 0.515736 0.153915
vt 0.512060 0.149136
vt 0.518700 0.160480
vt 0.521101 0.168739
vt 0.506002 0.149649
vt 0.521933 0.168730
vt 0.502517 0.140290
vt 0.459178 0.131676
vt 0.453490 0.129654
vt 0.450283 0.129871
vt 0.442828 0.125854
vt 0.433209 0.124842
vt 0.441627 0.126403
vt 0.441552 0.127265
vt 0.433139 0.125705
vt 0.441536 0.128131
vt 0.425097 0.124257
vt 0.417460 0.122856
vt 0.417520 0.121992
vt 0.425163 0.123395
vt 0.421343 0.121906
vt 0.403833 0.118613
vt 0.403774 0.119654
vt 0.410362 0.120717
vt 0.410316 0.121578
vt 0.403757 0.120499
vt 0.397910 0.119812
vt 0.392929 0.120538
vt 0.397942 0.120649
vt 0.392905 0.119706
vt 0.392865 0.118880
vt 0.397895 0.118982
vt 0.397895 0.118058
vt 0.384254 0.119544
vt 0.388410 0.119138
vt 0.388467 0.119967
vt 0.384320 0.120381
vt 0.388476 0.120802
vt 0.380260 0.121050
vt 0.376083 0.122078
vt 0.375964 0.121231
vt 0.380178 0.120206
vt 0.371543 0.121828
vt 0.367559 0.123806
vt 0.368045 0.124757
vt 0.371842 0.122717
vt 0.372017 0.123551
vt 0.368293 0.125557
vt 0.364942 0.128547
vt 0.362429 0.133538
vt 0.365101 0.129313
vt 0.361993 0.132972
vt 0.361432 0.132438
vt 0.364443 0.127660
vt 0.357639 0.143502
vt 0.358995 0.137886
vt 0.359731 0.138194
vt 0.358441 0.143574
vt 0.359208 0.143536
vt 0.360431 0.138479
vt 0.357693 0.149622
vt 0.358428 0.149379
vt 0.357059 0.156849
vt 0.356483 0.154403
vt 0.351982 0.205390
vt 0.351780 0.221970
vt 0.362010 0.222077
vt 0.362193 0.201155
vt 0.365619 0.177433
vt 0.369371 0.177571
vt 0.369740 0.165728
vt 0.366015 0.165698
vt 0.363093 0.165680
vt 0.373956 0.165764
vt 0.374412 0.154205
vt 0.370232 0.154513
vt 0.366527 0.154891
vt 0.370798 0.144226
vt 0.366310 0.145443
vt 0.367784 0.136637
vt 0.371388 0.135166
vt 0.375440 0.134043
vt 0.374927 0.143479
vt 0.379312 0.142914
vt 0.379717 0.133223
vt 0.383998 0.132662
vt 0.383750 0.142527
vt 0.388347 0.142317
vt 0.393127 0.133161
vt 0.398502 0.143705
vt 0.393209 0.153719
vt 0.388205 0.153718
vt 0.404509 0.153993
vt 0.404193 0.134711
vt 0.410848 0.143983
vt 0.383455 0.153804
vt 0.378882 0.153969
vt 0.359040 0.365438
vt 0.365827 0.385466
vt 0.822217 0.176689
vt 0.831016 0.174877
vt 0.831019 0.174527
vt 0.822219 0.176342
vt 0.813280 0.178159
vt 0.813269 0.178529
vt 0.803992 0.180404
vt 0.804033 0.180050
vt 0.795311 0.182202
vt 0.795277 0.182531
vt 0.788011 0.185126
vt 0.787949 0.184804
vt 0.781701 0.188157
vt 0.781890 0.188416
vt 0.776648 0.192687
vt 0.776325 0.192562
vt 0.771995 0.198138
vt 0.772397 0.198135
vt 0.769240 0.204975
vt 0.768887 0.205004
vt 0.766997 0.213262
vt 0.766676 0.222993
vt 0.767353 0.213249
vt 0.766318 0.223054
vt 0.770015 0.216887
vt 0.766383 0.301031
vt 0.766016 0.301029
vt 0.769323 0.297125
vt 0.766468 0.379028
vt 0.766107 0.379003
vt 0.766759 0.388797
vt 0.767115 0.388811
vt 0.768980 0.397090
vt 0.769787 0.385540
vt 0.771717 0.403935
vt 0.772119 0.403939
vt 0.768628 0.397060
vt 0.776354 0.409398
vt 0.781396 0.413942
vt 0.781586 0.413683
vt 0.776031 0.409522
vt 0.787697 0.416990
vt 0.787634 0.417312
vt 0.794990 0.419934
vt 0.794956 0.419605
vt 0.803665 0.421755
vt 0.803706 0.422109
vt 0.812948 0.424025
vt 0.812937 0.423655
vt 0.821880 0.425520
vt 0.821882 0.425866
vt 0.830677 0.427706
vt 0.830674 0.427354
vt 0.839499 0.429273
vt 0.839503 0.429615
vt 0.848159 0.431462
vt 0.848153 0.431108
vt 0.856435 0.432758
vt 0.856444 0.433116
vt 0.864331 0.434642
vt 0.864321 0.434289
vt 0.871785 0.435767
vt 0.871793 0.436103
vt 0.878740 0.437449
vt 0.878734 0.437093
vt 0.885075 0.438279
vt 0.885083 0.438626
vt 0.890668 0.439375
vt 0.890658 0.439012
vt 0.895333 0.439073
vt 0.895339 0.439432
vt 0.899377 0.439050
vt 0.899378 0.438692
vt 0.903074 0.438125
vt 0.903063 0.438483
vt 0.906673 0.437662
vt 0.906691 0.437341
vt 0.910506 0.436159
vt 0.910484 0.436517
vt 0.914249 0.434934
vt 0.914265 0.434578
vt 0.917722 0.432437
vt 0.917722 0.432796
vt 0.920887 0.429611
vt 0.920831 0.429277
vt 0.923546 0.424653
vt 0.923727 0.424887
vt 0.925838 0.419342
vt 0.925540 0.419242
vt 0.926506 0.413753
vt 0.926816 0.413695
vt 0.927240 0.407562
vt 0.926882 0.407748
vt 0.927375 0.400663
vt 0.927693 0.400558
vt 0.928140 0.391934
vt 0.927800 0.391949
vt 0.928191 0.380931
vt 0.928549 0.380941
vt 0.928913 0.367823
vt 0.928741 0.358773
vt 0.929225 0.352825
vt 0.929471 0.336419
vt 0.929116 0.336413
vt 0.929277 0.319067
vt 0.929635 0.319080
vt 0.929709 0.301268
vt 0.929325 0.283434
vt 0.929347 0.301251
vt 0.929683 0.283444
vt 0.926792 0.283431
vt 0.925678 0.301230
vt 0.926729 0.319041
vt 0.925558 0.352783
vt 0.925487 0.336376
vt 0.925675 0.379739
vt 0.923716 0.380448
vt 0.923099 0.392248
vt 0.925057 0.392148
vt 0.922983 0.402269
vt 0.924713 0.401700
vt 0.924063 0.409471
vt 0.922260 0.410907
vt 0.922239 0.417602
vt 0.920556 0.426675
vt 0.922580 0.422847
vt 0.924298 0.414582
vt 0.917746 0.430055
vt 0.910644 0.433839
vt 0.914394 0.431787
vt 0.903138 0.436148
vt 0.906793 0.435539
vt 0.906946 0.432235
vt 0.903430 0.425874
vt 0.911122 0.424147
vt 0.907243 0.425137
vt 0.914842 0.422862
vt 0.915266 0.413823
vt 0.911535 0.414731
vt 0.907614 0.415456
vt 0.903694 0.415994
vt 0.903974 0.404693
vt 0.911943 0.404028
vt 0.907989 0.404403
vt 0.908331 0.392583
vt 0.915676 0.403579
vt 0.912311 0.392502
vt 0.916045 0.392425
vt 0.919032 0.403066
vt 0.918615 0.412738
vt 0.919406 0.392351
vt 0.918177 0.421239
vt 0.919713 0.380722
vt 0.920114 0.357180
vt 0.916647 0.362562
vt 0.916343 0.380660
vt 0.922841 0.357093
vt 0.923097 0.336359
vt 0.920341 0.336341
vt 0.916921 0.336323
vt 0.913026 0.352671
vt 0.913221 0.325732
vt 0.909035 0.344990
vt 0.908816 0.367584
vt 0.912842 0.367600
vt 0.912608 0.380618
vt 0.908603 0.380601
vt 0.904427 0.380612
vt 0.904626 0.360147
vt 0.900081 0.364621
vt 0.900006 0.380640
vt 0.899908 0.392741
vt 0.904231 0.392667
vt 0.899766 0.404878
vt 0.895235 0.404940
vt 0.895262 0.386247
vt 0.890074 0.364987
vt 0.890145 0.390382
vt 0.895278 0.357713
vt 0.895294 0.326626
vt 0.890059 0.332878
vt 0.900154 0.332369
vt 0.904783 0.327528
vt 0.900212 0.290763
vt 0.895368 0.273156
vt 0.890149 0.267352
vt 0.884488 0.250134
vt 0.884350 0.352523
vt 0.878150 0.272602
vt 0.878101 0.366937
vt 0.884408 0.376896
vt 0.878200 0.388483
vt 0.878427 0.414654
vt 0.884591 0.404687
vt 0.871566 0.419462
vt 0.871227 0.371981
vt 0.863778 0.359342
vt 0.864020 0.407681
vt 0.871208 0.301169
vt 0.856372 0.429315
vt 0.856719 0.173009
vt 0.848420 0.176906
vt 0.848084 0.425375
vt 0.864061 0.223470
vt 0.822174 0.182139
vt 0.821852 0.420072
vt 0.830638 0.421922
vt 0.813146 0.181448
vt 0.812820 0.420691
vt 0.839447 0.423484
vt 0.839778 0.178840
vt 0.864213 0.428884
vt 0.878643 0.431198
vt 0.884829 0.423868
vt 0.890312 0.414860
vt 0.890543 0.433243
vt 0.895243 0.425454
vt 0.899617 0.416325
vt 0.899417 0.433250
vt 0.895301 0.437210
vt 0.803157 0.418636
vt 0.787783 0.414748
vt 0.794320 0.416626
vt 0.784008 0.408674
vt 0.789991 0.405891
vt 0.779416 0.389490
vt 0.788818 0.388483
vt 0.800437 0.395049
vt 0.788646 0.301058
vt 0.778784 0.291984
vt 0.800703 0.204410
vt 0.789055 0.213635
vt 0.779714 0.211538
vt 0.790271 0.196259
vt 0.784299 0.193431
vt 0.794633 0.185508
vt 0.788091 0.187368
vt 0.803475 0.183522
vt 0.871418 0.230360
vt 0.878278 0.235889
vt 0.890247 0.237404
vt 0.884613 0.225441
vt 0.895432 0.244694
vt 0.900248 0.259642
vt 0.900234 0.227404
vt 0.904854 0.288436
vt 0.904827 0.254142
vt 0.909205 0.271985
vt 0.909207 0.308411
vt 0.913287 0.276719
vt 0.913307 0.301213
vt 0.917073 0.301218
vt 0.917070 0.283440
vt 0.917016 0.266137
vt 0.913165 0.249784
vt 0.913022 0.234855
vt 0.908996 0.234859
vt 0.909118 0.249785
vt 0.916812 0.239899
vt 0.920265 0.245290
vt 0.923192 0.266118
vt 0.922992 0.245381
vt 0.920436 0.266128
vt 0.919928 0.221751
vt 0.923931 0.222035
vt 0.923340 0.210234
vt 0.919652 0.210121
vt 0.916292 0.210038
vt 0.916558 0.221804
vt 0.912822 0.221836
vt 0.908818 0.221842
vt 0.912558 0.209951
vt 0.908578 0.209859
vt 0.912221 0.198424
vt 0.911842 0.187720
vt 0.907923 0.186984
vt 0.908268 0.198038
vt 0.915570 0.188638
vt 0.915953 0.198884
vt 0.919308 0.199406
vt 0.918917 0.189732
vt 0.922557 0.191574
vt 0.923256 0.200212
vt 0.918501 0.181230
vt 0.922554 0.184877
vt 0.925308 0.210339
vt 0.924987 0.200787
vt 0.924356 0.193015
vt 0.925890 0.222749
vt 0.925698 0.249706
vt 0.925581 0.266107
vt 0.924509 0.283436
vt 0.923281 0.301226
vt 0.924461 0.319030
vt 0.920452 0.319015
vt 0.920506 0.301222
vt 0.917022 0.319005
vt 0.920500 0.283440
vt 0.929210 0.266086
vt 0.928896 0.243723
vt 0.928406 0.221565
vt 0.928385 0.210562
vt 0.928045 0.210544
vt 0.928764 0.221556
vt 0.929093 0.234675
vt 0.927643 0.201831
vt 0.927528 0.194932
vt 0.927171 0.194744
vt 0.927962 0.201937
vt 0.924604 0.187904
vt 0.926810 0.188739
vt 0.926158 0.183148
vt 0.925860 0.183247
vt 0.927120 0.188797
vt 0.922908 0.179634
vt 0.923880 0.177831
vt 0.921234 0.172866
vt 0.921177 0.173199
vt 0.924061 0.177597
vt 0.920896 0.175801
vt 0.918094 0.172413
vt 0.918077 0.170031
vt 0.914610 0.167525
vt 0.914626 0.167881
vt 0.918078 0.169672
vt 0.911003 0.168609
vt 0.914747 0.170671
vt 0.910871 0.166289
vt 0.907042 0.164776
vt 0.907060 0.165097
vt 0.910850 0.165931
vt 0.903503 0.166281
vt 0.907157 0.166899
vt 0.903445 0.164304
vt 0.899750 0.163368
vt 0.899750 0.163726
vt 0.903434 0.163945
vt 0.895706 0.163334
vt 0.895669 0.165197
vt 0.891042 0.163020
vt 0.891031 0.163382
vt 0.895713 0.162975
vt 0.879109 0.164914
vt 0.879102 0.165270
vt 0.885446 0.164101
vt 0.885455 0.163753
vt 0.864692 0.167681
vt 0.864681 0.168034
vt 0.872150 0.166577
vt 0.872158 0.166240
vt 0.856791 0.169544
vt 0.848511 0.170818
vt 0.848504 0.171171
vt 0.856801 0.169186
vt 0.839845 0.172983
vt 0.864545 0.174544
vt 0.871886 0.182882
vt 0.878436 0.213859
vt 0.890387 0.212012
vt 0.895492 0.216159
vt 0.900155 0.209679
vt 0.895516 0.197466
vt 0.900047 0.197541
vt 0.899928 0.186093
vt 0.895579 0.176953
vt 0.890619 0.187532
vt 0.899774 0.169168
vt 0.903768 0.176555
vt 0.904004 0.186436
vt 0.904254 0.197738
vt 0.904479 0.209764
vt 0.904642 0.221820
vt 0.904752 0.234843
vt 0.907578 0.177302
vt 0.907300 0.170204
vt 0.890900 0.169151
vt 0.885161 0.178531
vt 0.878994 0.171163
vt 0.878734 0.187706
vt 0.884871 0.197691
vt 0.911454 0.178303
vt 0.915171 0.179598
vt 0.830964 0.180276
vt 0.839850 0.172642
vt 0.929364 0.249674
vt 0.929566 0.266086
vt 0.594911 0.365951
vt 0.596390 0.365964
vt 0.596668 0.348575
vt 0.595189 0.348557
vt 0.595711 0.326761
vt 0.598045 0.365978
vt 0.597264 0.324190
vt 0.598518 0.339988
vt 0.600154 0.357672
vt 0.597886 0.383838
vt 0.599860 0.383848
vt 0.596231 0.383829
vt 0.597911 0.407148
vt 0.602548 0.360540
vt 0.602300 0.383860
vt 0.602327 0.407183
vt 0.599905 0.410025
vt 0.605248 0.425286
vt 0.605174 0.369908
vt 0.607971 0.412552
vt 0.610665 0.401754
vt 0.610674 0.383901
vt 0.610776 0.419132
vt 0.610979 0.435556
vt 0.611236 0.450560
vt 0.609348 0.487448
vt 0.611512 0.463678
vt 0.611777 0.474658
vt 0.612002 0.483244
vt 0.606619 0.488492
vt 0.603284 0.468296
vt 0.603927 0.488901
vt 0.600312 0.443410
vt 0.600900 0.470314
vt 0.602707 0.440876
vt 0.598880 0.468481
vt 0.598291 0.440840
vt 0.596333 0.419086
vt 0.596682 0.443475
vt 0.594742 0.401694
vt 0.594853 0.419089
vt 0.596221 0.401695
vt 0.595156 0.440888
vt 0.593540 0.419095
vt 0.593891 0.443563
vt 0.595753 0.468638
vt 0.594493 0.470576
vt 0.593036 0.458392
vt 0.592493 0.427727
vt 0.591589 0.470722
vt 0.593647 0.481365
vt 0.590980 0.443601
vt 0.589486 0.497205
vt 0.592127 0.488737
vt 0.593911 0.490442
vt 0.595004 0.488142
vt 0.596247 0.485668
vt 0.598087 0.495441
vt 0.597280 0.470486
vt 0.597050 0.500448
vt 0.595214 0.496770
vt 0.595933 0.502878
vt 0.598863 0.502250
vt 0.600248 0.511033
vt 0.596787 0.509604
vt 0.597873 0.509153
vt 0.594771 0.503141
vt 0.594039 0.496897
vt 0.602844 0.513083
vt 0.600602 0.507980
vt 0.600385 0.514754
vt 0.602150 0.507369
vt 0.604203 0.512195
vt 0.606301 0.515951
vt 0.605090 0.516956
vt 0.604618 0.518828
vt 0.602821 0.518842
vt 0.605394 0.521983
vt 0.607504 0.520024
vt 0.611228 0.521621
vt 0.608594 0.518979
vt 0.610252 0.522712
vt 0.609262 0.523780
vt 0.608321 0.524746
vt 0.611517 0.527178
vt 0.612367 0.526163
vt 0.613253 0.525049
vt 0.615650 0.528241
vt 0.619794 0.528865
vt 0.616428 0.527059
vt 0.614899 0.529325
vt 0.619138 0.530131
vt 0.618503 0.531302
vt 0.614222 0.530239
vt 0.617180 0.533559
vt 0.617931 0.532296
vt 0.613391 0.531450
vt 0.610758 0.528022
vt 0.609844 0.529183
vt 0.612181 0.533426
vt 0.616011 0.535540
vt 0.608531 0.531147
vt 0.610781 0.535786
vt 0.614633 0.537880
vt 0.607018 0.533512
vt 0.620040 0.537578
vt 0.618558 0.539860
vt 0.621941 0.540751
vt 0.624169 0.539578
vt 0.625570 0.538569
vt 0.621254 0.535620
vt 0.621932 0.534308
vt 0.626394 0.535768
vt 0.626674 0.534616
vt 0.622368 0.533224
vt 0.631489 0.536170
vt 0.631605 0.535003
vt 0.637341 0.534742
vt 0.637455 0.537244
vt 0.637366 0.535899
vt 0.631515 0.537563
vt 0.631803 0.539596
vt 0.637665 0.539148
vt 0.637937 0.541331
vt 0.632222 0.541951
vt 0.628239 0.541737
vt 0.626474 0.539949
vt 0.646695 0.538221
vt 0.644896 0.540617
vt 0.652686 0.539547
vt 0.660358 0.535798
vt 0.660897 0.537858
vt 0.651910 0.535634
vt 0.659896 0.533993
vt 0.659584 0.532696
vt 0.644341 0.536659
vt 0.644181 0.535338
vt 0.651673 0.534324
vt 0.644061 0.534190
vt 0.651484 0.533185
vt 0.659329 0.531564
vt 0.659035 0.530255
vt 0.643928 0.532863
vt 0.651269 0.531869
vt 0.637302 0.531963
vt 0.637318 0.533401
vt 0.651043 0.530459
vt 0.643792 0.531440
vt 0.632068 0.530749
vt 0.631904 0.532190
vt 0.637295 0.530529
vt 0.643661 0.530000
vt 0.631747 0.533644
vt 0.626998 0.533269
vt 0.627344 0.531830
vt 0.627710 0.530333
vt 0.623875 0.529230
vt 0.623371 0.530589
vt 0.622858 0.531953
vt 0.620487 0.527487
vt 0.632485 0.527366
vt 0.626093 0.526363
vt 0.625787 0.524337
vt 0.622889 0.523104
vt 0.621976 0.524704
vt 0.629021 0.525198
vt 0.632964 0.524033
vt 0.629488 0.523536
vt 0.632728 0.525572
vt 0.626485 0.522673
vt 0.623811 0.521511
vt 0.624737 0.519920
vt 0.627181 0.521049
vt 0.629946 0.521965
vt 0.633196 0.522623
vt 0.637401 0.522864
vt 0.643127 0.523733
vt 0.643030 0.522529
vt 0.637360 0.524115
vt 0.637327 0.525516
vt 0.643239 0.525089
vt 0.643380 0.526750
vt 0.637306 0.527214
vt 0.650814 0.529013
vt 0.658408 0.527436
vt 0.657692 0.524251
vt 0.650307 0.525815
vt 0.650043 0.524166
vt 0.657011 0.521291
vt 0.649824 0.522815
vt 0.657320 0.522622
vt 0.649627 0.521612
vt 0.656734 0.520108
vt 0.664304 0.518050
vt 0.680081 0.514054
vt 0.672290 0.515475
vt 0.664639 0.519213
vt 0.680331 0.512666
vt 0.689731 0.510620
vt 0.688064 0.509911
vt 0.696048 0.506984
vt 0.705353 0.504803
vt 0.704839 0.503659
vt 0.693067 0.510881
vt 0.705917 0.506082
vt 0.706584 0.507629
vt 0.687122 0.514827
vt 0.697547 0.511036
vt 0.707869 0.510652
vt 0.716927 0.506839
vt 0.715375 0.503956
vt 0.714570 0.502474
vt 0.698650 0.514138
vt 0.722724 0.500192
vt 0.721759 0.498815
vt 0.720953 0.497665
vt 0.713894 0.501243
vt 0.724591 0.502867
vt 0.731130 0.498352
vt 0.728945 0.495978
vt 0.727810 0.494746
vt 0.734349 0.490950
vt 0.733046 0.489905
vt 0.731956 0.489028
vt 0.726862 0.493712
vt 0.726008 0.492775
vt 0.730971 0.488237
vt 0.720226 0.496627
vt 0.713283 0.500139
vt 0.734935 0.483050
vt 0.736036 0.483669
vt 0.738904 0.477687
vt 0.737721 0.477255
vt 0.740216 0.478169
vt 0.742102 0.471374
vt 0.740728 0.471077
vt 0.739492 0.470812
vt 0.737254 0.484357
vt 0.738707 0.485183
vt 0.741787 0.478751
vt 0.743752 0.471734
vt 0.746919 0.472428
vt 0.741527 0.486799
vt 0.744840 0.479890
vt 0.744767 0.464161
vt 0.748045 0.464413
vt 0.742804 0.487540
vt 0.746218 0.480413
vt 0.748397 0.472754
vt 0.736872 0.492982
vt 0.738007 0.493903
vt 0.739170 0.494855
vt 0.747629 0.480960
vt 0.744125 0.488319
vt 0.740252 0.495749
vt 0.745357 0.489052
vt 0.734009 0.501548
vt 0.733097 0.500525
vt 0.732116 0.499436
vt 0.741144 0.496498
vt 0.746363 0.489657
vt 0.750042 0.481903
vt 0.748948 0.481476
vt 0.751612 0.470327
vt 0.752353 0.473646
vt 0.750944 0.464921
vt 0.749847 0.473079
vt 0.753466 0.465339
vt 0.755111 0.474148
vt 0.756769 0.465543
vt 0.754828 0.465437
vt 0.756252 0.474031
vt 0.753003 0.483322
vt 0.756150 0.474743
vt 0.751274 0.482450
vt 0.756923 0.477563
vt 0.754982 0.484358
vt 0.750836 0.492715
vt 0.743467 0.498699
vt 0.744993 0.500224
vt 0.749046 0.491456
vt 0.738025 0.506725
vt 0.729369 0.510175
vt 0.730502 0.512059
vt 0.736747 0.504967
vt 0.724392 0.515133
vt 0.721662 0.514853
vt 0.721015 0.513924
vt 0.711069 0.518806
vt 0.721153 0.515051
vt 0.710456 0.516990
vt 0.709978 0.515719
vt 0.728373 0.508540
vt 0.727650 0.507402
vt 0.719479 0.511741
vt 0.718942 0.510692
vt 0.734776 0.502416
vt 0.727004 0.506429
vt 0.735616 0.503450
vt 0.709530 0.514631
vt 0.709005 0.513361
vt 0.724336 0.506290
vt 0.699618 0.516876
vt 0.700071 0.518156
vt 0.699134 0.515507
vt 0.717124 0.508358
vt 0.690505 0.517127
vt 0.690970 0.518518
vt 0.677257 0.523334
vt 0.677745 0.521613
vt 0.670493 0.520538
vt 0.666355 0.525313
vt 0.681154 0.515148
vt 0.667559 0.519711
vt 0.666739 0.526709
vt 0.675432 0.525496
vt 0.658723 0.528854
vt 0.667124 0.528104
vt 0.667485 0.529406
vt 0.667797 0.530530
vt 0.676194 0.527904
vt 0.676061 0.526712
vt 0.691869 0.521175
vt 0.691013 0.520043
vt 0.691733 0.522466
vt 0.687213 0.525522
vt 0.669898 0.533242
vt 0.685615 0.528111
vt 0.669261 0.531478
vt 0.695187 0.524678
vt 0.686427 0.530130
vt 0.694265 0.527343
vt 0.678015 0.532979
vt 0.669386 0.535639
vt 0.702412 0.524353
vt 0.711750 0.520896
vt 0.719067 0.517590
vt 0.700932 0.520529
vt 0.700462 0.519258
vt 0.725418 0.504071
vt 0.742123 0.497386
vt 0.747480 0.490376
vt 0.758998 0.465665
vt 0.761094 0.390402
vt 0.758055 0.471996
vt 0.757546 0.304008
vt 0.756950 0.384744
vt 0.755584 0.384739
vt 0.754414 0.384734
vt 0.753065 0.384726
vt 0.751619 0.384721
vt 0.749499 0.464592
vt 0.750170 0.384717
vt 0.746861 0.384716
vt 0.745166 0.384596
vt 0.743080 0.464018
vt 0.741675 0.463868
vt 0.742436 0.389711
vt 0.740410 0.463719
vt 0.743739 0.384772
vt 0.742504 0.372436
vt 0.742439 0.305494
vt 0.741173 0.305634
vt 0.740317 0.298533
vt 0.741555 0.298278
vt 0.739789 0.291651
vt 0.738603 0.292073
vt 0.735871 0.286249
vt 0.736977 0.285640
vt 0.732952 0.280238
vt 0.731959 0.281020
vt 0.727048 0.276429
vt 0.727911 0.275501
vt 0.722052 0.271490
vt 0.721315 0.272520
vt 0.714417 0.268946
vt 0.715038 0.267847
vt 0.706535 0.264219
vt 0.706013 0.265359
vt 0.697254 0.261964
vt 0.690968 0.258269
vt 0.689295 0.258963
vt 0.681584 0.256126
vt 0.681350 0.254734
vt 0.673571 0.253221
vt 0.665613 0.250540
vt 0.665964 0.249382
vt 0.658363 0.247194
vt 0.658067 0.248373
vt 0.650982 0.246759
vt 0.651199 0.245559
vt 0.644521 0.244531
vt 0.644404 0.245733
vt 0.638789 0.245304
vt 0.638769 0.244053
vt 0.634381 0.244065
vt 0.634592 0.245479
vt 0.631345 0.246087
vt 0.630909 0.244511
vt 0.627904 0.245332
vt 0.628579 0.246964
vt 0.626130 0.248061
vt 0.625223 0.246460
vt 0.622723 0.247826
vt 0.623838 0.249332
vt 0.621753 0.250848
vt 0.620427 0.249468
vt 0.618354 0.251430
vt 0.619926 0.252680
vt 0.618353 0.254770
vt 0.616539 0.253680
vt 0.615019 0.256188
vt 0.617030 0.257062
vt 0.615913 0.259836
vt 0.613707 0.259179
vt 0.612515 0.262879
vt 0.614957 0.263371
vt 0.614205 0.267550
vt 0.611558 0.267194
vt 0.610952 0.272031
vt 0.613699 0.272253
vt 0.613340 0.277824
vt 0.610419 0.280369
vt 0.613024 0.284606
vt 0.612698 0.293189
vt 0.612309 0.304160
vt 0.611890 0.317269
vt 0.608367 0.346520
vt 0.611477 0.332263
vt 0.611111 0.348678
vt 0.610833 0.366050
vt 0.606053 0.324146
vt 0.603261 0.326857
vt 0.600893 0.324296
vt 0.599373 0.309442
vt 0.601773 0.297400
vt 0.604134 0.299446
vt 0.607702 0.279293
vt 0.600052 0.290894
vt 0.602994 0.271842
vt 0.605014 0.278853
vt 0.605494 0.271648
vt 0.608214 0.271824
vt 0.608903 0.266836
vt 0.606229 0.266472
vt 0.603777 0.266116
vt 0.600990 0.271543
vt 0.601787 0.265779
vt 0.600098 0.265447
vt 0.599247 0.272245
vt 0.598265 0.267227
vt 0.596390 0.270883
vt 0.596082 0.279507
vt 0.597296 0.281995
vt 0.597176 0.264785
vt 0.598155 0.297189
vt 0.596607 0.299019
vt 0.595368 0.297066
vt 0.594647 0.286267
vt 0.593777 0.309233
vt 0.592467 0.296885
vt 0.591564 0.324003
vt 0.594474 0.324071
vt 0.592915 0.339894
vt 0.593876 0.348537
vt 0.590819 0.357557
vt 0.587823 0.351935
vt 0.590668 0.270378
vt 0.584439 0.331654
vt 0.584057 0.348212
vt 0.584874 0.316535
vt 0.585324 0.303320
vt 0.585758 0.292255
vt 0.586144 0.283586
vt 0.586591 0.276436
vt 0.587206 0.269927
vt 0.588530 0.265364
vt 0.591103 0.264056
vt 0.592807 0.263831
vt 0.594597 0.255608
vt 0.591525 0.262520
vt 0.596734 0.257251
vt 0.598100 0.258070
vt 0.593543 0.270555
vt 0.595217 0.270742
vt 0.596017 0.264508
vt 0.593211 0.278896
vt 0.595016 0.277194
vt 0.601750 0.252960
vt 0.600763 0.252329
vt 0.599516 0.251365
vt 0.599181 0.258533
vt 0.597581 0.249559
vt 0.600390 0.245236
vt 0.602148 0.247144
vt 0.603301 0.248189
vt 0.604884 0.243946
vt 0.606833 0.245786
vt 0.605956 0.245036
vt 0.604227 0.248899
vt 0.606550 0.239151
vt 0.603291 0.241985
vt 0.607982 0.241128
vt 0.608968 0.242258
vt 0.612258 0.239804
vt 0.611358 0.238633
vt 0.613007 0.240657
vt 0.609787 0.243054
vt 0.615745 0.237626
vt 0.616411 0.238547
vt 0.617149 0.239640
vt 0.610716 0.244031
vt 0.613845 0.241681
vt 0.606024 0.248933
vt 0.608920 0.247769
vt 0.611694 0.245109
vt 0.614718 0.242805
vt 0.606475 0.250811
vt 0.604190 0.254659
vt 0.601574 0.256681
vt 0.603438 0.260366
vt 0.605539 0.255562
vt 0.601896 0.259737
vt 0.607675 0.251829
vt 0.607150 0.256499
vt 0.609102 0.252904
vt 0.611262 0.249961
vt 0.609997 0.248826
vt 0.612657 0.246211
vt 0.615572 0.243959
vt 0.614336 0.246955
vt 0.615198 0.248752
vt 0.612901 0.251239
vt 0.614723 0.252524
vt 0.616779 0.250135
vt 0.619097 0.248064
vt 0.618554 0.246082
vt 0.610950 0.254083
vt 0.612997 0.255224
vt 0.609212 0.257496
vt 0.611480 0.258430
vt 0.607554 0.261690
vt 0.605265 0.261011
vt 0.610054 0.262336
vt 0.623427 0.243248
vt 0.621973 0.240448
vt 0.618719 0.242142
vt 0.621610 0.246314
vt 0.624320 0.244857
vt 0.627557 0.241640
vt 0.625379 0.238745
vt 0.627227 0.243660
vt 0.630465 0.242843
vt 0.629225 0.237693
vt 0.628880 0.236192
vt 0.624893 0.237382
vt 0.621297 0.239062
vt 0.633585 0.237339
vt 0.638804 0.237640
vt 0.638833 0.236208
vt 0.633442 0.235897
vt 0.633952 0.240727
vt 0.634168 0.242524
vt 0.638758 0.242652
vt 0.638765 0.240954
vt 0.644823 0.241518
vt 0.644655 0.243177
vt 0.651440 0.244211
vt 0.651730 0.242567
vt 0.652287 0.239376
vt 0.645157 0.238274
vt 0.659088 0.244244
vt 0.667762 0.243304
vt 0.659851 0.241069
vt 0.671836 0.248134
vt 0.658692 0.245867
vt 0.668890 0.248922
vt 0.679099 0.247147
vt 0.682433 0.253653
vt 0.688398 0.254036
vt 0.691803 0.251770
vt 0.694306 0.258038
vt 0.698786 0.257924
vt 0.699916 0.254831
vt 0.707789 0.261403
vt 0.709101 0.258392
vt 0.707110 0.262945
vt 0.715724 0.266623
vt 0.716542 0.265148
vt 0.718119 0.262279
vt 0.723846 0.268979
vt 0.722869 0.270347
vt 0.728869 0.274477
vt 0.735364 0.278339
vt 0.730017 0.273257
vt 0.734051 0.279372
vt 0.738201 0.284963
vt 0.741106 0.291180
vt 0.742682 0.290611
vt 0.739662 0.284150
vt 0.742496 0.282560
vt 0.737907 0.276332
vt 0.745744 0.289499
vt 0.747757 0.296977
vt 0.749237 0.296663
vt 0.743780 0.281830
vt 0.747127 0.288987
vt 0.739051 0.275421
vt 0.740222 0.274481
vt 0.748543 0.288452
vt 0.745109 0.281063
vt 0.734213 0.268750
vt 0.733221 0.269830
vt 0.741313 0.273597
vt 0.735135 0.267737
vt 0.746348 0.280341
vt 0.742212 0.272857
vt 0.747359 0.279746
vt 0.750964 0.287530
vt 0.749866 0.287948
vt 0.752431 0.299117
vt 0.753201 0.295805
vt 0.754240 0.304120
vt 0.750690 0.296350
vt 0.751715 0.304517
vt 0.750268 0.304834
vt 0.748810 0.304963
vt 0.761167 0.372509
vt 0.759774 0.303838
vt 0.755603 0.304032
vt 0.745532 0.305220
vt 0.743846 0.305355
vt 0.742931 0.297992
vt 0.744584 0.297645
vt 0.758886 0.297499
vt 0.757101 0.295450
vt 0.755961 0.295324
vt 0.753938 0.286138
vt 0.752201 0.286995
vt 0.757006 0.294739
vt 0.748483 0.279037
vt 0.750059 0.277972
vt 0.744557 0.270678
vt 0.743200 0.271978
vt 0.746098 0.269168
vt 0.739203 0.262600
vt 0.737907 0.264345
vt 0.736760 0.265850
vt 0.751861 0.276729
vt 0.755926 0.285120
vt 0.757804 0.291927
vt 0.729574 0.260687
vt 0.728839 0.261817
vt 0.730587 0.259062
vt 0.735910 0.266876
vt 0.722273 0.255225
vt 0.720715 0.257400
vt 0.720169 0.258445
vt 0.728184 0.262784
vt 0.725516 0.262897
vt 0.726576 0.265126
vt 0.718330 0.260762
vt 0.710260 0.255692
vt 0.700412 0.253467
vt 0.700909 0.252102
vt 0.710796 0.254428
vt 0.701373 0.250827
vt 0.692341 0.248859
vt 0.693206 0.247736
vt 0.677479 0.242028
vt 0.678632 0.245421
vt 0.692282 0.250384
vt 0.693085 0.246443
vt 0.701774 0.249727
vt 0.702255 0.248461
vt 0.688602 0.243342
vt 0.711254 0.253343
vt 0.711742 0.252077
vt 0.712370 0.250265
vt 0.713068 0.248181
vt 0.703768 0.244650
vt 0.696557 0.244263
vt 0.720354 0.251543
vt 0.722418 0.254098
vt 0.687036 0.240737
vt 0.687869 0.238728
vt 0.695662 0.241591
vt 0.671409 0.235422
vt 0.679509 0.235785
vt 0.670931 0.233018
vt 0.661922 0.232734
vt 0.662489 0.230682
vt 0.654318 0.228870
vt 0.648313 0.230102
vt 0.646552 0.227677
vt 0.639609 0.226852
vt 0.633449 0.228492
vt 0.639304 0.229030
vt 0.633904 0.226145
vt 0.639065 0.230930
vt 0.633130 0.230521
vt 0.633083 0.231913
vt 0.645938 0.231626
vt 0.645757 0.232944
vt 0.638956 0.232273
vt 0.627197 0.229429
vt 0.627984 0.232243
vt 0.628248 0.233398
vt 0.633183 0.233081
vt 0.638913 0.233430
vt 0.633305 0.234442
vt 0.638871 0.234770
vt 0.628553 0.234749
vt 0.624398 0.236012
vt 0.623924 0.234734
vt 0.620037 0.236610
vt 0.620657 0.237789
vt 0.619477 0.235610
vt 0.623502 0.233646
vt 0.622841 0.232326
vt 0.618742 0.234338
vt 0.621651 0.230353
vt 0.617596 0.232344
vt 0.613742 0.234415
vt 0.614929 0.236405
vt 0.610067 0.236655
vt 0.612370 0.232039
vt 0.608582 0.234272
vt 0.616246 0.229988
vt 0.620196 0.228055
vt 0.623591 0.227204
vt 0.625806 0.228403
vt 0.604895 0.236750
vt 0.601436 0.239587
vt 0.598329 0.242896
vt 0.595300 0.247333
vt 0.592075 0.253553
vt 0.590275 0.259351
vt 0.645467 0.235415
vt 0.645309 0.236835
vt 0.652786 0.236527
vt 0.653020 0.235214
vt 0.645620 0.234090
vt 0.652538 0.237934
vt 0.660519 0.238258
vt 0.668569 0.240524
vt 0.668947 0.239227
vt 0.660832 0.236954
vt 0.660187 0.239656
vt 0.668165 0.241913
vt 0.676835 0.243238
vt 0.677627 0.240838
vt 0.669274 0.238106
vt 0.670749 0.237178
vt 0.661103 0.235826
vt 0.661433 0.234533
vt 0.653483 0.232772
vt 0.653226 0.234078
vt 0.628124 0.228061
vt 0.629916 0.226300
vt 0.725738 0.266322
vt 0.732225 0.270904
vt 0.722932 0.254304
vt 0.725664 0.254053
vt 0.731740 0.257190
vt 0.617912 0.240830
vt 0.583770 0.365745
vt 0.583607 0.383766
vt 0.587493 0.406640
vt 0.583600 0.401787
vt 0.583719 0.419320
vt 0.583935 0.435875
vt 0.590570 0.410043
vt 0.592274 0.401695
vt 0.590528 0.383801
vt 0.593429 0.401694
vt 0.592285 0.383810
vt 0.593440 0.383815
vt 0.593598 0.365938
vt 0.594753 0.383822
vt 0.592443 0.365924
vt 0.584214 0.450992
vt 0.584520 0.464206
vt 0.584828 0.475271
vt 0.585115 0.483942
vt 0.585478 0.491097
vt 0.586018 0.497614
vt 0.589848 0.503534
vt 0.591552 0.503781
vt 0.592363 0.497064
vt 0.587289 0.502193
vt 0.595411 0.510407
vt 0.593257 0.512025
vt 0.590257 0.505079
vt 0.588974 0.508233
vt 0.590712 0.514051
vt 0.593873 0.520307
vt 0.598942 0.522461
vt 0.596178 0.518107
vt 0.596855 0.524777
vt 0.599928 0.528120
vt 0.605040 0.528613
vt 0.601810 0.525744
vt 0.603358 0.530994
vt 0.603425 0.523801
vt 0.606494 0.526652
vt 0.607493 0.525534
vt 0.600722 0.520574
vt 0.601886 0.519542
vt 0.604509 0.522723
vt 0.599391 0.515374
vt 0.598134 0.516324
vt 0.621321 0.520116
vt 0.622452 0.518621
vt 0.620378 0.517081
vt 0.619038 0.518447
vt 0.616982 0.516464
vt 0.618566 0.515229
vt 0.617013 0.513122
vt 0.613693 0.511670
vt 0.615188 0.514194
vt 0.615712 0.510815
vt 0.613360 0.515331
vt 0.615393 0.517742
vt 0.613797 0.519108
vt 0.611660 0.512613
vt 0.609601 0.513733
vt 0.611524 0.516597
vt 0.612915 0.520896
vt 0.617129 0.521815
vt 0.609871 0.517857
vt 0.617692 0.519839
vt 0.620191 0.521616
vt 0.617250 0.525756
vt 0.614120 0.523904
vt 0.607740 0.514891
vt 0.605824 0.511276
vt 0.603984 0.506744
vt 0.606280 0.506090
vt 0.607897 0.510302
vt 0.610175 0.509391
vt 0.612409 0.508664
vt 0.611254 0.504952
vt 0.608787 0.505471
vt 0.607682 0.500960
vt 0.610341 0.500629
vt 0.609786 0.495789
vt 0.607046 0.495966
vt 0.604325 0.496111
vt 0.605004 0.501294
vt 0.601828 0.495888
vt 0.602549 0.501623
vt 0.612238 0.490027
vt 0.612535 0.495597
vt 0.612991 0.500301
vt 0.613701 0.504485
vt 0.614622 0.508029
vt 0.599811 0.495944
vt 0.600555 0.501938
vt 0.208520 0.056158
vt 0.208738 0.034015
vt 0.208189 0.045062
vt 0.207981 0.056030
vt 0.208367 0.036463
vt 0.208565 0.029626
vt 0.208832 0.023944
vt 0.209434 0.019148
vt 0.210573 0.029495
vt 0.210636 0.014967
vt 0.212147 0.011495
vt 0.211974 0.043014
vt 0.213673 0.008822
vt 0.213368 0.070156
vt 0.215236 0.042447
vt 0.215363 0.006745
vt 0.210454 0.056285
vt 0.211823 0.069418
vt 0.209330 0.044025
vt 0.209208 0.069389
vt 0.210319 0.084296
vt 0.211542 0.115206
vt 0.209065 0.098996
vt 0.208307 0.080031
vt 0.207768 0.069124
vt 0.207570 0.084099
vt 0.208082 0.116276
vt 0.207407 0.100490
vt 0.207298 0.117831
vt 0.207256 0.135648
vt 0.208081 0.155019
vt 0.208744 0.135647
vt 0.207297 0.153464
vt 0.209125 0.117827
vt 0.209125 0.153468
vt 0.209064 0.172296
vt 0.208305 0.191266
vt 0.210317 0.186996
vt 0.209206 0.201906
vt 0.207568 0.187196
vt 0.207766 0.202171
vt 0.207406 0.170805
vt 0.208517 0.215137
vt 0.209327 0.227271
vt 0.208734 0.237290
vt 0.208186 0.226233
vt 0.207979 0.215265
vt 0.208364 0.234832
vt 0.208562 0.241669
vt 0.208829 0.247351
vt 0.209430 0.252147
vt 0.210632 0.256328
vt 0.210569 0.241800
vt 0.212142 0.259801
vt 0.213669 0.262474
vt 0.211971 0.228279
vt 0.213366 0.201139
vt 0.210452 0.215011
vt 0.211821 0.201878
vt 0.211541 0.156089
vt 0.213109 0.153447
vt 0.212219 0.135648
vt 0.213110 0.117849
vt 0.214912 0.135648
vt 0.214968 0.112635
vt 0.217094 0.117851
vt 0.217093 0.153444
vt 0.217073 0.135648
vt 0.214967 0.158661
vt 0.219448 0.132577
vt 0.219468 0.165566
vt 0.221936 0.135647
vt 0.221971 0.200552
vt 0.217172 0.186949
vt 0.215135 0.201830
vt 0.217239 0.214978
vt 0.219513 0.201818
vt 0.215233 0.228848
vt 0.219550 0.229222
vt 0.222044 0.268390
vt 0.217314 0.246744
vt 0.224563 0.135648
vt 0.224595 0.215427
vt 0.227354 0.200602
vt 0.227347 0.135648
vt 0.230395 0.199007
vt 0.238143 0.267617
vt 0.243863 0.266352
vt 0.243867 0.004944
vt 0.233828 0.268559
vt 0.230412 0.269108
vt 0.336980 0.241026
vt 0.341373 0.235902
vt 0.344087 0.229791
vt 0.338763 0.197010
vt 0.331341 0.245122
vt 0.274125 0.011482
vt 0.274121 0.259815
vt 0.282537 0.257866
vt 0.265792 0.009553
vt 0.265788 0.261743
vt 0.257924 0.007894
vt 0.250592 0.006395
vt 0.250588 0.264902
vt 0.282541 0.013432
vt 0.290654 0.256144
vt 0.331344 0.026177
vt 0.324888 0.248149
vt 0.336567 0.135647
vt 0.345913 0.135650
vt 0.345959 0.215496
vt 0.345492 0.222906
vt 0.338764 0.074290
vt 0.308329 0.018709
vt 0.299060 0.016847
vt 0.299056 0.254451
vt 0.290658 0.015154
vt 0.317321 0.020793
vt 0.324892 0.023149
vt 0.345961 0.055803
vt 0.344090 0.041508
vt 0.345495 0.048394
vt 0.227397 0.002110
vt 0.230398 0.087134
vt 0.230416 0.002188
vt 0.233832 0.002738
vt 0.222048 0.002905
vt 0.224598 0.055865
vt 0.224649 0.002388
vt 0.227356 0.070688
vt 0.221973 0.070742
vt 0.219553 0.042073
vt 0.219515 0.069478
vt 0.217241 0.056318
vt 0.215137 0.069469
vt 0.217174 0.084347
vt 0.219475 0.100581
vt 0.238147 0.003679
vt 0.217317 0.024552
vt 0.217364 0.005049
vt 0.219613 0.003761
vt 0.341376 0.035397
vt 0.336983 0.030273
vt 0.308326 0.252589
vt 0.317318 0.250506
vt 0.257920 0.263402
vt 0.227392 0.269185
vt 0.224644 0.268907
vt 0.219609 0.267534
vt 0.217360 0.266247
vt 0.215358 0.264551
vt 0.010875 0.523880
vt 0.009287 0.534886
vt 0.019418 0.534889
vt 0.020647 0.523880
vt 0.007842 0.544999
vt 0.018673 0.545012
vt 0.018165 0.555159
vt 0.006665 0.555140
vt 0.005286 0.579626
vt 0.017646 0.566243
vt 0.017079 0.579642
vt 0.016426 0.596733
vt 0.015741 0.617138
vt 0.015078 0.640477
vt 0.014533 0.662555
vt 0.003961 0.824577
vt 0.014204 0.679176
vt 0.014007 0.693068
vt 0.013862 0.706961
vt 0.013803 0.720854
vt 0.013862 0.734748
vt 0.014007 0.748641
vt 0.014204 0.762533
vt 0.014533 0.779154
vt 0.015078 0.801232
vt 0.015741 0.824571
vt 0.004627 0.844978
vt 0.016426 0.844976
vt 0.017079 0.862067
vt 0.005882 0.875480
vt 0.005274 0.862073
vt 0.018165 0.886550
vt 0.006665 0.886569
vt 0.007842 0.896709
vt 0.018673 0.896697
vt 0.017646 0.875466
vt 0.019418 0.906819
vt 0.010875 0.917828
vt 0.020647 0.917828
vt 0.009287 0.906822
vt 0.022246 0.928294
vt 0.012577 0.928294
vt 0.014360 0.936784
vt 0.024099 0.936784
vt 0.025956 0.943636
vt 0.016473 0.943898
vt 0.019126 0.950234
vt 0.027567 0.949183
vt 0.029699 0.954050
vt 0.022561 0.956127
vt 0.030053 0.960391
vt 0.033122 0.958865
vt 0.026985 0.961918
vt 0.032225 0.967324
vt 0.037514 0.963477
vt 0.040332 0.969901
vt 0.042559 0.967739
vt 0.048611 0.971827
vt 0.053336 0.980250
vt 0.056027 0.975916
vt 0.045014 0.976312
vt 0.064648 0.979823
vt 0.062739 0.983979
vt 0.072899 0.987585
vt 0.074314 0.983364
vt 0.085065 0.986210
vt 0.096159 0.992446
vt 0.096938 0.988029
vt 0.083982 0.990574
vt 0.109587 0.989174
vt 0.122164 0.994389
vt 0.122664 0.989997
vt 0.109021 0.993590
vt 0.038106 0.972063
vt 0.137241 0.990769
vt 0.136724 0.995141
vt 0.137771 0.995353
vt 0.135999 0.995054
vt 0.138317 0.990959
vt 0.136516 0.990688
vt 0.140467 0.991445
vt 0.140233 0.995944
vt 0.144420 0.992418
vt 0.147964 0.993881
vt 0.148886 0.995840
vt 0.147405 0.997191
vt 0.002750 0.779154
vt 0.003300 0.801232
vt 0.002417 0.762533
vt 0.002219 0.748641
vt 0.002073 0.734748
vt 0.002013 0.720854
vt 0.002073 0.706961
vt 0.002219 0.693068
vt 0.002417 0.679176
vt 0.002750 0.662555
vt 0.003300 0.640477
vt 0.003962 0.617137
vt 0.004627 0.596731
vt 0.005881 0.566229
vt 0.030053 0.481317
vt 0.026985 0.479791
vt 0.022561 0.485582
vt 0.032225 0.474385
vt 0.040332 0.471808
vt 0.038106 0.469646
vt 0.045014 0.465397
vt 0.064648 0.461886
vt 0.062739 0.457730
vt 0.053336 0.461458
vt 0.056027 0.465793
vt 0.048611 0.469882
vt 0.042559 0.473970
vt 0.037514 0.478232
vt 0.033122 0.482844
vt 0.029699 0.487658
vt 0.019126 0.491475
vt 0.027567 0.492526
vt 0.025956 0.498073
vt 0.014360 0.504924
vt 0.024099 0.504924
vt 0.016473 0.497810
vt 0.022246 0.513415
vt 0.012577 0.513415
vt 0.072899 0.454123
vt 0.074314 0.458345
vt 0.085065 0.455499
vt 0.096159 0.449262
vt 0.083982 0.451135
vt 0.096938 0.453680
vt 0.140467 0.450264
vt 0.140233 0.445765
vt 0.137771 0.446355
vt 0.144420 0.449291
vt 0.138317 0.450750
vt 0.137241 0.450940
vt 0.136724 0.446568
vt 0.135999 0.446655
vt 0.136516 0.451021
vt 0.122164 0.447320
vt 0.122664 0.451712
vt 0.109587 0.452535
vt 0.109021 0.448119
vt 0.147964 0.447828
vt 0.148886 0.445869
vt 0.147405 0.444518
s 1
usemtl 1011
f 1/1/1 2/2/2 554/3/3
f 1/1/1 3/4/4 2/2/2
f 376/5/5 4/6/6 3/4/4
f 3/4/4 1/1/1 376/5/5
f 5/7/7 2/2/2 3/4/4
f 7/8/8 2/2/2 5/7/7
f 8/9/9 6/10/10 7/8/8
f 7/8/8 9/11/11 8/9/9
f 5/7/7 9/11/11 7/8/8
f 8/9/9 9/11/11 10/12/12
f 10/12/12 9/11/11 5/7/7
f 10/12/12 13/13/13 11/14/14
f 11/14/14 12/15/15 10/12/12
f 10/12/12 15/16/16 8/9/9
f 5/7/7 13/13/13 10/12/12
f 10/12/12 12/15/15 14/17/17
f 14/17/17 15/16/16 10/12/12
f 8/9/9 15/16/16 16/18/18
f 16/18/18 15/16/16 14/17/17
f 16/18/18 18/19/19 8/9/9
f 20/20/20 22/21/21 16/18/18
f 16/18/18 22/21/21 19/22/22
f 14/17/17 17/23/23 16/18/18
f 16/18/18 17/23/23 20/20/20
f 19/22/22 18/19/19 16/18/18
f 23/24/24 21/25/25 20/20/20
f 20/20/20 17/23/23 23/24/24
f 26/26/26 24/27/27 23/24/24
f 23/24/24 24/27/27 25/28/28
f 25/28/28 21/25/25 23/24/24
f 23/24/24 17/23/23 14/17/17
f 14/17/17 27/29/29 23/24/24
f 23/24/24 27/29/29 26/26/26
f 26/26/26 27/29/29 28/30/30
f 28/30/30 27/29/29 14/17/17
f 28/30/30 12/15/15 11/14/14
f 11/14/14 30/31/31 28/30/30
f 28/30/30 30/31/31 29/32/32
f 29/32/32 31/33/33 28/30/30
f 14/17/17 12/15/15 28/30/30
f 28/30/30 31/33/33 26/26/26
f 32/34/34 31/33/33 29/32/32
f 26/26/26 31/33/33 32/34/34
f 29/32/32 33/35/35 32/34/34
f 32/34/34 33/35/35 206/36/36
f 206/36/36 36/37/37 32/34/34
f 32/34/34 34/38/38 26/26/26
f 35/39/39 34/38/38 32/34/34
f 32/34/34 36/37/37 35/39/39
f 37/40/40 36/37/37 206/36/36
f 35/39/39 36/37/37 37/40/40
f 37/40/40 42/41/41 38/42/42
f 38/42/42 41/43/43 37/40/40
f 206/36/36 40/44/44 37/40/40
f 37/40/40 40/44/44 39/45/45
f 39/45/45 42/41/41 37/40/40
f 37/40/40 41/43/43 35/39/39
f 45/46/46 43/47/47 42/41/41
f 42/41/41 43/47/47 44/48/48
f 44/48/48 38/42/42 42/41/41
f 42/41/41 39/45/45 45/46/46
f 176/49/49 38/42/42 44/48/48
f 176/49/49 47/50/50 38/42/42
f 48/51/51 47/50/50 176/49/49
f 176/49/49 46/52/52 48/51/51
f 46/52/52 49/53/53 48/51/51
f 47/50/50 41/43/43 38/42/42
f 51/54/54 50/55/55 47/50/50
f 47/50/50 50/55/55 35/39/39
f 47/50/50 48/51/51 51/54/54
f 35/39/39 41/43/43 47/50/50
f 51/54/54 48/51/51 49/53/53
f 51/54/54 52/56/56 53/57/57
f 53/57/57 50/55/55 51/54/54
f 53/57/57 52/56/56 25/28/28
f 25/28/28 24/27/27 53/57/57
f 53/57/57 24/27/27 26/26/26
f 26/26/26 34/38/38 53/57/57
f 53/57/57 34/38/38 35/39/39
f 35/39/39 50/55/55 53/57/57
f 52/56/56 51/54/54 54/58/58
f 54/58/58 56/59/59 52/56/56
f 55/60/60 25/28/28 52/56/56
f 52/56/56 56/59/59 55/60/60
f 57/61/61 55/60/60 56/59/59
f 56/59/59 58/62/62 57/61/61
f 59/63/63 58/62/62 56/59/59
f 56/59/59 54/58/58 59/63/63
f 196/64/64 60/65/65 59/63/63
f 59/63/63 54/58/58 196/64/64
f 61/66/66 60/65/65 196/64/64
f 177/67/67 62/68/68 61/66/66
f 196/64/64 177/67/67 61/66/66
f 63/69/69 62/68/68 177/67/67
f 179/70/70 64/71/71 63/69/69
f 63/69/69 177/67/67 179/70/70
f 65/72/72 64/71/71 179/70/70
f 68/73/73 66/74/74 65/72/72
f 65/72/72 179/70/70 68/73/73
f 67/75/75 66/74/74 68/73/73
f 180/76/76 69/77/77 67/75/75
f 67/75/75 68/73/73 180/76/76
f 70/78/78 69/77/77 180/76/76
f 181/79/79 71/80/80 70/78/78
f 70/78/78 180/76/76 181/79/79
f 72/81/81 71/80/80 181/79/79
f 183/82/82 73/83/83 72/81/81
f 72/81/81 182/84/84 183/82/82
f 181/79/79 182/84/84 72/81/81
f 74/85/85 73/83/83 183/82/82
f 185/86/86 75/87/87 74/85/85
f 74/85/85 184/88/88 185/86/86
f 183/82/82 184/88/88 74/85/85
f 76/89/89 75/87/87 185/86/86
f 187/90/90 77/91/91 76/89/89
f 76/89/89 186/92/92 187/90/90
f 185/86/86 186/92/92 76/89/89
f 78/93/93 77/91/91 187/90/90
f 189/94/94 79/95/95 78/93/93
f 78/93/93 188/96/96 189/94/94
f 187/90/90 188/96/96 78/93/93
f 80/97/97 79/95/95 189/94/94
f 190/98/98 81/99/99 80/97/97
f 80/97/97 128/100/100 190/98/98
f 189/94/94 128/100/100 80/97/97
f 82/101/101 81/99/99 190/98/98
f 192/102/102 83/103/103 82/101/101
f 82/101/101 191/104/104 192/102/102
f 190/98/98 191/104/104 82/101/101
f 84/105/105 83/103/103 192/102/102
f 193/106/106 85/107/107 84/105/105
f 192/102/102 193/106/106 84/105/105
f 86/108/108 85/107/107 193/106/106
f 194/109/109 87/110/110 86/108/108
f 193/106/106 194/109/109 86/108/108
f 88/111/111 87/110/110 194/109/109
f 195/112/112 89/113/113 88/111/111
f 194/109/109 195/112/112 88/111/111
f 90/114/114 89/113/113 195/112/112
f 94/115/115 91/116/116 90/114/114
f 195/112/112 94/115/115 90/114/114
f 92/117/117 91/116/116 94/115/115
f 97/118/118 93/119/119 92/117/117
f 92/117/117 94/115/115 97/118/118
f 95/120/120 96/121/121 94/115/115
f 96/121/121 97/118/118 94/115/115
f 98/122/122 96/121/121 95/120/120
f 98/122/122 100/123/123 99/124/124
f 102/125/125 100/123/123 98/122/122
f 95/120/120 101/126/126 98/122/122
f 98/122/122 101/126/126 102/125/125
f 104/127/127 100/123/123 102/125/125
f 102/125/125 103/128/128 104/127/127
f 103/128/128 102/125/125 105/129/129
f 105/129/129 102/125/125 101/126/126
f 105/129/129 106/130/130 103/128/128
f 101/126/126 95/120/120 107/131/131
f 101/126/126 107/131/131 108/132/132
f 108/132/132 105/129/129 101/126/126
f 108/132/132 109/133/133 106/130/130
f 106/130/130 105/129/129 108/132/132
f 109/133/133 111/134/134 110/135/135
f 112/136/136 111/134/134 109/133/133
f 109/133/133 113/137/137 112/136/136
f 114/138/138 113/137/137 109/133/133
f 109/133/133 108/132/132 114/138/138
f 114/138/138 108/132/132 107/131/131
f 107/131/131 116/139/139 114/138/138
f 115/140/140 113/137/137 114/138/138
f 107/131/131 117/141/141 116/139/139
f 116/139/139 117/141/141 118/142/142
f 118/142/142 114/138/138 116/139/139
f 118/142/142 122/143/143 119/144/144
f 119/144/144 120/145/145 118/142/142
f 118/142/142 120/145/145 115/140/140
f 118/142/142 117/141/141 121/146/146
f 121/146/146 122/143/143 118/142/142
f 115/140/140 114/138/138 118/142/142
f 119/144/144 122/143/143 123/147/147
f 123/147/147 122/143/143 121/146/146
f 123/147/147 126/148/148 124/149/149
f 124/149/149 125/150/150 123/147/147
f 123/147/147 125/150/150 119/144/144
f 121/146/146 127/151/151 123/147/147
f 123/147/147 127/151/151 126/148/148
f 127/151/151 128/100/100 126/148/148
f 126/148/148 128/100/100 129/152/152
f 126/148/148 129/152/152 130/153/153
f 130/153/153 131/154/154 124/149/149
f 134/155/155 131/154/154 130/153/153
f 130/153/153 129/152/152 132/156/156
f 132/156/156 133/157/157 130/153/153
f 124/149/149 126/148/148 130/153/153
f 130/153/153 133/157/157 134/155/155
f 135/158/158 131/154/154 134/155/155
f 134/155/155 136/159/159 135/158/158
f 137/160/160 136/159/159 134/155/155
f 134/155/155 138/161/161 137/160/160
f 139/162/162 138/161/161 134/155/155
f 134/155/155 133/157/157 139/162/162
f 139/162/162 133/157/157 132/156/156
f 132/156/156 143/163/163 139/162/162
f 139/162/162 141/164/164 140/165/165
f 140/165/165 138/161/161 139/162/162
f 142/166/166 141/164/164 139/162/162
f 139/162/162 143/163/163 142/166/166
f 142/166/166 144/167/167 145/168/168
f 145/168/168 141/164/164 142/166/166
f 145/168/168 149/169/169 146/170/170
f 146/170/170 147/171/171 145/168/168
f 145/168/168 147/171/171 140/165/165
f 145/168/168 144/167/167 148/172/172
f 148/172/172 149/169/169 145/168/168
f 140/165/165 141/164/164 145/168/168
f 146/170/170 149/169/169 150/173/173
f 150/173/173 149/169/169 148/172/172
f 150/173/173 152/174/174 151/175/175
f 151/175/175 153/176/176 150/173/173
f 154/177/177 152/174/174 150/173/173
f 150/173/173 153/176/176 146/170/170
f 148/172/172 155/178/178 150/173/173
f 150/173/173 155/178/178 154/177/177
f 154/177/177 156/179/179 157/180/180
f 157/180/180 152/174/174 154/177/177
f 157/180/180 158/181/181 151/175/175
f 161/182/182 158/181/181 157/180/180
f 157/180/180 156/179/179 159/183/183
f 159/183/183 160/184/184 157/180/180
f 151/175/175 152/174/174 157/180/180
f 157/180/180 160/184/184 161/182/182
f 162/185/185 158/181/181 161/182/182
f 161/182/182 163/186/186 162/185/185
f 164/187/187 163/186/186 161/182/182
f 161/182/182 165/188/188 164/187/187
f 166/189/189 165/188/188 161/182/182
f 161/182/182 160/184/184 166/189/189
f 166/189/189 160/184/184 159/183/183
f 159/183/183 169/190/190 166/189/189
f 166/189/189 168/191/191 167/192/192
f 167/192/192 165/188/188 166/189/189
f 169/190/190 168/191/191 166/189/189
f 159/183/183 170/193/193 169/190/190
f 169/190/190 170/193/193 171/194/194
f 171/194/194 168/191/191 169/190/190
f 171/194/194 175/195/195 172/196/196
f 172/196/196 173/197/197 171/194/194
f 171/194/194 173/197/197 167/192/192
f 171/194/194 170/193/193 174/198/198
f 174/198/198 175/195/195 171/194/194
f 167/192/192 168/191/191 171/194/194
f 172/196/196 175/195/195 176/49/49
f 176/49/49 175/195/195 174/198/198
f 176/49/49 44/48/48 172/196/196
f 176/49/49 174/198/198 46/52/52
f 46/52/52 174/198/198 178/199/199
f 177/67/67 46/52/52 178/199/199
f 178/199/199 179/70/70 177/67/67
f 170/193/193 68/73/73 179/70/70
f 179/70/70 178/199/199 170/193/193
f 159/183/183 180/76/76 170/193/193
f 180/76/76 68/73/73 170/193/193
f 180/76/76 159/183/183 156/179/179
f 156/179/179 181/79/79 180/76/76
f 182/84/84 181/79/79 156/179/179
f 155/178/178 183/82/82 182/84/84
f 182/84/84 154/177/177 155/178/178
f 156/179/179 154/177/177 182/84/84
f 184/88/88 183/82/82 155/178/178
f 144/167/167 185/86/86 184/88/88
f 184/88/88 148/172/172 144/167/167
f 155/178/178 148/172/172 184/88/88
f 186/92/92 185/86/86 144/167/167
f 144/167/167 142/166/166 186/92/92
f 186/92/92 142/166/166 143/163/163
f 143/163/163 187/90/90 186/92/92
f 188/96/96 187/90/90 143/163/163
f 143/163/163 132/156/156 188/96/96
f 188/96/96 132/156/156 129/152/152
f 129/152/152 189/94/94 188/96/96
f 128/100/100 189/94/94 129/152/152
f 127/151/151 190/98/98 128/100/100
f 191/104/104 190/98/98 127/151/151
f 117/141/141 192/102/102 191/104/104
f 191/104/104 121/146/146 117/141/141
f 127/151/151 121/146/146 191/104/104
f 193/106/106 192/102/102 117/141/141
f 193/106/106 117/141/141 107/131/131
f 194/109/109 193/106/106 107/131/131
f 195/112/112 194/109/109 107/131/131
f 107/131/131 95/120/120 195/112/112
f 94/115/115 195/112/112 95/120/120
f 170/193/193 178/199/199 174/198/198
f 177/67/67 49/53/53 46/52/52
f 177/67/67 196/64/64 49/53/53
f 49/53/53 196/64/64 54/58/58
f 172/196/196 44/48/48 197/200/200
f 200/201/201 198/202/202 197/200/200
f 197/200/200 198/202/202 172/196/196
f 197/200/200 43/47/47 45/46/46
f 45/46/46 199/203/203 197/200/200
f 197/200/200 199/203/203 200/201/201
f 44/48/48 43/47/47 197/200/200
f 201/204/204 198/202/202 200/201/201
f 200/201/201 202/205/205 201/204/204
f 345/206/206 202/205/205 200/201/201
f 343/207/207 204/208/208 342/209/209
f 39/45/45 204/208/208 343/207/207
f 45/46/46 39/45/45 343/207/207
f 203/210/210 206/36/36 205/211/211
f 342/209/209 204/208/208 203/210/210
f 206/36/36 33/35/35 208/212/212
f 29/32/32 207/213/213 33/35/35
f 208/212/212 33/35/35 207/213/213
f 29/32/32 30/31/31 207/213/213
f 207/213/213 30/31/31 11/14/14
f 5/7/7 3/4/4 13/13/13
f 11/14/14 13/13/13 4/6/6
f 4/6/6 13/13/13 3/4/4
f 209/214/214 205/211/211 4/6/6
f 205/211/211 208/212/212 4/6/6
f 4/6/6 208/212/212 11/14/14
f 374/215/215 205/211/211 209/214/214
f 342/209/209 203/210/210 374/215/215
f 374/215/215 203/210/210 205/211/211
f 346/216/216 211/217/217 210/218/218
f 373/219/219 212/220/220 211/217/217
f 213/221/221 212/220/220 373/219/219
f 373/219/219 218/222/222 213/221/221
f 216/223/223 214/224/224 213/221/221
f 213/221/221 218/222/222 216/223/223
f 214/224/224 215/225/225 213/221/221
f 213/221/221 215/225/225 212/220/220
f 368/226/226 217/227/227 216/223/223
f 216/223/223 217/227/227 219/228/228
f 219/228/228 214/224/224 216/223/223
f 219/228/228 217/227/227 222/229/229
f 219/228/228 223/230/230 220/231/231
f 220/231/231 221/232/232 219/228/228
f 219/228/228 221/232/232 214/224/224
f 222/229/229 223/230/230 219/228/228
f 224/233/233 223/230/230 222/229/229
f 220/231/231 223/230/230 224/233/233
f 228/234/234 225/235/235 224/233/233
f 224/233/233 225/235/235 226/236/236
f 222/229/229 227/237/237 224/233/233
f 226/236/236 229/238/238 224/233/233
f 224/233/233 227/237/237 228/234/234
f 224/233/233 229/238/238 220/231/231
f 220/231/231 229/238/238 230/239/239
f 230/239/239 229/238/238 226/236/236
f 230/239/239 233/240/240 220/231/231
f 226/236/236 231/241/241 230/239/239
f 230/239/239 231/241/241 232/242/242
f 232/242/242 234/243/243 230/239/239
f 230/239/239 234/243/243 233/240/240
f 234/243/243 236/244/244 233/240/240
f 232/242/242 235/245/245 234/243/243
f 237/246/246 238/247/247 236/244/244
f 236/244/244 234/243/243 237/246/246
f 236/244/244 238/247/247 239/248/248
f 239/248/248 240/249/249 236/244/244
f 233/240/240 236/244/244 240/249/249
f 240/249/249 241/250/250 245/251/251
f 239/248/248 242/252/252 241/250/250
f 241/250/250 240/249/249 239/248/248
f 241/250/250 242/252/252 162/185/185
f 162/185/185 243/253/253 241/250/250
f 245/251/251 241/250/250 243/253/253
f 245/251/251 243/253/253 215/225/225
f 215/225/225 243/253/253 244/254/254
f 215/225/225 244/254/254 212/220/220
f 214/224/224 245/251/251 215/225/225
f 212/220/220 244/254/254 211/217/217
f 211/217/217 246/255/255 210/218/218
f 244/254/254 247/256/256 211/217/217
f 211/217/217 247/256/256 246/255/255
f 246/255/255 247/256/256 164/187/187
f 164/187/187 247/256/256 244/254/254
f 164/187/187 248/257/257 246/255/255
f 246/255/255 248/257/257 201/204/204
f 201/204/204 202/205/205 246/255/255
f 246/255/255 202/205/205 345/206/206
f 167/192/192 248/257/257 164/187/187
f 201/204/204 248/257/257 167/192/192
f 210/218/218 246/255/255 345/206/206
f 221/232/232 245/251/251 214/224/224
f 220/231/231 233/240/240 221/232/232
f 233/240/240 240/249/249 221/232/232
f 221/232/232 240/249/249 245/251/251
f 162/185/185 163/186/186 244/254/254
f 244/254/254 243/253/253 162/185/185
f 244/254/254 163/186/186 164/187/187
f 162/185/185 242/252/252 151/175/175
f 151/175/175 242/252/252 239/248/248
f 239/248/248 238/247/247 146/170/170
f 146/170/170 153/176/176 239/248/248
f 239/248/248 153/176/176 151/175/175
f 146/170/170 238/247/247 237/246/246
f 237/246/246 234/243/243 235/245/245
f 237/246/246 147/171/171 146/170/170
f 140/165/165 147/171/171 237/246/246
f 235/245/245 249/258/258 237/246/246
f 237/246/246 249/258/258 140/165/165
f 137/160/160 249/258/258 235/245/245
f 140/165/165 249/258/258 137/160/160
f 251/259/259 235/245/245 232/242/242
f 251/259/259 250/260/260 252/261/261
f 135/158/158 136/159/159 252/261/261
f 252/261/261 253/262/262 135/158/158
f 254/263/263 253/262/262 252/261/261
f 252/261/261 136/159/159 137/160/160
f 137/160/160 251/259/259 252/261/261
f 252/261/261 250/260/260 254/263/263
f 256/264/264 253/262/262 254/263/263
f 254/263/263 255/265/265 256/264/264
f 256/264/264 255/265/265 257/266/266
f 267/267/267 263/268/268 257/266/266
f 257/266/266 263/268/268 258/269/269
f 259/270/270 261/271/271 258/269/269
f 258/269/269 260/272/272 259/270/270
f 263/268/268 260/272/272 258/269/269
f 258/269/269 261/271/271 262/273/273
f 262/273/273 257/266/266 258/269/269
f 264/274/274 260/272/272 263/268/268
f 263/268/268 267/267/267 266/275/275
f 266/275/275 264/274/274 263/268/268
f 265/276/276 266/275/275 267/267/267
f 267/267/267 257/266/266 255/265/265
f 265/276/276 267/267/267 268/277/277
f 268/277/277 267/267/267 255/265/265
f 268/277/277 270/278/278 269/279/279
f 269/279/279 265/276/276 268/277/277
f 250/260/260 270/278/278 268/277/277
f 268/277/277 254/263/263 250/260/260
f 255/265/265 254/263/263 268/277/277
f 269/279/279 270/278/278 271/280/280
f 271/280/280 270/278/278 250/260/260
f 250/260/260 251/259/259 271/280/280
f 271/280/280 231/241/241 226/236/236
f 226/236/236 272/281/281 271/280/280
f 271/280/280 272/281/281 269/279/279
f 232/242/242 231/241/241 271/280/280
f 271/280/280 251/259/259 232/242/242
f 269/279/279 272/281/281 273/282/282
f 273/282/282 272/281/281 226/236/236
f 226/236/236 225/235/235 273/282/282
f 273/282/282 225/235/235 228/234/234
f 276/283/283 274/284/284 273/282/282
f 273/282/282 274/284/284 269/279/279
f 228/234/234 275/285/285 273/282/282
f 273/282/282 275/285/285 276/283/283
f 277/286/286 278/287/287 276/283/283
f 276/283/283 275/285/285 277/286/286
f 276/283/283 278/287/287 279/288/288
f 281/289/289 274/284/284 276/283/283
f 279/288/288 280/290/290 276/283/283
f 276/283/283 280/290/290 281/289/289
f 282/291/291 283/292/292 281/289/289
f 281/289/289 283/292/292 265/276/276
f 281/289/289 280/290/290 282/291/291
f 281/289/289 265/276/276 269/279/279
f 269/279/279 274/284/284 281/289/289
f 282/291/291 284/293/293 283/292/292
f 286/294/294 284/293/293 282/291/291
f 279/288/288 286/294/294 282/291/291
f 282/291/291 280/290/290 279/288/288
f 285/295/295 286/294/294 279/288/288
f 287/296/296 286/294/294 285/295/295
f 279/288/288 288/297/297 285/295/295
f 289/298/298 288/297/297 279/288/288
f 289/298/298 291/299/299 290/300/300
f 277/286/286 291/299/299 289/298/298
f 289/298/298 278/287/287 277/286/286
f 279/288/288 278/287/287 289/298/298
f 292/301/301 289/298/298 290/300/300
f 288/297/297 289/298/298 292/301/301
f 292/301/301 293/302/302 295/303/303
f 294/304/304 293/302/302 292/301/301
f 290/300/300 294/304/304 292/301/301
f 295/303/303 296/305/305 292/301/301
f 292/301/301 296/305/305 288/297/297
f 288/297/297 296/305/305 297/306/306
f 297/306/306 296/305/305 295/303/303
f 297/306/306 298/307/307 287/296/296
f 299/308/308 298/307/307 297/306/306
f 295/303/303 300/309/309 297/306/306
f 287/296/296 285/295/295 297/306/306
f 297/306/306 285/295/295 288/297/297
f 297/306/306 300/309/309 299/308/308
f 301/310/310 300/309/309 295/303/303
f 299/308/308 300/309/309 301/310/310
f 302/311/311 304/312/312 301/310/310
f 301/310/310 303/313/313 302/311/311
f 305/314/314 303/313/313 301/310/310
f 301/310/310 304/312/312 299/308/308
f 301/310/310 306/315/315 305/314/314
f 295/303/303 306/315/315 301/310/310
f 305/314/314 306/315/315 307/316/316
f 307/316/316 306/315/315 295/303/303
f 315/317/317 309/318/318 307/316/316
f 307/316/316 308/319/319 315/317/317
f 294/304/304 308/319/319 307/316/316
f 307/316/316 309/318/318 305/314/314
f 307/316/316 293/302/302 294/304/304
f 295/303/303 293/302/302 307/316/316
f 305/314/314 309/318/318 310/320/320
f 310/320/320 309/318/318 315/317/317
f 310/320/320 311/321/321 305/314/314
f 314/322/322 311/321/321 310/320/320
f 312/323/323 313/324/324 310/320/320
f 310/320/320 315/317/317 312/323/323
f 310/320/320 313/324/324 314/322/322
f 312/323/323 315/317/317 316/325/325
f 318/326/326 317/327/327 316/325/325
f 316/325/325 357/328/328 318/326/326
f 315/317/317 357/328/328 316/325/325
f 319/329/329 316/325/325 317/327/327
f 312/323/323 316/325/325 319/329/329
f 317/327/327 320/330/330 319/329/329
f 319/329/329 320/330/330 324/331/331
f 319/329/329 321/332/332 312/323/323
f 322/333/333 321/332/332 319/329/329
f 319/329/329 323/334/334 322/333/333
f 324/331/331 323/334/334 319/329/329
f 324/331/331 327/335/335 325/336/336
f 325/336/336 323/334/334 324/331/331
f 324/331/331 320/330/330 326/337/337
f 328/338/338 327/335/335 324/331/331
f 324/331/331 326/337/337 328/338/338
f 328/338/338 326/337/337 331/339/339
f 330/340/340 329/341/341 331/339/339
f 331/339/339 329/341/341 328/338/338
f 333/342/342 330/340/340 331/339/339
f 333/342/342 332/343/343 335/344/344
f 333/342/342 331/339/339 334/345/345
f 335/344/344 330/340/340 333/342/342
f 335/344/344 332/343/343 372/346/346
f 372/346/346 336/347/347 335/344/344
f 339/348/348 336/347/347 372/346/346
f 338/349/349 337/350/350 339/348/348
f 339/348/348 337/350/350 336/347/347
f 349/351/351 338/349/349 339/348/348
f 340/352/352 338/349/349 349/351/351
f 387/353/353 200/201/201 386/354/354
f 340/352/352 200/201/201 387/353/353
f 341/355/355 342/209/209 379/356/356
f 379/356/356 342/209/209 374/215/215
f 209/214/214 375/357/357 374/215/215
f 386/354/354 199/203/203 45/46/46
f 386/354/354 45/46/46 384/358/358
f 384/358/358 45/46/46 343/207/207
f 343/207/207 341/355/355 384/358/358
f 349/351/351 344/359/359 340/352/352
f 345/206/206 340/352/352 344/359/359
f 200/201/201 340/352/352 345/206/206
f 200/201/201 199/203/203 386/354/354
f 346/216/216 210/218/218 344/359/359
f 344/359/359 210/218/218 345/206/206
f 346/216/216 350/360/360 347/361/361
f 344/359/359 350/360/360 346/216/216
f 348/362/362 347/361/361 350/360/360
f 350/360/360 344/359/359 349/351/351
f 334/345/345 360/363/363 352/364/364
f 353/365/365 354/366/366 334/345/345
f 354/366/366 360/363/363 334/345/345
f 318/326/326 354/366/366 353/365/365
f 354/366/366 318/326/326 355/367/367
f 354/366/366 358/368/368 360/363/363
f 355/367/367 358/368/368 354/366/366
f 357/328/328 356/369/369 355/367/367
f 355/367/367 318/326/326 357/328/328
f 359/370/370 360/363/363 358/368/368
f 358/368/368 362/371/371 359/370/370
f 361/372/372 362/371/371 358/368/368
f 358/368/368 355/367/367 361/372/372
f 361/372/372 355/367/367 356/369/369
f 356/369/369 364/373/373 361/372/372
f 361/372/372 364/373/373 363/374/374
f 363/374/374 364/373/373 290/300/300
f 290/300/300 364/373/373 356/369/369
f 366/375/375 361/372/372 363/374/374
f 290/300/300 291/299/299 363/374/374
f 363/374/374 291/299/299 277/286/286
f 277/286/286 365/376/376 363/374/374
f 363/374/374 365/376/376 366/375/375
f 362/371/371 361/372/372 366/375/375
f 222/229/229 367/377/377 366/375/375
f 366/375/375 367/377/377 362/371/371
f 366/375/375 227/237/237 222/229/229
f 228/234/234 227/237/237 366/375/375
f 366/375/375 365/376/376 228/234/234
f 368/226/226 367/377/377 222/229/229
f 362/371/371 367/377/377 368/226/226
f 228/234/234 365/376/376 277/286/286
f 362/371/371 368/226/226 359/370/370
f 359/370/370 368/226/226 369/378/378
f 218/222/222 370/379/379 369/378/378
f 368/226/226 216/223/223 369/378/378
f 369/378/378 216/223/223 218/222/222
f 371/380/380 369/378/378 370/379/379
f 359/370/370 369/378/378 371/380/380
f 370/379/379 351/381/381 371/380/380
f 371/380/380 360/363/363 359/370/370
f 352/364/364 371/380/380 351/381/381
f 360/363/363 371/380/380 352/364/364
f 351/381/381 347/361/361 348/362/362
f 347/361/361 351/381/381 370/379/379
f 347/361/361 370/379/379 218/222/222
f 315/317/317 308/319/319 357/328/328
f 357/328/328 308/319/319 294/304/304
f 294/304/304 356/369/369 357/328/328
f 356/369/369 294/304/304 290/300/300
f 353/365/365 317/327/327 318/326/326
f 326/337/337 353/365/365 334/345/345
f 317/327/327 353/365/365 326/337/337
f 332/343/343 333/342/342 352/364/364
f 352/364/364 351/381/381 332/343/343
f 352/364/364 333/342/342 334/345/345
f 332/343/343 351/381/381 348/362/362
f 348/362/362 350/360/360 339/348/348
f 339/348/348 350/360/360 349/351/351
f 348/362/362 372/346/346 332/343/343
f 339/348/348 372/346/346 348/362/362
f 218/222/222 373/219/219 347/361/361
f 347/361/361 373/219/219 346/216/216
f 342/209/209 341/355/355 343/207/207
f 376/5/5 375/357/357 209/214/214
f 209/214/214 4/6/6 376/5/5
f 375/357/357 376/5/5 607/382/382
f 377/383/383 374/215/215 375/357/357
f 377/383/383 375/357/357 378/384/384
f 379/356/356 374/215/215 377/383/383
f 380/385/385 383/386/386 377/383/383
f 378/384/384 380/385/385 377/383/383
f 377/383/383 383/386/386 379/356/356
f 380/385/385 381/387/387 383/386/386
f 383/386/386 382/388/388 379/356/356
f 341/355/355 385/389/389 384/358/358
f 341/355/355 382/388/388 385/389/389
f 387/353/353 388/390/390 340/352/352
f 340/352/352 388/390/390 389/391/391
f 390/392/392 392/393/393 389/391/391
f 389/391/391 391/394/394 390/392/392
f 393/395/395 391/394/394 389/391/391
f 389/391/391 388/390/390 393/395/395
f 395/396/396 397/397/397 394/398/398
f 394/398/398 396/399/399 395/396/396
f 390/392/392 396/399/399 394/398/398
f 394/398/398 392/393/393 390/392/392
f 397/397/397 398/400/400 399/401/401
f 399/401/401 398/400/400 401/402/402
f 401/402/402 402/403/403 400/404/404
f 400/404/404 402/403/403 403/405/405
f 403/405/405 405/406/406 404/407/407
f 406/408/408 408/409/409 405/406/406
f 405/406/406 407/410/410 406/408/408
f 409/411/411 407/410/410 405/406/406
f 405/406/406 403/405/405 409/411/411
f 404/407/407 405/406/406 408/409/409
f 411/412/412 410/413/413 408/409/409
f 412/414/414 414/415/415 411/412/412
f 411/412/412 413/416/416 412/414/414
f 406/408/408 413/416/416 411/412/412
f 411/412/412 414/415/415 417/417/417
f 411/412/412 408/409/409 406/408/408
f 417/417/417 410/413/413 411/412/412
f 417/417/417 414/415/415 416/418/418
f 416/418/418 415/419/419 417/417/417
f 418/420/420 415/419/419 416/418/418
f 418/420/420 420/421/421 691/422/422
f 419/423/423 420/421/421 418/420/420
f 421/424/424 691/422/422 420/421/421
f 420/421/421 423/425/425 421/424/424
f 419/423/423 422/426/426 420/421/421
f 420/421/421 422/426/426 423/425/425
f 421/424/424 423/425/425 424/427/427
f 424/427/427 427/428/428 709/429/429
f 424/427/427 425/430/430 421/424/424
f 709/429/429 425/430/430 424/427/427
f 423/425/425 426/431/431 424/427/427
f 424/427/427 426/431/431 427/428/428
f 428/432/432 430/433/433 427/428/428
f 427/428/428 429/434/434 428/432/432
f 431/435/435 429/434/434 427/428/428
f 427/428/428 430/433/433 433/436/436
f 427/428/428 426/431/431 431/435/435
f 433/436/436 430/433/433 432/437/437
f 709/429/429 427/428/428 433/436/436
f 432/437/437 434/438/438 433/436/436
f 435/439/439 433/436/436 434/438/438
f 436/440/440 435/439/439 434/438/438
f 434/438/438 432/437/437 437/441/441
f 437/441/441 438/442/442 434/438/438
f 438/442/442 439/443/443 436/440/440
f 302/311/311 439/443/443 438/442/442
f 438/442/442 440/444/444 302/311/311
f 436/440/440 434/438/438 438/442/442
f 440/444/444 438/442/442 437/441/441
f 437/441/441 441/445/445 440/444/444
f 440/444/444 441/445/445 442/446/446
f 442/446/446 443/447/447 440/444/444
f 446/448/448 443/447/447 442/446/446
f 446/448/448 444/449/449 447/450/450
f 442/446/446 444/449/449 446/448/448
f 447/450/450 445/451/451 446/448/448
f 448/452/452 449/453/453 447/450/450
f 447/450/450 444/449/449 448/452/452
f 447/450/450 449/453/453 450/454/454
f 450/454/454 452/455/455 447/450/450
f 447/450/450 452/455/455 451/456/456
f 451/456/456 445/451/451 447/450/450
f 453/457/457 451/456/456 452/455/455
f 453/457/457 454/458/458 284/293/293
f 453/457/457 455/459/459 454/458/458
f 452/455/455 455/459/459 453/457/457
f 456/460/460 283/292/292 284/293/293
f 286/294/294 453/457/457 284/293/293
f 284/293/293 454/458/458 456/460/460
f 456/460/460 457/461/461 264/274/274
f 454/458/458 457/461/461 456/460/460
f 456/460/460 264/274/274 266/275/275
f 266/275/275 283/292/292 456/460/460
f 264/274/274 457/461/461 112/136/136
f 112/136/136 457/461/461 454/458/458
f 454/458/458 455/459/459 110/135/135
f 110/135/135 455/459/459 452/455/455
f 110/135/135 111/134/134 454/458/458
f 454/458/458 111/134/134 112/136/136
f 451/456/456 453/457/457 286/294/294
f 452/455/455 450/454/454 110/135/135
f 110/135/135 450/454/454 106/130/130
f 451/456/456 286/294/294 287/296/296
f 445/451/451 451/456/456 287/296/296
f 450/454/454 449/453/453 103/128/128
f 103/128/128 106/130/130 450/454/454
f 103/128/128 449/453/453 448/452/452
f 448/452/452 444/449/449 442/446/446
f 104/127/127 103/128/128 448/452/452
f 448/452/452 458/462/462 104/127/127
f 442/446/446 458/462/462 448/452/452
f 104/127/127 458/462/462 459/463/463
f 459/463/463 458/462/462 442/446/446
f 459/463/463 460/464/464 104/127/127
f 459/463/463 461/465/465 460/464/464
f 437/441/441 461/465/465 459/463/463
f 459/463/463 441/445/445 437/441/441
f 442/446/446 441/445/445 459/463/463
f 460/464/464 461/465/465 462/466/466
f 462/466/466 461/465/465 437/441/441
f 462/466/466 463/467/467 460/464/464
f 437/441/441 432/437/437 462/466/466
f 428/432/432 462/466/466 432/437/437
f 463/467/467 462/466/466 428/432/432
f 428/432/432 464/468/468 463/467/467
f 463/467/467 464/468/468 466/469/469
f 466/469/469 465/470/470 463/467/467
f 467/471/471 465/470/470 466/469/469
f 468/472/472 96/121/121 467/471/471
f 468/472/472 469/473/473 97/118/118
f 97/118/118 96/121/121 468/472/472
f 470/474/474 472/475/475 469/473/473
f 469/473/473 472/475/475 471/476/476
f 471/476/476 97/118/118 469/473/473
f 470/474/474 469/473/473 475/477/477
f 473/478/478 474/479/479 475/477/477
f 475/477/477 474/479/479 470/474/474
f 468/472/472 476/480/480 475/477/477
f 476/480/480 477/481/481 475/477/477
f 477/481/481 480/482/482 478/483/483
f 478/483/483 479/484/484 477/481/481
f 477/481/481 479/484/484 473/478/478
f 473/478/478 475/477/477 477/481/481
f 476/480/480 481/485/485 480/482/482
f 480/482/482 477/481/481 476/480/480
f 480/482/482 481/485/485 482/486/486
f 482/486/486 483/487/487 480/482/482
f 483/487/487 485/488/488 484/489/489
f 484/489/489 486/490/490 483/487/487
f 483/487/487 486/490/490 478/483/483
f 478/483/483 480/482/482 483/487/487
f 484/489/489 485/488/488 488/491/491
f 488/491/491 487/492/492 489/493/493
f 489/493/493 490/494/494 488/491/491
f 488/491/491 490/494/494 484/489/489
f 489/493/493 487/492/492 491/495/495
f 491/495/495 494/496/496 492/497/497
f 492/497/497 493/498/498 491/495/495
f 491/495/495 493/498/498 489/493/493
f 495/499/499 496/500/500 494/496/496
f 494/496/496 491/495/495 495/499/499
f 494/496/496 496/500/500 497/501/501
f 497/501/501 498/502/502 494/496/496
f 498/502/502 501/503/503 499/504/504
f 499/504/504 500/505/505 498/502/502
f 498/502/502 500/505/505 492/497/497
f 492/497/497 494/496/496 498/502/502
f 497/501/501 502/506/506 501/503/503
f 501/503/503 498/502/502 497/501/501
f 501/503/503 502/506/506 503/507/507
f 503/507/507 504/508/508 501/503/503
f 504/508/508 506/509/509 505/510/510
f 505/510/510 507/511/511 504/508/508
f 504/508/508 507/511/511 499/504/504
f 499/504/504 501/503/503 504/508/508
f 505/510/510 506/509/509 509/512/512
f 509/512/512 508/513/513 510/514/514
f 510/514/514 511/515/515 509/512/512
f 509/512/512 511/515/515 505/510/510
f 508/513/513 514/516/516 512/517/517
f 512/517/517 513/518/518 508/513/513
f 508/513/513 513/518/518 510/514/514
f 515/519/519 514/516/516 508/513/513
f 515/519/519 508/513/513 629/520/520
f 514/516/516 518/521/521 516/522/522
f 516/522/522 517/523/523 514/516/516
f 514/516/516 517/523/523 512/517/517
f 515/519/519 519/524/524 518/521/521
f 518/521/521 514/516/516 515/519/519
f 518/521/521 521/525/525 520/526/526
f 520/526/526 522/527/527 518/521/521
f 518/521/521 522/527/527 516/522/522
f 521/525/525 523/528/528 520/526/526
f 524/529/529 523/528/528 521/525/525
f 524/529/529 521/525/525 585/530/530
f 585/530/530 525/531/531 524/529/529
f 526/532/532 525/531/531 585/530/530
f 585/530/530 584/533/533 526/532/532
f 526/532/532 584/533/533 583/534/534
f 583/534/534 527/535/535 526/532/532
f 528/536/536 527/535/535 583/534/534
f 583/534/534 579/537/537 528/536/536
f 528/536/536 579/537/537 577/538/538
f 577/538/538 529/539/539 528/536/536
f 530/540/540 529/539/539 577/538/538
f 577/538/538 576/541/541 530/540/540
f 530/540/540 576/541/541 673/542/542
f 673/542/542 531/543/543 530/540/540
f 532/544/544 531/543/543 673/542/542
f 537/545/545 533/546/546 532/544/544
f 532/544/544 674/547/547 537/545/545
f 673/542/542 674/547/547 532/544/544
f 537/545/545 534/548/548 533/546/546
f 535/549/549 536/550/550 537/545/545
f 538/551/551 536/550/550 535/549/549
f 535/549/549 539/552/552 538/551/551
f 538/551/551 539/552/552 540/553/553
f 540/553/553 541/554/554 538/551/551
f 540/553/553 559/555/555 6/10/10
f 6/10/10 541/554/554 540/553/553
f 541/554/554 6/10/10 8/9/9
f 19/22/22 538/551/551 541/554/554
f 8/9/9 18/19/19 541/554/554
f 541/554/554 18/19/19 19/22/22
f 536/550/550 538/551/551 19/22/22
f 536/550/550 19/22/22 542/556/556
f 542/556/556 553/557/557 536/550/550
f 22/21/21 543/558/558 542/556/556
f 542/556/556 19/22/22 22/21/21
f 543/558/558 545/559/559 544/560/560
f 544/560/560 542/556/556 543/558/558
f 547/561/561 545/559/559 543/558/558
f 543/558/558 546/562/562 547/561/561
f 549/563/563 548/564/564 547/561/561
f 547/561/561 546/562/562 549/563/563
f 57/61/61 548/564/564 549/563/563
f 549/563/563 55/60/60 57/61/61
f 55/60/60 549/563/563 21/25/25
f 21/25/25 549/563/563 546/562/562
f 546/562/562 20/20/20 21/25/25
f 22/21/21 20/20/20 546/562/562
f 546/562/562 543/558/558 22/21/21
f 553/557/557 542/556/556 544/560/560
f 544/560/560 550/565/565 553/557/557
f 550/565/565 551/566/566 553/557/557
f 551/566/566 537/545/545 553/557/557
f 537/545/545 551/566/566 552/567/567
f 552/567/567 534/548/548 537/545/545
f 536/550/550 553/557/557 537/545/545
f 6/10/10 559/555/555 555/568/568
f 554/3/3 2/2/2 555/568/568
f 555/568/568 7/8/8 6/10/10
f 2/2/2 7/8/8 555/568/568
f 555/568/568 556/569/569 554/3/3
f 554/3/3 556/569/569 1/1/1
f 556/569/569 605/570/570 1/1/1
f 555/568/568 557/571/571 556/569/569
f 558/572/572 557/571/571 555/568/568
f 555/568/568 559/555/555 558/572/572
f 558/572/572 559/555/555 540/553/553
f 540/553/553 560/573/573 558/572/572
f 560/573/573 563/574/574 561/575/575
f 561/575/575 558/572/572 560/573/573
f 560/573/573 539/552/552 562/576/576
f 562/576/576 563/574/574 560/573/573
f 561/575/575 563/574/574 564/577/577
f 564/577/577 563/574/574 562/576/576
f 562/576/576 672/578/578 564/577/577
f 564/577/577 672/578/578 578/579/579
f 567/580/580 565/581/581 564/577/577
f 564/577/577 565/581/581 561/575/575
f 578/579/579 566/582/582 564/577/577
f 564/577/577 566/582/582 567/580/580
f 568/583/583 570/584/584 567/580/580
f 567/580/580 569/585/585 568/583/583
f 572/586/586 569/585/585 567/580/580
f 567/580/580 570/584/584 571/587/587
f 571/587/587 565/581/581 567/580/580
f 567/580/580 566/582/582 572/586/586
f 572/586/586 575/588/588 580/589/589
f 580/589/589 574/590/590 572/586/586
f 572/586/586 574/590/590 573/591/591
f 573/591/591 569/585/585 572/586/586
f 572/586/586 566/582/582 578/579/579
f 578/579/579 575/588/588 572/586/586
f 575/588/588 578/579/579 576/541/541
f 576/541/541 577/538/538 575/588/588
f 575/588/588 577/538/538 579/537/537
f 579/537/537 580/589/589 575/588/588
f 581/592/592 580/589/589 579/537/537
f 584/533/533 582/593/593 581/592/592
f 579/537/537 583/534/534 581/592/592
f 581/592/592 583/534/534 584/533/533
f 586/594/594 582/593/593 584/533/533
f 584/533/533 585/530/530 586/594/594
f 586/594/594 585/530/530 521/525/525
f 586/594/594 587/595/595 582/593/593
f 587/595/595 586/594/594 616/596/596
f 587/595/595 616/596/596 615/597/597
f 615/597/597 588/598/598 587/595/595
f 590/599/599 589/600/600 588/598/598
f 588/598/598 589/600/600 582/593/593
f 612/601/601 591/602/602 588/598/598
f 582/593/593 587/595/595 588/598/598
f 588/598/598 591/602/602 590/599/599
f 592/603/603 591/602/602 612/601/601
f 590/599/599 591/602/602 592/603/603
f 592/603/603 594/604/604 381/387/387
f 381/387/387 593/605/605 592/603/603
f 612/601/601 610/606/606 592/603/603
f 592/603/603 610/606/606 385/389/389
f 592/603/603 593/605/605 590/599/599
f 385/389/389 594/604/604 592/603/603
f 381/387/387 594/604/604 383/386/386
f 383/386/386 594/604/604 385/389/389
f 595/607/607 593/605/605 381/387/387
f 590/599/599 593/605/605 595/607/607
f 381/387/387 599/608/608 595/607/607
f 595/607/607 596/609/609 590/599/599
f 573/591/591 596/609/609 595/607/607
f 595/607/607 597/610/610 573/591/591
f 598/611/611 597/610/610 595/607/607
f 595/607/607 599/608/608 598/611/611
f 599/608/608 600/612/612 598/611/611
f 601/613/613 602/614/614 600/612/612
f 600/612/612 602/614/614 598/611/611
f 604/615/615 605/570/570 603/616/616
f 605/570/570 604/615/615 607/382/382
f 607/382/382 604/615/615 601/613/613
f 607/382/382 380/385/385 378/384/384
f 607/382/382 606/617/617 380/385/385
f 601/613/613 606/617/617 607/382/382
f 606/617/617 599/608/608 381/387/387
f 606/617/617 381/387/387 380/385/385
f 600/612/612 599/608/608 606/617/617
f 601/613/613 600/612/612 606/617/617
f 571/587/587 604/615/615 603/616/616
f 601/613/613 604/615/615 571/587/587
f 603/616/616 608/618/618 571/587/587
f 605/570/570 556/569/569 603/616/616
f 557/571/571 608/618/618 603/616/616
f 603/616/616 556/569/569 557/571/571
f 571/587/587 608/618/618 561/575/575
f 561/575/575 608/618/618 557/571/571
f 568/583/583 602/614/614 601/613/613
f 598/611/611 602/614/614 568/583/583
f 571/587/587 570/584/584 601/613/613
f 601/613/613 570/584/584 568/583/583
f 568/583/583 597/610/610 598/611/611
f 573/591/591 597/610/610 568/583/583
f 609/619/619 596/609/609 573/591/591
f 590/599/599 596/609/609 609/619/619
f 609/619/619 574/590/590 580/589/589
f 580/589/589 581/592/592 609/619/619
f 609/619/619 589/600/600 590/599/599
f 582/593/593 589/600/600 609/619/619
f 609/619/619 581/592/592 582/593/593
f 573/591/591 574/590/590 609/619/619
f 610/606/606 611/620/620 384/358/358
f 614/621/621 611/620/620 610/606/606
f 384/358/358 385/389/389 610/606/606
f 610/606/606 612/601/601 614/621/621
f 614/621/621 612/601/601 615/597/597
f 613/622/622 611/620/620 614/621/621
f 519/524/524 617/623/623 616/596/596
f 616/596/596 617/623/623 615/597/597
f 617/623/623 519/524/524 515/519/519
f 617/623/623 515/519/519 618/624/624
f 618/624/624 619/625/625 617/623/623
f 617/623/623 619/625/625 615/597/597
f 615/597/597 619/625/625 620/626/626
f 620/626/626 619/625/625 618/624/624
f 618/624/624 621/627/627 620/626/626
f 620/626/626 621/627/627 393/395/395
f 620/626/626 622/628/628 613/622/622
f 393/395/395 622/628/628 620/626/626
f 613/622/622 614/621/621 620/626/626
f 620/626/626 614/621/621 615/597/597
f 613/622/622 622/628/628 387/353/353
f 387/353/353 622/628/628 393/395/395
f 623/629/629 621/627/627 618/624/624
f 393/395/395 621/627/627 623/629/629
f 390/392/392 391/394/394 623/629/629
f 623/629/629 624/630/630 390/392/392
f 625/631/631 624/630/630 623/629/629
f 623/629/629 391/394/394 393/395/395
f 623/629/629 626/632/632 625/631/631
f 618/624/624 626/632/632 623/629/629
f 625/631/631 626/632/632 627/633/633
f 627/633/633 626/632/632 618/624/624
f 627/633/633 515/519/519 629/520/520
f 618/624/624 515/519/519 627/633/633
f 625/631/631 627/633/633 629/520/520
f 629/520/520 628/634/634 630/635/635
f 630/635/635 631/636/636 629/520/520
f 629/520/520 631/636/636 625/631/631
f 625/631/631 631/636/636 632/637/637
f 632/637/637 631/636/636 630/635/635
f 395/396/396 396/399/399 632/637/637
f 632/637/637 633/638/638 395/396/396
f 630/635/635 633/638/638 632/637/637
f 632/637/637 396/399/399 390/392/392
f 390/392/392 624/630/630 632/637/637
f 632/637/637 624/630/630 625/631/631
f 395/396/396 633/638/638 634/639/639
f 634/639/639 633/638/638 630/635/635
f 635/640/640 637/641/641 634/639/639
f 634/639/639 636/642/642 635/640/640
f 638/643/643 636/642/642 634/639/639
f 634/639/639 637/641/641 395/396/396
f 634/639/639 639/644/644 638/643/643
f 630/635/635 639/644/644 634/639/639
f 638/643/643 639/644/644 640/645/645
f 640/645/645 639/644/644 630/635/635
f 640/645/645 503/507/507 638/643/643
f 630/635/635 628/634/634 640/645/645
f 638/643/643 503/507/507 502/506/506
f 502/506/506 497/501/501 641/646/646
f 641/646/646 642/647/647 502/506/506
f 502/506/506 642/647/647 638/643/643
f 638/643/643 642/647/647 643/648/648
f 643/648/648 642/647/647 641/646/646
f 641/646/646 644/649/649 643/648/648
f 643/648/648 644/649/649 409/411/411
f 643/648/648 645/650/650 635/640/640
f 409/411/411 645/650/650 643/648/648
f 635/640/640 636/642/642 643/648/648
f 643/648/648 636/642/642 638/643/643
f 635/640/640 645/650/650 402/403/403
f 402/403/403 645/650/650 409/411/411
f 646/651/651 644/649/649 641/646/646
f 409/411/411 644/649/649 646/651/651
f 406/408/408 407/410/410 646/651/651
f 646/651/651 647/652/652 406/408/408
f 648/653/653 647/652/652 646/651/651
f 646/651/651 407/410/410 409/411/411
f 646/651/651 649/654/654 648/653/653
f 641/646/646 649/654/654 646/651/651
f 648/653/653 649/654/654 496/500/500
f 496/500/500 649/654/654 641/646/646
f 496/500/500 495/499/499 648/653/653
f 641/646/646 497/501/501 496/500/500
f 648/653/653 495/499/499 651/655/655
f 651/655/655 650/656/656 652/657/657
f 652/657/657 653/658/658 651/655/655
f 651/655/655 653/658/658 648/653/653
f 648/653/653 653/658/658 654/659/659
f 654/659/659 653/658/658 652/657/657
f 412/414/414 413/416/416 654/659/659
f 654/659/659 655/660/660 412/414/414
f 652/657/657 655/660/660 654/659/659
f 654/659/659 413/416/416 406/408/408
f 406/408/408 647/652/652 654/659/659
f 654/659/659 647/652/652 648/653/653
f 412/414/414 655/660/660 656/661/661
f 656/661/661 655/660/660 652/657/657
f 657/662/662 659/663/663 656/661/661
f 656/661/661 658/664/664 657/662/662
f 660/665/665 658/664/664 656/661/661
f 656/661/661 659/663/663 412/414/414
f 656/661/661 661/666/666 660/665/665
f 652/657/657 661/666/666 656/661/661
f 661/666/666 485/488/488 482/486/486
f 650/656/656 485/488/488 661/666/666
f 661/666/666 482/486/486 660/665/665
f 652/657/657 650/656/656 661/666/666
f 660/665/665 482/486/486 481/485/485
f 481/485/485 476/480/480 662/667/667
f 662/667/667 663/668/668 481/485/485
f 481/485/485 663/668/668 660/665/665
f 660/665/665 663/668/668 664/669/669
f 664/669/669 663/668/668 662/667/667
f 662/667/667 665/670/670 664/669/669
f 664/669/669 665/670/670 667/671/671
f 664/669/669 666/672/672 657/662/662
f 667/671/671 666/672/672 664/669/669
f 657/662/662 658/664/664 664/669/669
f 664/669/669 658/664/664 660/665/665
f 667/671/671 665/670/670 668/673/673
f 668/673/673 669/674/674 667/671/671
f 667/671/671 669/674/674 423/425/425
f 423/425/425 422/426/426 667/671/671
f 419/423/423 666/672/672 667/671/671
f 667/671/671 422/426/426 419/423/423
f 423/425/425 669/674/674 431/435/435
f 431/435/435 669/674/674 668/673/673
f 668/673/673 670/675/675 431/435/435
f 671/676/676 670/675/675 668/673/673
f 668/673/673 665/670/670 662/667/667
f 662/667/667 671/676/676 668/673/673
f 468/472/472 671/676/676 662/667/667
f 662/667/667 476/480/480 468/472/472
f 671/676/676 468/472/472 467/471/471
f 464/468/468 670/675/675 671/676/676
f 467/471/471 466/469/469 671/676/676
f 671/676/676 466/469/469 464/468/468
f 431/435/435 670/675/675 464/468/468
f 657/662/662 666/672/672 419/423/423
f 412/414/414 659/663/663 416/418/418
f 416/418/418 659/663/663 657/662/662
f 419/423/423 418/420/420 657/662/662
f 657/662/662 418/420/420 416/418/418
f 487/492/492 651/655/655 495/499/499
f 650/656/656 651/655/655 487/492/492
f 487/492/492 488/491/491 650/656/656
f 650/656/656 488/491/491 485/488/488
f 506/509/509 640/645/645 628/634/634
f 503/507/507 640/645/645 506/509/509
f 395/396/396 637/641/641 398/400/400
f 398/400/400 637/641/641 635/640/640
f 402/403/403 401/402/402 635/640/640
f 635/640/640 401/402/402 398/400/400
f 628/634/634 629/520/520 508/513/513
f 508/513/513 509/512/512 628/634/634
f 628/634/634 509/512/512 506/509/509
f 519/524/524 616/596/596 521/525/525
f 387/353/353 386/354/354 613/622/622
f 384/358/358 611/620/620 613/622/622
f 613/622/622 386/354/354 384/358/358
f 612/601/601 588/598/598 615/597/597
f 616/596/596 586/594/594 521/525/525
f 576/541/541 578/579/579 672/578/578
f 672/578/578 673/542/542 576/541/541
f 674/547/547 673/542/542 672/578/578
f 672/578/578 562/576/576 674/547/547
f 535/549/549 537/545/545 674/547/547
f 674/547/547 562/576/576 535/549/549
f 562/576/576 539/552/552 535/549/549
f 568/583/583 569/585/585 573/591/591
f 561/575/575 565/581/581 571/587/587
f 557/571/571 558/572/572 561/575/575
f 539/552/552 560/573/573 540/553/553
f 607/382/382 1/1/1 605/570/570
f 607/382/382 376/5/5 1/1/1
f 521/525/525 518/521/521 519/524/524
f 506/509/509 504/508/508 503/507/507
f 495/499/499 491/495/495 487/492/492
f 485/488/488 483/487/487 482/486/486
f 468/472/472 475/477/477 469/473/473
f 471/476/476 675/677/677 97/118/118
f 97/118/118 675/677/677 676/678/678
f 676/678/678 93/119/119 97/118/118
f 465/470/470 467/471/471 98/122/122
f 98/122/122 467/471/471 96/121/121
f 428/432/432 429/434/434 464/468/468
f 464/468/468 429/434/434 431/435/435
f 465/470/470 99/124/124 460/464/464
f 460/464/464 463/467/467 465/470/470
f 98/122/122 99/124/124 465/470/470
f 104/127/127 460/464/464 99/124/124
f 443/447/447 446/448/448 299/308/308
f 299/308/308 446/448/448 445/451/451
f 287/296/296 298/307/307 445/451/451
f 445/451/451 298/307/307 299/308/308
f 302/311/311 440/444/444 443/447/447
f 443/447/447 304/312/312 302/311/311
f 299/308/308 304/312/312 443/447/447
f 677/679/679 439/443/443 302/311/311
f 436/440/440 439/443/443 677/679/679
f 302/311/311 303/313/313 677/679/679
f 677/679/679 303/313/313 305/314/314
f 305/314/314 311/321/321 677/679/679
f 677/679/679 311/321/321 314/322/322
f 677/679/679 678/680/680 436/440/440
f 314/322/322 678/680/680 677/679/679
f 679/681/681 435/439/439 678/680/680
f 678/680/680 435/439/439 436/440/440
f 678/680/680 314/322/322 679/681/681
f 679/681/681 680/682/682 683/683/683
f 313/324/324 680/682/682 679/681/681
f 683/683/683 681/684/684 679/681/681
f 679/681/681 681/684/684 682/685/685
f 679/681/681 314/322/322 313/324/324
f 682/685/685 435/439/439 679/681/681
f 322/333/333 684/686/686 683/683/683
f 683/683/683 680/682/682 322/333/333
f 683/683/683 684/686/686 685/687/687
f 685/687/687 686/688/688 683/683/683
f 683/683/683 686/688/688 687/689/689
f 687/689/689 681/684/684 683/683/683
f 682/685/685 681/684/684 687/689/689
f 687/689/689 686/688/688 689/690/690
f 688/691/691 425/430/430 687/689/689
f 687/689/689 425/430/430 682/685/685
f 689/690/690 688/691/691 687/689/689
f 690/692/692 688/691/691 689/690/690
f 690/692/692 417/417/417 415/419/419
f 415/419/419 691/422/422 690/692/692
f 690/692/692 691/422/422 688/691/691
f 410/413/413 417/417/417 690/692/692
f 690/692/692 692/693/693 410/413/413
f 689/690/690 692/693/693 690/692/692
f 410/413/413 692/693/693 693/694/694
f 693/694/694 692/693/693 689/690/690
f 693/694/694 696/695/695 694/696/696
f 694/696/696 695/697/697 693/694/694
f 404/407/407 408/409/409 693/694/694
f 693/694/694 408/409/409 410/413/413
f 693/694/694 695/697/697 404/407/407
f 689/690/690 696/695/695 693/694/694
f 694/696/696 696/695/695 685/687/687
f 685/687/687 696/695/695 689/690/690
f 697/698/698 695/697/697 694/696/696
f 404/407/407 695/697/697 697/698/698
f 694/696/696 698/699/699 697/698/698
f 697/698/698 698/699/699 699/700/700
f 699/700/700 400/404/404 697/698/698
f 697/698/698 403/405/405 404/407/407
f 400/404/404 403/405/405 697/698/698
f 701/701/701 400/404/404 699/700/700
f 700/702/702 399/401/401 701/701/701
f 701/701/701 401/402/402 400/404/404
f 399/401/401 401/402/402 701/701/701
f 702/703/703 701/701/701 699/700/700
f 700/702/702 701/701/701 702/703/703
f 328/338/338 329/341/341 702/703/703
f 702/703/703 329/341/341 330/340/340
f 330/340/340 700/702/702 702/703/703
f 699/700/700 703/704/704 702/703/703
f 702/703/703 703/704/704 328/338/338
f 704/705/705 700/702/702 330/340/340
f 704/705/705 705/706/706 700/702/702
f 706/707/707 705/706/706 704/705/705
f 336/347/347 706/707/707 704/705/705
f 330/340/340 335/344/344 704/705/705
f 704/705/705 335/344/344 336/347/347
f 337/350/350 706/707/707 336/347/347
f 340/352/352 389/391/391 338/349/349
f 338/349/349 389/391/391 337/350/350
f 337/350/350 392/393/393 394/398/398
f 337/350/350 394/398/398 706/707/707
f 389/391/391 392/393/393 337/350/350
f 706/707/707 394/398/398 705/706/706
f 705/706/706 399/401/401 700/702/702
f 705/706/706 397/397/397 399/401/401
f 394/398/398 397/397/397 705/706/706
f 328/338/338 703/704/704 707/708/708
f 707/708/708 703/704/704 699/700/700
f 707/708/708 698/699/699 694/696/696
f 694/696/696 708/709/709 707/708/708
f 707/708/708 708/709/709 325/336/336
f 699/700/700 698/699/699 707/708/708
f 325/336/336 327/335/335 707/708/708
f 707/708/708 327/335/335 328/338/338
f 685/687/687 708/709/709 694/696/696
f 325/336/336 708/709/709 685/687/687
f 415/419/419 418/420/420 691/422/422
f 691/422/422 421/424/424 688/691/691
f 688/691/691 421/424/424 425/430/430
f 425/430/430 709/429/429 682/685/685
f 682/685/685 709/429/429 435/439/439
f 689/690/690 686/688/688 685/687/687
f 685/687/687 684/686/686 325/336/336
f 325/336/336 684/686/686 322/333/333
f 312/323/323 321/332/332 313/324/324
f 313/324/324 321/332/332 322/333/333
f 322/333/333 680/682/682 313/324/324
f 709/429/429 433/436/436 435/439/439
f 432/437/437 430/433/433 428/432/432
f 431/435/435 426/431/431 423/425/425
f 416/418/418 414/415/415 412/414/414
f 409/411/411 403/405/405 402/403/403
f 398/400/400 397/397/397 395/396/396
f 393/395/395 388/390/390 387/353/353
f 385/389/389 382/388/388 383/386/386
f 379/356/356 382/388/388 341/355/355
f 378/384/384 375/357/357 607/382/382
f 334/345/345 331/339/339 326/337/337
f 326/337/337 320/330/330 317/327/327
f 322/333/333 323/334/334 325/336/336
f 283/292/292 266/275/275 265/276/276
f 277/286/286 275/285/285 228/234/234
f 112/136/136 710/710/710 264/274/274
f 264/274/274 710/710/710 259/270/270
f 259/270/270 260/272/272 264/274/274
f 115/140/140 710/710/710 112/136/136
f 259/270/270 710/710/710 115/140/140
f 262/273/273 261/271/271 119/144/144
f 119/144/144 125/150/150 262/273/273
f 262/273/273 711/711/711 256/264/264
f 256/264/264 257/266/266 262/273/273
f 124/149/149 711/711/711 262/273/273
f 262/273/273 125/150/150 124/149/149
f 135/158/158 711/711/711 124/149/149
f 256/264/264 711/711/711 135/158/158
f 119/144/144 261/271/271 259/270/270
f 259/270/270 120/145/145 119/144/144
f 115/140/140 120/145/145 259/270/270
f 135/158/158 253/262/262 256/264/264
f 235/245/245 251/259/259 137/160/160
f 222/229/229 217/227/227 368/226/226
f 373/219/219 211/217/217 346/216/216
f 208/212/212 207/213/213 11/14/14
f 205/211/211 206/36/36 208/212/212
f 203/210/210 204/208/208 39/45/45
f 39/45/45 40/44/44 203/210/210
f 203/210/210 40/44/44 206/36/36
f 172/196/196 198/202/202 201/204/204
f 201/204/204 173/197/197 172/196/196
f 167/192/192 173/197/197 201/204/204
f 164/187/187 165/188/188 167/192/192
f 151/175/175 158/181/181 162/185/185
f 137/160/160 138/161/161 140/165/165
f 124/149/149 131/154/154 135/158/158
f 112/136/136 113/137/137 115/140/140
f 106/130/130 109/133/133 110/135/135
f 99/124/124 100/123/123 104/127/127
f 21/25/25 25/28/28 55/60/60
f 54/58/58 51/54/54 49/53/53
f 713/712/712 712/713/713 715/714/714
f 715/714/714 717/715/715 713/712/712
f 713/712/712 717/715/715 718/716/716
f 718/716/716 716/717/717 713/712/712
f 1085/718/718 716/717/717 718/716/716
f 718/716/716 719/719/719 1085/718/718
f 1085/718/718 719/719/719 720/720/720
f 720/720/720 1086/721/721 1085/718/718
f 1089/722/722 1086/721/721 720/720/720
f 720/720/720 721/723/723 1089/722/722
f 1089/722/722 721/723/723 722/724/724
f 722/724/724 1090/725/725 1089/722/722
f 1091/726/726 1090/725/725 722/724/724
f 722/724/724 723/727/727 1091/726/726
f 1091/726/726 723/727/727 724/728/728
f 724/728/728 1092/729/729 1091/726/726
f 728/730/730 1092/729/729 724/728/728
f 724/728/728 725/731/731 728/730/730
f 728/730/730 725/731/731 726/732/732
f 729/733/733 727/734/734 726/732/732
f 726/732/732 731/735/735 729/733/733
f 726/732/732 727/734/734 728/730/730
f 727/734/734 921/736/736 728/730/730
f 727/734/734 729/733/733 921/736/736
f 729/733/733 730/737/737 921/736/736
f 730/737/737 729/733/733 731/735/735
f 730/737/737 731/735/735 732/738/738
f 1093/739/739 921/736/736 730/737/737
f 730/737/737 734/740/740 1093/739/739
f 733/741/741 734/740/740 730/737/737
f 732/738/738 733/741/741 730/737/737
f 735/742/742 736/743/743 734/740/740
f 734/740/740 733/741/741 735/742/742
f 737/744/744 918/745/745 736/743/743
f 918/745/745 734/740/740 736/743/743
f 738/746/746 916/747/747 737/744/744
f 737/744/744 736/743/743 735/742/742
f 735/742/742 739/748/748 737/744/744
f 737/744/744 739/748/748 738/746/746
f 740/749/749 916/747/747 738/746/746
f 743/750/750 741/751/751 740/749/749
f 738/746/746 742/752/752 740/749/749
f 740/749/749 742/752/752 743/750/750
f 909/753/753 741/751/751 743/750/750
f 743/750/750 744/754/62 909/753/753
f 909/753/753 744/754/62 745/755/754
f 745/755/754 908/756/755 909/753/753
f 907/757/756 908/756/755 745/755/754
f 745/755/754 746/758/757 907/757/756
f 907/757/756 746/758/757 747/759/758
f 747/759/758 906/760/759 907/757/756
f 904/761/760 906/760/759 747/759/758
f 747/759/758 748/762/761 904/761/760
f 904/761/760 748/762/761 749/763/762
f 749/763/762 903/764/763 904/761/760
f 899/765/764 903/764/763 749/763/762
f 749/763/762 750/766/765 899/765/764
f 899/765/764 750/766/765 751/767/766
f 751/767/766 898/768/767 899/765/764
f 892/769/768 898/768/767 751/767/766
f 751/767/766 752/770/769 892/769/768
f 892/769/768 752/770/769 753/771/770
f 753/771/770 894/772/771 892/769/768
f 890/773/772 894/772/771 753/771/770
f 753/771/770 754/774/773 890/773/772
f 890/773/772 754/774/773 755/775/774
f 755/775/774 891/776/775 890/773/772
f 887/777/776 891/776/775 755/775/774
f 755/775/774 756/778/777 887/777/776
f 887/777/776 756/778/777 757/779/778
f 757/779/778 888/780/779 887/777/776
f 889/781/780 888/780/779 757/779/778
f 757/779/778 758/782/781 889/781/780
f 889/781/780 758/782/781 759/783/782
f 759/783/782 884/784/783 889/781/780
f 812/785/784 884/784/783 759/783/782
f 759/783/782 760/786/785 812/785/784
f 812/785/784 760/786/785 761/787/786
f 761/787/786 811/788/787 812/785/784
f 810/789/788 811/788/787 761/787/786
f 761/787/786 762/790/789 810/789/788
f 810/789/788 762/790/789 763/791/790
f 763/791/790 808/792/791 810/789/788
f 807/793/792 808/792/791 763/791/790
f 763/791/790 764/794/793 807/793/792
f 807/793/792 764/794/793 765/795/794
f 765/795/794 805/796/795 807/793/792
f 804/797/796 805/796/795 765/795/794
f 765/795/794 766/798/797 804/797/796
f 804/797/796 766/798/797 767/799/798
f 767/799/798 803/800/799 804/797/796
f 802/801/800 803/800/799 767/799/798
f 767/799/798 768/802/801 802/801/800
f 802/801/800 768/802/801 769/803/802
f 769/803/802 801/804/803 802/801/800
f 1096/805/804 801/804/803 769/803/802
f 769/803/802 770/806/805 1096/805/804
f 1096/805/804 770/806/805 771/807/806
f 771/807/806 1097/808/807 1096/805/804
f 788/809/808 1097/808/807 771/807/806
f 771/807/806 772/810/809 788/809/808
f 788/809/808 772/810/809 773/811/810
f 773/811/810 787/812/811 788/809/808
f 773/811/810 774/813/812 787/812/811
f 787/812/811 774/813/812 775/814/813
f 775/814/813 785/815/814 787/812/811
f 784/816/815 785/815/814 775/814/813
f 775/814/813 776/817/816 784/816/815
f 784/816/815 776/817/816 777/818/817
f 781/819/818 779/820/819 777/818/817
f 777/818/817 778/821/820 781/819/818
f 777/818/817 779/820/819 784/816/815
f 780/822/821 782/823/822 779/820/819
f 779/820/819 781/819/818 780/822/821
f 779/820/819 782/823/822 783/824/823
f 783/824/823 784/816/815 779/820/819
f 785/815/814 784/816/815 783/824/823
f 786/825/824 787/812/811 785/815/814
f 785/815/814 985/826/825 786/825/824
f 783/824/823 985/826/825 785/815/814
f 789/827/826 788/809/808 787/812/811
f 786/825/824 789/827/826 787/812/811
f 786/825/824 792/828/827 789/827/826
f 792/828/827 790/829/828 793/830/829
f 793/830/829 789/827/826 792/828/827
f 793/830/829 790/829/828 794/831/830
f 794/831/830 1095/832/831 793/830/829
f 796/833/832 1095/832/831 794/831/830
f 794/831/830 795/834/833 796/833/832
f 796/833/832 795/834/833 798/835/834
f 797/836/835 799/837/836 798/835/834
f 798/835/834 800/838/837 796/833/832
f 801/804/803 796/833/832 800/838/837
f 800/838/837 802/801/800 801/804/803
f 803/800/799 802/801/800 800/838/837
f 800/838/837 798/835/834 803/800/799
f 799/837/836 804/797/796 803/800/799
f 803/800/799 798/835/834 799/837/836
f 805/796/795 804/797/796 799/837/836
f 806/839/838 807/793/792 805/796/795
f 805/796/795 797/836/835 806/839/838
f 799/837/836 797/836/835 805/796/795
f 808/792/791 807/793/792 806/839/838
f 809/840/839 810/789/788 808/792/791
f 808/792/791 822/841/840 809/840/839
f 806/839/838 822/841/840 808/792/791
f 811/788/787 810/789/788 809/840/839
f 813/842/841 812/785/784 811/788/787
f 809/840/839 814/843/842 811/788/787
f 811/788/787 814/843/842 813/842/841
f 813/842/841 814/843/842 815/844/843
f 815/844/843 814/843/842 809/840/839
f 816/845/844 813/842/841 815/844/843
f 815/844/843 809/840/839 818/846/845
f 815/844/843 817/847/846 816/845/844
f 818/846/845 817/847/846 815/844/843
f 818/846/845 819/848/847 821/849/848
f 822/841/840 819/848/847 818/846/845
f 821/849/848 820/850/849 818/846/845
f 818/846/845 820/850/849 823/851/850
f 818/846/845 809/840/839 822/841/840
f 823/851/850 817/847/846 818/846/845
f 816/845/844 817/847/846 823/851/850
f 823/851/850 824/852/851 816/845/844
f 825/853/852 824/852/851 823/851/850
f 823/851/850 820/850/849 827/854/853
f 823/851/850 826/855/854 825/853/852
f 827/854/853 826/855/854 823/851/850
f 828/856/855 826/855/854 827/854/853
f 827/854/853 820/850/849 821/849/848
f 821/849/848 831/857/856 827/854/853
f 827/854/853 829/858/857 828/856/855
f 830/859/858 829/858/857 827/854/853
f 827/854/853 831/857/856 830/859/858
f 832/860/859 831/857/856 821/849/848
f 830/859/858 831/857/856 832/860/859
f 821/849/848 834/861/860 832/860/859
f 832/860/859 833/862/861 830/859/858
f 790/829/828 833/862/861 832/860/859
f 832/860/859 794/831/830 790/829/828
f 795/834/833 794/831/830 832/860/859
f 832/860/859 834/861/860 795/834/833
f 795/834/833 834/861/860 835/863/862
f 835/863/862 834/861/860 821/849/848
f 821/849/848 819/848/847 835/863/862
f 835/863/862 819/848/847 822/841/840
f 835/863/862 806/839/838 797/836/835
f 797/836/835 798/835/834 835/863/862
f 822/841/840 806/839/838 835/863/862
f 835/863/862 798/835/834 795/834/833
f 830/859/858 833/862/861 836/864/863
f 836/864/863 833/862/861 790/829/828
f 790/829/828 792/828/827 836/864/863
f 836/864/863 839/865/864 837/866/865
f 837/866/865 838/867/866 836/864/863
f 836/864/863 838/867/866 830/859/858
f 791/868/867 839/865/864 836/864/863
f 836/864/863 792/828/827 791/868/867
f 841/869/868 840/870/869 839/865/864
f 839/865/864 840/870/869 842/871/870
f 839/865/864 791/868/867 841/869/868
f 842/871/870 837/866/865 839/865/864
f 843/872/871 837/866/865 842/871/870
f 843/872/871 844/873/872 845/874/873
f 842/871/870 844/873/872 843/872/871
f 843/872/871 845/874/873 846/875/874
f 843/872/871 847/876/875 837/866/865
f 846/875/874 847/876/875 843/872/871
f 837/866/865 847/876/875 848/877/876
f 848/877/876 847/876/875 846/875/874
f 846/875/874 849/878/877 848/877/876
f 848/877/876 849/878/877 828/856/855
f 828/856/855 829/858/857 848/877/876
f 848/877/876 829/858/857 830/859/858
f 830/859/858 838/867/866 848/877/876
f 848/877/876 838/867/866 837/866/865
f 850/879/878 849/878/877 846/875/874
f 828/856/855 849/878/877 850/879/878
f 850/879/878 853/880/879 851/881/880
f 851/881/880 854/882/881 850/879/878
f 855/883/882 852/884/883 850/879/878
f 850/879/878 852/884/883 828/856/855
f 846/875/874 853/880/879 850/879/878
f 850/879/878 854/882/881 855/883/882
f 855/883/882 856/885/884 825/853/852
f 857/886/885 856/885/884 855/883/882
f 855/883/882 858/887/886 857/886/885
f 825/853/852 852/884/883 855/883/882
f 855/883/882 854/882/881 858/887/886
f 860/888/887 859/889/888 858/887/886
f 858/887/886 861/890/889 860/888/887
f 858/887/886 854/882/881 851/881/880
f 851/881/880 861/890/889 858/887/886
f 861/890/889 863/891/890 862/892/891
f 862/892/891 860/888/887 861/890/889
f 864/893/892 863/891/890 861/890/889
f 861/890/889 851/881/880 864/893/892
f 853/880/879 865/894/893 864/893/892
f 864/893/892 851/881/880 853/880/879
f 863/891/890 864/893/892 866/895/894
f 867/896/895 868/897/896 862/892/891
f 862/892/891 863/891/890 867/896/895
f 862/892/891 868/897/896 936/898/897
f 862/892/891 936/898/897 869/899/898
f 869/899/898 936/898/897 934/900/899
f 934/900/899 870/901/900 869/899/898
f 869/899/898 860/888/887 862/892/891
f 870/901/900 871/902/901 869/899/898
f 869/899/898 871/902/901 860/888/887
f 870/901/900 872/903/902 871/902/901
f 871/902/901 859/889/888 860/888/887
f 872/903/902 878/904/903 873/905/904
f 877/906/905 878/904/903 872/903/902
f 874/907/906 877/906/905 872/903/902
f 873/905/904 871/902/901 872/903/902
f 875/908/907 876/909/908 874/907/906
f 876/909/908 877/906/905 874/907/906
f 874/907/906 872/903/902 870/901/900
f 870/901/900 931/910/909 874/907/906
f 874/907/906 931/910/909 875/908/907
f 893/911/910 1045/912/911 929/913/912
f 929/913/912 897/914/913 893/911/910
f 875/908/907 1045/912/911 893/911/910
f 1045/912/911 875/908/907 930/915/914
f 1081/916/915 902/917/916 901/918/917
f 927/919/918 905/920/919 902/917/916
f 901/918/917 900/921/920 1050/922/921
f 1050/922/921 900/921/920 897/914/913
f 1050/922/921 897/914/913 929/913/912
f 893/911/910 876/909/908 875/908/907
f 876/909/908 895/923/922 877/906/905
f 893/911/910 895/923/922 876/909/908
f 878/904/903 896/924/923 879/925/924
f 877/906/905 896/924/923 878/904/903
f 878/904/903 879/925/924 873/905/904
f 873/905/904 879/925/924 880/926/925
f 880/926/925 886/927/926 881/928/927
f 879/925/924 886/927/926 880/926/925
f 880/926/925 881/928/927 857/886/885
f 873/905/904 880/926/925 859/889/888
f 859/889/888 880/926/925 857/886/885
f 857/886/885 881/928/927 882/929/928
f 882/929/928 883/930/929 816/845/844
f 881/928/927 883/930/929 882/929/928
f 816/845/844 824/852/851 882/929/928
f 882/929/928 824/852/851 825/853/852
f 882/929/928 856/885/884 857/886/885
f 825/853/852 856/885/884 882/929/928
f 883/930/929 884/784/783 813/842/841
f 885/931/930 884/784/783 883/930/929
f 883/930/929 813/842/841 816/845/844
f 881/928/927 885/931/930 883/930/929
f 886/927/926 885/931/930 881/928/927
f 887/777/776 888/780/779 886/927/926
f 879/925/924 887/777/776 886/927/926
f 886/927/926 888/780/779 885/931/930
f 888/780/779 889/781/780 885/931/930
f 885/931/930 889/781/780 884/784/783
f 884/784/783 812/785/784 813/842/841
f 893/911/910 892/769/768 894/772/771
f 893/911/910 894/772/771 895/923/922
f 895/923/922 894/772/771 890/773/772
f 895/923/922 890/773/772 877/906/905
f 877/906/905 890/773/772 896/924/923
f 890/773/772 891/776/775 896/924/923
f 896/924/923 891/776/775 887/777/776
f 896/924/923 887/777/776 879/925/924
f 897/914/913 898/768/767 893/911/910
f 899/765/764 898/768/767 897/914/913
f 897/914/913 900/921/920 899/765/764
f 899/765/764 900/921/920 901/918/917
f 901/918/917 902/917/916 904/761/760
f 901/918/917 903/764/763 899/765/764
f 904/761/760 903/764/763 901/918/917
f 904/761/760 902/917/916 905/920/919
f 904/761/760 905/920/919 906/760/759
f 912/932/931 907/757/756 906/760/759
f 906/760/759 905/920/919 912/932/931
f 908/756/755 907/757/756 912/932/931
f 910/933/932 909/753/753 908/756/755
f 912/932/931 911/934/933 908/756/755
f 908/756/755 911/934/933 910/933/932
f 914/935/934 910/933/932 911/934/933
f 914/935/934 911/934/933 913/936/935
f 740/749/749 910/933/932 914/935/934
f 916/747/747 740/749/749 914/935/934
f 915/937/936 914/935/934 913/936/935
f 916/747/747 914/935/934 915/937/936
f 918/745/745 916/747/747 915/937/936
f 915/937/936 913/936/935 917/938/937
f 737/744/744 916/747/747 918/745/745
f 1094/939/938 919/940/939 917/938/937
f 917/938/937 919/940/939 915/937/936
f 919/940/939 920/941/940 915/937/936
f 915/937/936 920/941/940 734/740/740
f 734/740/740 918/745/745 915/937/936
f 1094/939/938 905/920/919 927/919/918
f 919/940/939 1094/939/938 923/942/941
f 920/941/940 919/940/939 922/943/942
f 920/941/940 924/944/943 921/736/736
f 920/941/940 921/736/736 1093/739/739
f 922/943/942 924/944/943 920/941/940
f 922/943/942 919/940/939 923/942/941
f 923/942/941 925/945/944 922/943/942
f 922/943/942 925/945/944 924/944/943
f 925/945/944 926/946/945 924/944/943
f 924/944/943 926/946/945 1092/729/729
f 924/944/943 1092/729/729 921/736/736
f 921/736/736 1092/729/729 728/730/730
f 926/946/945 1091/726/726 1092/729/729
f 1087/947/946 1088/948/947 926/946/945
f 925/945/944 1087/947/946 926/946/945
f 926/946/945 1088/948/947 1091/726/726
f 928/949/948 1087/947/946 925/945/944
f 927/919/918 928/949/948 923/942/941
f 930/915/914 931/910/909 932/950/949
f 932/950/949 931/910/909 934/900/899
f 934/900/899 933/951/950 932/950/949
f 936/898/897 933/951/950 934/900/899
f 935/952/951 937/953/952 936/898/897
f 868/897/896 935/952/951 936/898/897
f 936/898/897 937/953/952 933/951/950
f 868/897/896 867/896/895 938/954/953
f 938/954/953 935/952/951 868/897/896
f 938/954/953 867/896/895 939/955/954
f 938/954/953 939/955/954 1055/956/955
f 941/957/956 940/958/957 939/955/954
f 939/955/954 866/895/894 941/957/956
f 867/896/895 866/895/894 939/955/954
f 942/959/958 940/958/957 941/957/956
f 943/960/959 942/959/958 941/957/956
f 865/894/893 941/957/956 866/895/894
f 943/960/959 941/957/956 865/894/893
f 948/961/960 942/959/958 943/960/959
f 948/961/960 947/962/961 944/963/962
f 944/963/962 946/964/963 948/961/960
f 948/961/960 946/964/963 945/965/964
f 943/960/959 947/962/961 948/961/960
f 949/966/965 948/961/960 945/965/964
f 942/959/958 948/961/960 949/966/965
f 949/966/965 951/967/966 950/968/967
f 950/968/967 953/969/968 949/966/965
f 952/970/969 951/967/966 949/966/965
f 949/966/965 953/969/968 942/959/958
f 945/965/964 952/970/969 949/966/965
f 957/971/970 952/970/969 945/965/964
f 955/972/971 954/973/972 957/971/970
f 957/971/970 956/974/973 955/972/971
f 945/965/964 956/974/973 957/971/970
f 958/975/974 957/971/970 954/973/972
f 952/970/969 957/971/970 958/975/974
f 958/975/974 962/976/975 959/977/976
f 959/977/976 960/978/977 958/975/974
f 958/975/974 960/978/977 961/979/978
f 961/979/978 963/980/979 958/975/974
f 954/973/972 962/976/975 958/975/974
f 958/975/974 963/980/979 952/970/969
f 952/970/969 963/980/979 964/981/980
f 964/981/980 963/980/979 961/979/978
f 964/981/980 966/982/981 950/968/967
f 950/968/967 951/967/966 964/981/980
f 964/981/980 951/967/966 952/970/969
f 961/979/978 967/983/982 964/981/980
f 964/981/980 967/983/982 965/984/983
f 965/984/983 966/982/981 964/981/980
f 968/985/984 967/983/982 961/979/978
f 965/984/983 967/983/982 968/985/984
f 968/985/984 970/986/985 969/987/986
f 969/987/986 971/988/987 968/985/984
f 972/989/988 970/986/985 968/985/984
f 968/985/984 971/988/987 965/984/983
f 961/979/978 973/990/989 968/985/984
f 968/985/984 973/990/989 972/989/988
f 972/989/988 973/990/989 974/991/990
f 974/991/990 973/990/989 961/979/978
f 974/991/990 975/992/991 972/989/988
f 977/993/992 975/992/991 974/991/990
f 959/977/976 976/994/993 974/991/990
f 974/991/990 976/994/993 977/993/992
f 974/991/990 960/978/977 959/977/976
f 961/979/978 960/978/977 974/991/990
f 978/995/994 975/992/991 977/993/992
f 977/993/992 1011/996/995 978/995/994
f 979/997/996 980/998/997 976/994/993
f 976/994/993 980/998/997 1005/999/998
f 976/994/993 959/977/976 979/997/996
f 1005/999/998 977/993/992 976/994/993
f 962/976/975 981/1000/999 979/997/996
f 979/997/996 959/977/976 962/976/975
f 990/1001/1000 962/976/975 954/973/972
f 981/1000/999 962/976/975 990/1001/1000
f 990/1001/1000 954/973/972 955/972/971
f 955/972/971 993/1002/1001 990/1001/1000
f 983/1003/1002 993/1002/1001 955/972/971
f 982/1004/1003 782/823/822 983/1003/1002
f 983/1003/1002 780/822/821 993/1002/1001
f 782/823/822 780/822/821 983/1003/1002
f 984/1005/1004 783/824/823 782/823/822
f 841/869/868 985/826/825 984/1005/1004
f 984/1005/1004 782/823/822 982/1004/1003
f 985/826/825 783/824/823 984/1005/1004
f 986/1006/1005 984/1005/1004 982/1004/1003
f 841/869/868 984/1005/1004 986/1006/1005
f 986/1006/1005 840/870/869 841/869/868
f 842/871/870 840/870/869 986/1006/1005
f 982/1004/1003 987/1007/1006 986/1006/1005
f 986/1006/1005 987/1007/1006 944/963/962
f 944/963/962 988/1008/1007 986/1006/1005
f 986/1006/1005 988/1008/1007 842/871/870
f 844/873/872 988/1008/1007 944/963/962
f 842/871/870 988/1008/1007 844/873/872
f 944/963/962 947/962/961 844/873/872
f 844/873/872 947/962/961 943/960/959
f 844/873/872 943/960/959 845/874/873
f 845/874/873 943/960/959 865/894/893
f 989/1009/1008 987/1007/1006 982/1004/1003
f 944/963/962 987/1007/1006 989/1009/1008
f 982/1004/1003 983/1003/1002 989/1009/1008
f 989/1009/1008 983/1003/1002 955/972/971
f 989/1009/1008 946/964/963 944/963/962
f 945/965/964 946/964/963 989/1009/1008
f 955/972/971 956/974/973 989/1009/1008
f 989/1009/1008 956/974/973 945/965/964
f 786/825/824 985/826/825 841/869/868
f 990/1001/1000 993/1002/1001 991/1010/1009
f 991/1010/1009 992/1011/1010 990/1001/1000
f 992/1011/1010 981/1000/999 990/1001/1000
f 992/1011/1010 994/1012/1011 981/1000/999
f 995/1013/1012 997/1014/1013 994/1012/1011
f 994/1012/1011 998/1015/1014 995/1013/1012
f 994/1012/1011 992/1011/1010 996/1016/1015
f 996/1016/1015 998/1015/1014 994/1012/1011
f 981/1000/999 994/1012/1011 997/1014/1013
f 997/1014/1013 979/997/996 981/1000/999
f 980/998/997 979/997/996 997/1014/1013
f 997/1014/1013 999/1017/1016 980/998/997
f 1000/1018/1017 1002/1019/1018 999/1017/1016
f 999/1017/1016 1001/1020/1019 1000/1018/1017
f 999/1017/1016 997/1014/1013 995/1013/1012
f 995/1013/1012 1001/1020/1019 999/1017/1016
f 1003/1021/1020 1005/999/998 1002/1019/1018
f 1002/1019/1018 1004/1022/1021 1003/1021/1020
f 1002/1019/1018 1005/999/998 980/998/997
f 980/998/997 999/1017/1016 1002/1019/1018
f 1006/1023/1022 1007/1024/1023 1004/1022/1021
f 1004/1022/1021 1008/1025/1024 1006/1023/1022
f 1004/1022/1021 1002/1019/1018 1000/1018/1017
f 1000/1018/1017 1008/1025/1024 1004/1022/1021
f 1009/1026/1025 1011/996/995 1007/1024/1023
f 1007/1024/1023 1010/1027/1026 1009/1026/1025
f 1007/1024/1023 1011/996/995 1003/1021/1020
f 1003/1021/1020 1004/1022/1021 1007/1024/1023
f 1012/1028/1027 1013/1029/1028 1010/1027/1026
f 1010/1027/1026 1014/1030/1029 1012/1028/1027
f 1010/1027/1026 1007/1024/1023 1006/1023/1022
f 1006/1023/1022 1014/1030/1029 1010/1027/1026
f 1009/1026/1025 1010/1027/1026 1013/1029/1028
f 1013/1029/1028 1079/1031/1030 1009/1026/1025
f 1015/1032/1031 1079/1031/1030 1013/1029/1028
f 1013/1029/1028 1016/1033/1032 1015/1032/1031
f 1017/1034/1033 1019/1035/1034 1016/1033/1032
f 1016/1033/1032 1018/1036/1035 1017/1034/1033
f 1016/1033/1032 1013/1029/1028 1012/1028/1027
f 1012/1028/1027 1018/1036/1035 1016/1033/1032
f 1020/1037/1036 1022/1038/1037 1019/1035/1034
f 1019/1035/1034 1021/1039/1038 1020/1037/1036
f 1019/1035/1034 1022/1038/1037 1015/1032/1031
f 1015/1032/1031 1016/1033/1032 1019/1035/1034
f 1023/1040/1039 1024/1041/1040 1021/1039/1038
f 1021/1039/1038 1025/1042/1041 1023/1040/1039
f 1021/1039/1038 1019/1035/1034 1017/1034/1033
f 1017/1034/1033 1025/1042/1041 1021/1039/1038
f 1026/1043/1042 1028/1044/1043 1024/1041/1040
f 1024/1041/1040 1027/1045/1044 1026/1043/1042
f 1024/1041/1040 1028/1044/1043 1020/1037/1036
f 1020/1037/1036 1021/1039/1038 1024/1041/1040
f 1029/1046/1045 1030/1047/1046 1027/1045/1044
f 1027/1045/1044 1031/1048/505 1029/1046/1045
f 1027/1045/1044 1024/1041/1040 1023/1040/1039
f 1023/1040/1039 1031/1048/505 1027/1045/1044
f 1030/1047/1046 1033/1049/1047 1032/1050/1048
f 1026/1043/1042 1027/1045/1044 1030/1047/1046
f 1034/1051/1049 1035/1052/1050 1033/1049/1047
f 1033/1049/1047 1036/1053/511 1034/1051/1049
f 1033/1049/1047 1030/1047/1046 1029/1046/1045
f 1029/1046/1045 1036/1053/511 1033/1049/1047
f 1032/1050/1048 1033/1049/1047 1035/1052/1050
f 1038/1054/1051 1040/1055/1052 1037/1056/1053
f 1037/1056/1053 1039/1057/1054 1038/1054/1051
f 1037/1056/1053 1035/1052/1050 1034/1051/1049
f 1034/1051/1049 1039/1057/1054 1037/1056/1053
f 1042/1058/1055 1043/1059/1056 1041/1060/1057
f 1041/1060/1057 1044/1061/1058 1042/1058/1055
f 1041/1060/1057 1040/1055/1052 1038/1054/1051
f 1038/1054/1051 1044/1061/1058 1041/1060/1057
f 1043/1059/1056 1046/1062/1059 1045/912/911
f 1047/1063/1060 1048/1064/1061 1046/1062/1059
f 1046/1062/1059 1049/1065/1062 1047/1063/1060
f 1046/1062/1059 1043/1059/1056 1042/1058/1055
f 1042/1058/1055 1049/1065/1062 1046/1062/1059
f 1045/912/911 1046/1062/1059 1048/1064/1061
f 929/913/912 1048/1064/1061 714/1066/1063
f 1045/912/911 1048/1064/1061 929/913/912
f 714/1066/1063 1050/922/921 929/913/912
f 930/915/914 1051/1067/1064 1045/912/911
f 1076/1068/1065 1051/1067/1064 930/915/914
f 932/950/949 1076/1068/1065 930/915/914
f 1052/1069/1066 1076/1068/1065 932/950/949
f 933/951/950 1052/1069/1066 932/950/949
f 937/953/952 1052/1069/1066 933/951/950
f 935/952/951 1053/1070/1067 937/953/952
f 1056/1071/1068 1053/1070/1067 935/952/951
f 935/952/951 938/954/953 1056/1071/1068
f 1056/1071/1068 938/954/953 1055/956/955
f 1056/1071/1068 1055/956/955 1054/1072/1069
f 1053/1070/1067 1056/1071/1068 1057/1073/1070
f 1057/1073/1070 1056/1071/1068 1054/1072/1069
f 1054/1072/1069 1058/1074/1071 1057/1073/1070
f 1057/1073/1070 1058/1074/1071 1061/1075/1072
f 1057/1073/1070 1060/1076/1073 1059/1077/1074
f 1061/1075/1072 1060/1076/1073 1057/1073/1070
f 1057/1073/1070 1059/1077/1074 1053/1070/1067
f 1061/1075/1072 1070/1078/1075 1060/1076/1073
f 1062/1079/1076 1070/1078/1075 1061/1075/1072
f 1061/1075/1072 1063/1080/1077 1062/1079/1076
f 1064/1081/1078 1063/1080/1077 1061/1075/1072
f 1061/1075/1072 1058/1074/1071 1064/1081/1078
f 1064/1081/1078 1058/1074/1071 1054/1072/1069
f 1054/1072/1069 1065/1082/1079 1064/1081/1078
f 1064/1081/1078 971/988/987 969/987/986
f 969/987/986 1063/1080/1077 1064/1081/1078
f 1064/1081/1078 1065/1082/1079 965/984/983
f 965/984/983 971/988/987 1064/1081/1078
f 1066/1083/1080 1065/1082/1079 1054/1072/1069
f 965/984/983 1065/1082/1079 1066/1083/1080
f 1054/1072/1069 1055/956/955 1066/1083/1080
f 1055/956/955 1067/1084/1081 1066/1083/1080
f 1066/1083/1080 1067/1084/1081 950/968/967
f 1066/1083/1080 966/982/981 965/984/983
f 950/968/967 966/982/981 1066/1083/1080
f 940/958/957 1067/1084/1081 1055/956/955
f 950/968/967 1067/1084/1081 940/958/957
f 1062/1079/1076 1063/1080/1077 969/987/986
f 969/987/986 1068/1085/1082 1062/1079/1076
f 1062/1079/1076 1068/1085/1082 1069/1086/1083
f 1069/1086/1083 1026/1043/1042 1062/1079/1076
f 1062/1079/1076 1026/1043/1042 1070/1078/1075
f 1070/1078/1075 1030/1047/1046 1032/1050/1048
f 1026/1043/1042 1030/1047/1046 1070/1078/1075
f 1070/1078/1075 1032/1050/1048 1060/1076/1073
f 1060/1076/1073 1032/1050/1048 1071/1087/1084
f 1032/1050/1048 1035/1052/1050 1071/1087/1084
f 1071/1087/1084 1035/1052/1050 1037/1056/1053
f 1071/1087/1084 1037/1056/1053 1074/1088/1085
f 1059/1077/1074 1071/1087/1084 1074/1088/1085
f 1060/1076/1073 1071/1087/1084 1059/1077/1074
f 1074/1088/1085 1037/1056/1053 1072/1089/1086
f 1074/1088/1085 1072/1089/1086 1073/1090/1087
f 1075/1091/1088 1074/1088/1085 1073/1090/1087
f 1059/1077/1074 1074/1088/1085 1075/1091/1088
f 1075/1091/1088 1073/1090/1087 1052/1069/1066
f 1052/1069/1066 937/953/952 1075/1091/1088
f 1075/1091/1088 937/953/952 1053/1070/1067
f 1053/1070/1067 1059/1077/1074 1075/1091/1088
f 1052/1069/1066 1073/1090/1087 1076/1068/1065
f 1073/1090/1087 1072/1089/1086 1076/1068/1065
f 1072/1089/1086 1041/1060/1057 1076/1068/1065
f 1076/1068/1065 1041/1060/1057 1051/1067/1064
f 1072/1089/1086 1040/1055/1052 1041/1060/1057
f 1037/1056/1053 1040/1055/1052 1072/1089/1086
f 1069/1086/1083 1028/1044/1043 1026/1043/1042
f 1020/1037/1036 1028/1044/1043 1069/1086/1083
f 1077/1092/1089 1020/1037/1036 1069/1086/1083
f 1069/1086/1083 1068/1085/1082 1077/1092/1089
f 1077/1092/1089 1068/1085/1082 969/987/986
f 969/987/986 970/986/985 1077/1092/1089
f 1077/1092/1089 970/986/985 972/989/988
f 1077/1092/1089 1078/1093/1090 1022/1038/1037
f 1022/1038/1037 1020/1037/1036 1077/1092/1089
f 972/989/988 1078/1093/1090 1077/1092/1089
f 1022/1038/1037 1078/1093/1090 978/995/994
f 978/995/994 1078/1093/1090 972/989/988
f 978/995/994 1015/1032/1031 1022/1038/1037
f 1079/1031/1030 1015/1032/1031 978/995/994
f 1011/996/995 1009/1026/1025 1079/1031/1030
f 978/995/994 1011/996/995 1079/1031/1030
f 1005/999/998 1003/1021/1020 1011/996/995
f 1051/1067/1064 1043/1059/1056 1045/912/911
f 1041/1060/1057 1043/1059/1056 1051/1067/1064
f 713/712/712 1081/916/915 1080/1094/1091
f 1080/1094/1091 712/713/713 713/712/712
f 714/1066/1063 712/713/713 1080/1094/1091
f 1080/1094/1091 1050/922/921 714/1066/1063
f 927/919/918 1081/916/915 713/712/712
f 714/1066/1063 1048/1064/1061 1047/1063/1060
f 1047/1063/1060 1082/1095/1092 714/1066/1063
f 714/1066/1063 1082/1095/1092 715/714/714
f 992/1011/1010 1083/1096/1093 996/1016/1015
f 1084/1097/1094 1083/1096/1093 992/1011/1010
f 992/1011/1010 991/1010/1009 1084/1097/1094
f 1084/1097/1094 991/1010/1009 781/819/818
f 781/819/818 778/821/820 1084/1097/1094
f 991/1010/1009 993/1002/1001 780/822/821
f 780/822/821 781/819/818 991/1010/1009
f 1011/996/995 977/993/992 1005/999/998
f 972/989/988 975/992/991 978/995/994
f 940/958/957 953/969/968 950/968/967
f 942/959/958 953/969/968 940/958/957
f 1055/956/955 939/955/954 940/958/957
f 931/910/909 870/901/900 934/900/899
f 930/915/914 875/908/907 931/910/909
f 901/918/917 1080/1094/1091 1081/916/915
f 1050/922/921 1080/1094/1091 901/918/917
f 928/949/948 1085/718/718 1086/721/721
f 716/717/717 1085/718/718 928/949/948
f 928/949/948 927/919/918 716/717/717
f 1086/721/721 1087/947/946 928/949/948
f 1088/948/947 1087/947/946 1086/721/721
f 1090/725/725 1091/726/726 1088/948/947
f 1086/721/721 1089/722/722 1088/948/947
f 1088/948/947 1089/722/722 1090/725/725
f 716/717/717 927/919/918 713/712/712
f 923/942/941 928/949/948 925/945/944
f 1093/739/739 734/740/740 920/941/940
f 923/942/941 1094/939/938 927/919/918
f 1094/939/938 912/932/931 905/920/919
f 913/936/935 912/932/931 1094/939/938
f 917/938/937 913/936/935 1094/939/938
f 913/936/935 911/934/933 912/932/931
f 910/933/932 740/749/749 741/751/751
f 741/751/751 909/753/753 910/933/932
f 898/768/767 892/769/768 893/911/910
f 927/919/918 902/917/916 1081/916/915
f 859/889/888 871/902/901 873/905/904
f 867/896/895 863/891/890 866/895/894
f 866/895/894 864/893/892 865/894/893
f 845/874/873 865/894/893 853/880/879
f 846/875/874 845/874/873 853/880/879
f 857/886/885 858/887/886 859/889/888
f 828/856/855 852/884/883 825/853/852
f 841/869/868 791/868/867 786/825/824
f 825/853/852 826/855/854 828/856/855
f 1095/832/831 796/833/832 801/804/803
f 801/804/803 1096/805/804 1095/832/831
f 1095/832/831 1096/805/804 1097/808/807
f 1097/808/807 793/830/829 1095/832/831
f 789/827/826 793/830/829 1097/808/807
f 1097/808/807 788/809/808 789/827/826
f 791/868/867 792/828/827 786/825/824
f 715/714/714 712/713/713 714/1066/1063
f 1099/1098/1095 1101/1099/1096 1098/1100/1097
f 1098/1100/1097 1100/1101/1098 1099/1098/1095
f 1540/1102/1099 1100/1101/1098 1098/1100/1097
f 1098/1100/1097 1101/1099/1096 1103/1103/1100
f 1098/1100/1097 1902/1104/1101 1540/1102/1099
f 1102/1105/1102 1902/1104/1101 1098/1100/1097
f 1103/1103/1100 1102/1105/1102 1098/1100/1097
f 1104/1106/1103 1102/1105/1102 1103/1103/1100
f 1103/1103/1100 1105/1107/1104 1107/1108/1105
f 1106/1109/1106 1105/1107/1104 1103/1103/1100
f 1103/1103/1100 1101/1099/1096 1106/1109/1106
f 1107/1108/1105 1104/1106/1103 1103/1103/1100
f 1107/1108/1105 1105/1107/1104 1128/1110/1107
f 1508/1111/1108 1104/1106/1103 1107/1108/1105
f 1107/1108/1105 1108/1112/1109 1508/1111/1108
f 1110/1113/1110 1108/1112/1109 1107/1108/1105
f 1128/1110/1107 1111/1114/1111 1107/1108/1105
f 1107/1108/1105 1111/1114/1111 1110/1113/1110
f 1110/1113/1110 1109/1115/1112 1112/1116/1113
f 1112/1116/1113 1108/1112/1109 1110/1113/1110
f 1112/1116/1113 1109/1115/1112 1118/1117/1114
f 1118/1117/1114 1115/1118/1115 1113/1119/1116
f 1114/1120/1117 1115/1118/1115 1118/1117/1114
f 1118/1117/1114 1116/1121/1117 1114/1120/1117
f 1117/1122/1118 1116/1121/1117 1118/1117/1114
f 1948/1123/1119 1119/1124/1120 1117/1122/1118
f 1117/1122/1118 1118/1117/1114 1948/1123/1119
f 1120/1125/1121 1119/1124/1120 1948/1123/1119
f 1948/1123/1119 1121/1126/1122 1120/1125/1121
f 1947/1127/1123 1122/1128/1124 1946/1129/1125
f 1125/1130/1126 1123/1131/1127 1122/1128/1124
f 1109/1115/1112 1124/1132/1128 1122/1128/1124
f 1122/1128/1124 1124/1132/1128 1125/1130/1126
f 1122/1128/1124 1947/1127/1123 1109/1115/1112
f 1126/1133/1129 1123/1131/1127 1125/1130/1126
f 1125/1130/1126 1127/1134/1130 1126/1133/1129
f 1109/1115/1112 1110/1113/1110 1124/1132/1128
f 1124/1132/1128 1110/1113/1110 1111/1114/1111
f 1111/1114/1111 1125/1130/1126 1124/1132/1128
f 1127/1134/1130 1125/1130/1126 1111/1114/1111
f 1111/1114/1111 1128/1110/1107 1127/1134/1130
f 1127/1134/1130 1128/1110/1107 1130/1135/1131
f 1130/1135/1131 1129/1136/1132 1127/1134/1130
f 1131/1137/1133 1133/1138/1134 1130/1135/1131
f 1130/1135/1131 1132/1139/1135 1131/1137/1133
f 1128/1110/1107 1132/1139/1135 1130/1135/1131
f 1130/1135/1131 1133/1138/1134 1134/1140/1136
f 1134/1140/1136 1129/1136/1132 1130/1135/1131
f 1134/1140/1136 1133/1138/1134 1135/1141/1137
f 1135/1141/1137 1136/1142/1138 1134/1140/1136
f 1137/1143/1139 1134/1140/1136 1136/1142/1138
f 1136/1142/1138 1138/1144/1140 1137/1143/1139
f 1139/1145/1141 1138/1144/1140 1136/1142/1138
f 1862/1146/1142 1139/1145/1141 1136/1142/1138
f 1141/1147/1143 1142/1148/1144 1139/1145/1141
f 1139/1145/1141 1142/1148/1144 1138/1144/1140
f 1140/1149/1145 1141/1147/1143 1139/1145/1141
f 1876/1150/1146 1144/1151/1147 1141/1147/1143
f 1141/1147/1143 1144/1151/1147 1142/1148/1144
f 1144/1151/1147 1143/1152/1148 1142/1148/1144
f 1142/1148/1144 1143/1152/1148 1145/1153/1149
f 1142/1148/1144 1145/1153/1149 1138/1144/1140
f 1138/1144/1140 1145/1153/1149 1146/1154/1150
f 1146/1154/1150 1147/1155/1151 1956/1156/1152
f 1956/1156/1152 1137/1143/1139 1146/1154/1150
f 1146/1154/1150 1137/1143/1139 1138/1144/1140
f 1147/1155/1151 1146/1154/1150 1148/1157/1153
f 1148/1157/1153 1146/1154/1150 1145/1153/1149
f 1145/1153/1149 1149/1158/1154 1148/1157/1153
f 1148/1157/1153 1149/1158/1154 1151/1159/1155
f 1150/1160/1156 1147/1155/1151 1148/1157/1153
f 1158/1161/1157 1148/1157/1153 1151/1159/1155
f 1152/1162/1158 1154/1163/1159 1151/1159/1155
f 1151/1159/1155 1153/1164/1160 1152/1162/1158
f 1155/1165/1161 1153/1164/1160 1151/1159/1155
f 1151/1159/1155 1154/1163/1159 1158/1161/1157
f 1151/1159/1155 1149/1158/1154 1155/1165/1161
f 1150/1160/1156 1148/1157/1153 1158/1161/1157
f 1159/1166/1162 1156/1167/1163 1158/1161/1157
f 1158/1161/1157 1156/1167/1163 1150/1160/1156
f 1158/1161/1157 1154/1163/1159 1157/1168/1164
f 1160/1169/1165 1156/1167/1163 1159/1166/1162
f 1159/1166/1162 1161/1170/1166 1160/1169/1165
f 1162/1171/1167 1161/1170/1166 1159/1166/1162
f 1159/1166/1162 1163/1172/1168 1162/1171/1167
f 1164/1173/1169 1163/1172/1168 1159/1166/1162
f 1159/1166/1162 1158/1161/1157 1164/1173/1169
f 1164/1173/1169 1158/1161/1157 1157/1168/1164
f 1157/1168/1164 1166/1174/1170 1164/1173/1169
f 1164/1173/1169 1166/1174/1170 1165/1175/1171
f 1167/1176/1172 1163/1172/1168 1164/1173/1169
f 1168/1177/1173 1170/1178/1174 1167/1176/1172
f 1167/1176/1172 1169/1179/1175 1168/1177/1173
f 1171/1180/1176 1169/1179/1175 1167/1176/1172
f 1167/1176/1172 1170/1178/1174 1162/1171/1167
f 1162/1171/1167 1163/1172/1168 1167/1176/1172
f 1167/1176/1172 1164/1173/1169 1171/1180/1176
f 1171/1180/1176 1164/1173/1169 1165/1175/1171
f 1165/1175/1171 1173/1181/1177 1171/1180/1176
f 1171/1180/1176 1173/1181/1177 1172/1182/1178
f 1172/1182/1178 1175/1183/1179 1171/1180/1176
f 1171/1180/1176 1175/1183/1179 1174/1184/1180
f 1174/1184/1180 1169/1179/1175 1171/1180/1176
f 1176/1185/1181 1175/1183/1179 1172/1182/1178
f 1174/1184/1180 1175/1183/1179 1176/1185/1181
f 1178/1186/1182 1177/1187/1183 1176/1185/1181
f 1176/1185/1181 1177/1187/1183 1174/1184/1180
f 1172/1182/1178 1181/1188/1184 1176/1185/1181
f 1176/1185/1181 1179/1189/1185 1178/1186/1182
f 1180/1190/1186 1179/1189/1185 1176/1185/1181
f 1176/1185/1181 1181/1188/1184 1180/1190/1186
f 1180/1190/1186 1181/1188/1184 1182/1191/1187
f 1182/1191/1187 1181/1188/1184 1172/1182/1178
f 1184/1192/1188 1183/1193/1189 1182/1191/1187
f 1182/1191/1187 1183/1193/1189 1180/1190/1186
f 1182/1191/1187 1187/1194/1190 1184/1192/1188
f 1172/1182/1178 1185/1195/1191 1182/1191/1187
f 1182/1191/1187 1185/1195/1191 1186/1196/1192
f 1186/1196/1192 1187/1194/1190 1182/1191/1187
f 1184/1192/1188 1187/1194/1190 1188/1197/1193
f 1188/1197/1193 1187/1194/1190 1186/1196/1192
f 1188/1197/1193 1193/1198/1194 1184/1192/1188
f 1186/1196/1192 1191/1199/1195 1188/1197/1193
f 1188/1197/1193 1190/1200/1196 1189/1201/1197
f 1189/1201/1197 1193/1198/1194 1188/1197/1193
f 1192/1202/1198 1190/1200/1196 1188/1197/1193
f 1188/1197/1193 1191/1199/1195 1192/1202/1198
f 1194/1203/1199 1193/1198/1194 1189/1201/1197
f 1184/1192/1188 1193/1198/1194 1194/1203/1199
f 1189/1201/1197 1195/1204/1200 1194/1203/1199
f 1194/1203/1199 1195/1204/1200 1199/1205/1201
f 1194/1203/1199 1198/1206/1202 1196/1207/1203
f 1196/1207/1203 1197/1208/1204 1194/1203/1199
f 1194/1203/1199 1197/1208/1204 1184/1192/1188
f 1199/1205/1201 1198/1206/1202 1194/1203/1199
f 1184/1192/1188 1197/1208/1204 1200/1209/1205
f 1200/1209/1205 1197/1208/1204 1196/1207/1203
f 1200/1209/1205 1183/1193/1189 1184/1192/1188
f 1200/1209/1205 1203/1210/1206 1201/1211/1207
f 1201/1211/1207 1202/1212/1208 1200/1209/1205
f 1180/1190/1186 1183/1193/1189 1200/1209/1205
f 1200/1209/1205 1202/1212/1208 1180/1190/1186
f 1196/1207/1203 1203/1210/1206 1200/1209/1205
f 1201/1211/1207 1203/1210/1206 1204/1213/1209
f 1204/1213/1209 1203/1210/1206 1196/1207/1203
f 1204/1213/1209 1205/1214/1210 1201/1211/1207
f 1208/1215/1211 1205/1214/1210 1204/1213/1209
f 1207/1216/1212 1206/1217/1213 1204/1213/1209
f 1204/1213/1209 1206/1217/1213 1208/1215/1211
f 1204/1213/1209 1209/1218/1214 1207/1216/1212
f 1196/1207/1203 1209/1218/1214 1204/1213/1209
f 1207/1216/1212 1209/1218/1214 1210/1219/1215
f 1210/1219/1215 1209/1218/1214 1196/1207/1203
f 1210/1219/1215 1211/1220/1216 1207/1216/1212
f 1212/1221/1217 1211/1220/1216 1210/1219/1215
f 1210/1219/1215 1213/1222/1218 1212/1221/1217
f 1214/1223/1219 1213/1222/1218 1210/1219/1215
f 1210/1219/1215 1215/1224/1220 1214/1223/1219
f 1196/1207/1203 1215/1224/1220 1210/1219/1215
f 1220/1225/1221 1211/1220/1216 1212/1221/1217
f 1212/1221/1217 1216/1226/1222 1220/1225/1221
f 1220/1225/1221 1216/1226/1222 1217/1227/1223
f 1218/1228/1224 1220/1225/1221 1217/1227/1223
f 1217/1227/1223 1219/1229/1225 1218/1228/1224
f 1221/1230/1226 1220/1225/1221 1218/1228/1224
f 1218/1228/1224 1222/1231/1227 1221/1230/1226
f 1221/1230/1226 1222/1231/1227 1224/1232/1228
f 1221/1230/1226 1223/1233/1229 1220/1225/1221
f 1226/1234/1230 1223/1233/1229 1221/1230/1226
f 1224/1232/1228 1225/1235/1231 1221/1230/1226
f 1221/1230/1226 1225/1235/1231 1226/1234/1230
f 1207/1216/1212 1223/1233/1229 1226/1234/1230
f 1226/1234/1230 1227/1236/1232 1208/1215/1211
f 1228/1237/1233 1227/1236/1232 1226/1234/1230
f 1208/1215/1211 1206/1217/1213 1226/1234/1230
f 1226/1234/1230 1206/1217/1213 1207/1216/1212
f 1226/1234/1230 1225/1235/1231 1228/1237/1233
f 1228/1237/1233 1229/1238/1234 1230/1239/1235
f 1224/1232/1228 1229/1238/1234 1228/1237/1233
f 1228/1237/1233 1225/1235/1231 1224/1232/1228
f 1232/1240/1236 1227/1236/1232 1228/1237/1233
f 1230/1239/1235 1231/1241/1237 1228/1237/1233
f 1228/1237/1233 1231/1241/1237 1232/1240/1236
f 1236/1242/1238 1233/1243/1239 1232/1240/1236
f 1232/1240/1236 1233/1243/1239 1208/1215/1211
f 1235/1244/1240 1234/1245/1241 1232/1240/1236
f 1232/1240/1236 1234/1245/1241 1236/1242/1238
f 1208/1215/1211 1227/1236/1232 1232/1240/1236
f 1232/1240/1236 1231/1241/1237 1235/1244/1240
f 1237/1246/1242 1238/1247/1243 1236/1242/1238
f 1236/1242/1238 1270/1248/1244 1237/1246/1242
f 1271/1249/1245 1270/1248/1244 1236/1242/1238
f 1236/1242/1238 1238/1247/1243 1239/1250/1246
f 1236/1242/1238 1234/1245/1241 1271/1249/1245
f 1239/1250/1246 1233/1243/1239 1236/1242/1238
f 1239/1250/1246 1240/1251/1247 1201/1211/1207
f 1201/1211/1207 1205/1214/1210 1239/1250/1246
f 1239/1250/1246 1205/1214/1210 1208/1215/1211
f 1208/1215/1211 1233/1243/1239 1239/1250/1246
f 1241/1252/1248 1240/1251/1247 1239/1250/1246
f 1239/1250/1246 1238/1247/1243 1241/1252/1248
f 1241/1252/1248 1246/1253/1249 1244/1254/1250
f 1237/1246/1242 1246/1253/1249 1241/1252/1248
f 1241/1252/1248 1238/1247/1243 1237/1246/1242
f 1244/1254/1250 1242/1255/1251 1241/1252/1248
f 1241/1252/1248 1242/1255/1251 1243/1256/1252
f 1243/1256/1252 1240/1251/1247 1241/1252/1248
f 1243/1256/1252 1202/1212/1208 1201/1211/1207
f 1201/1211/1207 1240/1251/1247 1243/1256/1252
f 1180/1190/1186 1202/1212/1208 1243/1256/1252
f 1243/1256/1252 1242/1255/1251 1178/1186/1182
f 1178/1186/1182 1179/1189/1185 1243/1256/1252
f 1243/1256/1252 1179/1189/1185 1180/1190/1186
f 1178/1186/1182 1242/1255/1251 1244/1254/1250
f 1244/1254/1250 1245/1257/1253 1178/1186/1182
f 1246/1253/1249 1237/1246/1242 1247/1258/1254
f 1248/1259/1255 1244/1254/1250 1246/1253/1249
f 1247/1258/1254 1248/1259/1255 1246/1253/1249
f 1245/1257/1253 1244/1254/1250 1248/1259/1255
f 1248/1259/1255 1250/1260/1256 1249/1261/1257
f 1249/1261/1257 1251/1262/1258 1248/1259/1255
f 1252/1263/1259 1250/1260/1256 1248/1259/1255
f 1248/1259/1255 1251/1262/1258 1245/1257/1253
f 1253/1264/1260 1255/1265/1261 1252/1263/1259
f 1252/1263/1259 1254/1266/1262 1253/1264/1260
f 1247/1258/1254 1254/1266/1262 1252/1263/1259
f 1252/1263/1259 1255/1265/1261 1256/1267/1263
f 1256/1267/1263 1250/1260/1256 1252/1263/1259
f 1252/1263/1259 1248/1259/1255 1247/1258/1254
f 1256/1267/1263 1257/1268/1264 1249/1261/1257
f 1249/1261/1257 1250/1260/1256 1256/1267/1263
f 1258/1269/1265 1257/1268/1264 1256/1267/1263
f 1256/1267/1263 1259/1270/1266 1258/1269/1265
f 1260/1271/1267 1259/1270/1266 1256/1267/1263
f 1256/1267/1263 1255/1265/1261 1260/1271/1267
f 1253/1264/1260 1261/1272/1268 1260/1271/1267
f 1260/1271/1267 1255/1265/1261 1253/1264/1260
f 1262/1273/1269 1261/1272/1268 1253/1264/1260
f 1264/1274/1270 1263/1275/1271 1262/1273/1269
f 1253/1264/1260 1265/1276/1272 1262/1273/1269
f 1262/1273/1269 1265/1276/1272 1264/1274/1270
f 1266/1277/1273 1265/1276/1272 1253/1264/1260
f 1264/1274/1270 1265/1276/1272 1266/1277/1273
f 1266/1277/1273 1267/1278/1274 1264/1274/1270
f 1268/1279/1275 1267/1278/1274 1266/1277/1273
f 1253/1264/1260 1254/1266/1262 1266/1277/1273
f 1266/1277/1273 1254/1266/1262 1247/1258/1254
f 1266/1277/1273 1269/1280/1276 1268/1279/1275
f 1247/1258/1254 1269/1280/1276 1266/1277/1273
f 1270/1248/1244 1269/1280/1276 1247/1258/1254
f 1268/1279/1275 1269/1280/1276 1270/1248/1244
f 1247/1258/1254 1237/1246/1242 1270/1248/1244
f 1270/1248/1244 1271/1249/1245 1268/1279/1275
f 1268/1279/1275 1271/1249/1245 1273/1281/1277
f 1273/1281/1277 1272/1282/1278 1274/1283/1279
f 1274/1283/1279 1275/1284/1280 1273/1281/1277
f 1273/1281/1277 1275/1284/1280 1268/1279/1275
f 1276/1285/1281 1275/1284/1280 1274/1283/1279
f 1268/1279/1275 1275/1284/1280 1276/1285/1281
f 1277/1286/1282 1279/1287/1283 1276/1285/1281
f 1276/1285/1281 1278/1288/1284 1277/1286/1282
f 1274/1283/1279 1278/1288/1284 1276/1285/1281
f 1276/1285/1281 1279/1287/1283 1264/1274/1270
f 1264/1274/1270 1267/1278/1274 1276/1285/1281
f 1276/1285/1281 1267/1278/1274 1268/1279/1275
f 1280/1289/1285 1279/1287/1283 1277/1286/1282
f 1264/1274/1270 1279/1287/1283 1280/1289/1285
f 1277/1286/1282 1281/1290/1286 1280/1289/1285
f 1280/1289/1285 1263/1275/1271 1264/1274/1270
f 1282/1291/1287 1281/1290/1286 1277/1286/1282
f 1286/1292/1288 1284/1293/1289 1282/1291/1287
f 1282/1291/1287 1283/1294/1290 1286/1292/1288
f 1277/1286/1282 1283/1294/1290 1282/1291/1287
f 1285/1295/1291 1284/1293/1289 1286/1292/1288
f 1291/1296/1292 1287/1297/1293 1285/1295/1291
f 1285/1295/1291 1286/1292/1288 1291/1296/1292
f 1288/1298/1294 1287/1297/1293 1291/1296/1292
f 1290/1299/1295 1289/1300/1296 1288/1298/1294
f 1288/1298/1294 1291/1296/1292 1290/1299/1295
f 1290/1299/1295 1291/1296/1292 1292/1301/1297
f 1292/1301/1297 1293/1302/1298 1290/1299/1295
f 1296/1303/1299 1293/1302/1298 1292/1301/1297
f 1294/1304/1300 1295/1305/1301 1292/1301/1297
f 1292/1301/1297 1295/1305/1301 1296/1303/1299
f 1296/1303/1299 1299/1306/1302 1297/1307/1303
f 1297/1307/1303 1298/1308/1304 1296/1303/1299
f 1296/1303/1299 1298/1308/1304 1301/1309/1305
f 1300/1310/1306 1299/1306/1302 1296/1303/1299
f 1296/1303/1299 1295/1305/1301 1300/1310/1306
f 1301/1309/1305 1293/1302/1298 1296/1303/1299
f 1301/1309/1305 1298/1308/1304 1305/1311/1307
f 1301/1309/1305 1302/1312/1308 1303/1313/1309
f 1305/1311/1307 1302/1312/1308 1301/1309/1305
f 1303/1313/1309 1304/1314/1310 1301/1309/1305
f 1301/1309/1305 1304/1314/1310 1290/1299/1295
f 1290/1299/1295 1293/1302/1298 1301/1309/1305
f 1305/1311/1307 1298/1308/1304 1297/1307/1303
f 1297/1307/1303 1308/1315/1311 1305/1311/1307
f 1305/1311/1307 1308/1315/1311 1306/1316/1312
f 1306/1316/1312 1307/1317/1313 1305/1311/1307
f 1305/1311/1307 1307/1317/1313 1309/1318/1314
f 1309/1318/1314 1302/1312/1308 1305/1311/1307
f 1303/1313/1309 1302/1312/1308 1309/1318/1314
f 1310/1319/1315 1311/1320/1316 1309/1318/1314
f 1309/1318/1314 1307/1317/1313 1310/1319/1315
f 1309/1318/1314 1311/1320/1316 1312/1321/1317
f 1312/1321/1317 1313/1322/1318 1309/1318/1314
f 1309/1318/1314 1313/1322/1318 1303/1313/1309
f 1314/1323/1319 1313/1322/1318 1312/1321/1317
f 1303/1313/1309 1313/1322/1318 1314/1323/1319
f 1312/1321/1317 1315/1324/1320 1314/1323/1319
f 1314/1323/1319 1316/1325/1321 1303/1313/1309
f 1303/1313/1309 1316/1325/1321 1317/1326/1322
f 1317/1326/1322 1304/1314/1310 1303/1313/1309
f 1290/1299/1295 1304/1314/1310 1317/1326/1322
f 1317/1326/1322 1289/1300/1296 1290/1299/1295
f 1318/1327/1323 1315/1324/1320 1312/1321/1317
f 1312/1321/1317 1319/1328/1324 1318/1327/1323
f 1318/1327/1323 1319/1328/1324 1321/1329/1325
f 1321/1329/1325 1320/1330/1326 1318/1327/1323
f 1321/1329/1325 1325/1331/1327 1322/1332/1328
f 1322/1332/1328 1323/1333/1329 1321/1329/1325
f 1321/1329/1325 1323/1333/1329 1324/1334/1330
f 1324/1334/1330 1320/1330/1326 1321/1329/1325
f 1326/1335/1331 1325/1331/1327 1321/1329/1325
f 1321/1329/1325 1319/1328/1324 1326/1335/1331
f 1326/1335/1331 1327/1336/1332 1328/1337/1333
f 1310/1319/1315 1327/1336/1332 1326/1335/1331
f 1326/1335/1331 1311/1320/1316 1310/1319/1315
f 1312/1321/1317 1311/1320/1316 1326/1335/1331
f 1328/1337/1333 1325/1331/1327 1326/1335/1331
f 1326/1335/1331 1319/1328/1324 1312/1321/1317
f 1328/1337/1333 1329/1338/1334 1322/1332/1328
f 1322/1332/1328 1325/1331/1327 1328/1337/1333
f 1332/1339/1335 1329/1338/1334 1328/1337/1333
f 1328/1337/1333 1327/1336/1332 1330/1340/1336
f 1330/1340/1336 1331/1341/1337 1328/1337/1333
f 1328/1337/1333 1331/1341/1337 1332/1339/1335
f 1431/1342/1338 1329/1338/1334 1332/1339/1335
f 1332/1339/1335 1903/1343/1339 1431/1342/1338
f 1335/1344/1340 1333/1345/1341 1331/1341/1337
f 1331/1341/1337 1333/1345/1341 1334/1346/1342
f 1334/1346/1342 1332/1339/1335 1331/1341/1337
f 1331/1341/1337 1330/1340/1336 1335/1344/1340
f 1905/1347/1343 1336/1348/1344 1335/1344/1340
f 1335/1344/1340 1330/1340/1336 1905/1347/1343
f 1335/1344/1340 1336/1348/1344 1339/1349/1345
f 1337/1350/1346 1333/1345/1341 1335/1344/1340
f 1335/1344/1340 1338/1351/1347 1337/1350/1346
f 1339/1349/1345 1338/1351/1347 1335/1344/1340
f 1339/1349/1345 1340/1352/1348 1344/1353/1349
f 1341/1354/1350 1340/1352/1348 1339/1349/1345
f 1339/1349/1345 1342/1355/1351 1341/1354/1350
f 1344/1353/1349 1338/1351/1347 1339/1349/1345
f 1343/1356/1352 1342/1355/1351 1339/1349/1345
f 1339/1349/1345 1336/1348/1344 1343/1356/1352
f 1345/1357/1353 1346/1358/1354 1344/1353/1349
f 1344/1353/1349 1340/1352/1348 1345/1357/1353
f 1344/1353/1349 1346/1358/1354 1347/1359/1355
f 1347/1359/1355 1348/1360/1356 1344/1353/1349
f 1344/1353/1349 1348/1360/1356 1337/1350/1346
f 1337/1350/1346 1338/1351/1347 1344/1353/1349
f 1337/1350/1346 1348/1360/1356 1904/1361/1357
f 1904/1361/1357 1348/1360/1356 1347/1359/1355
f 1347/1359/1355 1350/1362/1358 1904/1361/1357
f 1429/1363/1359 1349/1364/1360 1904/1361/1357
f 1904/1361/1357 1349/1364/1360 1337/1350/1346
f 1904/1361/1357 1350/1362/1358 1427/1365/1361
f 1351/1366/1362 1350/1362/1358 1347/1359/1355
f 1427/1365/1361 1350/1362/1358 1351/1366/1362
f 1423/1367/1363 1424/1368/1364 1351/1366/1362
f 1351/1366/1362 1352/1369/1365 1423/1367/1363
f 1351/1366/1362 1424/1368/1364 1427/1365/1361
f 1353/1370/1366 1355/1371/1367 1351/1366/1362
f 1351/1366/1362 1354/1372/1368 1353/1370/1366
f 1347/1359/1355 1354/1372/1368 1351/1366/1362
f 1356/1373/1369 1355/1371/1367 1353/1370/1366
f 1353/1370/1366 1357/1374/1370 1356/1373/1369
f 1358/1375/1371 1357/1374/1370 1353/1370/1366
f 1359/1376/1372 1361/1377/1373 1358/1375/1371
f 1358/1375/1371 1360/1378/1374 1359/1376/1372
f 1353/1370/1366 1360/1378/1374 1358/1375/1371
f 1362/1379/1375 1361/1377/1373 1359/1376/1372
f 1363/1380/1376 1365/1381/1377 1362/1379/1375
f 1362/1379/1375 1364/1382/1378 1363/1380/1376
f 1359/1376/1372 1364/1382/1378 1362/1379/1375
f 1366/1383/1379 1365/1381/1377 1363/1380/1376
f 1363/1380/1376 1367/1384/1380 1366/1383/1379
f 1368/1385/1381 1367/1384/1380 1363/1380/1376
f 1370/1386/1382 1369/1387/1380 1368/1385/1381
f 1368/1385/1381 1371/1388/1383 1370/1386/1382
f 1373/1389/1384 1371/1388/1383 1368/1385/1381
f 1363/1380/1376 1372/1390/1385 1368/1385/1381
f 1368/1385/1381 1372/1390/1385 1375/1391/1386
f 1368/1385/1381 1374/1392/1387 1373/1389/1384
f 1375/1391/1386 1374/1392/1387 1368/1385/1381
f 1379/1393/1388 1374/1392/1387 1375/1391/1386
f 1375/1391/1386 1377/1394/1389 1341/1354/1350
f 1341/1354/1350 1376/1395/1390 1375/1391/1386
f 1375/1391/1386 1376/1395/1390 1379/1393/1388
f 1378/1396/1391 1377/1394/1389 1375/1391/1386
f 1375/1391/1386 1372/1390/1385 1378/1396/1391
f 1373/1389/1384 1374/1392/1387 1379/1393/1388
f 1379/1393/1388 1380/1397/1392 1373/1389/1384
f 1382/1398/1393 1380/1397/1392 1379/1393/1388
f 1379/1393/1388 1376/1395/1390 1381/1399/1394
f 1379/1393/1388 1381/1399/1394 1382/1398/1393
f 1382/1398/1393 1384/1400/1395 1383/1401/1396
f 1383/1401/1396 1380/1397/1392 1382/1398/1393
f 1386/1402/1397 1384/1400/1395 1382/1398/1393
f 1382/1398/1393 1381/1399/1394 1385/1403/1398
f 1382/1398/1393 1385/1403/1398 1386/1402/1397
f 1386/1402/1397 1385/1403/1398 1299/1306/1302
f 1385/1403/1398 1297/1307/1303 1299/1306/1302
f 1299/1306/1302 1300/1310/1306 1386/1402/1397
f 1386/1402/1397 1300/1310/1306 1387/1404/1399
f 1387/1404/1399 1388/1405/1400 1386/1402/1397
f 1389/1406/1401 1388/1405/1400 1387/1404/1399
f 1387/1404/1399 1390/1407/1402 1389/1406/1401
f 1390/1407/1402 1387/1404/1399 1294/1304/1300
f 1390/1407/1402 1294/1304/1300 1391/1408/1403
f 1394/1409/1404 1390/1407/1402 1391/1408/1403
f 1393/1410/1405 1392/1411/1406 1391/1408/1403
f 1391/1408/1403 1294/1304/1300 1393/1410/1405
f 1274/1283/1279 1272/1282/1278 1394/1409/1404
f 1394/1409/1404 1391/1408/1403 1274/1283/1279
f 1390/1407/1402 1394/1409/1404 1395/1412/1407
f 1395/1412/1407 1394/1409/1404 1272/1282/1278
f 1395/1412/1407 1389/1406/1401 1390/1407/1402
f 1397/1413/1408 1389/1406/1401 1395/1412/1407
f 1272/1282/1278 1396/1414/1409 1395/1412/1407
f 1395/1412/1407 1396/1414/1409 1230/1239/1235
f 1395/1412/1407 1398/1415/1410 1397/1413/1408
f 1230/1239/1235 1398/1415/1410 1395/1412/1407
f 1399/1416/1411 1398/1415/1410 1230/1239/1235
f 1397/1413/1408 1398/1415/1410 1399/1416/1411
f 1224/1232/1228 1400/1417/1412 1399/1416/1411
f 1399/1416/1411 1229/1238/1234 1224/1232/1228
f 1230/1239/1235 1229/1238/1234 1399/1416/1411
f 1399/1416/1411 1400/1417/1412 1401/1418/1413
f 1401/1418/1413 1402/1419/1414 1399/1416/1411
f 1399/1416/1411 1402/1419/1414 1397/1413/1408
f 1402/1419/1414 1403/1420/1415 1405/1421/1416
f 1404/1422/1417 1403/1420/1415 1402/1419/1414
f 1401/1418/1413 1404/1422/1417 1402/1419/1414
f 1402/1419/1414 1405/1421/1416 1397/1413/1408
f 1397/1413/1408 1405/1421/1416 1389/1406/1401
f 1405/1421/1416 1403/1420/1415 1383/1401/1396
f 1383/1401/1396 1384/1400/1395 1405/1421/1416
f 1405/1421/1416 1384/1400/1395 1386/1402/1397
f 1386/1402/1397 1388/1405/1400 1405/1421/1416
f 1405/1421/1416 1388/1405/1400 1389/1406/1401
f 1406/1423/1418 1404/1422/1417 1401/1418/1413
f 1407/1424/1419 1408/1425/1420 1406/1423/1418
f 1406/1423/1418 1413/1426/1421 1407/1424/1419
f 1401/1418/1413 1413/1426/1421 1406/1423/1418
f 1406/1423/1418 1408/1425/1420 1415/1427/1422
f 1415/1427/1422 1408/1425/1420 1409/1428/1423
f 1409/1428/1423 1408/1425/1420 1407/1424/1419
f 1409/1428/1423 1410/1429/1424 1415/1427/1422
f 1407/1424/1419 1411/1430/1425 1409/1428/1423
f 1412/1431/1426 1411/1430/1425 1407/1424/1419
f 1412/1431/1426 1407/1424/1419 1218/1228/1224
f 1218/1228/1224 1219/1229/1225 1412/1431/1426
f 1218/1228/1224 1407/1424/1419 1413/1426/1421
f 1413/1426/1421 1222/1231/1227 1218/1228/1224
f 1224/1232/1228 1222/1231/1227 1413/1426/1421
f 1413/1426/1421 1400/1417/1412 1224/1232/1228
f 1401/1418/1413 1400/1417/1412 1413/1426/1421
f 1415/1427/1422 1410/1429/1424 1414/1432/1427
f 1370/1386/1382 1415/1427/1422 1414/1432/1427
f 1414/1432/1427 1416/1433/1428 1370/1386/1382
f 1370/1386/1382 1416/1433/1428 1417/1434/1379
f 1417/1434/1379 1369/1387/1380 1370/1386/1382
f 1418/1435/1429 1415/1427/1422 1370/1386/1382
f 1404/1422/1417 1406/1423/1418 1418/1435/1429
f 1418/1435/1429 1406/1423/1418 1415/1427/1422
f 1370/1386/1382 1371/1388/1383 1418/1435/1429
f 1418/1435/1429 1371/1388/1383 1373/1389/1384
f 1418/1435/1429 1419/1436/1430 1404/1422/1417
f 1373/1389/1384 1419/1436/1430 1418/1435/1429
f 1383/1401/1396 1419/1436/1430 1373/1389/1384
f 1404/1422/1417 1419/1436/1430 1383/1401/1396
f 1383/1401/1396 1403/1420/1415 1404/1422/1417
f 1235/1244/1240 1396/1414/1409 1272/1282/1278
f 1230/1239/1235 1396/1414/1409 1235/1244/1240
f 1291/1296/1292 1286/1292/1288 1393/1410/1405
f 1393/1410/1405 1292/1301/1297 1291/1296/1292
f 1294/1304/1300 1292/1301/1297 1393/1410/1405
f 1286/1292/1288 1392/1411/1406 1393/1410/1405
f 1286/1292/1288 1283/1294/1290 1392/1411/1406
f 1392/1411/1406 1283/1294/1290 1277/1286/1282
f 1277/1286/1282 1278/1288/1284 1392/1411/1406
f 1392/1411/1406 1278/1288/1284 1274/1283/1279
f 1274/1283/1279 1391/1408/1403 1392/1411/1406
f 1294/1304/1300 1387/1404/1399 1300/1310/1306
f 1308/1315/1311 1297/1307/1303 1385/1403/1398
f 1385/1403/1398 1420/1437/1431 1308/1315/1311
f 1343/1356/1352 1306/1316/1312 1308/1315/1311
f 1308/1315/1311 1420/1437/1431 1343/1356/1352
f 1343/1356/1352 1420/1437/1431 1381/1399/1394
f 1381/1399/1394 1420/1437/1431 1385/1403/1398
f 1905/1347/1343 1306/1316/1312 1343/1356/1352
f 1373/1389/1384 1380/1397/1392 1383/1401/1396
f 1381/1399/1394 1376/1395/1390 1341/1354/1350
f 1341/1354/1350 1342/1355/1351 1381/1399/1394
f 1381/1399/1394 1342/1355/1351 1343/1356/1352
f 1378/1396/1391 1372/1390/1385 1363/1380/1376
f 1359/1376/1372 1421/1438/1432 1378/1396/1391
f 1378/1396/1391 1364/1382/1378 1359/1376/1372
f 1378/1396/1391 1421/1438/1432 1345/1357/1353
f 1345/1357/1353 1377/1394/1389 1378/1396/1391
f 1363/1380/1376 1364/1382/1378 1378/1396/1391
f 1422/1439/1433 1421/1438/1432 1359/1376/1372
f 1345/1357/1353 1421/1438/1432 1422/1439/1433
f 1353/1370/1366 1354/1372/1368 1422/1439/1433
f 1422/1439/1433 1360/1378/1374 1353/1370/1366
f 1422/1439/1433 1354/1372/1368 1347/1359/1355
f 1422/1439/1433 1346/1358/1354 1345/1357/1353
f 1347/1359/1355 1346/1358/1354 1422/1439/1433
f 1359/1376/1372 1360/1378/1374 1422/1439/1433
f 1341/1354/1350 1377/1394/1389 1345/1357/1353
f 1423/1367/1363 1425/1440/1434 1704/1441/1435
f 1426/1442/1369 1425/1440/1434 1423/1367/1363
f 1423/1367/1363 1352/1369/1365 1426/1442/1369
f 1424/1368/1364 1423/1367/1363 1703/1443/1436
f 1703/1443/1436 1423/1367/1363 1704/1441/1435
f 1705/1444/1437 1424/1368/1364 1703/1443/1436
f 1427/1365/1361 1424/1368/1364 1705/1444/1437
f 1705/1444/1437 1706/1445/1438 1427/1365/1361
f 1427/1365/1361 1706/1445/1438 1428/1446/1439
f 1428/1446/1439 1713/1447/1440 1429/1363/1359
f 1429/1363/1359 1713/1447/1440 1712/1448/1441
f 1712/1448/1441 1430/1449/1442 1429/1363/1359
f 1903/1343/1339 1430/1449/1442 1712/1448/1441
f 1712/1448/1441 1707/1450/1443 1903/1343/1339
f 1903/1343/1339 1711/1451/1444 1431/1342/1338
f 1431/1342/1338 1711/1451/1444 1710/1452/1445
f 1710/1452/1445 1432/1453/1446 1431/1342/1338
f 1433/1454/1447 1432/1453/1446 1710/1452/1445
f 1433/1454/1447 1435/1455/1448 1434/1456/1449
f 1710/1452/1445 1436/1457/1450 1433/1454/1447
f 1433/1454/1447 1436/1457/1450 1435/1455/1448
f 1436/1457/1450 1437/1458/1451 1435/1455/1448
f 1437/1458/1451 1436/1457/1450 1438/1459/1452
f 1439/1460/1453 1437/1458/1451 1438/1459/1452
f 1440/1461/1454 1439/1460/1453 1438/1459/1452
f 1438/1459/1452 1441/1462/1455 1440/1461/1454
f 1440/1461/1454 1441/1462/1455 1442/1463/1456
f 1442/1463/1456 1443/1464/1457 1440/1461/1454
f 1444/1465/1458 1443/1464/1457 1442/1463/1456
f 1444/1465/1458 1445/1466/1459 1446/1467/1460
f 1442/1463/1456 1445/1466/1459 1444/1465/1458
f 1446/1467/1460 1447/1468/1461 1444/1465/1458
f 1448/1469/1462 1447/1468/1461 1446/1467/1460
f 1446/1467/1460 1449/1470/1463 1448/1469/1462
f 1448/1469/1462 1449/1470/1463 1450/1471/1464
f 1450/1471/1464 1451/1472/1465 1448/1469/1462
f 1452/1473/1466 1451/1472/1465 1450/1471/1464
f 1450/1471/1464 1453/1474/1467 1452/1473/1466
f 1452/1473/1466 1453/1474/1467 1454/1475/1468
f 1454/1475/1468 1455/1476/1469 1452/1473/1466
f 1456/1477/1470 1455/1476/1469 1454/1475/1468
f 1454/1475/1468 1457/1478/1471 1456/1477/1470
f 1457/1478/1471 1458/1479/1472 1456/1477/1470
f 1459/1480/1473 1458/1479/1472 1457/1478/1471
f 1457/1478/1471 1460/1481/1474 1459/1480/1473
f 1460/1481/1474 1461/1482/1475 1459/1480/1473
f 1462/1483/1476 1461/1482/1475 1460/1481/1474
f 1460/1481/1474 1463/1484/1477 1462/1483/1476
f 1462/1483/1476 1463/1484/1477 1464/1485/1478
f 1464/1485/1478 1465/1486/1479 1462/1483/1476
f 1466/1487/1480 1465/1486/1479 1464/1485/1478
f 1466/1487/1480 1467/1488/1481 1468/1489/1482
f 1464/1485/1478 1467/1488/1481 1466/1487/1480
f 1468/1489/1482 1469/1490/1483 1466/1487/1480
f 1470/1491/1484 1469/1490/1483 1468/1489/1482
f 1468/1489/1482 1471/1492/1485 1470/1491/1484
f 1470/1491/1484 1471/1492/1485 1472/1493/1486
f 1472/1493/1486 1473/1494/1487 1470/1491/1484
f 1474/1495/1488 1473/1494/1487 1472/1493/1486
f 1472/1493/1486 1475/1496/1489 1474/1495/1488
f 1474/1495/1488 1475/1496/1489 1476/1497/1490
f 1476/1497/1490 1477/1498/1491 1474/1495/1488
f 1478/1499/1492 1477/1498/1491 1476/1497/1490
f 1476/1497/1490 1479/1500/1493 1478/1499/1492
f 1478/1499/1492 1479/1500/1493 1480/1501/1494
f 1480/1501/1494 1481/1502/1495 1478/1499/1492
f 1482/1503/1496 1481/1502/1495 1480/1501/1494
f 1482/1503/1496 1483/1504/1497 1484/1505/1498
f 1480/1501/1494 1483/1504/1497 1482/1503/1496
f 1484/1505/1498 1485/1506/1499 1482/1503/1496
f 1486/1507/1500 1485/1506/1499 1484/1505/1498
f 1484/1505/1498 1487/1508/1501 1486/1507/1500
f 1486/1507/1500 1487/1508/1501 1488/1509/1502
f 1488/1509/1502 1489/1510/1503 1486/1507/1500
f 1490/1511/1504 1489/1510/1503 1488/1509/1502
f 1488/1509/1502 1491/1512/1505 1490/1511/1504
f 1490/1511/1504 1491/1512/1505 1492/1513/1506
f 1492/1513/1506 1493/1514/1507 1490/1511/1504
f 1494/1515/1508 1493/1514/1507 1492/1513/1506
f 1492/1513/1506 1495/1516/1509 1494/1515/1508
f 1494/1515/1508 1495/1516/1509 1496/1517/1510
f 1496/1517/1510 1497/1518/1511 1494/1515/1508
f 1498/1519/1512 1497/1518/1511 1496/1517/1510
f 1496/1517/1510 1499/1520/1513 1498/1519/1512
f 1499/1520/1513 1500/1521/1514 1498/1519/1512
f 1501/1522/1515 1500/1521/1514 1499/1520/1513
f 1499/1520/1513 1502/1523/1516 1501/1522/1515
f 1503/1524/1517 1502/1523/1516 1499/1520/1513
f 1499/1520/1513 1504/1525/1518 1503/1524/1517
f 1504/1525/1518 1505/1526/1519 1503/1524/1517
f 1506/1527/1520 1505/1526/1519 1504/1525/1518
f 1504/1525/1518 1507/1528/1521 1506/1527/1520
f 1113/1119/1116 1507/1528/1521 1504/1525/1518
f 1504/1525/1518 1118/1117/1114 1113/1119/1116
f 1112/1116/1113 1118/1117/1114 1504/1525/1518
f 1504/1525/1518 1510/1529/1522 1112/1116/1113
f 1112/1116/1113 1510/1529/1522 1509/1530/1523
f 1509/1530/1523 1508/1111/1108 1112/1116/1113
f 1104/1106/1103 1508/1111/1108 1509/1530/1523
f 1509/1530/1523 1511/1531/1524 1104/1106/1103
f 1511/1531/1524 1512/1532/1525 1102/1105/1102
f 1511/1531/1524 1514/1533/1526 1512/1532/1525
f 1513/1534/1527 1514/1533/1526 1511/1531/1524
f 1511/1531/1524 1509/1530/1523 1513/1534/1527
f 1513/1534/1527 1509/1530/1523 1510/1529/1522
f 1510/1529/1522 1517/1535/1528 1513/1534/1527
f 1499/1520/1513 1517/1535/1528 1510/1529/1522
f 1514/1533/1526 1515/1536/1529 1512/1532/1525
f 1514/1533/1526 1523/1537/1530 1515/1536/1529
f 1516/1538/1531 1523/1537/1530 1514/1533/1526
f 1514/1533/1526 1513/1534/1527 1516/1538/1531
f 1516/1538/1531 1513/1534/1527 1517/1535/1528
f 1523/1537/1530 1516/1538/1531 1518/1539/1532
f 1518/1539/1532 1516/1538/1531 1517/1535/1528
f 1517/1535/1528 1519/1540/1533 1518/1539/1532
f 1518/1539/1532 1519/1540/1533 1521/1541/1534
f 1518/1539/1532 1522/1542/1535 1520/1543/1536
f 1520/1543/1536 1523/1537/1530 1518/1539/1532
f 1521/1541/1534 1522/1542/1535 1518/1539/1532
f 1524/1544/1537 1523/1537/1530 1520/1543/1536
f 1520/1543/1536 1526/1545/1538 1524/1544/1537
f 1524/1544/1537 1526/1545/1538 1525/1546/1539
f 1525/1546/1539 1527/1547/1540 1524/1544/1537
f 1528/1548/1541 1527/1547/1540 1525/1546/1539
f 1528/1548/1541 1529/1549/1542 1533/1550/1543
f 1533/1550/1543 1531/1551/1544 1528/1548/1541
f 1528/1548/1541 1531/1551/1544 1527/1547/1540
f 1530/1552/1545 1529/1549/1542 1528/1548/1541
f 1532/1553/1546 1527/1547/1540 1531/1551/1544
f 1531/1551/1544 1534/1554/1547 1532/1553/1546
f 1531/1551/1544 1533/1550/1543 1535/1555/1548
f 1535/1555/1548 1534/1554/1547 1531/1551/1544
f 1535/1555/1548 1533/1550/1543 1536/1556/1549
f 1535/1555/1548 1536/1556/1549 1538/1557/1550
f 1538/1557/1550 1539/1558/1551 1537/1559/1552
f 1538/1557/1550 1536/1556/1549 1539/1558/1551
f 1541/1560/1553 1535/1555/1548 1538/1557/1550
f 1541/1560/1553 1540/1102/1099 1534/1554/1547
f 1534/1554/1547 1535/1555/1548 1541/1560/1553
f 1541/1560/1553 1538/1557/1550 1544/1561/1554
f 1544/1561/1554 1538/1557/1550 1537/1559/1552
f 1542/1562/1555 1541/1560/1553 1544/1561/1554
f 1544/1561/1554 1537/1559/1552 1543/1563/1556
f 1543/1563/1556 1537/1559/1552 1545/1564/1557
f 1537/1559/1552 1553/1565/1558 1545/1564/1557
f 1545/1564/1557 1547/1566/1559 1546/1567/1560
f 1548/1568/1561 1547/1566/1559 1545/1564/1557
f 1545/1564/1557 1553/1565/1558 1548/1568/1561
f 1553/1565/1558 1549/1569/1562 1548/1568/1561
f 1550/1570/1563 1549/1569/1562 1553/1565/1558
f 1553/1565/1558 1551/1571/1564 1550/1570/1563
f 1552/1572/1565 1551/1571/1564 1553/1565/1558
f 1553/1565/1558 1554/1573/1566 1552/1572/1565
f 1555/1574/1567 1554/1573/1566 1553/1565/1558
f 1553/1565/1558 1556/1575/1568 1555/1574/1567
f 1557/1576/1569 1556/1575/1568 1553/1565/1558
f 1558/1577/1570 1560/1578/1571 1557/1576/1569
f 1557/1576/1569 1559/1579/1572 1558/1577/1570
f 1562/1580/1573 1559/1579/1572 1557/1576/1569
f 1553/1565/1558 1561/1581/1574 1557/1576/1569
f 1557/1576/1569 1561/1581/1574 1564/1582/1575
f 1557/1576/1569 1563/1583/1576 1562/1580/1573
f 1564/1582/1575 1563/1583/1576 1557/1576/1569
f 1564/1582/1575 1561/1581/1574 1565/1584/1577
f 1565/1584/1577 1566/1585/1578 1564/1582/1575
f 1533/1550/1543 1529/1549/1542 1564/1582/1575
f 1564/1582/1575 1529/1549/1542 1530/1552/1545
f 1564/1582/1575 1566/1585/1578 1533/1550/1543
f 1530/1552/1545 1563/1583/1576 1564/1582/1575
f 1533/1550/1543 1566/1585/1578 1536/1556/1549
f 1536/1556/1549 1566/1585/1578 1565/1584/1577
f 1565/1584/1577 1561/1581/1574 1553/1565/1558
f 1539/1558/1551 1565/1584/1577 1553/1565/1558
f 1536/1556/1549 1565/1584/1577 1539/1558/1551
f 1562/1580/1573 1563/1583/1576 1530/1552/1545
f 1568/1586/1579 1567/1587/1580 1562/1580/1573
f 1562/1580/1573 1567/1587/1580 1570/1588/1581
f 1530/1552/1545 1569/1589/1582 1562/1580/1573
f 1570/1588/1581 1559/1579/1572 1562/1580/1573
f 1562/1580/1573 1569/1589/1582 1568/1586/1579
f 1558/1577/1570 1559/1579/1572 1570/1588/1581
f 1570/1588/1581 1571/1590/1583 1558/1577/1570
f 1572/1591/1584 1571/1590/1583 1570/1588/1581
f 1570/1588/1581 1573/1592/1585 1572/1591/1584
f 1574/1593/1586 1573/1592/1585 1570/1588/1581
f 1570/1588/1581 1567/1587/1580 1574/1593/1586
f 1574/1593/1586 1567/1587/1580 1568/1586/1579
f 1578/1594/1587 1573/1592/1585 1574/1593/1586
f 1576/1595/1588 1575/1596/1589 1574/1593/1586
f 1574/1593/1586 1575/1596/1589 1578/1594/1587
f 1574/1593/1586 1577/1597/1590 1576/1595/1588
f 1568/1586/1579 1577/1597/1590 1574/1593/1586
f 1579/1598/1591 1581/1599/1592 1578/1594/1587
f 1578/1594/1587 1580/1600/1593 1579/1598/1591
f 1582/1601/1594 1580/1600/1593 1578/1594/1587
f 1578/1594/1587 1581/1599/1592 1572/1591/1584
f 1572/1591/1584 1573/1592/1585 1578/1594/1587
f 1578/1594/1587 1575/1596/1589 1582/1601/1594
f 1582/1601/1594 1584/1602/1595 1583/1603/1596
f 1583/1603/1596 1580/1600/1593 1582/1601/1594
f 1586/1604/1597 1584/1602/1595 1582/1601/1594
f 1582/1601/1594 1575/1596/1589 1576/1595/1588
f 1576/1595/1588 1585/1605/1598 1582/1601/1594
f 1582/1601/1594 1585/1605/1598 1586/1604/1597
f 1587/1606/1599 1584/1602/1595 1586/1604/1597
f 1586/1604/1597 1588/1607/1600 1587/1606/1599
f 1589/1608/1601 1588/1607/1600 1586/1604/1597
f 1586/1604/1597 1585/1605/1598 1591/1609/1602
f 1586/1604/1597 1590/1610/1603 1589/1608/1601
f 1591/1609/1602 1590/1610/1603 1586/1604/1597
f 1591/1609/1602 1595/1611/1604 1592/1612/1605
f 1592/1612/1605 1593/1613/1606 1591/1609/1602
f 1591/1609/1602 1585/1605/1598 1576/1595/1588
f 1576/1595/1588 1595/1611/1604 1591/1609/1602
f 1591/1609/1602 1593/1613/1606 1594/1614/1607
f 1594/1614/1607 1590/1610/1603 1591/1609/1602
f 1595/1611/1604 1596/1615/1608 1592/1612/1605
f 1598/1616/1609 1596/1615/1608 1595/1611/1604
f 1568/1586/1579 1597/1617/1610 1595/1611/1604
f 1595/1611/1604 1597/1617/1610 1598/1616/1609
f 1576/1595/1588 1577/1597/1590 1595/1611/1604
f 1595/1611/1604 1577/1597/1590 1568/1586/1579
f 1599/1618/1611 1601/1619/1612 1598/1616/1609
f 1598/1616/1609 1600/1620/1613 1599/1618/1611
f 1597/1617/1610 1600/1620/1613 1598/1616/1609
f 1598/1616/1609 1601/1619/1612 1602/1621/1614
f 1602/1621/1614 1596/1615/1608 1598/1616/1609
f 1597/1617/1610 1569/1589/1582 1530/1552/1545
f 1530/1552/1545 1528/1548/1541 1597/1617/1610
f 1597/1617/1610 1528/1548/1541 1525/1546/1539
f 1525/1546/1539 1600/1620/1613 1597/1617/1610
f 1568/1586/1579 1569/1589/1582 1597/1617/1610
f 1602/1621/1614 1601/1619/1612 1605/1622/1615
f 1592/1612/1605 1596/1615/1608 1602/1621/1614
f 1605/1622/1615 1603/1623/1616 1602/1621/1614
f 1602/1621/1614 1603/1623/1616 1604/1624/1617
f 1602/1621/1614 1606/1625/1618 1592/1612/1605
f 1604/1624/1617 1606/1625/1618 1602/1621/1614
f 1592/1612/1605 1606/1625/1618 1607/1626/1619
f 1607/1626/1619 1606/1625/1618 1604/1624/1617
f 1607/1626/1619 1593/1613/1606 1592/1612/1605
f 1594/1614/1607 1593/1613/1606 1607/1626/1619
f 1607/1626/1619 1608/1627/1620 1594/1614/1607
f 1609/1628/1621 1608/1627/1620 1607/1626/1619
f 1604/1624/1617 1609/1628/1621 1607/1626/1619
f 1610/1629/1622 1609/1628/1621 1604/1624/1617
f 1610/1629/1622 1614/1630/1623 1611/1631/1624
f 1611/1631/1624 1612/1632/1625 1610/1629/1622
f 1610/1629/1622 1612/1632/1625 1613/1633/1626
f 1604/1624/1617 1614/1630/1623 1610/1629/1622
f 1613/1633/1626 1622/1634/1627 1610/1629/1622
f 1610/1629/1622 1622/1634/1627 1609/1628/1621
f 1611/1631/1624 1614/1630/1623 1615/1635/1628
f 1615/1635/1628 1614/1630/1623 1604/1624/1617
f 1615/1635/1628 1618/1636/1629 1611/1631/1624
f 1615/1635/1628 1603/1623/1616 1605/1622/1615
f 1605/1622/1615 1617/1637/1630 1615/1635/1628
f 1604/1624/1617 1603/1623/1616 1615/1635/1628
f 1615/1635/1628 1617/1637/1630 1616/1638/1631
f 1616/1638/1631 1618/1636/1629 1615/1635/1628
f 1611/1631/1624 1618/1636/1629 1488/1509/1502
f 1488/1509/1502 1618/1636/1629 1616/1638/1631
f 1619/1639/1632 1617/1637/1630 1605/1622/1615
f 1616/1638/1631 1617/1637/1630 1619/1639/1632
f 1605/1622/1615 1620/1640/1633 1619/1639/1632
f 1619/1639/1632 1620/1640/1633 1520/1543/1536
f 1520/1543/1536 1522/1542/1535 1619/1639/1632
f 1619/1639/1632 1522/1542/1535 1521/1541/1534
f 1521/1541/1534 1621/1641/1634 1619/1639/1632
f 1619/1639/1632 1621/1641/1634 1616/1638/1631
f 1616/1638/1631 1621/1641/1634 1492/1513/1506
f 1492/1513/1506 1621/1641/1634 1521/1541/1534
f 1599/1618/1611 1620/1640/1633 1605/1622/1615
f 1520/1543/1536 1620/1640/1633 1599/1618/1611
f 1616/1638/1631 1491/1512/1505 1488/1509/1502
f 1492/1513/1506 1491/1512/1505 1616/1638/1631
f 1622/1634/1627 1625/1642/1635 1633/1643/1636
f 1633/1643/1636 1852/1644/1637 1622/1634/1627
f 1613/1633/1626 1623/1645/1638 1622/1634/1627
f 1622/1634/1627 1623/1645/1638 1624/1646/1639
f 1622/1634/1627 1852/1644/1637 1609/1628/1621
f 1624/1646/1639 1625/1642/1635 1622/1634/1627
f 1633/1643/1636 1625/1642/1635 1626/1647/1640
f 1626/1647/1640 1625/1642/1635 1624/1646/1639
f 1626/1647/1640 1630/1648/1641 1633/1643/1636
f 1624/1646/1639 1627/1649/1642 1626/1647/1640
f 1626/1647/1640 1627/1649/1642 1629/1650/1643
f 1628/1651/1644 1630/1648/1641 1626/1647/1640
f 1630/1648/1641 1628/1651/1644 1631/1652/1645
f 1631/1652/1645 1634/1653/1646 1630/1648/1641
f 1630/1648/1641 1634/1653/1646 1632/1654/1647
f 1632/1654/1647 1633/1643/1636 1630/1648/1641
f 1631/1652/1645 1628/1651/1644 1635/1655/1648
f 1635/1655/1648 1638/1656/1649 1636/1657/1650
f 1636/1657/1650 1637/1658/1651 1635/1655/1648
f 1635/1655/1648 1637/1658/1651 1631/1652/1645
f 1638/1656/1649 1635/1655/1648 1639/1659/1652
f 1639/1659/1652 1635/1655/1648 1628/1651/1644
f 1628/1651/1644 1626/1647/1640 1639/1659/1652
f 1639/1659/1652 1626/1647/1640 1629/1650/1643
f 1639/1659/1652 1642/1660/1653 1640/1661/1654
f 1640/1661/1654 1641/1662/1655 1639/1659/1652
f 1639/1659/1652 1641/1662/1655 1638/1656/1649
f 1629/1650/1643 1642/1660/1653 1639/1659/1652
f 1640/1661/1654 1642/1660/1653 1472/1493/1486
f 1472/1493/1486 1642/1660/1653 1629/1650/1643
f 1643/1663/1656 1641/1662/1655 1640/1661/1654
f 1638/1656/1649 1641/1662/1655 1643/1663/1656
f 1640/1661/1654 1644/1664/1657 1643/1663/1656
f 1643/1663/1656 1644/1664/1657 1645/1665/1658
f 1643/1663/1656 1646/1666/1659 1834/1667/1660
f 1834/1667/1660 1835/1668/1661 1643/1663/1656
f 1645/1665/1658 1646/1666/1659 1643/1663/1656
f 1643/1663/1656 1835/1668/1661 1638/1656/1649
f 1834/1667/1660 1646/1666/1659 1647/1669/1662
f 1647/1669/1662 1646/1666/1659 1645/1665/1658
f 1833/1670/1663 1832/1671/1664 1647/1669/1662
f 1647/1669/1662 1832/1671/1664 1834/1667/1660
f 1647/1669/1662 1650/1672/1665 1833/1670/1663
f 1645/1665/1658 1648/1673/1666 1647/1669/1662
f 1647/1669/1662 1648/1673/1666 1649/1674/1667
f 1649/1674/1667 1650/1672/1665 1647/1669/1662
f 1649/1674/1667 1463/1484/1477 1460/1481/1474
f 1464/1485/1478 1463/1484/1477 1649/1674/1667
f 1649/1674/1667 1648/1673/1666 1464/1485/1478
f 1650/1672/1665 1652/1675/1668 1833/1670/1663
f 1650/1672/1665 1649/1674/1667 1651/1676/1669
f 1651/1676/1669 1654/1677/1670 1650/1672/1665
f 1650/1672/1665 1654/1677/1670 1652/1675/1668
f 1654/1677/1670 1653/1678/1671 1652/1675/1668
f 1655/1679/1672 1656/1680/1673 1654/1677/1670
f 1654/1677/1670 1656/1680/1673 1657/1681/1674
f 1657/1681/1674 1653/1678/1671 1654/1677/1670
f 1651/1676/1669 1655/1679/1672 1654/1677/1670
f 1457/1478/1471 1655/1679/1672 1651/1676/1669
f 1659/1682/1675 1658/1683/1676 1657/1681/1674
f 1657/1681/1674 1656/1680/1673 1659/1682/1675
f 1659/1682/1675 1656/1680/1673 1655/1679/1672
f 1655/1679/1672 1661/1684/1677 1659/1682/1675
f 1662/1685/1678 1660/1686/1679 1659/1682/1675
f 1659/1682/1675 1660/1686/1679 1846/1687/1680
f 1659/1682/1675 1661/1684/1677 1662/1685/1678
f 1846/1687/1680 1658/1683/1676 1659/1682/1675
f 1663/1688/1681 1660/1686/1679 1662/1685/1678
f 1662/1685/1678 1664/1689/1682 1663/1688/1681
f 1450/1471/1464 1664/1689/1682 1662/1685/1678
f 1662/1685/1678 1453/1474/1467 1450/1471/1464
f 1454/1475/1468 1453/1474/1467 1662/1685/1678
f 1662/1685/1678 1661/1684/1677 1454/1475/1468
f 1663/1688/1681 1664/1689/1682 1665/1690/1683
f 1665/1690/1683 1664/1689/1682 1450/1471/1464
f 1667/1691/1684 1666/1692/1685 1665/1690/1683
f 1665/1690/1683 1666/1692/1685 1663/1688/1681
f 1665/1690/1683 1668/1693/1686 1667/1691/1684
f 1446/1467/1460 1668/1693/1686 1665/1690/1683
f 1665/1690/1683 1449/1470/1463 1446/1467/1460
f 1450/1471/1464 1449/1470/1463 1665/1690/1683
f 1667/1691/1684 1668/1693/1686 1669/1694/1687
f 1669/1694/1687 1668/1693/1686 1446/1467/1460
f 1442/1463/1456 1670/1695/1688 1669/1694/1687
f 1669/1694/1687 1445/1466/1459 1442/1463/1456
f 1446/1467/1460 1445/1466/1459 1669/1694/1687
f 1669/1694/1687 1670/1695/1688 1671/1696/1689
f 1671/1696/1689 1672/1697/1690 1669/1694/1687
f 1669/1694/1687 1672/1697/1690 1667/1691/1684
f 1667/1691/1684 1672/1697/1690 1673/1698/1691
f 1673/1698/1691 1672/1697/1690 1671/1696/1689
f 1673/1698/1691 1674/1699/1692 1667/1691/1684
f 1671/1696/1689 1675/1700/1693 1673/1698/1691
f 1675/1700/1693 1676/1701/1694 1677/1702/1695
f 1679/1703/1696 1673/1698/1691 1675/1700/1693
f 1677/1702/1695 1678/1704/1697 1675/1700/1693
f 1675/1700/1693 1678/1704/1697 1679/1703/1696
f 1674/1699/1692 1673/1698/1691 1679/1703/1696
f 1679/1703/1696 1680/1705/1698 1674/1699/1692
f 1683/1706/1699 1680/1705/1698 1679/1703/1696
f 1679/1703/1696 1678/1704/1697 1681/1707/1700
f 1681/1707/1700 1682/1708/1701 1679/1703/1696
f 1679/1703/1696 1682/1708/1701 1683/1706/1699
f 1683/1706/1699 1687/1709/1702 1684/1710/1703
f 1684/1710/1703 1680/1705/1698 1683/1706/1699
f 1683/1706/1699 1686/1711/1704 1685/1712/1705
f 1685/1712/1705 1687/1709/1702 1683/1706/1699
f 1688/1713/1706 1686/1711/1704 1683/1706/1699
f 1683/1706/1699 1682/1708/1701 1688/1713/1706
f 1689/1714/1707 1686/1711/1704 1688/1713/1706
f 1688/1713/1706 1690/1715/1708 1689/1714/1707
f 1691/1716/1709 1690/1715/1708 1688/1713/1706
f 1688/1713/1706 1692/1717/1710 1691/1716/1709
f 1681/1707/1700 1692/1717/1710 1688/1713/1706
f 1688/1713/1706 1682/1708/1701 1681/1707/1700
f 1691/1716/1709 1692/1717/1710 1698/1718/1711
f 1698/1718/1711 1692/1717/1710 1681/1707/1700
f 1698/1718/1711 1693/1719/1712 1691/1716/1709
f 1700/1720/1713 1693/1719/1712 1698/1718/1711
f 1698/1718/1711 1694/1721/1714 1697/1722/1715
f 1681/1707/1700 1694/1721/1714 1698/1718/1711
f 1677/1702/1695 1694/1721/1714 1681/1707/1700
f 1697/1722/1715 1694/1721/1714 1677/1702/1695
f 1677/1702/1695 1696/1723/1716 1697/1722/1715
f 1695/1724/1717 1696/1723/1716 1677/1702/1695
f 1677/1702/1695 1676/1701/1694 1695/1724/1717
f 1428/1446/1439 1698/1718/1711 1697/1722/1715
f 1700/1720/1713 1698/1718/1711 1428/1446/1439
f 1702/1725/1718 1701/1726/1719 1703/1443/1436
f 1704/1441/1435 1702/1725/1718 1703/1443/1436
f 1703/1443/1436 1699/1727/1720 1705/1444/1437
f 1705/1444/1437 1699/1727/1720 1700/1720/1713
f 1700/1720/1713 1706/1445/1438 1705/1444/1437
f 1428/1446/1439 1706/1445/1438 1700/1720/1713
f 1697/1722/1715 1713/1447/1440 1428/1446/1439
f 1712/1448/1441 1713/1447/1440 1697/1722/1715
f 1695/1724/1717 1707/1450/1443 1712/1448/1441
f 1712/1448/1441 1696/1723/1716 1695/1724/1717
f 1697/1722/1715 1696/1723/1716 1712/1448/1441
f 1708/1728/1721 1707/1450/1443 1695/1724/1717
f 1711/1451/1444 1707/1450/1443 1708/1728/1721
f 1710/1452/1445 1711/1451/1444 1708/1728/1721
f 1708/1728/1721 1709/1729/1722 1710/1452/1445
f 1438/1459/1452 1436/1457/1450 1710/1452/1445
f 1710/1452/1445 1709/1729/1722 1438/1459/1452
f 1903/1343/1339 1707/1450/1443 1711/1451/1444
f 1438/1459/1452 1709/1729/1722 1714/1730/1723
f 1714/1730/1723 1709/1729/1722 1708/1728/1721
f 1714/1730/1723 1441/1462/1455 1438/1459/1452
f 1442/1463/1456 1441/1462/1455 1714/1730/1723
f 1714/1730/1723 1670/1695/1688 1442/1463/1456
f 1671/1696/1689 1670/1695/1688 1714/1730/1723
f 1708/1728/1721 1715/1731/1724 1714/1730/1723
f 1714/1730/1723 1715/1731/1724 1671/1696/1689
f 1676/1701/1694 1715/1731/1724 1708/1728/1721
f 1671/1696/1689 1715/1731/1724 1676/1701/1694
f 1703/1443/1436 1701/1726/1719 1716/1732/1725
f 1716/1732/1725 1717/1733/1726 1703/1443/1436
f 1703/1443/1436 1717/1733/1726 1718/1734/1727
f 1718/1734/1727 1699/1727/1720 1703/1443/1436
f 1700/1720/1713 1699/1727/1720 1718/1734/1727
f 1719/1735/1728 1721/1736/1729 1718/1734/1727
f 1718/1734/1727 1720/1737/1730 1719/1735/1728
f 1718/1734/1727 1721/1736/1729 1691/1716/1709
f 1718/1734/1727 1693/1719/1712 1700/1720/1713
f 1691/1716/1709 1693/1719/1712 1718/1734/1727
f 1722/1738/1731 1721/1736/1729 1719/1735/1728
f 1691/1716/1709 1721/1736/1729 1722/1738/1731
f 1719/1735/1728 1723/1739/1732 1722/1738/1731
f 1722/1738/1731 1723/1739/1732 1725/1740/1733
f 1689/1714/1707 1690/1715/1708 1722/1738/1731
f 1722/1738/1731 1724/1741/1734 1689/1714/1707
f 1722/1738/1731 1690/1715/1708 1691/1716/1709
f 1725/1740/1733 1724/1741/1734 1722/1738/1731
f 1725/1740/1733 1729/1742/1735 1726/1743/1736
f 1726/1743/1736 1727/1744/1737 1725/1740/1733
f 1728/1745/1738 1724/1741/1734 1725/1740/1733
f 1725/1740/1733 1727/1744/1737 1728/1745/1738
f 1730/1746/1739 1729/1742/1735 1725/1740/1733
f 1725/1740/1733 1723/1739/1732 1730/1746/1739
f 1730/1746/1739 1723/1739/1732 1719/1735/1728
f 1719/1735/1728 1731/1747/1740 1730/1746/1739
f 1732/1748/1741 1731/1747/1740 1719/1735/1728
f 1719/1735/1728 1720/1737/1730 1732/1748/1741
f 1728/1745/1738 1733/1749/1742 1735/1750/1743
f 1734/1751/1744 1733/1749/1742 1728/1745/1738
f 1728/1745/1738 1727/1744/1737 1734/1751/1744
f 1689/1714/1707 1724/1741/1734 1728/1745/1738
f 1735/1750/1743 1736/1752/1745 1728/1745/1738
f 1728/1745/1738 1736/1752/1745 1689/1714/1707
f 1685/1712/1705 1736/1752/1745 1735/1750/1743
f 1689/1714/1707 1736/1752/1745 1685/1712/1705
f 1735/1750/1743 1733/1749/1742 1737/1753/1746
f 1737/1753/1746 1738/1754/1747 1735/1750/1743
f 1735/1750/1743 1738/1754/1747 1739/1755/1748
f 1739/1755/1748 1740/1756/1749 1735/1750/1743
f 1735/1750/1743 1740/1756/1749 1685/1712/1705
f 1685/1712/1705 1740/1756/1749 1741/1757/1750
f 1741/1757/1750 1740/1756/1749 1739/1755/1748
f 1741/1757/1750 1742/1758/1751 1684/1710/1703
f 1684/1710/1703 1687/1709/1702 1741/1757/1750
f 1741/1757/1750 1687/1709/1702 1685/1712/1705
f 1744/1759/1752 1742/1758/1751 1741/1757/1750
f 1744/1759/1752 1741/1757/1750 1743/1760/1753
f 1743/1760/1753 1741/1757/1750 1739/1755/1748
f 1745/1761/1754 1744/1759/1752 1743/1760/1753
f 1743/1760/1753 1748/1762/1755 1745/1761/1754
f 1739/1755/1748 1746/1763/1756 1743/1760/1753
f 1743/1760/1753 1746/1763/1756 1747/1764/1757
f 1747/1764/1757 1748/1762/1755 1743/1760/1753
f 1749/1765/1758 1748/1762/1755 1747/1764/1757
f 1745/1761/1754 1748/1762/1755 1749/1765/1758
f 1749/1765/1758 1753/1766/1759 1750/1767/1760
f 1752/1768/1761 1751/1769/1762 1749/1765/1758
f 1749/1765/1758 1751/1769/1762 1745/1761/1754
f 1747/1764/1757 1753/1766/1759 1749/1765/1758
f 1750/1767/1760 1753/1766/1759 1756/1770/1763
f 1756/1770/1763 1753/1766/1759 1747/1764/1757
f 1756/1770/1763 1757/1771/1764 1755/1772/1765
f 1755/1772/1765 1754/1773/1766 1756/1770/1763
f 1747/1764/1757 1757/1771/1764 1756/1770/1763
f 1755/1772/1765 1757/1771/1764 1758/1774/1767
f 1758/1774/1767 1757/1771/1764 1747/1764/1757
f 1758/1774/1767 1738/1754/1747 1737/1753/1746
f 1737/1753/1746 1759/1775/1768 1758/1774/1767
f 1758/1774/1767 1759/1775/1768 1755/1772/1765
f 1739/1755/1748 1738/1754/1747 1758/1774/1767
f 1758/1774/1767 1746/1763/1756 1739/1755/1748
f 1747/1764/1757 1746/1763/1756 1758/1774/1767
f 1755/1772/1765 1759/1775/1768 1760/1776/1769
f 1760/1776/1769 1759/1775/1768 1737/1753/1746
f 1760/1776/1769 1762/1777/1770 1761/1778/1771
f 1761/1778/1771 1765/1779/1772 1760/1776/1769
f 1760/1776/1769 1765/1779/1772 1755/1772/1765
f 1763/1780/1773 1762/1777/1770 1760/1776/1769
f 1760/1776/1769 1764/1781/1774 1763/1780/1773
f 1737/1753/1746 1764/1781/1774 1760/1776/1769
f 1765/1779/1772 1766/1782/1775 1754/1773/1766
f 1765/1779/1772 1754/1773/1766 1755/1772/1765
f 1767/1783/1776 1766/1782/1775 1765/1779/1772
f 1765/1779/1772 1768/1784/1777 1767/1783/1776
f 1761/1778/1771 1768/1784/1777 1765/1779/1772
f 1769/1785/1778 1766/1782/1775 1767/1783/1776
f 1767/1783/1776 1770/1786/1779 1769/1785/1778
f 1769/1785/1778 1770/1786/1779 1771/1787/1780
f 1772/1788/1781 1769/1785/1778 1771/1787/1780
f 1771/1787/1780 1773/1789/1782 1772/1788/1781
f 1772/1788/1781 1773/1789/1782 1774/1790/1783
f 1774/1790/1783 1775/1791/1784 1772/1788/1781
f 1774/1790/1783 1776/1792/1785 1775/1791/1784
f 1775/1791/1784 1776/1792/1785 1777/1793/1786
f 1778/1794/1787 1780/1795/1788 1777/1793/1786
f 1777/1793/1786 1779/1796/1789 1778/1794/1787
f 1777/1793/1786 1780/1795/1788 1775/1791/1784
f 1781/1797/1790 1780/1795/1788 1778/1794/1787
f 1775/1791/1784 1780/1795/1788 1781/1797/1790
f 1778/1794/1787 1782/1798/1791 1781/1797/1790
f 1781/1797/1790 1782/1798/1791 1786/1799/1792
f 1781/1797/1790 1783/1800/1793 1775/1791/1784
f 1784/1801/1794 1783/1800/1793 1781/1797/1790
f 1781/1797/1790 1785/1802/1795 1784/1801/1794
f 1786/1799/1792 1785/1802/1795 1781/1797/1790
f 1786/1799/1792 1782/1798/1791 1787/1803/1796
f 1787/1803/1796 1790/1804/1797 1786/1799/1792
f 1786/1799/1792 1790/1804/1797 1788/1805/1798
f 1788/1805/1798 1791/1806/1799 1786/1799/1792
f 1789/1807/1800 1785/1802/1795 1786/1799/1792
f 1786/1799/1792 1791/1806/1799 1789/1807/1800
f 1792/1808/1801 1791/1806/1799 1788/1805/1798
f 1789/1807/1800 1791/1806/1799 1792/1808/1801
f 1792/1808/1801 1637/1658/1651 1636/1657/1650
f 1636/1657/1650 1793/1809/1802 1792/1808/1801
f 1792/1808/1801 1793/1809/1802 1789/1807/1800
f 1792/1808/1801 1794/1810/1803 1631/1652/1645
f 1631/1652/1645 1637/1658/1651 1792/1808/1801
f 1788/1805/1798 1794/1810/1803 1792/1808/1801
f 1631/1652/1645 1794/1810/1803 1795/1811/1804
f 1795/1811/1804 1794/1810/1803 1788/1805/1798
f 1795/1811/1804 1634/1653/1646 1631/1652/1645
f 1788/1805/1798 1796/1812/1805 1795/1811/1804
f 1795/1811/1804 1796/1812/1805 1798/1813/1806
f 1795/1811/1804 1797/1814/1807 1632/1654/1647
f 1632/1654/1647 1634/1653/1646 1795/1811/1804
f 1798/1813/1806 1797/1814/1807 1795/1811/1804
f 1587/1606/1599 1588/1607/1600 1798/1813/1806
f 1798/1813/1806 1799/1815/1808 1587/1606/1599
f 1800/1816/1809 1799/1815/1808 1798/1813/1806
f 1798/1813/1806 1588/1607/1600 1589/1608/1601
f 1798/1813/1806 1796/1812/1805 1800/1816/1809
f 1589/1608/1601 1797/1814/1807 1798/1813/1806
f 1800/1816/1809 1790/1804/1797 1787/1803/1796
f 1787/1803/1796 1801/1817/1810 1800/1816/1809
f 1802/1818/1811 1799/1815/1808 1800/1816/1809
f 1800/1816/1809 1801/1817/1810 1802/1818/1811
f 1788/1805/1798 1790/1804/1797 1800/1816/1809
f 1800/1816/1809 1796/1812/1805 1788/1805/1798
f 1803/1819/1812 1804/1820/1813 1802/1818/1811
f 1802/1818/1811 1801/1817/1810 1803/1819/1812
f 1802/1818/1811 1804/1820/1813 1805/1821/1814
f 1805/1821/1814 1806/1822/1815 1802/1818/1811
f 1802/1818/1811 1806/1822/1815 1587/1606/1599
f 1587/1606/1599 1799/1815/1808 1802/1818/1811
f 1587/1606/1599 1806/1822/1815 1583/1603/1596
f 1583/1603/1596 1806/1822/1815 1805/1821/1814
f 1805/1821/1814 1808/1823/1816 1583/1603/1596
f 1805/1821/1814 1809/1824/1817 1807/1825/1818
f 1807/1825/1818 1808/1823/1816 1805/1821/1814
f 1810/1826/1819 1809/1824/1817 1805/1821/1814
f 1805/1821/1814 1804/1820/1813 1810/1826/1819
f 1803/1819/1812 1811/1827/1820 1810/1826/1819
f 1810/1826/1819 1804/1820/1813 1803/1819/1812
f 1812/1828/1821 1811/1827/1820 1803/1819/1812
f 1803/1819/1812 1813/1829/1822 1812/1828/1821
f 1787/1803/1796 1813/1829/1822 1803/1819/1812
f 1583/1603/1596 1808/1823/1816 1579/1598/1591
f 1579/1598/1591 1808/1823/1816 1807/1825/1818
f 1807/1825/1818 1814/1830/1823 1579/1598/1591
f 1579/1598/1591 1814/1830/1823 1815/1831/1824
f 1815/1831/1824 1581/1599/1592 1579/1598/1591
f 1572/1591/1584 1581/1599/1592 1815/1831/1824
f 1815/1831/1824 1816/1832/1825 1572/1591/1584
f 1572/1591/1584 1816/1832/1825 1817/1833/1826
f 1817/1833/1826 1571/1590/1583 1572/1591/1584
f 1558/1577/1570 1571/1590/1583 1817/1833/1826
f 1817/1833/1826 1818/1834/1827 1558/1577/1570
f 1558/1577/1570 1818/1834/1827 1819/1835/1828
f 1819/1835/1828 1560/1578/1571 1558/1577/1570
f 1803/1819/1812 1801/1817/1810 1787/1803/1796
f 1632/1654/1647 1797/1814/1807 1589/1608/1601
f 1820/1836/1829 1793/1809/1802 1636/1657/1650
f 1789/1807/1800 1793/1809/1802 1820/1836/1829
f 1636/1657/1650 1822/1837/1830 1820/1836/1829
f 1820/1836/1829 1825/1838/1831 1821/1839/1832
f 1821/1839/1832 1823/1840/1833 1820/1836/1829
f 1820/1836/1829 1822/1837/1830 1824/1841/1834
f 1820/1836/1829 1823/1840/1833 1789/1807/1800
f 1824/1841/1834 1825/1838/1831 1820/1836/1829
f 1821/1839/1832 1825/1838/1831 1826/1842/1835
f 1826/1842/1835 1825/1838/1831 1824/1841/1834
f 1826/1842/1835 1830/1843/1836 1827/1844/1837
f 1827/1844/1837 1828/1845/1838 1826/1842/1835
f 1826/1842/1835 1828/1845/1838 1821/1839/1832
f 1826/1842/1835 1831/1846/1839 1829/1847/1840
f 1829/1847/1840 1830/1843/1836 1826/1842/1835
f 1824/1841/1834 1831/1846/1839 1826/1842/1835
f 1829/1847/1840 1831/1846/1839 1832/1671/1664
f 1832/1671/1664 1831/1846/1839 1824/1841/1834
f 1832/1671/1664 1833/1670/1663 1829/1847/1840
f 1824/1841/1834 1834/1667/1660 1832/1671/1664
f 1835/1668/1661 1834/1667/1660 1824/1841/1834
f 1835/1668/1661 1822/1837/1830 1636/1657/1650
f 1636/1657/1650 1638/1656/1649 1835/1668/1661
f 1824/1841/1834 1822/1837/1830 1835/1668/1661
f 1829/1847/1840 1833/1670/1663 1652/1675/1668
f 1827/1844/1837 1830/1843/1836 1836/1848/1841
f 1836/1848/1841 1830/1843/1836 1829/1847/1840
f 1836/1848/1841 1750/1767/1760 1827/1844/1837
f 1836/1848/1841 1749/1765/1758 1750/1767/1760
f 1752/1768/1761 1749/1765/1758 1836/1848/1841
f 1829/1847/1840 1752/1768/1761 1836/1848/1841
f 1652/1675/1668 1752/1768/1761 1829/1847/1840
f 1827/1844/1837 1750/1767/1760 1837/1849/1842
f 1750/1767/1760 1756/1770/1763 1837/1849/1842
f 1837/1849/1842 1839/1850/1843 1827/1844/1837
f 1837/1849/1842 1756/1770/1763 1754/1773/1766
f 1754/1773/1766 1838/1851/1844 1837/1849/1842
f 1838/1851/1844 1839/1850/1843 1837/1849/1842
f 1840/1852/1845 1839/1850/1843 1838/1851/1844
f 1827/1844/1837 1839/1850/1843 1840/1852/1845
f 1840/1852/1845 1843/1853/1846 1841/1854/1847
f 1841/1854/1847 1842/1855/1848 1840/1852/1845
f 1840/1852/1845 1842/1855/1848 1821/1839/1832
f 1838/1851/1844 1843/1853/1846 1840/1852/1845
f 1840/1852/1845 1828/1845/1838 1827/1844/1837
f 1821/1839/1832 1828/1845/1838 1840/1852/1845
f 1772/1788/1781 1843/1853/1846 1838/1851/1844
f 1841/1854/1847 1843/1853/1846 1772/1788/1781
f 1784/1801/1794 1842/1855/1848 1841/1854/1847
f 1821/1839/1832 1842/1855/1848 1784/1801/1794
f 1772/1788/1781 1775/1791/1784 1841/1854/1847
f 1775/1791/1784 1783/1800/1793 1841/1854/1847
f 1841/1854/1847 1783/1800/1793 1784/1801/1794
f 1769/1785/1778 1838/1851/1844 1754/1773/1766
f 1838/1851/1844 1769/1785/1778 1772/1788/1781
f 1789/1807/1800 1823/1840/1833 1784/1801/1794
f 1784/1801/1794 1823/1840/1833 1821/1839/1832
f 1784/1801/1794 1785/1802/1795 1789/1807/1800
f 1778/1794/1787 1844/1856/1849 1787/1803/1796
f 1787/1803/1796 1782/1798/1791 1778/1794/1787
f 1845/1857/1850 1844/1856/1849 1778/1794/1787
f 1778/1794/1787 1779/1796/1789 1845/1857/1850
f 1754/1773/1766 1766/1782/1775 1769/1785/1778
f 1653/1678/1671 1751/1769/1762 1752/1768/1761
f 1752/1768/1761 1652/1675/1668 1653/1678/1671
f 1745/1761/1754 1751/1769/1762 1653/1678/1671
f 1653/1678/1671 1657/1681/1674 1745/1761/1754
f 1745/1761/1754 1657/1681/1674 1658/1683/1676
f 1658/1683/1676 1744/1759/1752 1745/1761/1754
f 1658/1683/1676 1846/1687/1680 1744/1759/1752
f 1744/1759/1752 1846/1687/1680 1847/1858/1851
f 1847/1858/1851 1742/1758/1751 1744/1759/1752
f 1847/1858/1851 1848/1859/1852 1684/1710/1703
f 1684/1710/1703 1742/1758/1751 1847/1858/1851
f 1848/1859/1852 1847/1858/1851 1663/1688/1681
f 1848/1859/1852 1666/1692/1685 1667/1691/1684
f 1663/1688/1681 1666/1692/1685 1848/1859/1852
f 1667/1691/1684 1674/1699/1692 1848/1859/1852
f 1684/1710/1703 1848/1859/1852 1674/1699/1692
f 1663/1688/1681 1847/1858/1851 1846/1687/1680
f 1734/1751/1744 1849/1860/1774 1737/1753/1746
f 1737/1753/1746 1733/1749/1742 1734/1751/1744
f 1850/1861/1773 1849/1860/1774 1734/1751/1744
f 1734/1751/1744 1851/1862/1853 1850/1861/1773
f 1726/1743/1736 1851/1862/1853 1734/1751/1744
f 1734/1751/1744 1727/1744/1737 1726/1743/1736
f 1708/1728/1721 1695/1724/1717 1676/1701/1694
f 1685/1712/1705 1686/1711/1704 1689/1714/1707
f 1674/1699/1692 1680/1705/1698 1684/1710/1703
f 1681/1707/1700 1678/1704/1697 1677/1702/1695
f 1676/1701/1694 1675/1700/1693 1671/1696/1689
f 1846/1687/1680 1660/1686/1679 1663/1688/1681
f 1454/1475/1468 1661/1684/1677 1655/1679/1672
f 1655/1679/1672 1457/1478/1471 1454/1475/1468
f 1651/1676/1669 1460/1481/1474 1457/1478/1471
f 1651/1676/1669 1649/1674/1667 1460/1481/1474
f 1464/1485/1478 1648/1673/1666 1645/1665/1658
f 1468/1489/1482 1467/1488/1481 1645/1665/1658
f 1645/1665/1658 1467/1488/1481 1464/1485/1478
f 1645/1665/1658 1644/1664/1657 1468/1489/1482
f 1468/1489/1482 1644/1664/1657 1640/1661/1654
f 1472/1493/1486 1471/1492/1485 1640/1661/1654
f 1640/1661/1654 1471/1492/1485 1468/1489/1482
f 1852/1644/1637 1633/1643/1636 1632/1654/1647
f 1632/1654/1647 1853/1863/1854 1852/1644/1637
f 1852/1644/1637 1853/1863/1854 1594/1614/1607
f 1594/1614/1607 1608/1627/1620 1852/1644/1637
f 1852/1644/1637 1608/1627/1620 1609/1628/1621
f 1594/1614/1607 1853/1863/1854 1589/1608/1601
f 1589/1608/1601 1853/1863/1854 1632/1654/1647
f 1629/1650/1643 1475/1496/1489 1472/1493/1486
f 1476/1497/1490 1475/1496/1489 1629/1650/1643
f 1629/1650/1643 1627/1649/1642 1476/1497/1490
f 1476/1497/1490 1627/1649/1642 1624/1646/1639
f 1624/1646/1639 1479/1500/1493 1476/1497/1490
f 1480/1501/1494 1479/1500/1493 1624/1646/1639
f 1624/1646/1639 1623/1645/1638 1480/1501/1494
f 1480/1501/1494 1623/1645/1638 1613/1633/1626
f 1484/1505/1498 1483/1504/1497 1613/1633/1626
f 1613/1633/1626 1483/1504/1497 1480/1501/1494
f 1613/1633/1626 1612/1632/1625 1484/1505/1498
f 1484/1505/1498 1612/1632/1625 1611/1631/1624
f 1488/1509/1502 1487/1508/1501 1611/1631/1624
f 1611/1631/1624 1487/1508/1501 1484/1505/1498
f 1605/1622/1615 1601/1619/1612 1599/1618/1611
f 1599/1618/1611 1600/1620/1613 1525/1546/1539
f 1525/1546/1539 1526/1545/1538 1599/1618/1611
f 1599/1618/1611 1526/1545/1538 1520/1543/1536
f 1589/1608/1601 1590/1610/1603 1594/1614/1607
f 1583/1603/1596 1584/1602/1595 1587/1606/1599
f 1579/1598/1591 1580/1600/1593 1583/1603/1596
f 1537/1559/1552 1539/1558/1551 1553/1565/1558
f 1546/1567/1560 1854/1864/1855 1545/1564/1557
f 1545/1564/1557 1854/1864/1855 1855/1865/1856
f 1855/1865/1856 1858/1866/1857 1545/1564/1557
f 1855/1865/1856 1856/1867/1858 1858/1866/1857
f 1858/1866/1857 1856/1867/1858 1857/1868/1859
f 1857/1868/1859 1859/1869/1860 1858/1866/1857
f 1858/1866/1857 1140/1149/1145 1860/1870/1861
f 1860/1870/1861 1140/1149/1145 1862/1146/1142
f 1860/1870/1861 1862/1146/1142 1861/1871/1862
f 1861/1871/1862 1862/1146/1142 1135/1141/1137
f 1863/1872/1863 1860/1870/1861 1861/1871/1862
f 1135/1141/1137 1865/1873/1864 1861/1871/1862
f 1861/1871/1862 1864/1874/1865 1863/1872/1863
f 1866/1875/1866 1864/1874/1865 1861/1871/1862
f 1861/1871/1862 1865/1873/1864 1866/1875/1866
f 1099/1098/1095 1868/1876/1867 1866/1875/1866
f 1866/1875/1866 1867/1877/1868 1099/1098/1095
f 1131/1137/1133 1867/1877/1868 1866/1875/1866
f 1866/1875/1866 1868/1876/1867 1869/1878/1869
f 1869/1878/1869 1864/1874/1865 1866/1875/1866
f 1866/1875/1866 1865/1873/1864 1131/1137/1133
f 1869/1878/1869 1868/1876/1867 1542/1562/1555
f 1869/1878/1869 1543/1563/1556 1863/1872/1863
f 1863/1872/1863 1864/1874/1865 1869/1878/1869
f 1542/1562/1555 1544/1561/1554 1869/1878/1869
f 1869/1878/1869 1544/1561/1554 1543/1563/1556
f 1863/1872/1863 1543/1563/1556 1545/1564/1557
f 1542/1562/1555 1868/1876/1867 1099/1098/1095
f 1099/1098/1095 1867/1877/1868 1106/1109/1106
f 1106/1109/1106 1867/1877/1868 1131/1137/1133
f 1131/1137/1133 1865/1873/1864 1135/1141/1137
f 1545/1564/1557 1858/1866/1857 1863/1872/1863
f 1858/1866/1857 1860/1870/1861 1863/1872/1863
f 1858/1866/1857 1859/1869/1860 1870/1879/1870
f 1870/1879/1870 1871/1880/1871 1876/1150/1146
f 1870/1879/1870 1876/1150/1146 1858/1866/1857
f 1858/1866/1857 1876/1150/1146 1140/1149/1145
f 1876/1150/1146 1871/1880/1871 1872/1881/1872
f 1872/1881/1872 1873/1882/1873 1876/1150/1146
f 1876/1150/1146 1873/1882/1873 1874/1883/1874
f 1874/1883/1874 1875/1884/1875 1876/1150/1146
f 1876/1150/1146 1879/1885/1876 1877/1886/1877
f 1877/1886/1877 1880/1887/1878 1876/1150/1146
f 1876/1150/1146 1875/1884/1875 1878/1888/1879
f 1878/1888/1879 1879/1885/1876 1876/1150/1146
f 1876/1150/1146 1880/1887/1878 1144/1151/1147
f 1155/1165/1161 1880/1887/1878 1877/1886/1877
f 1144/1151/1147 1880/1887/1878 1155/1165/1161
f 1877/1886/1877 1881/1889/1880 1152/1162/1158
f 1882/1890/1881 1881/1889/1880 1877/1886/1877
f 1152/1162/1158 1153/1164/1160 1877/1886/1877
f 1877/1886/1877 1153/1164/1160 1155/1165/1161
f 1877/1886/1877 1883/1891/1882 1882/1890/1881
f 1882/1890/1881 1883/1891/1882 1884/1892/1883
f 1884/1892/1883 1885/1893/1884 1882/1890/1881
f 1882/1890/1881 1885/1893/1884 1886/1894/1885
f 1888/1895/1886 1887/1896/1887 1886/1894/1885
f 1886/1894/1885 1887/1896/1887 1882/1890/1881
f 1886/1894/1885 1889/1897/1888 1888/1895/1886
f 1888/1895/1886 1889/1897/1888 1890/1898/1889
f 1891/1899/1890 1893/1900/1891 1890/1898/1889
f 1890/1898/1889 1892/1901/1892 1891/1899/1890
f 1890/1898/1889 1893/1900/1891 1888/1895/1886
f 1894/1902/1893 1893/1900/1891 1891/1899/1890
f 1888/1895/1886 1893/1900/1891 1894/1902/1893
f 1891/1899/1890 1895/1903/1894 1894/1902/1893
f 1894/1902/1893 1895/1903/1894 1899/1904/1895
f 1894/1902/1893 1896/1905/1896 1888/1895/1886
f 1897/1906/1897 1896/1905/1896 1894/1902/1893
f 1894/1902/1893 1898/1907/1898 1897/1906/1897
f 1899/1904/1895 1898/1907/1898 1894/1902/1893
f 1186/1196/1192 1185/1195/1191 1899/1904/1895
f 1899/1904/1895 1185/1195/1191 1172/1182/1178
f 1172/1182/1178 1173/1181/1177 1899/1904/1895
f 1899/1904/1895 1895/1903/1894 1186/1196/1192
f 1899/1904/1895 1173/1181/1177 1165/1175/1171
f 1165/1175/1171 1898/1907/1898 1899/1904/1895
f 1897/1906/1897 1898/1907/1898 1165/1175/1171
f 1897/1906/1897 1901/1908/1899 1900/1909/1900
f 1900/1909/1900 1896/1905/1896 1897/1906/1897
f 1165/1175/1171 1166/1174/1170 1897/1906/1897
f 1897/1906/1897 1166/1174/1170 1157/1168/1164
f 1157/1168/1164 1901/1908/1899 1897/1906/1897
f 1900/1909/1900 1901/1908/1899 1152/1162/1158
f 1152/1162/1158 1901/1908/1899 1157/1168/1164
f 1152/1162/1158 1881/1889/1880 1900/1909/1900
f 1900/1909/1900 1881/1889/1880 1882/1890/1881
f 1900/1909/1900 1887/1896/1887 1888/1895/1886
f 1882/1890/1881 1887/1896/1887 1900/1909/1900
f 1888/1895/1886 1896/1905/1896 1900/1909/1900
f 1186/1196/1192 1895/1903/1894 1891/1899/1890
f 1891/1899/1890 1892/1901/1892 1192/1202/1198
f 1891/1899/1890 1191/1199/1195 1186/1196/1192
f 1192/1202/1198 1191/1199/1195 1891/1899/1890
f 1540/1102/1099 1541/1560/1553 1542/1562/1555
f 1542/1562/1555 1100/1101/1098 1540/1102/1099
f 1099/1098/1095 1100/1101/1098 1542/1562/1555
f 1534/1554/1547 1540/1102/1099 1902/1104/1101
f 1902/1104/1101 1532/1553/1546 1534/1554/1547
f 1512/1532/1525 1532/1553/1546 1902/1104/1101
f 1102/1105/1102 1512/1532/1525 1902/1104/1101
f 1515/1536/1529 1527/1547/1540 1532/1553/1546
f 1512/1532/1525 1515/1536/1529 1532/1553/1546
f 1515/1536/1529 1524/1544/1537 1527/1547/1540
f 1523/1537/1530 1524/1544/1537 1515/1536/1529
f 1521/1541/1534 1495/1516/1509 1492/1513/1506
f 1496/1517/1510 1495/1516/1509 1521/1541/1534
f 1521/1541/1534 1519/1540/1533 1496/1517/1510
f 1496/1517/1510 1519/1540/1533 1517/1535/1528
f 1517/1535/1528 1499/1520/1513 1496/1517/1510
f 1510/1529/1522 1504/1525/1518 1499/1520/1513
f 1104/1106/1103 1511/1531/1524 1102/1105/1102
f 1429/1363/1359 1904/1361/1357 1428/1446/1439
f 1428/1446/1439 1904/1361/1357 1427/1365/1361
f 1334/1346/1342 1430/1449/1442 1903/1343/1339
f 1429/1363/1359 1430/1449/1442 1334/1346/1342
f 1431/1342/1338 1432/1453/1446 1322/1332/1328
f 1322/1332/1328 1432/1453/1446 1433/1454/1447
f 1433/1454/1447 1434/1456/1449 1324/1334/1330
f 1433/1454/1447 1323/1333/1329 1322/1332/1328
f 1324/1334/1330 1323/1333/1329 1433/1454/1447
f 1334/1346/1342 1349/1364/1360 1429/1363/1359
f 1337/1350/1346 1349/1364/1360 1334/1346/1342
f 1345/1357/1353 1340/1352/1348 1341/1354/1350
f 1343/1356/1352 1336/1348/1344 1905/1347/1343
f 1334/1346/1342 1333/1345/1341 1337/1350/1346
f 1310/1319/1315 1905/1347/1343 1330/1340/1336
f 1306/1316/1312 1905/1347/1343 1310/1319/1315
f 1903/1343/1339 1332/1339/1335 1334/1346/1342
f 1322/1332/1328 1329/1338/1334 1431/1342/1338
f 1330/1340/1336 1327/1336/1332 1310/1319/1315
f 1310/1319/1315 1307/1317/1313 1306/1316/1312
f 1300/1310/1306 1295/1305/1301 1294/1304/1300
f 1272/1282/1278 1273/1281/1277 1235/1244/1240
f 1235/1244/1240 1273/1281/1277 1271/1249/1245
f 1906/1910/1901 1257/1268/1264 1258/1269/1265
f 1258/1269/1265 1907/1911/1902 1906/1910/1901
f 1906/1910/1901 1907/1911/1902 1908/1912/1903
f 1908/1912/1903 1909/1913/1904 1906/1910/1901
f 1910/1914/1905 1909/1913/1904 1908/1912/1903
f 1908/1912/1903 1911/1915/1906 1910/1914/1905
f 1910/1914/1905 1911/1915/1906 1912/1916/1907
f 1913/1917/1908 1915/1918/1909 1912/1916/1907
f 1912/1916/1907 1914/1919/1910 1913/1917/1908
f 1912/1916/1907 1915/1918/1909 1910/1914/1905
f 1916/1920/1911 1915/1918/1909 1913/1917/1908
f 1910/1914/1905 1915/1918/1909 1916/1920/1911
f 1916/1920/1911 1917/1921/1912 1910/1914/1905
f 1921/1922/1913 1917/1921/1912 1916/1920/1911
f 1913/1917/1908 1918/1923/1914 1916/1920/1911
f 1916/1920/1911 1918/1923/1914 1919/1924/1915
f 1919/1924/1915 1920/1925/1916 1916/1920/1911
f 1916/1920/1911 1920/1925/1916 1921/1922/1913
f 1922/1926/1917 1926/1927/1918 1921/1922/1913
f 1921/1922/1913 1920/1925/1916 1923/1928/1919
f 1923/1928/1919 1922/1926/1917 1921/1922/1913
f 1921/1922/1913 1926/1927/1918 1924/1929/1920
f 1924/1929/1920 1917/1921/1912 1921/1922/1913
f 1906/1910/1901 1909/1913/1904 1924/1929/1920
f 1924/1929/1920 1925/1930/1921 1906/1910/1901
f 1926/1927/1918 1925/1930/1921 1924/1929/1920
f 1924/1929/1920 1909/1913/1904 1910/1914/1905
f 1910/1914/1905 1917/1921/1912 1924/1929/1920
f 1922/1926/1917 1927/1931/1922 1926/1927/1918
f 1926/1927/1918 1251/1262/1258 1249/1261/1257
f 1249/1261/1257 1925/1930/1921 1926/1927/1918
f 1245/1257/1253 1251/1262/1258 1926/1927/1918
f 1926/1927/1918 1927/1931/1922 1245/1257/1253
f 1922/1926/1917 1928/1932/1923 1927/1931/1922
f 1927/1931/1922 1177/1187/1183 1178/1186/1182
f 1178/1186/1182 1245/1257/1253 1927/1931/1922
f 1927/1931/1922 1928/1932/1923 1174/1184/1180
f 1174/1184/1180 1177/1187/1183 1927/1931/1922
f 1168/1177/1173 1928/1932/1923 1922/1926/1917
f 1174/1184/1180 1928/1932/1923 1168/1177/1173
f 1906/1910/1901 1925/1930/1921 1249/1261/1257
f 1168/1177/1173 1922/1926/1917 1923/1928/1919
f 1162/1171/1167 1170/1178/1174 1923/1928/1919
f 1923/1928/1919 1929/1933/1924 1162/1171/1167
f 1919/1924/1915 1929/1933/1924 1923/1928/1919
f 1923/1928/1919 1920/1925/1916 1919/1924/1915
f 1923/1928/1919 1170/1178/1174 1168/1177/1173
f 1930/1934/1925 1929/1933/1924 1919/1924/1915
f 1162/1171/1167 1929/1933/1924 1930/1934/1925
f 1160/1169/1165 1161/1170/1166 1930/1934/1925
f 1930/1934/1925 1931/1935/1926 1160/1169/1165
f 1932/1936/1927 1931/1935/1926 1930/1934/1925
f 1930/1934/1925 1161/1170/1166 1162/1171/1167
f 1930/1934/1925 1933/1937/1928 1932/1936/1927
f 1919/1924/1915 1933/1937/1928 1930/1934/1925
f 1932/1936/1927 1933/1937/1928 1934/1938/1929
f 1934/1938/1929 1933/1937/1928 1919/1924/1915
f 1913/1917/1908 1935/1939/1930 1934/1938/1929
f 1934/1938/1929 1918/1923/1914 1913/1917/1908
f 1919/1924/1915 1918/1923/1914 1934/1938/1929
f 1934/1938/1929 1935/1939/1930 1936/1940/1931
f 1936/1940/1931 1937/1941/1932 1934/1938/1929
f 1934/1938/1929 1937/1941/1932 1932/1936/1927
f 1932/1936/1927 1937/1941/1932 1938/1942/1933
f 1938/1942/1933 1937/1941/1932 1936/1940/1931
f 1936/1940/1931 1939/1943/1934 1938/1942/1933
f 1938/1942/1933 1939/1943/1934 1940/1944/1935
f 1940/1944/1935 1941/1945/1936 1938/1942/1933
f 1938/1942/1933 1941/1945/1936 1943/1946/1937
f 1938/1942/1933 1942/1947/1938 1932/1936/1927
f 1943/1946/1937 1942/1947/1938 1938/1942/1933
f 1943/1946/1937 1945/1948/1939 1944/1949/1940
f 1944/1949/1940 1942/1947/1938 1943/1946/1937
f 1947/1127/1123 1946/1129/1125 1943/1946/1937
f 1943/1946/1937 1946/1129/1125 1945/1948/1939
f 1943/1946/1937 1941/1945/1936 1947/1127/1123
f 1940/1944/1935 1948/1123/1119 1947/1127/1123
f 1947/1127/1123 1941/1945/1936 1940/1944/1935
f 1949/1950/1941 1948/1123/1119 1940/1944/1935
f 1940/1944/1935 1950/1951/1942 1949/1950/1941
f 1949/1950/1941 1121/1126/1122 1948/1123/1119
f 1951/1952/1943 1950/1951/1942 1940/1944/1935
f 1936/1940/1931 1952/1953/1944 1951/1952/1943
f 1951/1952/1943 1939/1943/1934 1936/1940/1931
f 1940/1944/1935 1939/1943/1934 1951/1952/1943
f 1953/1954/1945 1952/1953/1944 1936/1940/1931
f 1913/1917/1908 1914/1919/1910 1953/1954/1945
f 1953/1954/1945 1935/1939/1930 1913/1917/1908
f 1936/1940/1931 1935/1939/1930 1953/1954/1945
f 1123/1131/1127 1945/1948/1939 1946/1129/1125
f 1954/1955/1946 1945/1948/1939 1123/1131/1127
f 1956/1156/1152 1147/1155/1151 1954/1955/1946
f 1123/1131/1127 1126/1133/1129 1954/1955/1946
f 1954/1955/1946 1126/1133/1129 1956/1156/1152
f 1150/1160/1156 1955/1956/1947 1954/1955/1946
f 1954/1955/1946 1955/1956/1947 1944/1949/1940
f 1944/1949/1940 1945/1948/1939 1954/1955/1946
f 1954/1955/1946 1147/1155/1151 1150/1160/1156
f 1944/1949/1940 1955/1956/1947 1160/1169/1165
f 1160/1169/1165 1955/1956/1947 1150/1160/1156
f 1932/1936/1927 1942/1947/1938 1944/1949/1940
f 1944/1949/1940 1931/1935/1926 1932/1936/1927
f 1160/1169/1165 1931/1935/1926 1944/1949/1940
f 1249/1261/1257 1257/1268/1264 1906/1910/1901
f 1271/1249/1245 1234/1245/1241 1235/1244/1240
f 1235/1244/1240 1231/1241/1237 1230/1239/1235
f 1220/1225/1221 1223/1233/1229 1207/1216/1212
f 1207/1216/1212 1211/1220/1216 1220/1225/1221
f 1168/1177/1173 1169/1179/1175 1174/1184/1180
f 1150/1160/1156 1156/1167/1163 1160/1169/1165
f 1157/1168/1164 1154/1163/1159 1152/1162/1158
f 1155/1165/1161 1143/1152/1148 1144/1151/1147
f 1145/1153/1149 1143/1152/1148 1155/1165/1161
f 1155/1165/1161 1149/1158/1154 1145/1153/1149
f 1137/1143/1139 1956/1156/1152 1129/1136/1132
f 1129/1136/1132 1956/1156/1152 1126/1133/1129
f 1876/1150/1146 1141/1147/1143 1140/1149/1145
f 1140/1149/1145 1139/1145/1141 1862/1146/1142
f 1862/1146/1142 1136/1142/1138 1135/1141/1137
f 1129/1136/1132 1134/1140/1136 1137/1143/1139
f 1135/1141/1137 1133/1138/1134 1131/1137/1133
f 1131/1137/1133 1132/1139/1135 1106/1109/1106
f 1106/1109/1106 1132/1139/1135 1128/1110/1107
f 1126/1133/1129 1127/1134/1130 1129/1136/1132
f 1948/1123/1119 1118/1117/1114 1109/1115/1112
f 1109/1115/1112 1947/1127/1123 1948/1123/1119
f 1946/1129/1125 1122/1128/1124 1123/1131/1127
f 1508/1111/1108 1108/1112/1109 1112/1116/1113
f 1128/1110/1107 1105/1107/1104 1106/1109/1106
f 1106/1109/1106 1101/1099/1096 1099/1098/1095
f 1958/1957/1948 1960/1958/1949 1957/1959/1950
f 1957/1959/1950 1959/1960/1951 1958/1957/1948
f 1960/1958/1949 1961/1961/1952 1957/1959/1950
f 1962/1962/1953 1961/1961/1952 1960/1958/1949
f 1960/1958/1949 1963/1963/1954 1962/1962/1953
f 1965/1964/1955 1963/1963/1954 1960/1958/1949
f 1964/1965/1956 1966/1966/1957 1965/1964/1955
f 1967/1967/1958 1966/1966/1957 1964/1965/1956
f 1964/1965/1956 1971/1968/1959 1967/1967/1958
f 1967/1967/1958 1971/1968/1959 1968/1969/1960
f 1968/1969/1960 2089/1970/1961 1969/1971/1962
f 1968/1969/1960 1969/1971/1962 1970/1972/1963
f 1971/1968/1959 2089/1970/1961 1968/1969/1960
f 1964/1965/1956 1972/1973/1964 1971/1968/1959
f 1971/1968/1959 1975/1974/1965 2089/1970/1961
f 1972/1973/1964 1975/1974/1965 1971/1968/1959
f 1972/1973/1964 1973/1975/1966 1974/1976/1967
f 1975/1974/1965 1972/1973/1964 1976/1977/1968
f 1976/1977/1968 1972/1973/1964 1974/1976/1967
f 2018/1978/1969 1975/1974/1965 1976/1977/1968
f 1974/1976/1967 1977/1979/1970 1976/1977/1968
f 1978/1980/1971 1977/1979/1970 1974/1976/1967
f 1979/1981/1972 1982/1982/1973 1978/1980/1971
f 1978/1980/1971 1980/1983/1974 1977/1979/1970
f 1981/1984/1975 1980/1983/1974 1978/1980/1971
f 1978/1980/1971 1982/1982/1973 1981/1984/1975
f 1981/1984/1975 1983/1985/1976 1980/1983/1974
f 1980/1983/1974 1983/1985/1976 1984/1986/1977
f 1990/1987/1978 1987/1988/1979 1984/1986/1977
f 1984/1986/1977 1985/1989/1980 1990/1987/1978
f 1984/1986/1977 1987/1988/1979 1980/1983/1974
f 1987/1988/1979 1986/1990/1981 1980/1983/1974
f 1990/1987/1978 1988/1991/1982 1987/1988/1979
f 1989/1992/1983 1988/1991/1982 1990/1987/1978
f 1989/1992/1983 1990/1987/1978 1995/1993/1984
f 1989/1992/1983 1991/1994/1985 1988/1991/1982
f 1992/1995/1986 1989/1992/1983 1995/1993/1984
f 1995/1993/1984 1996/1996/1987 1993/1997/1988
f 1995/1993/1984 1990/1987/1978 1994/1998/1989
f 1994/1998/1989 1996/1996/1987 1995/1993/1984
f 1992/1995/1986 1995/1993/1984 1997/1999/1990
f 1997/1999/1990 1995/1993/1984 1993/1997/1988
f 1997/1999/1990 1998/2000/1991 1992/1995/1986
f 1997/1999/1990 1999/2001/1992 1998/2000/1991
f 2000/2002/1993 1999/2001/1992 1997/1999/1990
f 1997/1999/1990 2001/2003/1994 2000/2002/1993
f 1993/1997/1988 2001/2003/1994 1997/1999/1990
f 2000/2002/1993 2002/2004/1995 1999/2001/1992
f 1999/2001/1992 2002/2004/1995 2003/2005/1996
f 2003/2005/1996 2004/2006/1997 1999/2001/1992
f 1999/2001/1992 2004/2006/1997 2005/2007/1998
f 2005/2007/1998 2007/2008/1999 2006/2009/2000
f 1999/2001/1992 2005/2007/1998 1998/2000/1991
f 1998/2000/1991 2005/2007/1998 2006/2009/2000
f 2006/2009/2000 2007/2008/1999 2008/2010/2001
f 2009/2011/2002 2010/2012/2003 2008/2010/2001
f 2008/2010/2001 2010/2012/2003 2006/2009/2000
f 2009/2011/2002 2011/2013/2004 2010/2012/2003
f 2010/2012/2003 2012/2014/2005 2006/2009/2000
f 2011/2013/2004 2013/2015/2006 2010/2012/2003
f 2010/2012/2003 2013/2015/2006 2012/2014/2005
f 1992/1995/1986 1998/2000/1991 2012/2014/2005
f 1991/1994/1985 2012/2014/2005 2013/2015/2006
f 1992/1995/1986 2012/2014/2005 1991/1994/1985
f 2014/2016/2007 2013/2015/2006 2011/2013/2004
f 1991/1994/1985 2013/2015/2006 2014/2016/2007
f 2014/2016/2007 2011/2013/2004 2015/2017/2008
f 1988/1991/1982 1991/1994/1985 2014/2016/2007
f 2017/2018/2009 2014/2016/2007 2015/2017/2008
f 1988/1991/1982 2014/2016/2007 2017/2018/2009
f 2016/2019/2010 2018/1978/1969 2017/2018/2009
f 2017/2018/2009 2018/1978/1969 1986/1990/1981
f 1986/1990/1981 1987/1988/1979 2017/2018/2009
f 2017/2018/2009 1987/1988/1979 1988/1991/1982
f 2019/2020/2011 2017/2018/2009 2015/2017/2008
f 2016/2019/2010 2017/2018/2009 2019/2020/2011
f 2019/2020/2011 2020/2021/2012 2016/2019/2010
f 2021/2022/2013 2020/2021/2012 2019/2020/2011
f 2026/2023/2014 2022/2024/2015 2019/2020/2011
f 2019/2020/2011 2028/2025/2016 2026/2023/2014
f 2015/2017/2008 2028/2025/2016 2019/2020/2011
f 2019/2020/2011 2022/2024/2015 2021/2022/2013
f 2023/2026/2017 2022/2024/2015 2026/2023/2014
f 2021/2022/2013 2022/2024/2015 2023/2026/2017
f 2023/2026/2017 2025/2027/2018 2024/2028/2019
f 2026/2023/2014 2025/2027/2018 2023/2026/2017
f 2025/2027/2018 2033/2029/2020 2024/2028/2019
f 2025/2027/2018 2026/2023/2014 2027/2030/2021
f 2027/2030/2021 2028/2025/2016 2030/2031/2022
f 2027/2030/2021 2026/2023/2014 2028/2025/2016
f 2027/2030/2021 2031/2032/2023 2029/2033/2024
f 2029/2033/2024 2025/2027/2018 2027/2030/2021
f 2030/2031/2022 2031/2032/2023 2027/2030/2021
f 2031/2032/2023 2030/2031/2022 2107/2034/2025
f 2032/2035/2026 2029/2033/2024 2031/2032/2023
f 2103/2036/2027 2033/2029/2020 2032/2035/2026
f 2032/2035/2026 2031/2032/2023 2034/2037/2028
f 2033/2029/2020 2029/2033/2024 2032/2035/2026
f 2094/2038/2029 2102/2039/2030 2035/2040/2031
f 2091/2041/2032 2035/2040/2031 2036/2042/2033
f 2038/2043/2034 2041/2044/2035 2075/2045/2036
f 2039/2046/2037 2036/2042/2033 2037/2047/2038
f 2043/2048/2039 2045/2049/2040 2044/2050/2041
f 2044/2050/2041 2058/2051/2042 2043/2048/2039
f 2043/2048/2039 2058/2051/2042 2042/2052/2043
f 2065/2053/2044 2050/2054/2044 2051/2055/2045
f 2065/2053/2044 2066/2056/2046 2052/2057/2046
f 2052/2057/2046 2066/2056/2046 2054/2058/2047
f 2054/2058/2047 2053/2059/2048 2040/2060/2048
f 2051/2055/2045 2055/2061/2045 2065/2053/2044
f 2049/2062/2049 2055/2061/2045 2051/2055/2045
f 2042/2052/2043 2074/2063/2050 2057/2064/2051
f 2061/2065/2052 2074/2063/2050 2042/2052/2043
f 2058/2051/2042 2061/2065/2052 2042/2052/2043
f 2058/2051/2042 2098/2066/2053 2061/2065/2052
f 2058/2051/2042 2059/2067/2054 2098/2066/2053
f 2060/2068/2055 2059/2067/2054 2044/2050/2041
f 2044/2050/2041 2059/2067/2054 2058/2051/2042
f 2061/2065/2052 2098/2066/2053 2068/2069/2056
f 2074/2063/2050 2061/2065/2052 2068/2069/2056
f 2062/2070/2057 2063/2071/2058 2048/2072/2058
f 2048/2072/2058 2063/2071/2058 2064/2073/2049
f 2064/2073/2049 2049/2062/2049 2048/2072/2058
f 2055/2061/2045 2049/2062/2049 2064/2073/2049
f 2056/2074/2059 2057/2064/2051 2067/2075/2060
f 2067/2075/2060 2057/2064/2051 2074/2063/2050
f 2068/2069/2056 2069/2076/2061 2071/2077/2062
f 2071/2077/2062 2069/2076/2061 2070/2078/2063
f 2079/2079/2064 2093/2080/2065 2078/2081/2066
f 2078/2081/2066 2093/2080/2065 2077/2082/2067
f 2081/2083/2068 2082/2084/2069 2080/2085/2070
f 2080/2085/2070 2082/2084/2069 2079/2079/2064
f 2082/2084/2069 2092/2086/2071 2079/2079/2064
f 2081/2083/2068 2090/2087/2072 2082/2084/2069
f 2084/2088/2073 2083/2089/2074 2090/2087/2072
f 2085/2090/2075 2083/2089/2074 2084/2088/2073
f 1969/1971/1962 2086/2091/2076 2085/2090/2075
f 2083/2089/2074 2085/2090/2075 2087/2092/2077
f 2087/2092/2077 2085/2090/2075 2086/2091/2076
f 2087/2092/2077 2088/2093/2078 2083/2089/2074
f 2020/2021/2012 2021/2022/2013 2087/2092/2077
f 2087/2092/2077 2021/2022/2013 2088/2093/2078
f 2086/2091/2076 2020/2021/2012 2087/2092/2077
f 2089/1970/1961 2020/2021/2012 2086/2091/2076
f 2089/1970/1961 1975/1974/1965 2018/1978/1969
f 2016/2019/2010 2089/1970/1961 2018/1978/1969
f 2020/2021/2012 2089/1970/1961 2016/2019/2010
f 2024/2028/2019 2090/2087/2072 2088/2093/2078
f 2088/2093/2078 2023/2026/2017 2024/2028/2019
f 2021/2022/2013 2023/2026/2017 2088/2093/2078
f 2083/2089/2074 2088/2093/2078 2090/2087/2072
f 2094/2038/2029 2082/2084/2069 2090/2087/2072
f 2091/2041/2032 2092/2086/2071 2094/2038/2029
f 2094/2038/2029 2090/2087/2072 2024/2028/2019
f 2092/2086/2071 2082/2084/2069 2094/2038/2029
f 2079/2079/2064 2092/2086/2071 2093/2080/2065
f 2076/2094/2079 2038/2043/2034 2075/2045/2036
f 2077/2082/2067 2038/2043/2034 2076/2094/2079
f 2038/2043/2034 2077/2082/2067 2039/2046/2037
f 2093/2080/2065 2036/2042/2033 2039/2046/2037
f 2091/2041/2032 2036/2042/2033 2093/2080/2065
f 2039/2046/2037 2077/2082/2067 2093/2080/2065
f 2093/2080/2065 2092/2086/2071 2091/2041/2032
f 1969/1971/1962 2085/2090/2075 2095/2095/2080
f 2095/2095/2080 2085/2090/2075 2084/2088/2073
f 1970/1972/1963 1969/1971/1962 2095/2095/2080
f 2095/2095/2080 2096/2096/2081 1970/1972/1963
f 2097/2097/2082 2096/2096/2081 2095/2095/2080
f 2095/2095/2080 2084/2088/2073 2097/2097/2082
f 2097/2097/2082 2084/2088/2073 2081/2083/2068
f 2089/1970/1961 2086/2091/2076 1969/1971/1962
f 2084/2088/2073 2090/2087/2072 2081/2083/2068
f 2071/2077/2062 2072/2098/2083 2073/2099/2084
f 2073/2099/2084 2068/2069/2056 2071/2077/2062
f 2074/2063/2050 2068/2069/2056 2073/2099/2084
f 2098/2066/2053 2069/2076/2061 2068/2069/2056
f 2056/2074/2059 2062/2070/2057 2047/2100/2057
f 2047/2100/2057 2062/2070/2057 2048/2072/2058
f 2047/2100/2057 2046/2101/2085 2056/2074/2059
f 2056/2074/2059 2046/2101/2085 2057/2064/2051
f 2040/2060/2048 2053/2059/2048 2075/2045/2036
f 2075/2045/2036 2041/2044/2035 2040/2060/2048
f 2052/2057/2046 2050/2054/2044 2065/2053/2044
f 2054/2058/2047 2099/2102/2047 2052/2057/2046
f 2040/2060/2048 2099/2102/2047 2054/2058/2047
f 2037/2047/2038 2036/2042/2033 2101/2103/2086
f 2101/2103/2086 2102/2039/2030 2100/2104/2087
f 2101/2103/2086 2035/2040/2031 2102/2039/2030
f 2036/2042/2033 2035/2040/2031 2101/2103/2086
f 2100/2104/2087 2102/2039/2030 2103/2036/2027
f 2103/2036/2027 2032/2035/2026 2104/2105/2088
f 2104/2105/2088 2032/2035/2026 2034/2037/2028
f 2034/2037/2028 2105/2106/2089 2104/2105/2088
f 2106/2107/2090 2105/2106/2089 2034/2037/2028
f 2034/2037/2028 2107/2034/2025 2106/2107/2090
f 2106/2107/2090 2107/2034/2025 2009/2011/2002
f 2094/2038/2029 2035/2040/2031 2091/2041/2032
f 2024/2028/2019 2033/2029/2020 2094/2038/2029
f 2033/2029/2020 2102/2039/2030 2094/2038/2029
f 2102/2039/2030 2033/2029/2020 2103/2036/2027
f 2034/2037/2028 2031/2032/2023 2107/2034/2025
f 2107/2034/2025 2030/2031/2022 2011/2013/2004
f 2107/2034/2025 2011/2013/2004 2009/2011/2002
f 2030/2031/2022 2028/2025/2016 2011/2013/2004
f 2033/2029/2020 2025/2027/2018 2029/2033/2024
f 2015/2017/2008 2011/2013/2004 2028/2025/2016
f 2006/2009/2000 2012/2014/2005 1998/2000/1991
f 1990/1987/1978 1985/1989/1980 1994/1998/1989
f 1991/1994/1985 1989/1992/1983 1992/1995/1986
f 1980/1983/1974 1986/1990/1981 1977/1979/1970
f 1986/1990/1981 1976/1977/1968 1977/1979/1970
f 2018/1978/1969 1976/1977/1968 1986/1990/1981
f 1979/1981/1972 1978/1980/1971 1958/1957/1948
f 1958/1957/1948 1959/1960/1951 1979/1981/1972
f 1958/1957/1948 1978/1980/1971 1974/1976/1967
f 1974/1976/1967 1973/1975/1966 1958/1957/1948
f 1973/1975/1966 1960/1958/1949 1958/1957/1948
f 1964/1965/1956 1965/1964/1955 1973/1975/1966
f 1973/1975/1966 1972/1973/1964 1964/1965/1956
f 1973/1975/1966 1965/1964/1955 1960/1958/1949
usemtl 1001
f 2109/2108/2091 2111/2109/2092 2108/2110/2093
f 2108/2110/2093 2110/2111/2094 2109/2108/2091
f 2108/2110/2093 2111/2109/2092 2112/2112/2095
f 2112/2112/2095 2113/2113/2096 2108/2110/2093
f 2114/2114/2097 2113/2113/2096 2112/2112/2095
f 2112/2112/2095 2115/2115/2098 2114/2114/2097
f 2114/2114/2097 2115/2115/2098 2118/2116/2099
f 2118/2116/2099 2116/2117/2100 2114/2114/2097
f 2117/2118/2101 2116/2117/2100 2118/2116/2099
f 2118/2116/2099 2119/2119/2102 2117/2118/2101
f 2120/2120/2103 2119/2119/2102 2118/2116/2099
f 2118/2116/2099 2121/2121/2104 2120/2120/2103
f 2122/2122/2104 2121/2121/2104 2118/2116/2099
f 2118/2116/2099 2134/2123/2105 2122/2122/2104
f 2134/2123/2105 2123/2124/2106 2122/2122/2104
f 2124/2125/2107 2123/2124/2106 2134/2123/2105
f 2134/2123/2105 2125/2126/2108 2124/2125/2107
f 2126/2127/2107 2125/2126/2108 2134/2123/2105
f 2134/2123/2105 2127/2128/2109 2126/2127/2107
f 2128/2129/2110 2127/2128/2109 2134/2123/2105
f 2134/2123/2105 2129/2130/2111 2128/2129/2110
f 2130/2131/2110 2129/2130/2111 2134/2123/2105
f 2134/2123/2105 2131/2132/2112 2130/2131/2110
f 2132/2133/2113 2131/2132/2112 2134/2123/2105
f 2134/2123/2105 2135/2134/2113 2132/2133/2113
f 2135/2134/2113 2133/2135/2114 2132/2133/2113
f 2136/2136/2115 2133/2135/2114 2135/2134/2113
f 2135/2134/2113 2137/2137/2116 2136/2136/2115
f 2138/2138/2117 2137/2137/2116 2135/2134/2113
f 2141/2139/2118 2139/2140/2119 2140/2141/2120
f 2137/2137/2116 2139/2140/2119 2141/2139/2118
f 2140/2141/2120 2142/2142/2121 2141/2139/2118
f 2141/2139/2118 2143/2143/2122 2137/2137/2116
f 2137/2137/2116 2143/2143/2122 2136/2136/2115
f 2144/2144/2123 2142/2142/2121 2140/2141/2120
f 2145/2145/2124 2146/2146/2125 2144/2144/2123
f 2144/2144/2123 2193/2147/2126 2145/2145/2124
f 2140/2141/2120 2193/2147/2126 2144/2144/2123
f 2147/2148/2127 2146/2146/2125 2145/2145/2124
f 2147/2148/2127 2192/2149/2128 2148/2150/2129
f 2145/2145/2124 2192/2149/2128 2147/2148/2127
f 2148/2150/2129 2149/2151/2130 2147/2148/2127
f 2150/2152/2131 2149/2151/2130 2148/2150/2129
f 2150/2152/2131 2191/2153/2132 2151/2154/2133
f 2148/2150/2129 2191/2153/2132 2150/2152/2131
f 2151/2154/2133 2152/2155/2134 2150/2152/2131
f 2153/2156/2135 2152/2155/2134 2151/2154/2133
f 2151/2154/2133 2158/2157/2136 2153/2156/2135
f 2153/2156/2135 2158/2157/2136 2155/2158/2137
f 2155/2158/2137 2154/2159/2138 2153/2156/2135
f 2155/2158/2137 2157/2160/2139 2156/2161/2140
f 2155/2158/2137 2156/2161/2140 2159/2162/2141
f 2158/2157/2136 2157/2160/2139 2155/2158/2137
f 2159/2162/2141 2154/2159/2138 2155/2158/2137
f 2160/2163/2142 2161/2164/2143 2159/2162/2141
f 2159/2162/2141 2156/2161/2140 2160/2163/2142
f 2162/2165/2144 2161/2164/2143 2160/2163/2142
f 2163/2166/2145 2165/2167/2146 2162/2165/2144
f 2162/2165/2144 2164/2168/2147 2163/2166/2145
f 2160/2163/2142 2164/2168/2147 2162/2165/2144
f 2166/2169/2148 2165/2167/2146 2163/2166/2145
f 2163/2166/2145 2167/2170/2149 2166/2169/2148
f 2166/2169/2148 2167/2170/2149 2168/2171/2150
f 2168/2171/2150 2169/2172/2151 2166/2169/2148
f 2170/2173/2152 2169/2172/2151 2168/2171/2150
f 2171/2174/2153 2172/2175/2154 2170/2173/2152
f 2170/2173/2152 2177/2176/2155 2171/2174/2153
f 2168/2171/2150 2177/2176/2155 2170/2173/2152
f 2173/2177/2156 2172/2175/2154 2171/2174/2153
f 2175/2178/2157 2174/2179/2158 2173/2177/2156
f 2171/2174/2153 2176/2180/2159 2173/2177/2156
f 2173/2177/2156 2176/2180/2159 2175/2178/2157
f 2160/2163/2142 2178/2181/2160 2164/2168/2147
f 2156/2161/2140 2178/2181/2160 2160/2163/2142
f 2182/2182/2161 2180/2183/2162 2181/2184/2163
f 2179/2185/2164 2180/2183/2162 2182/2182/2161
f 2181/2184/2163 2183/2186/2165 2182/2182/2161
f 2182/2182/2161 2184/2187/2166 2179/2185/2164
f 2184/2187/2166 2174/2179/2158 2175/2178/2157
f 2175/2178/2157 2179/2185/2164 2184/2187/2166
f 2185/2188/2167 2183/2186/2165 2181/2184/2163
f 2190/2189/2168 2186/2190/2169 2185/2188/2167
f 2181/2184/2163 2190/2189/2168 2185/2188/2167
f 2187/2191/2170 2186/2190/2169 2190/2189/2168
f 2190/2189/2168 2188/2192/2171 2187/2191/2170
f 2189/2193/2172 2188/2192/2171 2190/2189/2168
f 2195/2194/2173 2194/2195/2174 2134/2123/2105
f 2134/2123/2105 2196/2196/2175 2195/2194/2173
f 2197/2197/2176 2196/2196/2175 2134/2123/2105
f 2134/2123/2105 2198/2198/2177 2197/2197/2176
f 2199/2199/2178 2198/2198/2177 2134/2123/2105
f 2134/2123/2105 2200/2200/2179 2199/2199/2178
f 2201/2201/2180 2200/2200/2179 2134/2123/2105
f 2134/2123/2105 2202/2202/2181 2201/2201/2180
f 2203/2203/2182 2202/2202/2181 2134/2123/2105
f 2203/2203/2182 2134/2123/2105 2118/2116/2099
f 2118/2116/2099 2204/2204/2183 2203/2203/2182
f 2205/2205/2184 2204/2204/2183 2118/2116/2099
f 2118/2116/2099 2206/2206/2185 2205/2205/2184
f 2115/2115/2098 2207/2207/2186 2118/2116/2099
f 2212/2208/2187 2214/2209/2188 2213/2210/2189
f 2215/2211/2190 2214/2209/2188 2212/2208/2187
f 2216/2212/2191 2217/2213/2192 2215/2211/2190
f 2218/2214/2193 2217/2213/2192 2216/2212/2191
f 2221/2215/2194 2220/2216/2195 2219/2217/2196
f 2219/2217/2196 2222/2218/2197 2221/2215/2194
f 2223/2219/2198 2222/2218/2197 2219/2217/2196
f 2219/2217/2196 2218/2214/2193 2223/2219/2198
f 2223/2219/2198 2218/2214/2193 2216/2212/2191
f 2216/2212/2191 2224/2220/2199 2223/2219/2198
f 2225/2221/2200 2224/2220/2199 2216/2212/2191
f 2216/2212/2191 2215/2211/2190 2225/2221/2200
f 2212/2208/2187 2226/2222/2201 2225/2221/2200
f 2225/2221/2200 2215/2211/2190 2212/2208/2187
f 2227/2223/2202 2226/2222/2201 2212/2208/2187
f 2212/2208/2187 2213/2210/2189 2227/2223/2202
f 2227/2223/2202 2213/2210/2189 2211/2224/2203
f 2211/2224/2203 2228/2225/2204 2227/2223/2202
f 2229/2226/2205 2228/2225/2204 2211/2224/2203
f 2209/2227/2206 2230/2228/2207 2229/2226/2205
f 2229/2226/2205 2210/2229/2208 2209/2227/2206
f 2211/2224/2203 2210/2229/2208 2229/2226/2205
f 2231/2230/2209 2230/2228/2207 2209/2227/2206
f 2209/2227/2206 2208/2231/2210 2231/2230/2209
f 2109/2108/2091 2110/2111/2094 2231/2230/2209
f 2231/2230/2209 2208/2231/2210 2109/2108/2091
f 2232/2232/2211 2220/2216/2195 2221/2215/2194
f 2221/2215/2194 2233/2233/2212 2232/2232/2211
f 2232/2232/2211 2233/2233/2212 2234/2234/2213
f 2235/2235/2214 2237/2236/2215 2234/2234/2213
f 2234/2234/2213 2236/2237/2216 2235/2235/2214
f 2234/2234/2213 2237/2236/2215 2232/2232/2211
f 2244/2238/2217 2243/2239/2218 2241/2240/2219
f 2244/2238/2217 2245/2241/2220 2243/2239/2218
f 2241/2240/2219 2246/2242/2221 2244/2238/2217
f 2247/2243/2222 2246/2242/2221 2241/2240/2219
f 2241/2240/2219 2242/2244/2223 2247/2243/2222
f 2247/2243/2222 2242/2244/2223 2240/2245/2224
f 2240/2245/2224 2248/2246/2225 2247/2243/2222
f 2238/2247/2226 2249/2248/2227 2248/2246/2225
f 2248/2246/2225 2240/2245/2224 2238/2247/2226
f 2250/2249/2228 2249/2248/2227 2238/2247/2226
f 2238/2247/2226 2239/2250/2229 2250/2249/2228
f 2250/2249/2228 2239/2250/2229 2235/2235/2214
f 2235/2235/2214 2236/2237/2216 2250/2249/2228
f 2243/2239/2218 2245/2241/2220 2251/2251/2230
f 2251/2251/2230 2252/2252/2231 2243/2239/2218
f 2243/2239/2218 2252/2252/2231 2253/2253/2232
